// Copyright 2026 QMK -- generated source code only, image retains original copyright
// SPDX-License-Identifier: GPL-2.0-or-later

// This file was auto-generated by `painter_convert_graphics` with arguments:
//    format | mono4
//    output | fonts
//    input  | anim.gif

// Image's metadata
// ----------------
// Width: 240
// Height: 135
//        Frame:    0|   1|   2|   3|   4|   5|   6|   7|   8|   9|  10|  11|  12|  13|  14|  15|  16|  17|  18|  19|  20|  21|  22|  23|  24|  25|  26|  27|  28|  29|  30|  31|  32|  33|  34
// Duration(ms):   40|  40|  40|  40|  40|  50|  40|  40|  40|  40|  40|  50|  40|  40|  40|  40|  40|  50|  40|  40|  40|  40|  40|  50|  40|  40|  40|  40|  40|  50|  40|  40|  40|  40|   0
//  Compression:    1|   1|   1|   1|   1|   1|   1|   1|   1|   1|   1|   1|   1|   1|   1|   1|   1|   1|   1|   1|   1|   1|   1|   1|   1|   1|   1|   1|   1|   1|   1|   1|   1|   1|   1 >> See qp.h, painter_compression_t
//        Delta:    0|   0|   0|   1|   1|   1|   1|   1|   1|   1|   1|   0|   0|   0|   0|   0|   0|   0|   0|   0|   0|   0|   0|   0|   1|   1|   1|   1|   1|   1|   1|   1|   1|   0|   0
// Areas on delta frames
// Frame   3: ( 64,   2) - (106,  26) >> 1008/32400 pixels (3.11%)
// Frame   4: ( 52,   1) - (135,  53) >> 4316/32400 pixels (13.32%)
// Frame   5: ( 51,   2) - (153,  74) >> 7344/32400 pixels (22.67%)
// Frame   6: ( 51,   1) - (165,  91) >> 10260/32400 pixels (31.67%)
// Frame   7: ( 51,   1) - (172, 106) >> 12705/32400 pixels (39.21%)
// Frame   8: (  5,   2) - (174, 120) >> 19942/32400 pixels (61.55%)
// Frame   9: (  5,   2) - (174, 124) >> 20618/32400 pixels (63.64%)
// Frame  10: ( 21,   2) - (173, 124) >> 18544/32400 pixels (57.23%)
// Frame  24: ( 21,   2) - (173, 124) >> 18544/32400 pixels (57.23%)
// Frame  25: ( 37,   1) - (174, 124) >> 16851/32400 pixels (52.01%)
// Frame  26: ( 51,   4) - (174, 124) >> 14760/32400 pixels (45.56%)
// Frame  27: ( 18,  13) - (174, 130) >> 18252/32400 pixels (56.33%)
// Frame  28: ( 18,  25) - (174, 130) >> 16380/32400 pixels (50.56%)
// Frame  29: ( 63,  39) - (173, 124) >> 9350/32400 pixels (28.86%)
// Frame  30: ( 75,  56) - (174, 124) >> 6732/32400 pixels (20.78%)
// Frame  31: ( 93,  76) - (172, 124) >> 3792/32400 pixels (11.70%)
// Frame  32: (123, 103) - (158, 123) >>  700/32400 pixels (2.16%)

#include <qp.h>

const uint32_t gfx_anim_length = 61446;

// clang-format off
const uint8_t gfx_anim[61446] = {
    0x00, 0xFF, 0x12, 0x00, 0x00, 0x51, 0x47, 0x46, 0x01, 0x06, 0xF0, 0x00, 0x00, 0xF9, 0x0F, 0xFF,
    0xFF, 0xF0, 0x00, 0x87, 0x00, 0x23, 0x00, 0x01, 0xFE, 0x8C, 0x00, 0x00, 0xA8, 0x00, 0x00, 0x00,
    0x38, 0x01, 0x00, 0x00, 0xC8, 0x01, 0x00, 0x00, 0x58, 0x02, 0x00, 0x00, 0x05, 0x03, 0x00, 0x00,
    0xCD, 0x04, 0x00, 0x00, 0x19, 0x08, 0x00, 0x00, 0x84, 0x0D, 0x00, 0x00, 0x14, 0x15, 0x00, 0x00,
    0x4F, 0x1E, 0x00, 0x00, 0xDF, 0x28, 0x00, 0x00, 0xA9, 0x33, 0x00, 0x00, 0x8B, 0x3E, 0x00, 0x00,
    0x6D, 0x49, 0x00, 0x00, 0x4F, 0x54, 0x00, 0x00, 0x31, 0x5F, 0x00, 0x00, 0x13, 0x6A, 0x00, 0x00,
    0xF5, 0x74, 0x00, 0x00, 0xD7, 0x7F, 0x00, 0x00, 0xB9, 0x8A, 0x00, 0x00, 0x9B, 0x95, 0x00, 0x00,
    0x7D, 0xA0, 0x00, 0x00, 0x5F, 0xAB, 0x00, 0x00, 0x41, 0xB6, 0x00, 0x00, 0x23, 0xC1, 0x00, 0x00,
    0xED, 0xCB, 0x00, 0x00, 0xC8, 0xD5, 0x00, 0x00, 0x27, 0xDE, 0x00, 0x00, 0x06, 0xE5, 0x00, 0x00,
    0xD0, 0xE9, 0x00, 0x00, 0xA2, 0xEC, 0x00, 0x00, 0x3D, 0xEE, 0x00, 0x00, 0xC5, 0xEE, 0x00, 0x00,
    0xE6, 0xEE, 0x00, 0x00, 0x76, 0xEF, 0x00, 0x00, 0x02, 0xFD, 0x06, 0x00, 0x00, 0x01, 0x00, 0x01,
    0xFF, 0x28, 0x00, 0x05, 0xFA, 0x80, 0x00, 0x00, 0x7F, 0x00, 0x7F, 0x00, 0x7F, 0x00, 0x7F, 0x00,
    0x7F, 0x00, 0x7F, 0x00, 0x7F, 0x00, 0x7F, 0x00, 0x7F, 0x00, 0x7F, 0x00, 0x7F, 0x00, 0x7F, 0x00,
    0x7F, 0x00, 0x7F, 0x00, 0x7F, 0x00, 0x7F, 0x00, 0x7F, 0x00, 0x7F, 0x00, 0x7F, 0x00, 0x7F, 0x00,
    0x7F, 0x00, 0x7F, 0x00, 0x7F, 0x00, 0x7F, 0x00, 0x7F, 0x00, 0x7F, 0x00, 0x7F, 0x00, 0x7F, 0x00,
    0x7F, 0x00, 0x7F, 0x00, 0x7F, 0x00, 0x7F, 0x00, 0x7F, 0x00, 0x7F, 0x00, 0x7F, 0x00, 0x7F, 0x00,
    0x7F, 0x00, 0x7F, 0x00, 0x7F, 0x00, 0x7F, 0x00, 0x7F, 0x00, 0x7F, 0x00, 0x7F, 0x00, 0x7F, 0x00,
    0x7F, 0x00, 0x7F, 0x00, 0x7F, 0x00, 0x7F, 0x00, 0x7F, 0x00, 0x7F, 0x00, 0x7F, 0x00, 0x7F, 0x00,
    0x7F, 0x00, 0x7F, 0x00, 0x7F, 0x00, 0x7F, 0x00, 0x7F, 0x00, 0x7F, 0x00, 0x7F, 0x00, 0x7F, 0x00,
    0x7F, 0x00, 0x7F, 0x00, 0x7F, 0x00, 0x63, 0x00, 0x02, 0xFD, 0x06, 0x00, 0x00, 0x01, 0x00, 0x01,
    0xFF, 0x28, 0x00, 0x05, 0xFA, 0x80, 0x00, 0x00, 0x7F, 0x00, 0x7F, 0x00, 0x7F, 0x00, 0x7F, 0x00,
    0x7F, 0x00, 0x7F, 0x00, 0x7F, 0x00, 0x7F, 0x00, 0x7F, 0x00, 0x7F, 0x00, 0x7F, 0x00, 0x7F, 0x00,
    0x7F, 0x00, 0x7F, 0x00, 0x7F, 0x00, 0x7F, 0x00, 0x7F, 0x00, 0x7F, 0x00, 0x7F, 0x00, 0x7F, 0x00,
    0x7F, 0x00, 0x7F, 0x00, 0x7F, 0x00, 0x7F, 0x00, 0x7F, 0x00, 0x7F, 0x00, 0x7F, 0x00, 0x7F, 0x00,
    0x7F, 0x00, 0x7F, 0x00, 0x7F, 0x00, 0x7F, 0x00, 0x7F, 0x00, 0x7F, 0x00, 0x7F, 0x00, 0x7F, 0x00,
    0x7F, 0x00, 0x7F, 0x00, 0x7F, 0x00, 0x7F, 0x00, 0x7F, 0x00, 0x7F, 0x00, 0x7F, 0x00, 0x7F, 0x00,
    0x7F, 0x00, 0x7F, 0x00, 0x7F, 0x00, 0x7F, 0x00, 0x7F, 0x00, 0x7F, 0x00, 0x7F, 0x00, 0x7F, 0x00,
    0x7F, 0x00, 0x7F, 0x00, 0x7F, 0x00, 0x7F, 0x00, 0x7F, 0x00, 0x7F, 0x00, 0x7F, 0x00, 0x7F, 0x00,
    0x7F, 0x00, 0x7F, 0x00, 0x7F, 0x00, 0x63, 0x00, 0x02, 0xFD, 0x06, 0x00, 0x00, 0x01, 0x00, 0x01,
    0xFF, 0x28, 0x00, 0x05, 0xFA, 0x80, 0x00, 0x00, 0x7F, 0x00, 0x7F, 0x00, 0x7F, 0x00, 0x7F, 0x00,
    0x7F, 0x00, 0x7F, 0x00, 0x7F, 0x00, 0x7F, 0x00, 0x7F, 0x00, 0x7F, 0x00, 0x7F, 0x00, 0x7F, 0x00,
    0x7F, 0x00, 0x7F, 0x00, 0x7F, 0x00, 0x7F, 0x00, 0x7F, 0x00, 0x7F, 0x00, 0x7F, 0x00, 0x7F, 0x00,
    0x7F, 0x00, 0x7F, 0x00, 0x7F, 0x00, 0x7F, 0x00, 0x7F, 0x00, 0x7F, 0x00, 0x7F, 0x00, 0x7F, 0x00,
    0x7F, 0x00, 0x7F, 0x00, 0x7F, 0x00, 0x7F, 0x00, 0x7F, 0x00, 0x7F, 0x00, 0x7F, 0x00, 0x7F, 0x00,
    0x7F, 0x00, 0x7F, 0x00, 0x7F, 0x00, 0x7F, 0x00, 0x7F, 0x00, 0x7F, 0x00, 0x7F, 0x00, 0x7F, 0x00,
    0x7F, 0x00, 0x7F, 0x00, 0x7F, 0x00, 0x7F, 0x00, 0x7F, 0x00, 0x7F, 0x00, 0x7F, 0x00, 0x7F, 0x00,
    0x7F, 0x00, 0x7F, 0x00, 0x7F, 0x00, 0x7F, 0x00, 0x7F, 0x00, 0x7F, 0x00, 0x7F, 0x00, 0x7F, 0x00,
    0x7F, 0x00, 0x7F, 0x00, 0x7F, 0x00, 0x63, 0x00, 0x02, 0xFD, 0x06, 0x00, 0x00, 0x01, 0x02, 0x01,
    0xFF, 0x28, 0x00, 0x04, 0xFB, 0x08, 0x00, 0x00, 0x40, 0x00, 0x02, 0x00, 0x6A, 0x00, 0x1A, 0x00,
    0x05, 0xFA, 0x90, 0x00, 0x00, 0x0A, 0x00, 0x80, 0x04, 0x08, 0x00, 0x81, 0x50, 0xBA, 0x08, 0x00,
    0x82, 0x90, 0xFF, 0x06, 0x07, 0x00, 0x82, 0xE4, 0xFF, 0x1F, 0x07, 0x00, 0x82, 0x90, 0xFF, 0x7F,
    0x07, 0x00, 0x80, 0x80, 0x02, 0xFF, 0x80, 0x02, 0x06, 0x00, 0x83, 0x40, 0xFE, 0xFF, 0x0B, 0x07,
    0x00, 0x82, 0xF9, 0xFF, 0x6F, 0x07, 0x00, 0x80, 0xE0, 0x02, 0xFF, 0x80, 0x01, 0x06, 0x00, 0x80,
    0x40, 0x02, 0xFF, 0x80, 0x0B, 0x07, 0x00, 0x82, 0xF8, 0xFF, 0x2F, 0x07, 0x00, 0x83, 0xD0, 0xFF,
    0xBF, 0x01, 0x07, 0x00, 0x82, 0xFE, 0xFF, 0x07, 0x07, 0x00, 0x82, 0xE0, 0xFF, 0x1F, 0x07, 0x00,
    0x82, 0x40, 0xFF, 0xBF, 0x08, 0x00, 0x82, 0xF4, 0xFF, 0x02, 0x07, 0x00, 0x82, 0x40, 0xFF, 0x1B,
    0x08, 0x00, 0x81, 0xF8, 0x7F, 0x08, 0x00, 0x82, 0x80, 0xFF, 0x02, 0x08, 0x00, 0x81, 0xF8, 0x0B,
    0x08, 0x00, 0x81, 0x40, 0x6F, 0x09, 0x00, 0x81, 0xF4, 0x01, 0x08, 0x00, 0x81, 0x40, 0x07, 0x09,
    0x00, 0x80, 0x10, 0x15, 0x00, 0x02, 0xFD, 0x06, 0x00, 0x00, 0x01, 0x02, 0x01, 0xFF, 0x28, 0x00,
    0x04, 0xFB, 0x08, 0x00, 0x00, 0x34, 0x00, 0x01, 0x00, 0x87, 0x00, 0x35, 0x00, 0x05, 0xFA, 0xAB,
    0x01, 0x00, 0x22, 0x00, 0x80, 0x54, 0x02, 0xAA, 0x81, 0x5A, 0x01, 0x0E, 0x00, 0x81, 0x40, 0xE9,
    0x04, 0xFF, 0x81, 0xBF, 0x06, 0x0D, 0x00, 0x80, 0xF9, 0x07, 0xFF, 0x80, 0x06, 0x0B, 0x00, 0x80,
    0xF9, 0x08, 0xFF, 0x81, 0xBF, 0x01, 0x09, 0x00, 0x80, 0x90, 0x0A, 0xFF, 0x80, 0x6F, 0x09, 0x00,
    0x80, 0xFE, 0x0A, 0xFF, 0x80, 0x2F, 0x08, 0x00, 0x80, 0xE4, 0x0B, 0xFF, 0x80, 0x02, 0x07, 0x00,
    0x81, 0x40, 0xFE, 0x0A, 0xFF, 0x80, 0x6F, 0x08, 0x00, 0x80, 0xE0, 0x0B, 0xFF, 0x80, 0x07, 0x08,
    0x00, 0x80, 0xFD, 0x06, 0xFF, 0x02, 0xAA, 0x82, 0xFE, 0xFF, 0x7F, 0x08, 0x00, 0x80, 0x80, 0x05,
    0xFF, 0x81, 0x6F, 0x01, 0x03, 0x00, 0x81, 0xA4, 0x0B, 0x08, 0x00, 0x80, 0xF4, 0x04, 0xFF, 0x80,
    0x6F, 0x0F, 0x00, 0x80, 0xFE, 0x03, 0xFF, 0x81, 0xBF, 0x01, 0x0E, 0x00, 0x80, 0x80, 0x04, 0xFF,
    0x80, 0x06, 0x0F, 0x00, 0x80, 0xF4, 0x03, 0xFF, 0x80, 0x6F, 0x10, 0x00, 0x80, 0xFD, 0x03, 0xFF,
    0x80, 0x06, 0x0F, 0x00, 0x80, 0x40, 0x03, 0xFF, 0x80, 0x6F, 0x10, 0x00, 0x80, 0xE0, 0x03, 0xFF,
    0x80, 0x07, 0x10, 0x00, 0x80, 0xF8, 0x02, 0xFF, 0x80, 0xBF, 0x11, 0x00, 0x80, 0xFE, 0x02, 0xFF,
    0x80, 0x1F, 0x10, 0x00, 0x80, 0x40, 0x03, 0xFF, 0x80, 0x0B, 0x10, 0x00, 0x80, 0xD0, 0x03, 0xFF,
    0x80, 0x0B, 0x10, 0x00, 0x80, 0xF4, 0x03, 0xFF, 0x80, 0x0B, 0x10, 0x00, 0x80, 0xFC, 0x03, 0xFF,
    0x80, 0x0B, 0x10, 0x00, 0x80, 0xFE, 0x03, 0xFF, 0x80, 0x0B, 0x0F, 0x00, 0x80, 0x40, 0x04, 0xFF,
    0x80, 0x0B, 0x0F, 0x00, 0x80, 0xD0, 0x04, 0xFF, 0x80, 0x0B, 0x0F, 0x00, 0x80, 0xF0, 0x04, 0xFF,
    0x80, 0x0B, 0x0F, 0x00, 0x80, 0xF8, 0x04, 0xFF, 0x80, 0x0B, 0x0F, 0x00, 0x80, 0xFD, 0x02, 0xFF,
    0x82, 0xFE, 0xFF, 0x0B, 0x0F, 0x00, 0x85, 0xFE, 0xFF, 0x7F, 0xFE, 0xFF, 0x0B, 0x0E, 0x00, 0x80,
    0x40, 0x02, 0xFF, 0x83, 0x2F, 0xFE, 0xFF, 0x0B, 0x0E, 0x00, 0x80, 0xC0, 0x02, 0xFF, 0x83, 0x0F,
    0xFE, 0xFF, 0x0B, 0x0E, 0x00, 0x80, 0xD0, 0x02, 0xFF, 0x83, 0x07, 0xFE, 0xFF, 0x0B, 0x0E, 0x00,
    0x80, 0xF0, 0x02, 0xFF, 0x83, 0x02, 0xFE, 0xFF, 0x0B, 0x0E, 0x00, 0x80, 0xF4, 0x02, 0xFF, 0x83,
    0x00, 0xFE, 0xFF, 0x07, 0x0E, 0x00, 0x85, 0xFC, 0xFF, 0xBF, 0x00, 0xFE, 0x7F, 0x0F, 0x00, 0x85,
    0xFD, 0xFF, 0x3F, 0x00, 0xFE, 0x0B, 0x0F, 0x00, 0x84, 0xFE, 0xFF, 0x1F, 0x00, 0xBE, 0x10, 0x00,
    0x02, 0xFF, 0x82, 0x0F, 0x00, 0x1A, 0x0F, 0x00, 0x80, 0x40, 0x02, 0xFF, 0x80, 0x0B, 0x11, 0x00,
    0x80, 0x80, 0x02, 0xFF, 0x80, 0x03, 0x11, 0x00, 0x80, 0xC0, 0x02, 0xFF, 0x80, 0x02, 0x11, 0x00,
    0x80, 0xD0, 0x02, 0xFF, 0x80, 0x01, 0x11, 0x00, 0x80, 0xE0, 0x02, 0xFF, 0x12, 0x00, 0x82, 0xF0,
    0xFF, 0x7F, 0x12, 0x00, 0x82, 0xF4, 0xFF, 0x0B, 0x12, 0x00, 0x81, 0xF8, 0xBF, 0x13, 0x00, 0x81,
    0xF8, 0x1B, 0x13, 0x00, 0x81, 0xFC, 0x01, 0x13, 0x00, 0x80, 0x2C, 0x29, 0x00, 0x02, 0xFD, 0x06,
    0x00, 0x00, 0x01, 0x02, 0x01, 0xFF, 0x32, 0x00, 0x04, 0xFB, 0x08, 0x00, 0x00, 0x33, 0x00, 0x02,
    0x00, 0x99, 0x00, 0x4A, 0x00, 0x05, 0xFA, 0x2F, 0x03, 0x00, 0x0D, 0x00, 0x84, 0x50, 0xA9, 0xAA,
    0x6A, 0x05, 0x13, 0x00, 0x81, 0x40, 0xE9, 0x04, 0xFF, 0x81, 0xBF, 0x06, 0x11, 0x00, 0x81, 0x40,
    0xFE, 0x06, 0xFF, 0x81, 0xBF, 0x01, 0x0F, 0x00, 0x80, 0x90, 0x09, 0xFF, 0x80, 0x1B, 0x0E, 0x00,
    0x81, 0x40, 0xFE, 0x09, 0xFF, 0x81, 0xBF, 0x01, 0x0D, 0x00, 0x80, 0xFE, 0x0B, 0xFF, 0x80, 0x07,
    0x0C, 0x00, 0x80, 0xF9, 0x0C, 0xFF, 0x80, 0x2F, 0x0B, 0x00, 0x80, 0xE4, 0x0D, 0xFF, 0x80, 0xBF,
    0x0A, 0x00, 0x80, 0x80, 0x0F, 0xFF, 0x80, 0x01, 0x09, 0x00, 0x80, 0xFD, 0x06, 0xFF, 0x02, 0xAA,
    0x80, 0xFE, 0x06, 0xFF, 0x80, 0x06, 0x08, 0x00, 0x80, 0xE0, 0x05, 0xFF, 0x80, 0x5B, 0x04, 0x00,
    0x80, 0xE9, 0x05, 0xFF, 0x80, 0x0B, 0x07, 0x00, 0x80, 0x40, 0x05, 0xFF, 0x80, 0x06, 0x05, 0x00,
    0x81, 0x40, 0xF9, 0x04, 0xFF, 0x80, 0x1B, 0x07, 0x00, 0x80, 0xF8, 0x04, 0xFF, 0x80, 0x06, 0x07,
    0x00, 0x80, 0x90, 0x04, 0xFF, 0x80, 0x1F, 0x06, 0x00, 0x80, 0x80, 0x04, 0xFF, 0x80, 0x06, 0x09,
    0x00, 0x80, 0xFD, 0x03, 0xFF, 0x80, 0x2F, 0x06, 0x00, 0x80, 0xFD, 0x03, 0xFF, 0x80, 0x1B, 0x0A,
    0x00, 0x80, 0xE4, 0x03, 0xFF, 0x80, 0x2F, 0x05, 0x00, 0x80, 0xD0, 0x03, 0xFF, 0x80, 0x6F, 0x0B,
    0x00, 0x80, 0xD0, 0x03, 0xFF, 0x80, 0x3F, 0x05, 0x00, 0x80, 0xFD, 0x02, 0xFF, 0x81, 0xBF, 0x01,
    0x0B, 0x00, 0x80, 0x40, 0x03, 0xFF, 0x80, 0x06, 0x04, 0x00, 0x80, 0xE0, 0x03, 0xFF, 0x80, 0x07,
    0x0D, 0x00, 0x82, 0xFE, 0xFF, 0x1F, 0x05, 0x00, 0x80, 0xFE, 0x02, 0xFF, 0x80, 0x2F, 0x0E, 0x00,
    0x81, 0xFD, 0x7F, 0x05, 0x00, 0x80, 0xE0, 0x03, 0xFF, 0x80, 0x01, 0x0E, 0x00, 0x81, 0xF8, 0x02,
    0x05, 0x00, 0x80, 0xFD, 0x02, 0xFF, 0x80, 0x2F, 0x0F, 0x00, 0x80, 0x04, 0x05, 0x00, 0x80, 0xD0,
    0x03, 0xFF, 0x80, 0x0B, 0x15, 0x00, 0x80, 0xFD, 0x03, 0xFF, 0x80, 0x02, 0x14, 0x00, 0x80, 0xC0,
    0x03, 0xFF, 0x80, 0xBF, 0x15, 0x00, 0x80, 0xF8, 0x03, 0xFF, 0x80, 0x2F, 0x14, 0x00, 0x80, 0x40,
    0x04, 0xFF, 0x80, 0x0B, 0x14, 0x00, 0x80, 0xF4, 0x04, 0xFF, 0x80, 0x02, 0x14, 0x00, 0x04, 0xFF,
    0x80, 0xBF, 0x14, 0x00, 0x80, 0xE0, 0x04, 0xFF, 0x80, 0x2F, 0x09, 0x00, 0x82, 0x54, 0x55, 0x05,
    0x08, 0x00, 0x80, 0xFD, 0x02, 0xFF, 0x82, 0xFE, 0xFF, 0x0B, 0x08, 0x00, 0x80, 0x40, 0x02, 0xFF,
    0x80, 0x02, 0x07, 0x00, 0x80, 0x80, 0x02, 0xFF, 0x80, 0x9F, 0x02, 0xFF, 0x80, 0x02, 0x08, 0x00,
    0x82, 0xD0, 0xFF, 0x1B, 0x08, 0x00, 0x80, 0xF4, 0x02, 0xFF, 0x82, 0xE2, 0xFF, 0xBF, 0x09, 0x00,
    0x81, 0xF4, 0x7F, 0x09, 0x00, 0x02, 0xFF, 0x83, 0x3F, 0xF8, 0xFF, 0x2F, 0x09, 0x00, 0x81, 0xFD,
    0x01, 0x08, 0x00, 0x80, 0xD0, 0x02, 0xFF, 0x83, 0x07, 0xFE, 0xFF, 0x0B, 0x08, 0x00, 0x81, 0x40,
    0x0B, 0x09, 0x00, 0x83, 0xFC, 0xFF, 0xBF, 0x80, 0x02, 0xFF, 0x80, 0x02, 0x08, 0x00, 0x80, 0x40,
    0x09, 0x00, 0x80, 0x40, 0x02, 0xFF, 0x83, 0x0F, 0xE0, 0xFF, 0xBF, 0x13, 0x00, 0x80, 0xF0, 0x02,
    0xFF, 0x83, 0x02, 0xF8, 0xFF, 0x2F, 0x13, 0x00, 0x86, 0xFD, 0xFF, 0x3F, 0x00, 0xFE, 0xFF, 0x0B,
    0x12, 0x00, 0x80, 0x80, 0x02, 0xFF, 0x81, 0x07, 0x80, 0x02, 0xFF, 0x80, 0x02, 0x12, 0x00, 0x80,
    0xF0, 0x02, 0xFF, 0x83, 0x00, 0xE0, 0xFF, 0xBF, 0x13, 0x00, 0x86, 0xFD, 0xFF, 0x2F, 0x00, 0xF8,
    0xFF, 0x2F, 0x12, 0x00, 0x80, 0x80, 0x02, 0xFF, 0x84, 0x03, 0x00, 0xFE, 0xFF, 0x0B, 0x12, 0x00,
    0x84, 0xF0, 0xFF, 0xBF, 0x00, 0x80, 0x02, 0xFF, 0x80, 0x02, 0x12, 0x00, 0x86, 0xFD, 0xFF, 0x1F,
    0x00, 0xE0, 0xFF, 0xBF, 0x12, 0x00, 0x80, 0x80, 0x02, 0xFF, 0x84, 0x03, 0x00, 0xF8, 0xFF, 0x2F,
    0x12, 0x00, 0x82, 0xF0, 0xFF, 0xBF, 0x02, 0x00, 0x82, 0xFE, 0xFF, 0x0B, 0x12, 0x00, 0x84, 0xFD,
    0xFF, 0x1F, 0x00, 0x80, 0x02, 0xFF, 0x83, 0x02, 0x40, 0xA9, 0x16, 0x0E, 0x00, 0x80, 0x80, 0x02,
    0xFF, 0x85, 0x03, 0x00, 0xE0, 0xFF, 0xBF, 0x90, 0x02, 0xFF, 0x80, 0x2F, 0x0E, 0x00, 0x82, 0xE0,
    0xFF, 0xBF, 0x02, 0x00, 0x86, 0xF8, 0xFF, 0x6F, 0xFE, 0xFF, 0xBF, 0x01, 0x0E, 0x00, 0x82, 0xFC,
    0xFF, 0x2F, 0x02, 0x00, 0x80, 0xFE, 0x04, 0xFF, 0x80, 0x07, 0x0F, 0x00, 0x02, 0xFF, 0x82, 0x07,
    0x00, 0x80, 0x04, 0xFF, 0x80, 0x1F, 0x0F, 0x00, 0x80, 0xD0, 0x02, 0xFF, 0x02, 0x00, 0x80, 0xE0,
    0x03, 0xFF, 0x80, 0xBF, 0x10, 0x00, 0x82, 0xF4, 0xFF, 0x3F, 0x02, 0x00, 0x80, 0xF8, 0x03, 0xFF,
    0x80, 0x06, 0x10, 0x00, 0x82, 0xFE, 0xFF, 0x0B, 0x02, 0x00, 0x80, 0xFE, 0x02, 0xFF, 0x80, 0x1F,
    0x10, 0x00, 0x80, 0x80, 0x02, 0xFF, 0x82, 0x02, 0x00, 0x80, 0x02, 0xFF, 0x80, 0x7F, 0x11, 0x00,
    0x82, 0xF0, 0xFF, 0xBF, 0x02, 0x00, 0x80, 0xE0, 0x02, 0xFF, 0x80, 0x02, 0x11, 0x00, 0x82, 0xFC,
    0xFF, 0x1F, 0x02, 0x00, 0x82, 0xF8, 0xFF, 0x0B, 0x12, 0x00, 0x02, 0xFF, 0x80, 0x07, 0x02, 0x00,
    0x81, 0xFE, 0x6F, 0x12, 0x00, 0x80, 0xC0, 0x02, 0xFF, 0x84, 0x01, 0x00, 0x80, 0xFF, 0x01, 0x12,
    0x00, 0x82, 0xF0, 0xFF, 0x7F, 0x02, 0x00, 0x81, 0xE0, 0x07, 0x13, 0x00, 0x82, 0xFC, 0xFF, 0x0F,
    0x02, 0x00, 0x80, 0x28, 0x14, 0x00, 0x02, 0xFF, 0x80, 0x03, 0x16, 0x00, 0x80, 0xC0, 0x02, 0xFF,
    0x80, 0x01, 0x16, 0x00, 0x82, 0xF0, 0xFF, 0x7F, 0x17, 0x00, 0x82, 0xFC, 0xFF, 0x1F, 0x17, 0x00,
    0x02, 0xFF, 0x80, 0x07, 0x16, 0x00, 0x80, 0xC0, 0x02, 0xFF, 0x80, 0x01, 0x16, 0x00, 0x82, 0xE0,
    0xFF, 0x7F, 0x17, 0x00, 0x82, 0xF8, 0xFF, 0x01, 0x17, 0x00, 0x81, 0xFE, 0x0B, 0x17, 0x00, 0x81,
    0x40, 0x6F, 0x18, 0x00, 0x81, 0xD0, 0x01, 0x32, 0x00, 0x02, 0xFD, 0x06, 0x00, 0x00, 0x01, 0x02,
    0x01, 0xFF, 0x28, 0x00, 0x04, 0xFB, 0x08, 0x00, 0x00, 0x33, 0x00, 0x01, 0x00, 0xA5, 0x00, 0x5B,
    0x00, 0x05, 0xFA, 0x4E, 0x05, 0x00, 0x2A, 0x00, 0x80, 0x54, 0x02, 0xAA, 0x81, 0x5A, 0x01, 0x16,
    0x00, 0x81, 0x50, 0xFA, 0x04, 0xFF, 0x81, 0xAF, 0x01, 0x14, 0x00, 0x80, 0x90, 0x07, 0xFF, 0x80,
    0x6F, 0x13, 0x00, 0x80, 0xE4, 0x09, 0xFF, 0x80, 0x06, 0x11, 0x00, 0x80, 0x90, 0x0A, 0xFF, 0x80,
    0x6F, 0x10, 0x00, 0x80, 0x90, 0x0C, 0xFF, 0x80, 0x01, 0x0E, 0x00, 0x81, 0x40, 0xFE, 0x0C, 0xFF,
    0x80, 0x0B, 0x0E, 0x00, 0x80, 0xF9, 0x0D, 0xFF, 0x80, 0x2F, 0x0D, 0x00, 0x80, 0xE0, 0x0E, 0xFF,
    0x80, 0x7F, 0x0C, 0x00, 0x80, 0x40, 0x06, 0xFF, 0x80, 0xBF, 0x02, 0xAA, 0x06, 0xFF, 0x81, 0xBF,
    0x01, 0x0B, 0x00, 0x80, 0xF8, 0x05, 0xFF, 0x80, 0x16, 0x03, 0x00, 0x81, 0x40, 0xFA, 0x05, 0xFF,
    0x80, 0x02, 0x0A, 0x00, 0x80, 0xD0, 0x04, 0xFF, 0x81, 0xBF, 0x01, 0x05, 0x00, 0x81, 0x50, 0xFE,
    0x04, 0xFF, 0x80, 0x07, 0x0A, 0x00, 0x80, 0xFE, 0x03, 0xFF, 0x81, 0xBF, 0x01, 0x07, 0x00, 0x80,
    0xE4, 0x04, 0xFF, 0x80, 0x07, 0x09, 0x00, 0x80, 0xE0, 0x03, 0xFF, 0x81, 0xBF, 0x01, 0x08, 0x00,
    0x80, 0x40, 0x04, 0xFF, 0x80, 0x0B, 0x08, 0x00, 0x80, 0x40, 0x04, 0xFF, 0x80, 0x06, 0x0A, 0x00,
    0x80, 0xF9, 0x03, 0xFF, 0x80, 0x0B, 0x08, 0x00, 0x80, 0xF4, 0x03, 0xFF, 0x80, 0x1B, 0x0B, 0x00,
    0x80, 0xF4, 0x03, 0xFF, 0x80, 0x1F, 0x07, 0x00, 0x80, 0x40, 0x03, 0xFF, 0x80, 0x6F, 0x0C, 0x00,
    0x80, 0xD0, 0x03, 0xFF, 0x80, 0x1F, 0x07, 0x00, 0x80, 0xF8, 0x03, 0xFF, 0x80, 0x01, 0x0C, 0x00,
    0x80, 0x80, 0x03, 0xFF, 0x80, 0x1F, 0x06, 0x00, 0x80, 0x80, 0x03, 0xFF, 0x80, 0x0B, 0x0D, 0x00,
    0x80, 0x40, 0x03, 0xFF, 0x80, 0x1F, 0x06, 0x00, 0x80, 0xF8, 0x02, 0xFF, 0x80, 0x7F, 0x0F, 0x00,
    0x80, 0xFE, 0x02, 0xFF, 0x80, 0x1F, 0x05, 0x00, 0x80, 0x40, 0x03, 0xFF, 0x80, 0x0B, 0x0F, 0x00,
    0x80, 0xFD, 0x02, 0xFF, 0x80, 0x1F, 0x05, 0x00, 0x80, 0xF4, 0x03, 0xFF, 0x80, 0x02, 0x0F, 0x00,
    0x80, 0xFD, 0x02, 0xFF, 0x80, 0x0F, 0x04, 0x00, 0x80, 0x40, 0x03, 0xFF, 0x80, 0xBF, 0x10, 0x00,
    0x80, 0xFD, 0x02, 0xFF, 0x80, 0x0B, 0x04, 0x00, 0x80, 0xF0, 0x03, 0xFF, 0x80, 0x2F, 0x10, 0x00,
    0x80, 0xF8, 0x02, 0xFF, 0x80, 0x0B, 0x04, 0x00, 0x80, 0xFE, 0x03, 0xFF, 0x80, 0x0B, 0x10, 0x00,
    0x80, 0xF8, 0x02, 0xFF, 0x80, 0x07, 0x03, 0x00, 0x80, 0xD0, 0x04, 0xFF, 0x80, 0x02, 0x10, 0x00,
    0x80, 0xF8, 0x02, 0xFF, 0x80, 0x07, 0x03, 0x00, 0x80, 0xFD, 0x03, 0xFF, 0x80, 0xBF, 0x11, 0x00,
    0x80, 0xFC, 0x02, 0xFF, 0x80, 0x03, 0x02, 0x00, 0x80, 0xC0, 0x04, 0xFF, 0x80, 0x2F, 0x11, 0x00,
    0x80, 0xFC, 0x02, 0xFF, 0x80, 0x02, 0x02, 0x00, 0x80, 0xF8, 0x04, 0xFF, 0x80, 0x0B, 0x09, 0x00,
    0x02, 0x55, 0x80, 0x01, 0x05, 0x00, 0x80, 0xFD, 0x02, 0xFF, 0x82, 0x01, 0x00, 0x40, 0x02, 0xFF,
    0x80, 0xBF, 0x02, 0xFF, 0x80, 0x02, 0x08, 0x00, 0x80, 0xD0, 0x02, 0xFF, 0x06, 0x00, 0x82, 0xFD,
    0xFF, 0xBF, 0x02, 0x00, 0x80, 0xE0, 0x02, 0xFF, 0x82, 0xE7, 0xFF, 0xBF, 0x09, 0x00, 0x82, 0xF4,
    0xFF, 0x3F, 0x06, 0x00, 0x82, 0xFE, 0xFF, 0x1B, 0x02, 0x00, 0x85, 0xFD, 0xFF, 0xBF, 0xF8, 0xFF,
    0x2F, 0x09, 0x00, 0x82, 0xFD, 0xFF, 0x0F, 0x06, 0x00, 0x81, 0xFF, 0x7F, 0x02, 0x00, 0x80, 0xC0,
    0x02, 0xFF, 0x83, 0x0F, 0xFE, 0xFF, 0x0B, 0x08, 0x00, 0x80, 0x40, 0x02, 0xFF, 0x80, 0x03, 0x05,
    0x00, 0x82, 0x40, 0xFF, 0x01, 0x02, 0x00, 0x80, 0xF4, 0x02, 0xFF, 0x80, 0x81, 0x02, 0xFF, 0x80,
    0x02, 0x08, 0x00, 0x80, 0xD0, 0x02, 0xFF, 0x06, 0x00, 0x81, 0x80, 0x0B, 0x03, 0x00, 0x02, 0xFF,
    0x83, 0x2F, 0xE0, 0xFF, 0xBF, 0x09, 0x00, 0x82, 0xF4, 0xFF, 0x3F, 0x0A, 0x00, 0x80, 0xD0, 0x02,
    0xFF, 0x83, 0x03, 0xF8, 0xFF, 0x2F, 0x09, 0x00, 0x82, 0xFD, 0xFF, 0x0F, 0x0A, 0x00, 0x86, 0xFC,
    0xFF, 0xBF, 0x00, 0xFE, 0xFF, 0x0B, 0x08, 0x00, 0x80, 0x40, 0x02, 0xFF, 0x80, 0x03, 0x09, 0x00,
    0x80, 0x40, 0x02, 0xFF, 0x81, 0x0F, 0x80, 0x02, 0xFF, 0x80, 0x02, 0x08, 0x00, 0x80, 0xD0, 0x02,
    0xFF, 0x0A, 0x00, 0x80, 0xE0, 0x02, 0xFF, 0x83, 0x01, 0xE0, 0xFF, 0xBF, 0x09, 0x00, 0x82, 0xF4,
    0xFF, 0x3F, 0x0A, 0x00, 0x86, 0xFC, 0xFF, 0x3F, 0x00, 0xF8, 0xFF, 0x2F, 0x09, 0x00, 0x82, 0xFD,
    0xFF, 0x0F, 0x09, 0x00, 0x80, 0x40, 0x02, 0xFF, 0x84, 0x0B, 0x00, 0xFE, 0xFF, 0x0B, 0x08, 0x00,
    0x80, 0x40, 0x02, 0xFF, 0x80, 0x03, 0x09, 0x00, 0x80, 0xE0, 0x02, 0xFF, 0x81, 0x00, 0x80, 0x02,
    0xFF, 0x80, 0x02, 0x08, 0x00, 0x80, 0xD0, 0x02, 0xFF, 0x0A, 0x00, 0x86, 0xFC, 0xFF, 0x2F, 0x00,
    0xE0, 0xFF, 0xBF, 0x09, 0x00, 0x82, 0xF4, 0xFF, 0x3F, 0x09, 0x00, 0x80, 0x40, 0x02, 0xFF, 0x84,
    0x07, 0x00, 0xF8, 0xFF, 0x2F, 0x09, 0x00, 0x82, 0xFD, 0xFF, 0x0F, 0x09, 0x00, 0x80, 0xE0, 0x02,
    0xFF, 0x02, 0x00, 0x82, 0xFE, 0xFF, 0x0B, 0x08, 0x00, 0x80, 0x40, 0x02, 0xFF, 0x80, 0x03, 0x09,
    0x00, 0x84, 0xFC, 0xFF, 0x2F, 0x00, 0x80, 0x02, 0xFF, 0x80, 0x02, 0x08, 0x00, 0x80, 0xD0, 0x02,
    0xFF, 0x09, 0x00, 0x80, 0x40, 0x02, 0xFF, 0x88, 0x07, 0x00, 0xE0, 0xFF, 0xBF, 0x00, 0x50, 0xAA,
    0x05, 0x05, 0x00, 0x82, 0xF4, 0xFF, 0x3F, 0x09, 0x00, 0x80, 0xE0, 0x02, 0xFF, 0x02, 0x00, 0x83,
    0xF8, 0xFF, 0x2F, 0xE4, 0x02, 0xFF, 0x80, 0x6F, 0x05, 0x00, 0x82, 0xFD, 0xFF, 0x0F, 0x09, 0x00,
    0x82, 0xF8, 0xFF, 0x2F, 0x02, 0x00, 0x82, 0xFE, 0xFF, 0x9B, 0x04, 0xFF, 0x80, 0x01, 0x03, 0x00,
    0x80, 0x40, 0x02, 0xFF, 0x80, 0x03, 0x09, 0x00, 0x02, 0xFF, 0x82, 0x0B, 0x00, 0x80, 0x07, 0xFF,
    0x80, 0x07, 0x03, 0x00, 0x80, 0xD0, 0x02, 0xFF, 0x09, 0x00, 0x80, 0xC0, 0x02, 0xFF, 0x82, 0x01,
    0x00, 0xE0, 0x07, 0xFF, 0x80, 0x0B, 0x03, 0x00, 0x82, 0xF4, 0xFF, 0x1F, 0x09, 0x00, 0x82, 0xF4,
    0xFF, 0x3F, 0x02, 0x00, 0x80, 0xF8, 0x07, 0xFF, 0x80, 0x0B, 0x03, 0x00, 0x81, 0xFD, 0xBF, 0x0A,
    0x00, 0x82, 0xFD, 0xFF, 0x0F, 0x02, 0x00, 0x80, 0xFE, 0x07, 0xFF, 0x80, 0x0B, 0x02, 0x00, 0x82,
    0x40, 0xFF, 0x02, 0x09, 0x00, 0x80, 0x80, 0x02, 0xFF, 0x82, 0x02, 0x00, 0x80, 0x08, 0xFF, 0x80,
    0x0B, 0x02, 0x00, 0x81, 0xD0, 0x1B, 0x0A, 0x00, 0x82, 0xE0, 0xFF, 0xBF, 0x02, 0x00, 0x80, 0xE0,
    0x08, 0xFF, 0x80, 0x07, 0x02, 0x00, 0x80, 0x74, 0x0B, 0x00, 0x82, 0xFC, 0xFF, 0x2F, 0x02, 0x00,
    0x80, 0xF8, 0x03, 0xFF, 0x81, 0xBF, 0xFA, 0x03, 0xFF, 0x80, 0x03, 0x0E, 0x00, 0x02, 0xFF, 0x80,
    0x07, 0x02, 0x00, 0x80, 0xFE, 0x02, 0xFF, 0x82, 0xBF, 0x01, 0x40, 0x03, 0xFF, 0x80, 0x02, 0x0D,
    0x00, 0x80, 0xC0, 0x02, 0xFF, 0x82, 0x01, 0x00, 0x80, 0x03, 0xFF, 0x80, 0x02, 0x02, 0x00, 0x80,
    0xFE, 0x02, 0xFF, 0x0E, 0x00, 0x82, 0xF0, 0xFF, 0x7F, 0x02, 0x00, 0x80, 0xE0, 0x02, 0xFF, 0x80,
    0x2F, 0x03, 0x00, 0x82, 0xFD, 0xFF, 0x7F, 0x0E, 0x00, 0x82, 0xFC, 0xFF, 0x1F, 0x02, 0x00, 0x80,
    0xF8, 0x02, 0xFF, 0x80, 0x02, 0x03, 0x00, 0x82, 0xFE, 0xFF, 0x3F, 0x0E, 0x00, 0x02, 0xFF, 0x80,
    0x03, 0x02, 0x00, 0x82, 0xFE, 0xFF, 0x3F, 0x04, 0x00, 0x02, 0xFF, 0x80, 0x0F, 0x0D, 0x00, 0x80,
    0xC0, 0x02, 0xFF, 0x02, 0x00, 0x80, 0x80, 0x02, 0xFF, 0x80, 0x0B, 0x03, 0x00, 0x82, 0x40, 0xFF,
    0xBF, 0x0E, 0x00, 0x82, 0xF0, 0xFF, 0x7F, 0x02, 0x00, 0x80, 0xE0, 0x02, 0xFF, 0x80, 0x01, 0x03,
    0x00, 0x82, 0xC0, 0xFF, 0x06, 0x0E, 0x00, 0x82, 0xFC, 0xFF, 0x1F, 0x02, 0x00, 0x82, 0xF8, 0xFF,
    0x3F, 0x04, 0x00, 0x81, 0xE0, 0x1F, 0x0F, 0x00, 0x02, 0xFF, 0x80, 0x07, 0x02, 0x00, 0x82, 0xFE,
    0xFF, 0x0B, 0x04, 0x00, 0x80, 0x74, 0x0F, 0x00, 0x80, 0xC0, 0x02, 0xFF, 0x82, 0x01, 0x00, 0x80,
    0x02, 0xFF, 0x80, 0x02, 0x04, 0x00, 0x80, 0x01, 0x0F, 0x00, 0x82, 0xF0, 0xFF, 0x7F, 0x02, 0x00,
    0x82, 0xE0, 0xFF, 0xBF, 0x15, 0x00, 0x82, 0xF8, 0xFF, 0x2F, 0x02, 0x00, 0x82, 0xF8, 0xFF, 0x3F,
    0x15, 0x00, 0x82, 0xFE, 0xFF, 0x0B, 0x02, 0x00, 0x82, 0xFD, 0xFF, 0x0F, 0x14, 0x00, 0x80, 0x80,
    0x02, 0xFF, 0x82, 0x03, 0x00, 0x40, 0x02, 0xFF, 0x80, 0x07, 0x14, 0x00, 0x80, 0xD0, 0x02, 0xFF,
    0x02, 0x00, 0x80, 0xC0, 0x02, 0xFF, 0x80, 0x03, 0x14, 0x00, 0x82, 0xF4, 0xFF, 0x7F, 0x02, 0x00,
    0x80, 0xE0, 0x02, 0xFF, 0x80, 0x02, 0x14, 0x00, 0x82, 0xFC, 0xFF, 0x1F, 0x02, 0x00, 0x80, 0xF4,
    0x02, 0xFF, 0x80, 0x01, 0x14, 0x00, 0x02, 0xFF, 0x80, 0x0B, 0x02, 0x00, 0x80, 0xFC, 0x02, 0xFF,
    0x80, 0x02, 0x13, 0x00, 0x80, 0x80, 0x02, 0xFF, 0x80, 0x03, 0x02, 0x00, 0x82, 0xFD, 0xFF, 0xBF,
    0x14, 0x00, 0x80, 0xD0, 0x02, 0xFF, 0x03, 0x00, 0x02, 0xFF, 0x80, 0x06, 0x14, 0x00, 0x82, 0xF4,
    0xFF, 0x7F, 0x02, 0x00, 0x82, 0x40, 0xFF, 0x1F, 0x15, 0x00, 0x82, 0xFC, 0xFF, 0x2F, 0x02, 0x00,
    0x81, 0x80, 0x7F, 0x16, 0x00, 0x82, 0xFE, 0xFF, 0x0F, 0x02, 0x00, 0x81, 0x80, 0x02, 0x15, 0x00,
    0x80, 0x40, 0x02, 0xFF, 0x80, 0x07, 0x19, 0x00, 0x80, 0xC0, 0x02, 0xFF, 0x80, 0x03, 0x19, 0x00,
    0x80, 0xE0, 0x02, 0xFF, 0x80, 0x01, 0x19, 0x00, 0x82, 0xF4, 0xFF, 0xBF, 0x1A, 0x00, 0x82, 0xFC,
    0xFF, 0x7F, 0x1A, 0x00, 0x82, 0xFE, 0xFF, 0x2F, 0x1A, 0x00, 0x02, 0xFF, 0x80, 0x07, 0x19, 0x00,
    0x82, 0x80, 0xFF, 0x1F, 0x1A, 0x00, 0x81, 0xD0, 0xBF, 0x1B, 0x00, 0x81, 0xE0, 0x02, 0x1B, 0x00,
    0x80, 0x14, 0x1B, 0x00, 0x02, 0xFD, 0x06, 0x00, 0x00, 0x01, 0x02, 0x01, 0xFF, 0x28, 0x00, 0x04,
    0xFB, 0x08, 0x00, 0x00, 0x33, 0x00, 0x01, 0x00, 0xAC, 0x00, 0x6A, 0x00, 0x05, 0xFA, 0x73, 0x07,
    0x00, 0x2C, 0x00, 0x80, 0x95, 0x02, 0xAA, 0x80, 0x56, 0x19, 0x00, 0x80, 0xA5, 0x05, 0xFF, 0x80,
    0x1A, 0x16, 0x00, 0x81, 0x40, 0xFE, 0x06, 0xFF, 0x81, 0xBF, 0x01, 0x14, 0x00, 0x80, 0xE4, 0x09,
    0xFF, 0x80, 0x06, 0x13, 0x00, 0x80, 0xE4, 0x0A, 0xFF, 0x80, 0x1B, 0x12, 0x00, 0x80, 0xF8, 0x0B,
    0xFF, 0x80, 0x1F, 0x11, 0x00, 0x80, 0xF9, 0x0C, 0xFF, 0x80, 0x2F, 0x10, 0x00, 0x80, 0xF9, 0x0D,
    0xFF, 0x80, 0x2F, 0x0F, 0x00, 0x80, 0xF8, 0x0E, 0xFF, 0x80, 0x1F, 0x0E, 0x00, 0x80, 0xF4, 0x06,
    0xFF, 0x82, 0xAB, 0xAA, 0xFA, 0x06, 0xFF, 0x80, 0x1B, 0x0D, 0x00, 0x80, 0xE0, 0x05, 0xFF, 0x80,
    0x5B, 0x04, 0x00, 0x80, 0xE9, 0x05, 0xFF, 0x80, 0x0B, 0x0C, 0x00, 0x80, 0xD0, 0x04, 0xFF, 0x81,
    0xBF, 0x01, 0x05, 0x00, 0x81, 0x50, 0xFE, 0x04, 0xFF, 0x80, 0x07, 0x0B, 0x00, 0x80, 0x80, 0x04,
    0xFF, 0x80, 0x6F, 0x08, 0x00, 0x80, 0xF9, 0x04, 0xFF, 0x80, 0x01, 0x0B, 0x00, 0x80, 0xFE, 0x03,
    0xFF, 0x80, 0x1B, 0x09, 0x00, 0x80, 0xF4, 0x03, 0xFF, 0x80, 0xBF, 0x0B, 0x00, 0x80, 0xFD, 0x03,
    0xFF, 0x80, 0x1B, 0x0A, 0x00, 0x80, 0xE4, 0x03, 0xFF, 0x80, 0x2F, 0x0A, 0x00, 0x80, 0xF4, 0x03,
    0xFF, 0x80, 0x1B, 0x0B, 0x00, 0x80, 0xF4, 0x03, 0xFF, 0x80, 0x1F, 0x09, 0x00, 0x80, 0xD0, 0x03,
    0xFF, 0x80, 0x1B, 0x0C, 0x00, 0x80, 0xF4, 0x03, 0xFF, 0x80, 0x07, 0x08, 0x00, 0x80, 0x80, 0x03,
    0xFF, 0x80, 0x1F, 0x0D, 0x00, 0x80, 0xF8, 0x03, 0xFF, 0x80, 0x01, 0x08, 0x00, 0x80, 0xFE, 0x02,
    0xFF, 0x80, 0x2F, 0x0E, 0x00, 0x80, 0xFD, 0x02, 0xFF, 0x80, 0x7F, 0x08, 0x00, 0x80, 0xF8, 0x02,
    0xFF, 0x80, 0x7F, 0x0F, 0x00, 0x80, 0xFE, 0x02, 0xFF, 0x80, 0x1F, 0x07, 0x00, 0x80, 0xD0, 0x03,
    0xFF, 0x80, 0x02, 0x0E, 0x00, 0x80, 0x40, 0x03, 0xFF, 0x80, 0x07, 0x06, 0x00, 0x80, 0x40, 0x03,
    0xFF, 0x80, 0x2F, 0x0F, 0x00, 0x80, 0xD0, 0x03, 0xFF, 0x07, 0x00, 0x80, 0xFD, 0x03, 0xFF, 0x80,
    0x02, 0x0F, 0x00, 0x80, 0xF4, 0x02, 0xFF, 0x80, 0x2F, 0x06, 0x00, 0x80, 0xF0, 0x03, 0xFF, 0x80,
    0x2F, 0x10, 0x00, 0x80, 0xF8, 0x02, 0xFF, 0x80, 0x0B, 0x05, 0x00, 0x80, 0x80, 0x04, 0xFF, 0x80,
    0x02, 0x10, 0x00, 0x80, 0xFE, 0x02, 0xFF, 0x80, 0x01, 0x05, 0x00, 0x80, 0xFD, 0x03, 0xFF, 0x80,
    0x2F, 0x10, 0x00, 0x80, 0x80, 0x02, 0xFF, 0x80, 0x7F, 0x05, 0x00, 0x80, 0xF4, 0x04, 0xFF, 0x80,
    0x02, 0x10, 0x00, 0x80, 0xF0, 0x02, 0xFF, 0x80, 0x0F, 0x04, 0x00, 0x80, 0xC0, 0x04, 0xFF, 0x80,
    0x2F, 0x11, 0x00, 0x80, 0xFC, 0x02, 0xFF, 0x80, 0x02, 0x04, 0x00, 0x80, 0xFE, 0x04, 0xFF, 0x80,
    0x02, 0x08, 0x00, 0x80, 0x40, 0x02, 0x55, 0x05, 0x00, 0x80, 0x40, 0x02, 0xFF, 0x80, 0x7F, 0x04,
    0x00, 0x80, 0xF4, 0x02, 0xFF, 0x82, 0xFB, 0xFF, 0x2F, 0x09, 0x00, 0x82, 0xFD, 0xFF, 0x0F, 0x05,
    0x00, 0x80, 0xD0, 0x02, 0xFF, 0x80, 0x0F, 0x03, 0x00, 0x80, 0x80, 0x02, 0xFF, 0x80, 0x9F, 0x02,
    0xFF, 0x80, 0x02, 0x08, 0x00, 0x80, 0xD0, 0x02, 0xFF, 0x06, 0x00, 0x80, 0xF8, 0x02, 0xFF, 0x80,
    0x01, 0x03, 0x00, 0x85, 0xFD, 0xFF, 0xBF, 0xF8, 0xFF, 0x2F, 0x09, 0x00, 0x82, 0xFD, 0xFF, 0x0F,
    0x06, 0x00, 0x02, 0xFF, 0x80, 0x3F, 0x03, 0x00, 0x80, 0xF0, 0x02, 0xFF, 0x80, 0x83, 0x02, 0xFF,
    0x80, 0x02, 0x08, 0x00, 0x80, 0xD0, 0x02, 0xFF, 0x06, 0x00, 0x80, 0xD0, 0x02, 0xFF, 0x80, 0x0B,
    0x02, 0x00, 0x80, 0x40, 0x02, 0xFF, 0x83, 0x1F, 0xF8, 0xFF, 0x2F, 0x09, 0x00, 0x82, 0xFD, 0xFF,
    0x0F, 0x06, 0x00, 0x80, 0xF8, 0x02, 0xFF, 0x03, 0x00, 0x83, 0xFC, 0xFF, 0xBF, 0x80, 0x02, 0xFF,
    0x80, 0x02, 0x08, 0x00, 0x80, 0xD0, 0x02, 0xFF, 0x07, 0x00, 0x02, 0xFF, 0x80, 0x2F, 0x02, 0x00,
    0x80, 0xD0, 0x02, 0xFF, 0x83, 0x03, 0xF8, 0xFF, 0x2F, 0x09, 0x00, 0x82, 0xFD, 0xFF, 0x0F, 0x06,
    0x00, 0x80, 0xD0, 0x02, 0xFF, 0x80, 0x03, 0x02, 0x00, 0x02, 0xFF, 0x81, 0x2F, 0x80, 0x02, 0xFF,
    0x80, 0x02, 0x08, 0x00, 0x80, 0xD0, 0x02, 0xFF, 0x07, 0x00, 0x82, 0xF8, 0xFF, 0xBF, 0x02, 0x00,
    0x80, 0xF4, 0x02, 0xFF, 0x83, 0x00, 0xF8, 0xFF, 0x2F, 0x09, 0x00, 0x82, 0xFD, 0xFF, 0x0F, 0x06,
    0x00, 0x80, 0x40, 0x02, 0xFF, 0x82, 0x0F, 0x00, 0x80, 0x02, 0xFF, 0x81, 0x07, 0x80, 0x02, 0xFF,
    0x80, 0x02, 0x08, 0x00, 0x80, 0xD0, 0x02, 0xFF, 0x07, 0x00, 0x80, 0xE0, 0x02, 0xFF, 0x88, 0x01,
    0x00, 0xFC, 0xFF, 0x3F, 0x00, 0xF8, 0xFF, 0x2F, 0x09, 0x00, 0x82, 0xFD, 0xFF, 0x0F, 0x07, 0x00,
    0x84, 0xFD, 0xFF, 0x2F, 0x00, 0xD0, 0x02, 0xFF, 0x81, 0x02, 0x80, 0x02, 0xFF, 0x80, 0x02, 0x08,
    0x00, 0x80, 0xD0, 0x02, 0xFF, 0x07, 0x00, 0x80, 0x80, 0x02, 0xFF, 0x88, 0x07, 0x00, 0xFE, 0xFF,
    0x0F, 0x00, 0xF8, 0xFF, 0x2F, 0x09, 0x00, 0x82, 0xFD, 0xFF, 0x0F, 0x07, 0x00, 0x88, 0xF4, 0xFF,
    0xBF, 0x00, 0xF0, 0xFF, 0xBF, 0x00, 0x80, 0x02, 0xFF, 0x80, 0x02, 0x08, 0x00, 0x80, 0xD0, 0x02,
    0xFF, 0x03, 0x00, 0x80, 0xF4, 0x02, 0xFF, 0x81, 0x07, 0x00, 0x02, 0xFF, 0x81, 0x0F, 0x40, 0x02,
    0xFF, 0x84, 0x07, 0x00, 0xF8, 0xFF, 0x2F, 0x09, 0x00, 0x82, 0xFD, 0xFF, 0x0F, 0x02, 0x00, 0x80,
    0xD0, 0x02, 0xFF, 0x82, 0x2F, 0x00, 0xE0, 0x02, 0xFF, 0x85, 0x01, 0xF8, 0xFF, 0x3F, 0x00, 0x80,
    0x02, 0xFF, 0x80, 0x02, 0x08, 0x00, 0x80, 0xD0, 0x02, 0xFF, 0x03, 0x00, 0x03, 0xFF, 0x02, 0x00,
    0x83, 0xFD, 0xFF, 0x1F, 0xC0, 0x02, 0xFF, 0x84, 0x02, 0x00, 0xF8, 0xFF, 0x2F, 0x09, 0x00, 0x82,
    0xFD, 0xFF, 0x0F, 0x02, 0x00, 0x80, 0xF8, 0x02, 0xFF, 0x82, 0x07, 0x00, 0xC0, 0x02, 0xFF, 0x85,
    0x02, 0xFD, 0xFF, 0x1F, 0x00, 0x80, 0x02, 0xFF, 0x83, 0x02, 0x40, 0xA9, 0x16, 0x05, 0x00, 0x80,
    0xD0, 0x02, 0xFF, 0x02, 0x00, 0x80, 0xE0, 0x02, 0xFF, 0x80, 0x1F, 0x02, 0x00, 0x83, 0xF8, 0xFF,
    0x3F, 0xE0, 0x02, 0xFF, 0x02, 0x00, 0x83, 0xF8, 0xFF, 0x2F, 0xE4, 0x02, 0xFF, 0x80, 0x6F, 0x05,
    0x00, 0x84, 0xFD, 0xFF, 0x0F, 0x00, 0x40, 0x02, 0xFF, 0x80, 0xBF, 0x02, 0x00, 0x88, 0x40, 0xFF,
    0xBF, 0x00, 0xFE, 0xFF, 0x0B, 0x00, 0x80, 0x02, 0xFF, 0x80, 0xE6, 0x03, 0xFF, 0x80, 0x7F, 0x04,
    0x00, 0x80, 0xD0, 0x02, 0xFF, 0x02, 0x00, 0x80, 0xFD, 0x02, 0xFF, 0x80, 0x02, 0x02, 0x00, 0x85,
    0xF0, 0xBF, 0x00, 0xF0, 0xFF, 0xBF, 0x02, 0x00, 0x80, 0xF8, 0x06, 0xFF, 0x80, 0x7F, 0x04, 0x00,
    0x84, 0xFD, 0xFF, 0x0F, 0x00, 0xF0, 0x02, 0xFF, 0x80, 0x0F, 0x03, 0x00, 0x82, 0xBE, 0x01, 0x00,
    0x02, 0xFF, 0x82, 0x07, 0x00, 0x80, 0x07, 0xFF, 0x80, 0x2F, 0x03, 0x00, 0x80, 0xD0, 0x02, 0xFF,
    0x81, 0x00, 0x80, 0x02, 0xFF, 0x80, 0x7F, 0x03, 0x00, 0x85, 0xE0, 0x01, 0x00, 0xF4, 0xFF, 0x3F,
    0x02, 0x00, 0x80, 0xF8, 0x07, 0xFF, 0x80, 0x0B, 0x03, 0x00, 0x84, 0xFD, 0xFF, 0x0F, 0x00, 0xFE,
    0x02, 0xFF, 0x80, 0x01, 0x05, 0x00, 0x80, 0x40, 0x02, 0xFF, 0x82, 0x03, 0x00, 0x80, 0x08, 0xFF,
    0x80, 0x02, 0x02, 0x00, 0x80, 0xD0, 0x02, 0xFF, 0x81, 0x00, 0xF4, 0x02, 0xFF, 0x80, 0x0B, 0x06,
    0x00, 0x82, 0xF8, 0xFF, 0x2F, 0x02, 0x00, 0x80, 0xF8, 0x07, 0xFF, 0x80, 0xBF, 0x03, 0x00, 0x83,
    0xFD, 0xFF, 0x0F, 0xD0, 0x02, 0xFF, 0x80, 0x2F, 0x06, 0x00, 0x80, 0x80, 0x02, 0xFF, 0x82, 0x02,
    0x00, 0x80, 0x08, 0xFF, 0x80, 0x1F, 0x02, 0x00, 0x80, 0xD0, 0x02, 0xFF, 0x80, 0x00, 0x03, 0xFF,
    0x07, 0x00, 0x82, 0xFC, 0xFF, 0x2F, 0x02, 0x00, 0x80, 0xF8, 0x03, 0xFF, 0x81, 0xBF, 0xFA, 0x03,
    0xFF, 0x80, 0x03, 0x02, 0x00, 0x83, 0xFD, 0xFF, 0x0F, 0xF8, 0x02, 0xFF, 0x80, 0x07, 0x06, 0x00,
    0x80, 0xC0, 0x02, 0xFF, 0x82, 0x01, 0x00, 0x80, 0x03, 0xFF, 0x82, 0x6F, 0x00, 0xD0, 0x02, 0xFF,
    0x80, 0xBF, 0x02, 0x00, 0x80, 0xD0, 0x02, 0xFF, 0x80, 0xE0, 0x02, 0xFF, 0x80, 0x1F, 0x07, 0x00,
    0x82, 0xFC, 0xFF, 0x1F, 0x02, 0x00, 0x80, 0xF8, 0x02, 0xFF, 0x80, 0x2F, 0x02, 0x00, 0x80, 0xE0,
    0x02, 0xFF, 0x80, 0x0F, 0x02, 0x00, 0x82, 0xFD, 0xFF, 0x4F, 0x02, 0xFF, 0x80, 0xBF, 0x07, 0x00,
    0x80, 0xC0, 0x02, 0xFF, 0x82, 0x01, 0x00, 0x80, 0x02, 0xFF, 0x80, 0xBF, 0x03, 0x00, 0x80, 0xF4,
    0x02, 0xFF, 0x82, 0x02, 0x00, 0xD0, 0x02, 0xFF, 0x80, 0xFD, 0x02, 0xFF, 0x80, 0x02, 0x07, 0x00,
    0x82, 0xFC, 0xFF, 0x1F, 0x02, 0x00, 0x80, 0xF8, 0x02, 0xFF, 0x80, 0x02, 0x03, 0x00, 0x82, 0xFE,
    0xFF, 0x3F, 0x02, 0x00, 0x80, 0xFD, 0x04, 0xFF, 0x80, 0x2F, 0x07, 0x00, 0x80, 0xC0, 0x02, 0xFF,
    0x02, 0x00, 0x80, 0x80, 0x02, 0xFF, 0x80, 0x0F, 0x03, 0x00, 0x80, 0xC0, 0x02, 0xFF, 0x82, 0x07,
    0x00, 0xD0, 0x05, 0xFF, 0x80, 0x07, 0x07, 0x00, 0x82, 0xFC, 0xFF, 0x0F, 0x02, 0x00, 0x82, 0xF8,
    0xFF, 0xBF, 0x04, 0x00, 0x82, 0xF4, 0xFF, 0x7F, 0x02, 0x00, 0x80, 0xFD, 0x04, 0xFF, 0x80, 0xBF,
    0x07, 0x00, 0x80, 0xC0, 0x02, 0xFF, 0x82, 0x01, 0x00, 0x80, 0x02, 0xFF, 0x80, 0x07, 0x04, 0x00,
    0x02, 0xFF, 0x82, 0x0B, 0x00, 0xD0, 0x05, 0xFF, 0x80, 0x1F, 0x07, 0x00, 0x82, 0xFC, 0xFF, 0x1F,
    0x02, 0x00, 0x82, 0xF8, 0xFF, 0x3F, 0x04, 0x00, 0x82, 0xE0, 0xFF, 0xBF, 0x02, 0x00, 0x80, 0xFD,
    0x04, 0xFF, 0x80, 0x7F, 0x07, 0x00, 0x80, 0xC0, 0x02, 0xFF, 0x82, 0x01, 0x00, 0x80, 0x02, 0xFF,
    0x80, 0x02, 0x04, 0x00, 0x84, 0xFD, 0xFF, 0x0F, 0x00, 0xD0, 0x04, 0xFF, 0x80, 0x7F, 0x08, 0x00,
    0x82, 0xFC, 0xFF, 0x1F, 0x02, 0x00, 0x82, 0xF8, 0xFF, 0x2F, 0x04, 0x00, 0x80, 0xD0, 0x02, 0xFF,
    0x02, 0x00, 0x80, 0xFD, 0x03, 0xFF, 0x80, 0xBF, 0x08, 0x00, 0x80, 0xC0, 0x02, 0xFF, 0x82, 0x01,
    0x00, 0x80, 0x02, 0xFF, 0x80, 0x02, 0x04, 0x00, 0x84, 0xFD, 0xFF, 0x0F, 0x00, 0xD0, 0x03, 0xFF,
    0x80, 0xBF, 0x09, 0x00, 0x82, 0xF8, 0xFF, 0x2F, 0x02, 0x00, 0x82, 0xF8, 0xFF, 0x3F, 0x04, 0x00,
    0x82, 0xE0, 0xFF, 0xBF, 0x02, 0x00, 0x80, 0xFD, 0x02, 0xFF, 0x80, 0xBF, 0x09, 0x00, 0x80, 0x80,
    0x02, 0xFF, 0x82, 0x02, 0x00, 0x40, 0x02, 0xFF, 0x80, 0x03, 0x04, 0x00, 0x02, 0xFF, 0x82, 0x0B,
    0x00, 0xD0, 0x03, 0xFF, 0x80, 0x01, 0x09, 0x00, 0x82, 0xF8, 0xFF, 0x3F, 0x02, 0x00, 0x82, 0xF4,
    0xFF, 0x7F, 0x04, 0x00, 0x82, 0xF4, 0xFF, 0x7F, 0x02, 0x00, 0x80, 0xFD, 0x02, 0xFF, 0x80, 0x02,
    0x09, 0x00, 0x80, 0x40, 0x02, 0xFF, 0x80, 0x03, 0x02, 0x00, 0x02, 0xFF, 0x80, 0x0F, 0x03, 0x00,
    0x80, 0x80, 0x02, 0xFF, 0x82, 0x07, 0x00, 0xD0, 0x02, 0xFF, 0x80, 0x02, 0x0A, 0x00, 0x82, 0xF4,
    0xFF, 0x7F, 0x02, 0x00, 0x80, 0xE0, 0x02, 0xFF, 0x80, 0x02, 0x03, 0x00, 0x82, 0xFD, 0xFF, 0x3F,
    0x02, 0x00, 0x82, 0xFD, 0xFF, 0x06, 0x0B, 0x00, 0x02, 0xFF, 0x80, 0x07, 0x02, 0x00, 0x82, 0xFD,
    0xFF, 0x7F, 0x03, 0x00, 0x80, 0xF4, 0x02, 0xFF, 0x84, 0x02, 0x00, 0xD0, 0xFF, 0x07, 0x0B, 0x00,
    0x82, 0xF0, 0xFF, 0xBF, 0x02, 0x00, 0x80, 0xC0, 0x02, 0xFF, 0x80, 0x2F, 0x02, 0x00, 0x80, 0xD0,
    0x02, 0xFF, 0x80, 0x1F, 0x02, 0x00, 0x81, 0xFD, 0x07, 0x0C, 0x00, 0x82, 0xFE, 0xFF, 0x0F, 0x02,
    0x00, 0x80, 0xF4, 0x02, 0xFF, 0x82, 0x1B, 0x00, 0x90, 0x02, 0xFF, 0x80, 0xBF, 0x02, 0x00, 0x81,
    0xD0, 0x0B, 0x0C, 0x00, 0x80, 0xD0, 0x02, 0xFF, 0x03, 0x00, 0x03, 0xFF, 0x81, 0x6F, 0xE5, 0x03,
    0xFF, 0x80, 0x07, 0x02, 0x00, 0x80, 0x09, 0x0D, 0x00, 0x82, 0xFD, 0xFF, 0x1F, 0x02, 0x00, 0x80,
    0xD0, 0x07, 0xFF, 0x80, 0x2F, 0x10, 0x00, 0x80, 0xC0, 0x02, 0xFF, 0x80, 0x02, 0x02, 0x00, 0x80,
    0xF8, 0x06, 0xFF, 0x80, 0xBF, 0x11, 0x00, 0x82, 0xF8, 0xFF, 0x3F, 0x03, 0x00, 0x80, 0xFE, 0x06,
    0xFF, 0x80, 0x03, 0x10, 0x00, 0x80, 0x40, 0x02, 0xFF, 0x80, 0x07, 0x02, 0x00, 0x80, 0x80, 0x06,
    0xFF, 0x80, 0x0F, 0x11, 0x00, 0x80, 0xF0, 0x02, 0xFF, 0x03, 0x00, 0x80, 0xE0, 0x05, 0xFF, 0x80,
    0x2F, 0x12, 0x00, 0x82, 0xFE, 0xFF, 0x1F, 0x03, 0x00, 0x80, 0xF4, 0x04, 0xFF, 0x80, 0xBF, 0x12,
    0x00, 0x80, 0xD0, 0x02, 0xFF, 0x80, 0x02, 0x03, 0x00, 0x80, 0xF8, 0x03, 0xFF, 0x81, 0xBF, 0x01,
    0x12, 0x00, 0x82, 0xFC, 0xFF, 0x7F, 0x04, 0x00, 0x80, 0xF8, 0x02, 0xFF, 0x81, 0xBF, 0x01, 0x12,
    0x00, 0x80, 0x80, 0x02, 0xFF, 0x80, 0x0B, 0x04, 0x00, 0x82, 0x94, 0xFE, 0x5A, 0x14, 0x00, 0x80,
    0xF0, 0x02, 0xFF, 0x80, 0x01, 0x1B, 0x00, 0x82, 0xFE, 0xFF, 0x2F, 0x1B, 0x00, 0x80, 0xD0, 0x02,
    0xFF, 0x80, 0x07, 0x1B, 0x00, 0x80, 0xF8, 0x02, 0xFF, 0x1B, 0x00, 0x80, 0x40, 0x02, 0xFF, 0x80,
    0x2F, 0x1B, 0x00, 0x80, 0xE0, 0x02, 0xFF, 0x80, 0x07, 0x1B, 0x00, 0x80, 0xFC, 0x02, 0xFF, 0x1B,
    0x00, 0x80, 0x80, 0x02, 0xFF, 0x80, 0x2F, 0x1B, 0x00, 0x80, 0xF0, 0x02, 0xFF, 0x80, 0x07, 0x1B,
    0x00, 0x80, 0xFD, 0x02, 0xFF, 0x80, 0x01, 0x1A, 0x00, 0x80, 0x80, 0x02, 0xFF, 0x80, 0x7F, 0x1B,
    0x00, 0x80, 0xF0, 0x02, 0xFF, 0x80, 0x0F, 0x1B, 0x00, 0x80, 0xFD, 0x02, 0xFF, 0x80, 0x03, 0x1A,
    0x00, 0x80, 0x40, 0x03, 0xFF, 0x1B, 0x00, 0x80, 0xE0, 0x02, 0xFF, 0x80, 0x2F, 0x1B, 0x00, 0x82,
    0xF8, 0xFF, 0x7F, 0x1C, 0x00, 0x81, 0xFF, 0xBF, 0x1C, 0x00, 0x81, 0xD0, 0xBF, 0x1D, 0x00, 0x81,
    0xB4, 0x01, 0x37, 0x00, 0x02, 0xFD, 0x06, 0x00, 0x00, 0x01, 0x02, 0x01, 0xFF, 0x28, 0x00, 0x04,
    0xFB, 0x08, 0x00, 0x00, 0x05, 0x00, 0x02, 0x00, 0xAE, 0x00, 0x78, 0x00, 0x05, 0xFA, 0x1E, 0x09,
    0x00, 0x19, 0x00, 0x80, 0x95, 0x02, 0xAA, 0x80, 0x56, 0x25, 0x00, 0x80, 0xA5, 0x05, 0xFF, 0x80,
    0x1A, 0x22, 0x00, 0x81, 0x40, 0xFE, 0x06, 0xFF, 0x81, 0xBF, 0x01, 0x20, 0x00, 0x80, 0xE4, 0x09,
    0xFF, 0x80, 0x06, 0x1F, 0x00, 0x80, 0xE4, 0x0A, 0xFF, 0x80, 0x1B, 0x1E, 0x00, 0x80, 0xF8, 0x0B,
    0xFF, 0x80, 0x1F, 0x1D, 0x00, 0x80, 0xF9, 0x0C, 0xFF, 0x80, 0x2F, 0x1C, 0x00, 0x80, 0xF9, 0x0D,
    0xFF, 0x80, 0x2F, 0x1B, 0x00, 0x80, 0xF8, 0x0E, 0xFF, 0x80, 0x1F, 0x1A, 0x00, 0x80, 0xF4, 0x06,
    0xFF, 0x82, 0xAB, 0xAA, 0xFA, 0x06, 0xFF, 0x80, 0x1B, 0x19, 0x00, 0x80, 0xE0, 0x05, 0xFF, 0x80,
    0x5B, 0x04, 0x00, 0x80, 0xE9, 0x05, 0xFF, 0x80, 0x0B, 0x18, 0x00, 0x80, 0xD0, 0x04, 0xFF, 0x81,
    0xBF, 0x01, 0x05, 0x00, 0x81, 0x50, 0xFE, 0x04, 0xFF, 0x80, 0x06, 0x17, 0x00, 0x80, 0x80, 0x04,
    0xFF, 0x80, 0x6F, 0x08, 0x00, 0x80, 0xF9, 0x04, 0xFF, 0x80, 0x01, 0x17, 0x00, 0x80, 0xFE, 0x03,
    0xFF, 0x80, 0x1B, 0x09, 0x00, 0x80, 0xF4, 0x03, 0xFF, 0x80, 0xBF, 0x17, 0x00, 0x80, 0xFD, 0x03,
    0xFF, 0x80, 0x1B, 0x0A, 0x00, 0x80, 0xE4, 0x03, 0xFF, 0x80, 0x2F, 0x16, 0x00, 0x80, 0xF4, 0x03,
    0xFF, 0x80, 0x1B, 0x0B, 0x00, 0x80, 0xF4, 0x03, 0xFF, 0x80, 0x1F, 0x15, 0x00, 0x80, 0xE0, 0x03,
    0xFF, 0x80, 0x1B, 0x0C, 0x00, 0x80, 0xF4, 0x03, 0xFF, 0x80, 0x07, 0x14, 0x00, 0x80, 0x80, 0x03,
    0xFF, 0x80, 0x1F, 0x0D, 0x00, 0x80, 0xF8, 0x03, 0xFF, 0x80, 0x01, 0x14, 0x00, 0x80, 0xFE, 0x02,
    0xFF, 0x80, 0x2F, 0x0E, 0x00, 0x80, 0xFD, 0x02, 0xFF, 0x80, 0x7F, 0x14, 0x00, 0x80, 0xF8, 0x02,
    0xFF, 0x80, 0x7F, 0x0F, 0x00, 0x80, 0xFE, 0x02, 0xFF, 0x80, 0x1F, 0x13, 0x00, 0x80, 0xD0, 0x03,
    0xFF, 0x80, 0x02, 0x0E, 0x00, 0x80, 0x40, 0x03, 0xFF, 0x80, 0x07, 0x12, 0x00, 0x80, 0x40, 0x03,
    0xFF, 0x80, 0x2F, 0x0F, 0x00, 0x80, 0xD0, 0x03, 0xFF, 0x13, 0x00, 0x80, 0xFD, 0x03, 0xFF, 0x80,
    0x02, 0x0F, 0x00, 0x80, 0xF4, 0x02, 0xFF, 0x80, 0x2F, 0x12, 0x00, 0x80, 0xF0, 0x03, 0xFF, 0x80,
    0x2F, 0x10, 0x00, 0x80, 0xF8, 0x02, 0xFF, 0x80, 0x0B, 0x11, 0x00, 0x80, 0x80, 0x04, 0xFF, 0x80,
    0x02, 0x10, 0x00, 0x80, 0xFE, 0x02, 0xFF, 0x80, 0x01, 0x11, 0x00, 0x80, 0xFD, 0x03, 0xFF, 0x80,
    0x2F, 0x10, 0x00, 0x80, 0x80, 0x02, 0xFF, 0x80, 0x7F, 0x11, 0x00, 0x80, 0xF4, 0x04, 0xFF, 0x80,
    0x02, 0x10, 0x00, 0x80, 0xF0, 0x02, 0xFF, 0x80, 0x0F, 0x10, 0x00, 0x80, 0xC0, 0x04, 0xFF, 0x80,
    0x2F, 0x11, 0x00, 0x80, 0xFC, 0x02, 0xFF, 0x80, 0x02, 0x10, 0x00, 0x80, 0xFE, 0x04, 0xFF, 0x80,
    0x02, 0x08, 0x00, 0x80, 0x40, 0x02, 0x55, 0x05, 0x00, 0x80, 0x40, 0x02, 0xFF, 0x80, 0x7F, 0x10,
    0x00, 0x80, 0xF4, 0x02, 0xFF, 0x82, 0xFB, 0xFF, 0x2F, 0x09, 0x00, 0x82, 0xFD, 0xFF, 0x0F, 0x05,
    0x00, 0x80, 0xD0, 0x02, 0xFF, 0x80, 0x0F, 0x0F, 0x00, 0x80, 0x80, 0x02, 0xFF, 0x80, 0x9F, 0x02,
    0xFF, 0x80, 0x02, 0x08, 0x00, 0x80, 0xD0, 0x02, 0xFF, 0x06, 0x00, 0x80, 0xF8, 0x02, 0xFF, 0x80,
    0x01, 0x0F, 0x00, 0x85, 0xFD, 0xFF, 0xBF, 0xF8, 0xFF, 0x2F, 0x09, 0x00, 0x82, 0xFD, 0xFF, 0x0F,
    0x06, 0x00, 0x02, 0xFF, 0x80, 0x3F, 0x0F, 0x00, 0x80, 0xF0, 0x02, 0xFF, 0x80, 0x83, 0x02, 0xFF,
    0x80, 0x02, 0x08, 0x00, 0x80, 0xD0, 0x02, 0xFF, 0x06, 0x00, 0x80, 0xD0, 0x02, 0xFF, 0x80, 0x0B,
    0x0E, 0x00, 0x80, 0x40, 0x02, 0xFF, 0x83, 0x1F, 0xF8, 0xFF, 0x2F, 0x09, 0x00, 0x82, 0xFD, 0xFF,
    0x0F, 0x06, 0x00, 0x80, 0xF8, 0x02, 0xFF, 0x0F, 0x00, 0x83, 0xFC, 0xFF, 0xBF, 0x80, 0x02, 0xFF,
    0x80, 0x02, 0x08, 0x00, 0x80, 0xD0, 0x02, 0xFF, 0x07, 0x00, 0x02, 0xFF, 0x80, 0x2F, 0x0E, 0x00,
    0x80, 0xD0, 0x02, 0xFF, 0x83, 0x03, 0xF8, 0xFF, 0x2F, 0x09, 0x00, 0x82, 0xFD, 0xFF, 0x0F, 0x06,
    0x00, 0x80, 0xD0, 0x02, 0xFF, 0x80, 0x03, 0x0E, 0x00, 0x02, 0xFF, 0x81, 0x2F, 0x80, 0x02, 0xFF,
    0x80, 0x02, 0x08, 0x00, 0x80, 0xD0, 0x02, 0xFF, 0x07, 0x00, 0x82, 0xF8, 0xFF, 0xBF, 0x0E, 0x00,
    0x80, 0xF4, 0x02, 0xFF, 0x83, 0x00, 0xF8, 0xFF, 0x2F, 0x09, 0x00, 0x82, 0xFD, 0xFF, 0x0F, 0x06,
    0x00, 0x80, 0x40, 0x02, 0xFF, 0x80, 0x0F, 0x0D, 0x00, 0x80, 0x80, 0x02, 0xFF, 0x81, 0x07, 0x80,
    0x02, 0xFF, 0x80, 0x02, 0x08, 0x00, 0x80, 0xD0, 0x02, 0xFF, 0x07, 0x00, 0x80, 0xE0, 0x02, 0xFF,
    0x80, 0x01, 0x0D, 0x00, 0x86, 0xFC, 0xFF, 0x3F, 0x00, 0xF8, 0xFF, 0x2F, 0x09, 0x00, 0x82, 0xFD,
    0xFF, 0x0F, 0x07, 0x00, 0x82, 0xFD, 0xFF, 0x2F, 0x0D, 0x00, 0x80, 0xD0, 0x02, 0xFF, 0x81, 0x02,
    0x80, 0x02, 0xFF, 0x80, 0x02, 0x08, 0x00, 0x80, 0xD0, 0x02, 0xFF, 0x07, 0x00, 0x80, 0xC0, 0x02,
    0xFF, 0x80, 0x07, 0x0D, 0x00, 0x86, 0xFE, 0xFF, 0x0F, 0x00, 0xF8, 0xFF, 0x2F, 0x09, 0x00, 0x82,
    0xFD, 0xFF, 0x0F, 0x07, 0x00, 0x82, 0xF4, 0xFF, 0xBF, 0x0D, 0x00, 0x84, 0xF0, 0xFF, 0xBF, 0x00,
    0x80, 0x02, 0xFF, 0x80, 0x02, 0x08, 0x00, 0x80, 0xD0, 0x02, 0xFF, 0x03, 0x00, 0x80, 0xF4, 0x02,
    0xFF, 0x81, 0x07, 0x00, 0x02, 0xFF, 0x80, 0x0F, 0x0C, 0x00, 0x80, 0x40, 0x02, 0xFF, 0x84, 0x07,
    0x00, 0xF8, 0xFF, 0x2F, 0x09, 0x00, 0x82, 0xFD, 0xFF, 0x0F, 0x02, 0x00, 0x80, 0xD0, 0x02, 0xFF,
    0x82, 0x2F, 0x00, 0xE0, 0x02, 0xFF, 0x80, 0x01, 0x0C, 0x00, 0x84, 0xF8, 0xFF, 0x3F, 0x00, 0x80,
    0x02, 0xFF, 0x80, 0x02, 0x08, 0x00, 0x80, 0xD0, 0x02, 0xFF, 0x03, 0x00, 0x03, 0xFF, 0x02, 0x00,
    0x82, 0xFD, 0xFF, 0x1F, 0x0C, 0x00, 0x80, 0xC0, 0x02, 0xFF, 0x84, 0x02, 0x00, 0xF8, 0xFF, 0x2F,
    0x09, 0x00, 0x82, 0xFD, 0xFF, 0x0F, 0x02, 0x00, 0x80, 0xF8, 0x02, 0xFF, 0x82, 0x07, 0x00, 0xC0,
    0x02, 0xFF, 0x80, 0x02, 0x0C, 0x00, 0x84, 0xFD, 0xFF, 0x1F, 0x00, 0x80, 0x02, 0xFF, 0x83, 0x02,
    0x40, 0xA9, 0x16, 0x05, 0x00, 0x80, 0xD0, 0x02, 0xFF, 0x02, 0x00, 0x80, 0xE0, 0x02, 0xFF, 0x80,
    0x1F, 0x02, 0x00, 0x82, 0xF8, 0xFF, 0x3F, 0x0C, 0x00, 0x80, 0xE0, 0x02, 0xFF, 0x02, 0x00, 0x83,
    0xF8, 0xFF, 0x2F, 0xE4, 0x02, 0xFF, 0x80, 0x6F, 0x05, 0x00, 0x84, 0xFD, 0xFF, 0x0F, 0x00, 0x40,
    0x02, 0xFF, 0x80, 0xBF, 0x02, 0x00, 0x80, 0x40, 0x02, 0xFF, 0x80, 0x07, 0x0C, 0x00, 0x84, 0xFE,
    0xFF, 0x0B, 0x00, 0x80, 0x02, 0xFF, 0x80, 0xE6, 0x03, 0xFF, 0x80, 0x7F, 0x04, 0x00, 0x80, 0xD0,
    0x02, 0xFF, 0x02, 0x00, 0x80, 0xFD, 0x02, 0xFF, 0x80, 0x02, 0x02, 0x00, 0x82, 0xF0, 0xFF, 0x7F,
    0x0C, 0x00, 0x82, 0xF0, 0xFF, 0xBF, 0x02, 0x00, 0x80, 0xF8, 0x06, 0xFF, 0x80, 0x7F, 0x04, 0x00,
    0x84, 0xFD, 0xFF, 0x0F, 0x00, 0xF0, 0x02, 0xFF, 0x80, 0x0F, 0x03, 0x00, 0x82, 0xFE, 0xFF, 0x0B,
    0x0C, 0x00, 0x02, 0xFF, 0x82, 0x07, 0x00, 0x80, 0x07, 0xFF, 0x80, 0x2F, 0x03, 0x00, 0x80, 0xD0,
    0x02, 0xFF, 0x81, 0x00, 0x80, 0x02, 0xFF, 0x80, 0x7F, 0x03, 0x00, 0x80, 0xE0, 0x02, 0xFF, 0x0C,
    0x00, 0x82, 0xF4, 0xFF, 0x3F, 0x02, 0x00, 0x80, 0xF8, 0x07, 0xFF, 0x80, 0x0B, 0x03, 0x00, 0x84,
    0xFD, 0xFF, 0x0F, 0x00, 0xFE, 0x02, 0xFF, 0x80, 0x01, 0x03, 0x00, 0x82, 0xFD, 0xFF, 0x0F, 0x0B,
    0x00, 0x80, 0x40, 0x02, 0xFF, 0x82, 0x03, 0x00, 0x80, 0x08, 0xFF, 0x80, 0x02, 0x02, 0x00, 0x80,
    0xD0, 0x02, 0xFF, 0x81, 0x00, 0xF4, 0x02, 0xFF, 0x80, 0x0B, 0x03, 0x00, 0x80, 0xD0, 0x02, 0xFF,
    0x80, 0x01, 0x0B, 0x00, 0x82, 0xF8, 0xFF, 0x2F, 0x02, 0x00, 0x80, 0xF8, 0x07, 0xFF, 0x80, 0xBF,
    0x03, 0x00, 0x83, 0xFD, 0xFF, 0x0F, 0xD0, 0x02, 0xFF, 0x80, 0x2F, 0x04, 0x00, 0x82, 0xFC, 0xFF,
    0x1F, 0x0B, 0x00, 0x80, 0x80, 0x02, 0xFF, 0x82, 0x02, 0x00, 0x80, 0x08, 0xFF, 0x80, 0x1F, 0x02,
    0x00, 0x80, 0xD0, 0x02, 0xFF, 0x80, 0x00, 0x03, 0xFF, 0x04, 0x00, 0x80, 0xC0, 0x02, 0xFF, 0x80,
    0x01, 0x0B, 0x00, 0x82, 0xFC, 0xFF, 0x2F, 0x02, 0x00, 0x80, 0xF8, 0x03, 0xFF, 0x81, 0xBF, 0xFA,
    0x03, 0xFF, 0x80, 0x03, 0x02, 0x00, 0x83, 0xFD, 0xFF, 0x0F, 0xF8, 0x02, 0xFF, 0x80, 0x07, 0x04,
    0x00, 0x82, 0xF8, 0xFF, 0x2F, 0x0B, 0x00, 0x80, 0xC0, 0x02, 0xFF, 0x82, 0x01, 0x00, 0x80, 0x03,
    0xFF, 0x82, 0x6F, 0x00, 0xD0, 0x02, 0xFF, 0x80, 0xBF, 0x02, 0x00, 0x80, 0xD0, 0x02, 0xFF, 0x80,
    0xE0, 0x02, 0xFF, 0x80, 0x1F, 0x04, 0x00, 0x80, 0x80, 0x02, 0xFF, 0x80, 0x02, 0x0B, 0x00, 0x82,
    0xFC, 0xFF, 0x1F, 0x02, 0x00, 0x80, 0xF8, 0x02, 0xFF, 0x80, 0x2F, 0x02, 0x00, 0x80, 0xE0, 0x02,
    0xFF, 0x80, 0x0F, 0x02, 0x00, 0x82, 0xFD, 0xFF, 0x4F, 0x02, 0xFF, 0x80, 0xBF, 0x05, 0x00, 0x82,
    0xF8, 0xFF, 0x2F, 0x0B, 0x00, 0x80, 0xC0, 0x02, 0xFF, 0x82, 0x01, 0x00, 0x80, 0x02, 0xFF, 0x80,
    0xBF, 0x03, 0x00, 0x80, 0xF4, 0x02, 0xFF, 0x82, 0x02, 0x00, 0xD0, 0x02, 0xFF, 0x80, 0xFD, 0x02,
    0xFF, 0x80, 0x02, 0x04, 0x00, 0x80, 0x80, 0x02, 0xFF, 0x80, 0x02, 0x0B, 0x00, 0x82, 0xFC, 0xFF,
    0x1F, 0x02, 0x00, 0x80, 0xF8, 0x02, 0xFF, 0x80, 0x02, 0x03, 0x00, 0x82, 0xFE, 0xFF, 0x3F, 0x02,
    0x00, 0x80, 0xFD, 0x04, 0xFF, 0x80, 0x2F, 0x05, 0x00, 0x82, 0xF4, 0xFF, 0x2F, 0x0B, 0x00, 0x80,
    0xC0, 0x02, 0xFF, 0x02, 0x00, 0x80, 0x80, 0x02, 0xFF, 0x80, 0x0F, 0x03, 0x00, 0x80, 0xC0, 0x02,
    0xFF, 0x82, 0x07, 0x00, 0xD0, 0x05, 0xFF, 0x80, 0x07, 0x04, 0x00, 0x80, 0x40, 0x02, 0xFF, 0x80,
    0x03, 0x0B, 0x00, 0x82, 0xFC, 0xFF, 0x0F, 0x02, 0x00, 0x82, 0xF8, 0xFF, 0xBF, 0x04, 0x00, 0x82,
    0xF4, 0xFF, 0x7F, 0x02, 0x00, 0x80, 0xFD, 0x04, 0xFF, 0x80, 0xBF, 0x05, 0x00, 0x82, 0xF4, 0xFF,
    0x3F, 0x0B, 0x00, 0x80, 0xC0, 0x02, 0xFF, 0x82, 0x01, 0x00, 0x80, 0x02, 0xFF, 0x80, 0x07, 0x04,
    0x00, 0x02, 0xFF, 0x82, 0x0B, 0x00, 0xD0, 0x05, 0xFF, 0x80, 0x1F, 0x04, 0x00, 0x80, 0x40, 0x02,
    0xFF, 0x80, 0x03, 0x0B, 0x00, 0x82, 0xFC, 0xFF, 0x1F, 0x02, 0x00, 0x82, 0xF8, 0xFF, 0x3F, 0x04,
    0x00, 0x82, 0xE0, 0xFF, 0xBF, 0x02, 0x00, 0x80, 0xFD, 0x05, 0xFF, 0x80, 0x02, 0x04, 0x00, 0x82,
    0xF8, 0xFF, 0x2F, 0x0B, 0x00, 0x80, 0xC0, 0x02, 0xFF, 0x82, 0x01, 0x00, 0x80, 0x02, 0xFF, 0x80,
    0x02, 0x04, 0x00, 0x84, 0xFE, 0xFF, 0x0F, 0x00, 0xD0, 0x05, 0xFF, 0x80, 0x7F, 0x04, 0x00, 0x80,
    0x80, 0x02, 0xFF, 0x80, 0x02, 0x0B, 0x00, 0x82, 0xFC, 0xFF, 0x1F, 0x02, 0x00, 0x82, 0xF8, 0xFF,
    0x2F, 0x04, 0x00, 0x80, 0xD0, 0x02, 0xFF, 0x02, 0x00, 0x80, 0xFD, 0x05, 0xFF, 0x80, 0x0B, 0x04,
    0x00, 0x82, 0xF8, 0xFF, 0x2F, 0x0B, 0x00, 0x80, 0xC0, 0x02, 0xFF, 0x82, 0x01, 0x00, 0x80, 0x02,
    0xFF, 0x80, 0x02, 0x04, 0x00, 0x84, 0xFD, 0xFF, 0x0F, 0x00, 0xD0, 0x06, 0xFF, 0x80, 0x01, 0x03,
    0x00, 0x80, 0x80, 0x02, 0xFF, 0x80, 0x02, 0x0B, 0x00, 0x82, 0xF8, 0xFF, 0x2F, 0x02, 0x00, 0x82,
    0xF8, 0xFF, 0x3F, 0x04, 0x00, 0x82, 0xE0, 0xFF, 0xBF, 0x02, 0x00, 0x80, 0xFD, 0x02, 0xFF, 0x83,
    0xBF, 0xFE, 0xFF, 0x2F, 0x04, 0x00, 0x82, 0xFC, 0xFF, 0x06, 0x0B, 0x00, 0x80, 0x80, 0x02, 0xFF,
    0x82, 0x02, 0x00, 0x40, 0x02, 0xFF, 0x80, 0x03, 0x04, 0x00, 0x02, 0xFF, 0x82, 0x0B, 0x00, 0xD0,
    0x03, 0xFF, 0x80, 0xC2, 0x02, 0xFF, 0x80, 0x07, 0x03, 0x00, 0x82, 0xC0, 0xFF, 0x07, 0x0C, 0x00,
    0x82, 0xF8, 0xFF, 0x3F, 0x02, 0x00, 0x82, 0xF4, 0xFF, 0x7F, 0x04, 0x00, 0x82, 0xF4, 0xFF, 0x7F,
    0x02, 0x00, 0x80, 0xFD, 0x02, 0xFF, 0x83, 0x0F, 0xF8, 0xFF, 0xBF, 0x04, 0x00, 0x81, 0xFC, 0x07,
    0x0C, 0x00, 0x80, 0x40, 0x02, 0xFF, 0x80, 0x03, 0x02, 0x00, 0x02, 0xFF, 0x80, 0x0F, 0x03, 0x00,
    0x80, 0x80, 0x02, 0xFF, 0x82, 0x07, 0x00, 0xD0, 0x02, 0xFF, 0x81, 0x7F, 0x00, 0x02, 0xFF, 0x80,
    0x1F, 0x03, 0x00, 0x81, 0xD0, 0x0B, 0x0D, 0x00, 0x82, 0xF4, 0xFF, 0x7F, 0x02, 0x00, 0x80, 0xE0,
    0x02, 0xFF, 0x80, 0x02, 0x03, 0x00, 0x82, 0xFD, 0xFF, 0x3F, 0x02, 0x00, 0x80, 0xFD, 0x02, 0xFF,
    0x81, 0x01, 0xE0, 0x02, 0xFF, 0x80, 0x02, 0x03, 0x00, 0x80, 0x19, 0x0E, 0x00, 0x02, 0xFF, 0x80,
    0x07, 0x02, 0x00, 0x82, 0xFD, 0xFF, 0x7F, 0x03, 0x00, 0x80, 0xF4, 0x02, 0xFF, 0x82, 0x02, 0x00,
    0xD0, 0x02, 0xFF, 0x84, 0x0B, 0x00, 0xFC, 0xFF, 0x7F, 0x12, 0x00, 0x82, 0xF0, 0xFF, 0xBF, 0x02,
    0x00, 0x80, 0xC0, 0x02, 0xFF, 0x80, 0x2F, 0x02, 0x00, 0x80, 0xD0, 0x02, 0xFF, 0x80, 0x1F, 0x02,
    0x00, 0x84, 0xFD, 0xFF, 0x2F, 0x00, 0x80, 0x02, 0xFF, 0x80, 0x0B, 0x12, 0x00, 0x82, 0xFE, 0xFF,
    0x0F, 0x02, 0x00, 0x80, 0xF4, 0x02, 0xFF, 0x82, 0x1B, 0x00, 0x90, 0x02, 0xFF, 0x80, 0xBF, 0x02,
    0x00, 0x80, 0xD0, 0x02, 0xFF, 0x82, 0x01, 0x00, 0xF0, 0x02, 0xFF, 0x80, 0x01, 0x11, 0x00, 0x80,
    0xD0, 0x02, 0xFF, 0x03, 0x00, 0x03, 0xFF, 0x81, 0x6F, 0xE5, 0x03, 0xFF, 0x80, 0x07, 0x02, 0x00,
    0x82, 0xFD, 0xFF, 0x0F, 0x02, 0x00, 0x82, 0xFE, 0xFF, 0x2F, 0x12, 0x00, 0x82, 0xFD, 0xFF, 0x1F,
    0x02, 0x00, 0x80, 0xD0, 0x07, 0xFF, 0x80, 0x2F, 0x02, 0x00, 0x80, 0xD0, 0x02, 0xFF, 0x02, 0x00,
    0x80, 0xC0, 0x02, 0xFF, 0x80, 0x07, 0x11, 0x00, 0x80, 0xC0, 0x02, 0xFF, 0x80, 0x02, 0x02, 0x00,
    0x80, 0xF8, 0x06, 0xFF, 0x80, 0xBF, 0x03, 0x00, 0x82, 0xFD, 0xFF, 0x0F, 0x02, 0x00, 0x82, 0xF8,
    0xFF, 0xBF, 0x12, 0x00, 0x82, 0xF8, 0xFF, 0x3F, 0x03, 0x00, 0x80, 0xFE, 0x06, 0xFF, 0x80, 0x03,
    0x02, 0x00, 0x80, 0xD0, 0x02, 0xFF, 0x03, 0x00, 0x02, 0xFF, 0x80, 0x1F, 0x11, 0x00, 0x80, 0x40,
    0x02, 0xFF, 0x80, 0x07, 0x02, 0x00, 0x80, 0x80, 0x06, 0xFF, 0x80, 0x0F, 0x03, 0x00, 0x82, 0xFD,
    0xFF, 0x0F, 0x02, 0x00, 0x82, 0xE0, 0xFF, 0xBF, 0x12, 0x00, 0x80, 0xF0, 0x02, 0xFF, 0x03, 0x00,
    0x80, 0xE0, 0x05, 0xFF, 0x80, 0x2F, 0x03, 0x00, 0x80, 0xD0, 0x02, 0xFF, 0x03, 0x00, 0x82, 0xFC,
    0xBF, 0x01, 0x12, 0x00, 0x82, 0xFE, 0xFF, 0x1F, 0x03, 0x00, 0x80, 0xF4, 0x04, 0xFF, 0x80, 0xBF,
    0x04, 0x00, 0x82, 0xFD, 0xFF, 0x0F, 0x02, 0x00, 0x82, 0x80, 0xBF, 0x01, 0x12, 0x00, 0x80, 0xD0,
    0x02, 0xFF, 0x80, 0x02, 0x03, 0x00, 0x80, 0xF8, 0x03, 0xFF, 0x81, 0xBF, 0x01, 0x03, 0x00, 0x80,
    0xD0, 0x02, 0xFF, 0x03, 0x00, 0x81, 0xF4, 0x01, 0x13, 0x00, 0x82, 0xFC, 0xFF, 0x7F, 0x04, 0x00,
    0x80, 0xF8, 0x02, 0xFF, 0x81, 0xBF, 0x01, 0x04, 0x00, 0x82, 0xFD, 0xFF, 0x0F, 0x03, 0x00, 0x80,
    0x01, 0x13, 0x00, 0x80, 0x80, 0x02, 0xFF, 0x80, 0x0B, 0x04, 0x00, 0x82, 0x94, 0xFE, 0x5A, 0x05,
    0x00, 0x80, 0x40, 0x02, 0x55, 0x18, 0x00, 0x80, 0xF0, 0x02, 0xFF, 0x80, 0x01, 0x27, 0x00, 0x82,
    0xFE, 0xFF, 0x2F, 0x27, 0x00, 0x80, 0xD0, 0x02, 0xFF, 0x80, 0x07, 0x27, 0x00, 0x80, 0xF8, 0x02,
    0xFF, 0x27, 0x00, 0x80, 0x40, 0x02, 0xFF, 0x80, 0x2F, 0x27, 0x00, 0x80, 0xE0, 0x02, 0xFF, 0x80,
    0x07, 0x27, 0x00, 0x80, 0xFC, 0x02, 0xFF, 0x27, 0x00, 0x80, 0x80, 0x02, 0xFF, 0x80, 0x2F, 0x27,
    0x00, 0x80, 0xF0, 0x02, 0xFF, 0x80, 0x07, 0x27, 0x00, 0x80, 0xFD, 0x02, 0xFF, 0x80, 0x01, 0x26,
    0x00, 0x80, 0x80, 0x02, 0xFF, 0x80, 0x7F, 0x27, 0x00, 0x80, 0xF0, 0x02, 0xFF, 0x80, 0x0F, 0x27,
    0x00, 0x80, 0xFD, 0x02, 0xFF, 0x80, 0x03, 0x26, 0x00, 0x80, 0x40, 0x03, 0xFF, 0x27, 0x00, 0x80,
    0xE0, 0x02, 0xFF, 0x80, 0x3F, 0x27, 0x00, 0x80, 0xF8, 0x02, 0xFF, 0x80, 0x1F, 0x27, 0x00, 0x03,
    0xFF, 0x80, 0x07, 0x26, 0x00, 0x80, 0xD0, 0x03, 0xFF, 0x80, 0x02, 0x26, 0x00, 0x80, 0xF4, 0x02,
    0xFF, 0x81, 0xBF, 0x01, 0x26, 0x00, 0x80, 0xFD, 0x02, 0xFF, 0x80, 0x7F, 0x26, 0x00, 0x80, 0x40,
    0x03, 0xFF, 0x80, 0x6F, 0x26, 0x00, 0x80, 0xD0, 0x03, 0xFF, 0x80, 0x2F, 0x26, 0x00, 0x80, 0xE0,
    0x03, 0xFF, 0x80, 0x2F, 0x26, 0x00, 0x80, 0xF8, 0x03, 0xFF, 0x80, 0x2F, 0x26, 0x00, 0x80, 0xFE,
    0x03, 0xFF, 0x80, 0x6F, 0x25, 0x00, 0x80, 0x40, 0x04, 0xFF, 0x80, 0x1F, 0x25, 0x00, 0x80, 0x80,
    0x03, 0xFF, 0x80, 0x2F, 0x26, 0x00, 0x80, 0xD0, 0x02, 0xFF, 0x80, 0x6F, 0x27, 0x00, 0x82, 0xE0,
    0xFF, 0x7F, 0x28, 0x00, 0x81, 0xE4, 0x7F, 0x29, 0x00, 0x80, 0xA4, 0x7F, 0x00, 0x17, 0x00, 0x02,
    0xFD, 0x06, 0x00, 0x00, 0x01, 0x02, 0x01, 0xFF, 0x28, 0x00, 0x04, 0xFB, 0x08, 0x00, 0x00, 0x05,
    0x00, 0x02, 0x00, 0xAE, 0x00, 0x7C, 0x00, 0x05, 0xFA, 0x73, 0x0A, 0x00, 0x19, 0x00, 0x80, 0x95,
    0x02, 0xAA, 0x80, 0x56, 0x25, 0x00, 0x80, 0xA5, 0x05, 0xFF, 0x80, 0x1A, 0x22, 0x00, 0x81, 0x40,
    0xFE, 0x06, 0xFF, 0x81, 0xBF, 0x01, 0x20, 0x00, 0x80, 0xE4, 0x09, 0xFF, 0x80, 0x06, 0x1F, 0x00,
    0x80, 0xE4, 0x0A, 0xFF, 0x80, 0x1B, 0x1E, 0x00, 0x80, 0xF8, 0x0B, 0xFF, 0x80, 0x1F, 0x1D, 0x00,
    0x80, 0xF9, 0x0C, 0xFF, 0x80, 0x2F, 0x1C, 0x00, 0x80, 0xF9, 0x0D, 0xFF, 0x80, 0x2F, 0x1B, 0x00,
    0x80, 0xF8, 0x0E, 0xFF, 0x80, 0x1F, 0x1A, 0x00, 0x80, 0xF4, 0x06, 0xFF, 0x82, 0xAB, 0xAA, 0xFA,
    0x06, 0xFF, 0x80, 0x1B, 0x19, 0x00, 0x80, 0xE0, 0x05, 0xFF, 0x80, 0x5B, 0x04, 0x00, 0x80, 0xE9,
    0x05, 0xFF, 0x80, 0x0B, 0x18, 0x00, 0x80, 0xD0, 0x04, 0xFF, 0x81, 0xBF, 0x01, 0x05, 0x00, 0x81,
    0x50, 0xFE, 0x04, 0xFF, 0x80, 0x06, 0x17, 0x00, 0x80, 0x80, 0x04, 0xFF, 0x80, 0x6F, 0x08, 0x00,
    0x80, 0xF9, 0x04, 0xFF, 0x80, 0x01, 0x17, 0x00, 0x80, 0xFE, 0x03, 0xFF, 0x80, 0x1B, 0x09, 0x00,
    0x80, 0xF4, 0x03, 0xFF, 0x80, 0xBF, 0x17, 0x00, 0x80, 0xFD, 0x03, 0xFF, 0x80, 0x1B, 0x0A, 0x00,
    0x80, 0xE4, 0x03, 0xFF, 0x80, 0x2F, 0x16, 0x00, 0x80, 0xF4, 0x03, 0xFF, 0x80, 0x1B, 0x0B, 0x00,
    0x80, 0xF4, 0x03, 0xFF, 0x80, 0x1F, 0x15, 0x00, 0x80, 0xD0, 0x03, 0xFF, 0x80, 0x1B, 0x0C, 0x00,
    0x80, 0xF4, 0x03, 0xFF, 0x80, 0x07, 0x14, 0x00, 0x80, 0x80, 0x03, 0xFF, 0x80, 0x1F, 0x0D, 0x00,
    0x80, 0xF8, 0x03, 0xFF, 0x80, 0x01, 0x14, 0x00, 0x80, 0xFE, 0x02, 0xFF, 0x80, 0x2F, 0x0E, 0x00,
    0x80, 0xFD, 0x02, 0xFF, 0x80, 0x7F, 0x14, 0x00, 0x80, 0xF8, 0x02, 0xFF, 0x80, 0x7F, 0x0F, 0x00,
    0x80, 0xFE, 0x02, 0xFF, 0x80, 0x1F, 0x13, 0x00, 0x80, 0xD0, 0x03, 0xFF, 0x80, 0x02, 0x0E, 0x00,
    0x80, 0x40, 0x03, 0xFF, 0x80, 0x07, 0x12, 0x00, 0x80, 0x40, 0x03, 0xFF, 0x80, 0x2F, 0x0F, 0x00,
    0x80, 0xD0, 0x03, 0xFF, 0x13, 0x00, 0x80, 0xFD, 0x03, 0xFF, 0x80, 0x02, 0x0F, 0x00, 0x80, 0xF4,
    0x02, 0xFF, 0x80, 0x2F, 0x12, 0x00, 0x80, 0xF0, 0x03, 0xFF, 0x80, 0x2F, 0x10, 0x00, 0x80, 0xF8,
    0x02, 0xFF, 0x80, 0x0B, 0x11, 0x00, 0x80, 0x80, 0x04, 0xFF, 0x80, 0x02, 0x10, 0x00, 0x80, 0xFE,
    0x02, 0xFF, 0x80, 0x01, 0x11, 0x00, 0x80, 0xFD, 0x03, 0xFF, 0x80, 0x2F, 0x10, 0x00, 0x80, 0x80,
    0x02, 0xFF, 0x80, 0x7F, 0x11, 0x00, 0x80, 0xF4, 0x04, 0xFF, 0x80, 0x02, 0x10, 0x00, 0x80, 0xF0,
    0x02, 0xFF, 0x80, 0x0F, 0x10, 0x00, 0x80, 0xC0, 0x04, 0xFF, 0x80, 0x2F, 0x11, 0x00, 0x80, 0xFC,
    0x02, 0xFF, 0x80, 0x02, 0x10, 0x00, 0x80, 0xFE, 0x04, 0xFF, 0x80, 0x02, 0x08, 0x00, 0x80, 0x40,
    0x02, 0x55, 0x05, 0x00, 0x80, 0x40, 0x02, 0xFF, 0x80, 0x7F, 0x10, 0x00, 0x80, 0xF4, 0x02, 0xFF,
    0x82, 0xFB, 0xFF, 0x2F, 0x09, 0x00, 0x82, 0xFD, 0xFF, 0x0F, 0x05, 0x00, 0x80, 0xD0, 0x02, 0xFF,
    0x80, 0x0F, 0x0F, 0x00, 0x80, 0x80, 0x02, 0xFF, 0x80, 0x9F, 0x02, 0xFF, 0x80, 0x02, 0x08, 0x00,
    0x80, 0xD0, 0x02, 0xFF, 0x06, 0x00, 0x80, 0xF8, 0x02, 0xFF, 0x80, 0x01, 0x0F, 0x00, 0x85, 0xFD,
    0xFF, 0xBF, 0xF8, 0xFF, 0x2F, 0x09, 0x00, 0x82, 0xFD, 0xFF, 0x0F, 0x06, 0x00, 0x02, 0xFF, 0x80,
    0x3F, 0x0F, 0x00, 0x80, 0xF0, 0x02, 0xFF, 0x80, 0x83, 0x02, 0xFF, 0x80, 0x02, 0x08, 0x00, 0x80,
    0xD0, 0x02, 0xFF, 0x06, 0x00, 0x80, 0xD0, 0x02, 0xFF, 0x80, 0x0B, 0x0E, 0x00, 0x80, 0x40, 0x02,
    0xFF, 0x83, 0x1F, 0xF8, 0xFF, 0x2F, 0x09, 0x00, 0x82, 0xFD, 0xFF, 0x0F, 0x06, 0x00, 0x80, 0xF8,
    0x02, 0xFF, 0x0F, 0x00, 0x83, 0xFC, 0xFF, 0xBF, 0x80, 0x02, 0xFF, 0x80, 0x02, 0x08, 0x00, 0x80,
    0xD0, 0x02, 0xFF, 0x07, 0x00, 0x02, 0xFF, 0x80, 0x2F, 0x0E, 0x00, 0x80, 0xD0, 0x02, 0xFF, 0x83,
    0x03, 0xF8, 0xFF, 0x2F, 0x09, 0x00, 0x82, 0xFD, 0xFF, 0x0F, 0x06, 0x00, 0x80, 0xD0, 0x02, 0xFF,
    0x80, 0x03, 0x0E, 0x00, 0x02, 0xFF, 0x81, 0x2F, 0x80, 0x02, 0xFF, 0x80, 0x02, 0x08, 0x00, 0x80,
    0xD0, 0x02, 0xFF, 0x07, 0x00, 0x82, 0xF8, 0xFF, 0xBF, 0x0E, 0x00, 0x80, 0xF4, 0x02, 0xFF, 0x83,
    0x00, 0xF8, 0xFF, 0x2F, 0x09, 0x00, 0x82, 0xFD, 0xFF, 0x0F, 0x06, 0x00, 0x80, 0x40, 0x02, 0xFF,
    0x80, 0x0F, 0x0D, 0x00, 0x80, 0x80, 0x02, 0xFF, 0x81, 0x07, 0x80, 0x02, 0xFF, 0x80, 0x02, 0x08,
    0x00, 0x80, 0xD0, 0x02, 0xFF, 0x07, 0x00, 0x80, 0xE0, 0x02, 0xFF, 0x80, 0x01, 0x0D, 0x00, 0x86,
    0xFC, 0xFF, 0x3F, 0x00, 0xF8, 0xFF, 0x2F, 0x09, 0x00, 0x82, 0xFD, 0xFF, 0x0F, 0x07, 0x00, 0x82,
    0xFD, 0xFF, 0x2F, 0x0D, 0x00, 0x80, 0xD0, 0x02, 0xFF, 0x81, 0x02, 0x80, 0x02, 0xFF, 0x80, 0x02,
    0x08, 0x00, 0x80, 0xD0, 0x02, 0xFF, 0x07, 0x00, 0x80, 0x80, 0x02, 0xFF, 0x80, 0x07, 0x0D, 0x00,
    0x86, 0xFE, 0xFF, 0x0F, 0x00, 0xF8, 0xFF, 0x2F, 0x09, 0x00, 0x82, 0xFD, 0xFF, 0x0F, 0x07, 0x00,
    0x82, 0xF4, 0xFF, 0xBF, 0x0D, 0x00, 0x84, 0xF0, 0xFF, 0xBF, 0x00, 0x80, 0x02, 0xFF, 0x80, 0x02,
    0x08, 0x00, 0x80, 0xD0, 0x02, 0xFF, 0x03, 0x00, 0x80, 0xF4, 0x02, 0xFF, 0x81, 0x07, 0x00, 0x02,
    0xFF, 0x80, 0x0F, 0x0C, 0x00, 0x80, 0x40, 0x02, 0xFF, 0x84, 0x07, 0x00, 0xF8, 0xFF, 0x2F, 0x09,
    0x00, 0x82, 0xFD, 0xFF, 0x0F, 0x02, 0x00, 0x80, 0xD0, 0x02, 0xFF, 0x82, 0x2F, 0x00, 0xE0, 0x02,
    0xFF, 0x80, 0x01, 0x0C, 0x00, 0x84, 0xF8, 0xFF, 0x3F, 0x00, 0x80, 0x02, 0xFF, 0x80, 0x02, 0x08,
    0x00, 0x80, 0xD0, 0x02, 0xFF, 0x03, 0x00, 0x03, 0xFF, 0x02, 0x00, 0x82, 0xFD, 0xFF, 0x1F, 0x0C,
    0x00, 0x80, 0xC0, 0x02, 0xFF, 0x84, 0x02, 0x00, 0xF8, 0xFF, 0x2F, 0x09, 0x00, 0x82, 0xFD, 0xFF,
    0x0F, 0x02, 0x00, 0x80, 0xF8, 0x02, 0xFF, 0x82, 0x07, 0x00, 0xC0, 0x02, 0xFF, 0x80, 0x02, 0x0C,
    0x00, 0x84, 0xFD, 0xFF, 0x1F, 0x00, 0x80, 0x02, 0xFF, 0x83, 0x02, 0x40, 0xA9, 0x16, 0x05, 0x00,
    0x80, 0xD0, 0x02, 0xFF, 0x02, 0x00, 0x80, 0xE0, 0x02, 0xFF, 0x80, 0x1F, 0x02, 0x00, 0x82, 0xF8,
    0xFF, 0x3F, 0x0C, 0x00, 0x80, 0xE0, 0x02, 0xFF, 0x02, 0x00, 0x83, 0xF8, 0xFF, 0x2F, 0xE4, 0x02,
    0xFF, 0x80, 0x6F, 0x05, 0x00, 0x84, 0xFD, 0xFF, 0x0F, 0x00, 0x40, 0x02, 0xFF, 0x80, 0xBF, 0x02,
    0x00, 0x80, 0x40, 0x02, 0xFF, 0x80, 0x07, 0x0C, 0x00, 0x84, 0xFE, 0xFF, 0x0B, 0x00, 0x80, 0x02,
    0xFF, 0x80, 0xE6, 0x03, 0xFF, 0x80, 0x7F, 0x04, 0x00, 0x80, 0xD0, 0x02, 0xFF, 0x02, 0x00, 0x80,
    0xFD, 0x02, 0xFF, 0x80, 0x02, 0x02, 0x00, 0x82, 0xF0, 0xFF, 0x7F, 0x0C, 0x00, 0x82, 0xF0, 0xFF,
    0xBF, 0x02, 0x00, 0x80, 0xF8, 0x06, 0xFF, 0x80, 0x7F, 0x04, 0x00, 0x84, 0xFD, 0xFF, 0x0F, 0x00,
    0xF0, 0x02, 0xFF, 0x80, 0x0F, 0x03, 0x00, 0x82, 0xFE, 0xFF, 0x0B, 0x0C, 0x00, 0x02, 0xFF, 0x82,
    0x07, 0x00, 0x80, 0x07, 0xFF, 0x80, 0x2F, 0x03, 0x00, 0x80, 0xD0, 0x02, 0xFF, 0x81, 0x00, 0x80,
    0x02, 0xFF, 0x80, 0x7F, 0x03, 0x00, 0x80, 0xE0, 0x02, 0xFF, 0x0C, 0x00, 0x82, 0xF4, 0xFF, 0x3F,
    0x02, 0x00, 0x80, 0xF8, 0x07, 0xFF, 0x80, 0x0B, 0x03, 0x00, 0x84, 0xFD, 0xFF, 0x0F, 0x00, 0xFE,
    0x02, 0xFF, 0x80, 0x01, 0x03, 0x00, 0x82, 0xFD, 0xFF, 0x0F, 0x0B, 0x00, 0x80, 0x40, 0x02, 0xFF,
    0x82, 0x03, 0x00, 0x80, 0x08, 0xFF, 0x80, 0x02, 0x02, 0x00, 0x80, 0xD0, 0x02, 0xFF, 0x81, 0x00,
    0xF4, 0x02, 0xFF, 0x80, 0x0B, 0x03, 0x00, 0x80, 0xD0, 0x02, 0xFF, 0x80, 0x01, 0x0B, 0x00, 0x82,
    0xF8, 0xFF, 0x2F, 0x02, 0x00, 0x80, 0xF8, 0x07, 0xFF, 0x80, 0xBF, 0x03, 0x00, 0x83, 0xFD, 0xFF,
    0x0F, 0xD0, 0x02, 0xFF, 0x80, 0x2F, 0x04, 0x00, 0x82, 0xFC, 0xFF, 0x1F, 0x0B, 0x00, 0x80, 0x80,
    0x02, 0xFF, 0x82, 0x02, 0x00, 0x80, 0x08, 0xFF, 0x80, 0x1F, 0x02, 0x00, 0x80, 0xD0, 0x02, 0xFF,
    0x80, 0x00, 0x03, 0xFF, 0x04, 0x00, 0x80, 0xC0, 0x02, 0xFF, 0x80, 0x01, 0x0B, 0x00, 0x82, 0xFC,
    0xFF, 0x2F, 0x02, 0x00, 0x80, 0xF8, 0x03, 0xFF, 0x81, 0xBF, 0xFA, 0x03, 0xFF, 0x80, 0x03, 0x02,
    0x00, 0x83, 0xFD, 0xFF, 0x0F, 0xF8, 0x02, 0xFF, 0x80, 0x07, 0x04, 0x00, 0x82, 0xF8, 0xFF, 0x2F,
    0x0B, 0x00, 0x80, 0xC0, 0x02, 0xFF, 0x82, 0x01, 0x00, 0x80, 0x03, 0xFF, 0x82, 0x6F, 0x00, 0xD0,
    0x02, 0xFF, 0x80, 0xBF, 0x02, 0x00, 0x80, 0xD0, 0x02, 0xFF, 0x80, 0xE0, 0x02, 0xFF, 0x80, 0x1F,
    0x04, 0x00, 0x80, 0x80, 0x02, 0xFF, 0x80, 0x02, 0x0B, 0x00, 0x82, 0xFC, 0xFF, 0x1F, 0x02, 0x00,
    0x80, 0xF8, 0x02, 0xFF, 0x80, 0x2F, 0x02, 0x00, 0x80, 0xE0, 0x02, 0xFF, 0x80, 0x0F, 0x02, 0x00,
    0x82, 0xFD, 0xFF, 0x4F, 0x02, 0xFF, 0x80, 0xBF, 0x05, 0x00, 0x82, 0xF8, 0xFF, 0x2F, 0x0B, 0x00,
    0x80, 0xC0, 0x02, 0xFF, 0x82, 0x01, 0x00, 0x80, 0x02, 0xFF, 0x80, 0xBF, 0x03, 0x00, 0x80, 0xF4,
    0x02, 0xFF, 0x82, 0x02, 0x00, 0xD0, 0x02, 0xFF, 0x80, 0xFD, 0x02, 0xFF, 0x80, 0x02, 0x04, 0x00,
    0x80, 0x80, 0x02, 0xFF, 0x80, 0x02, 0x0B, 0x00, 0x82, 0xFC, 0xFF, 0x1F, 0x02, 0x00, 0x80, 0xF8,
    0x02, 0xFF, 0x80, 0x02, 0x03, 0x00, 0x82, 0xFE, 0xFF, 0x3F, 0x02, 0x00, 0x80, 0xFD, 0x04, 0xFF,
    0x80, 0x2F, 0x05, 0x00, 0x82, 0xF4, 0xFF, 0x2F, 0x0B, 0x00, 0x80, 0xC0, 0x02, 0xFF, 0x02, 0x00,
    0x80, 0x80, 0x02, 0xFF, 0x80, 0x0F, 0x03, 0x00, 0x80, 0xC0, 0x02, 0xFF, 0x82, 0x07, 0x00, 0xD0,
    0x05, 0xFF, 0x80, 0x07, 0x04, 0x00, 0x80, 0x40, 0x02, 0xFF, 0x80, 0x03, 0x0B, 0x00, 0x82, 0xFC,
    0xFF, 0x0F, 0x02, 0x00, 0x82, 0xF8, 0xFF, 0xBF, 0x04, 0x00, 0x82, 0xF4, 0xFF, 0x7F, 0x02, 0x00,
    0x80, 0xFD, 0x04, 0xFF, 0x80, 0xBF, 0x05, 0x00, 0x82, 0xF4, 0xFF, 0x3F, 0x0B, 0x00, 0x80, 0xC0,
    0x02, 0xFF, 0x82, 0x01, 0x00, 0x80, 0x02, 0xFF, 0x80, 0x07, 0x04, 0x00, 0x02, 0xFF, 0x82, 0x0B,
    0x00, 0xD0, 0x05, 0xFF, 0x80, 0x1F, 0x04, 0x00, 0x80, 0x40, 0x02, 0xFF, 0x80, 0x03, 0x0B, 0x00,
    0x82, 0xFC, 0xFF, 0x1F, 0x02, 0x00, 0x82, 0xF8, 0xFF, 0x3F, 0x04, 0x00, 0x82, 0xE0, 0xFF, 0xBF,
    0x02, 0x00, 0x80, 0xFD, 0x05, 0xFF, 0x80, 0x02, 0x04, 0x00, 0x82, 0xF8, 0xFF, 0x2F, 0x0B, 0x00,
    0x80, 0xC0, 0x02, 0xFF, 0x82, 0x01, 0x00, 0x80, 0x02, 0xFF, 0x80, 0x02, 0x04, 0x00, 0x84, 0xFD,
    0xFF, 0x0F, 0x00, 0xD0, 0x05, 0xFF, 0x80, 0x7F, 0x04, 0x00, 0x80, 0x80, 0x02, 0xFF, 0x80, 0x02,
    0x0B, 0x00, 0x82, 0xFC, 0xFF, 0x1F, 0x02, 0x00, 0x82, 0xF8, 0xFF, 0x2F, 0x04, 0x00, 0x80, 0xD0,
    0x02, 0xFF, 0x02, 0x00, 0x80, 0xFD, 0x05, 0xFF, 0x80, 0x0B, 0x04, 0x00, 0x82, 0xF8, 0xFF, 0x2F,
    0x0B, 0x00, 0x80, 0xC0, 0x02, 0xFF, 0x82, 0x01, 0x00, 0x80, 0x02, 0xFF, 0x80, 0x02, 0x04, 0x00,
    0x84, 0xFD, 0xFF, 0x0F, 0x00, 0xD0, 0x06, 0xFF, 0x80, 0x01, 0x03, 0x00, 0x80, 0x80, 0x02, 0xFF,
    0x80, 0x02, 0x0B, 0x00, 0x82, 0xF8, 0xFF, 0x2F, 0x02, 0x00, 0x82, 0xF8, 0xFF, 0x3F, 0x04, 0x00,
    0x82, 0xE0, 0xFF, 0xBF, 0x02, 0x00, 0x80, 0xFD, 0x02, 0xFF, 0x83, 0xBF, 0xFE, 0xFF, 0x2F, 0x04,
    0x00, 0x82, 0xFC, 0xFF, 0x2F, 0x0B, 0x00, 0x80, 0x80, 0x02, 0xFF, 0x82, 0x02, 0x00, 0x40, 0x02,
    0xFF, 0x80, 0x03, 0x04, 0x00, 0x02, 0xFF, 0x82, 0x0B, 0x00, 0xD0, 0x03, 0xFF, 0x80, 0xC2, 0x02,
    0xFF, 0x80, 0x07, 0x03, 0x00, 0x80, 0xC0, 0x02, 0xFF, 0x80, 0x01, 0x0B, 0x00, 0x82, 0xF8, 0xFF,
    0x3F, 0x02, 0x00, 0x82, 0xF4, 0xFF, 0x7F, 0x04, 0x00, 0x82, 0xF4, 0xFF, 0x7F, 0x02, 0x00, 0x80,
    0xFD, 0x02, 0xFF, 0x83, 0x0F, 0xF8, 0xFF, 0xBF, 0x04, 0x00, 0x82, 0xFC, 0xFF, 0x1F, 0x0B, 0x00,
    0x80, 0x40, 0x02, 0xFF, 0x80, 0x03, 0x02, 0x00, 0x02, 0xFF, 0x80, 0x0F, 0x03, 0x00, 0x80, 0x80,
    0x02, 0xFF, 0x82, 0x07, 0x00, 0xD0, 0x02, 0xFF, 0x81, 0x7F, 0x00, 0x02, 0xFF, 0x80, 0x1F, 0x03,
    0x00, 0x80, 0xD0, 0x02, 0xFF, 0x0C, 0x00, 0x82, 0xF4, 0xFF, 0x7F, 0x02, 0x00, 0x80, 0xE0, 0x02,
    0xFF, 0x80, 0x02, 0x03, 0x00, 0x82, 0xFD, 0xFF, 0x3F, 0x02, 0x00, 0x80, 0xFD, 0x02, 0xFF, 0x81,
    0x01, 0xE0, 0x02, 0xFF, 0x80, 0x02, 0x03, 0x00, 0x82, 0xFD, 0xFF, 0x0F, 0x0C, 0x00, 0x02, 0xFF,
    0x80, 0x07, 0x02, 0x00, 0x82, 0xFD, 0xFF, 0x7F, 0x03, 0x00, 0x80, 0xF4, 0x02, 0xFF, 0x82, 0x02,
    0x00, 0xD0, 0x02, 0xFF, 0x84, 0x0B, 0x00, 0xFC, 0xFF, 0x7F, 0x03, 0x00, 0x82, 0xE0, 0xFF, 0xBF,
    0x0C, 0x00, 0x82, 0xF0, 0xFF, 0xBF, 0x02, 0x00, 0x80, 0xC0, 0x02, 0xFF, 0x80, 0x2F, 0x02, 0x00,
    0x80, 0xD0, 0x02, 0xFF, 0x80, 0x1F, 0x02, 0x00, 0x84, 0xFD, 0xFF, 0x2F, 0x00, 0x80, 0x02, 0xFF,
    0x80, 0x0B, 0x03, 0x00, 0x02, 0xFF, 0x80, 0x0B, 0x0C, 0x00, 0x82, 0xFE, 0xFF, 0x0F, 0x02, 0x00,
    0x80, 0xF4, 0x02, 0xFF, 0x82, 0x1B, 0x00, 0x90, 0x02, 0xFF, 0x80, 0xBF, 0x02, 0x00, 0x80, 0xD0,
    0x02, 0xFF, 0x82, 0x01, 0x00, 0xF0, 0x02, 0xFF, 0x80, 0x01, 0x02, 0x00, 0x82, 0xF0, 0xFF, 0x7F,
    0x0C, 0x00, 0x80, 0xD0, 0x02, 0xFF, 0x03, 0x00, 0x03, 0xFF, 0x81, 0x6F, 0xE5, 0x03, 0xFF, 0x80,
    0x07, 0x02, 0x00, 0x82, 0xFD, 0xFF, 0x0F, 0x02, 0x00, 0x82, 0xFE, 0xFF, 0x2F, 0x02, 0x00, 0x80,
    0x40, 0x02, 0xFF, 0x80, 0x07, 0x0C, 0x00, 0x82, 0xFD, 0xFF, 0x1F, 0x02, 0x00, 0x80, 0xD0, 0x07,
    0xFF, 0x80, 0x2F, 0x02, 0x00, 0x80, 0xD0, 0x02, 0xFF, 0x02, 0x00, 0x80, 0xC0, 0x02, 0xFF, 0x80,
    0x07, 0x02, 0x00, 0x82, 0xF8, 0xFF, 0x3F, 0x0C, 0x00, 0x80, 0xC0, 0x02, 0xFF, 0x80, 0x02, 0x02,
    0x00, 0x80, 0xF8, 0x06, 0xFF, 0x80, 0xBF, 0x03, 0x00, 0x82, 0xFD, 0xFF, 0x0F, 0x02, 0x00, 0x82,
    0xF8, 0xFF, 0xBF, 0x02, 0x00, 0x80, 0xC0, 0x02, 0xFF, 0x80, 0x02, 0x0C, 0x00, 0x82, 0xF8, 0xFF,
    0x3F, 0x03, 0x00, 0x80, 0xFE, 0x06, 0xFF, 0x80, 0x03, 0x02, 0x00, 0x80, 0xD0, 0x02, 0xFF, 0x03,
    0x00, 0x02, 0xFF, 0x80, 0x1F, 0x02, 0x00, 0x82, 0xFD, 0xFF, 0x1F, 0x0C, 0x00, 0x80, 0x40, 0x02,
    0xFF, 0x80, 0x07, 0x02, 0x00, 0x80, 0x80, 0x06, 0xFF, 0x80, 0x0F, 0x03, 0x00, 0x82, 0xFD, 0xFF,
    0x0F, 0x02, 0x00, 0x80, 0xE0, 0x02, 0xFF, 0x82, 0x02, 0x00, 0xE0, 0x02, 0xFF, 0x0D, 0x00, 0x80,
    0xF0, 0x02, 0xFF, 0x03, 0x00, 0x80, 0xE0, 0x05, 0xFF, 0x80, 0x2F, 0x03, 0x00, 0x80, 0xD0, 0x02,
    0xFF, 0x03, 0x00, 0x82, 0xFC, 0xFF, 0x7F, 0x02, 0x00, 0x02, 0xFF, 0x80, 0x0B, 0x0D, 0x00, 0x82,
    0xFE, 0xFF, 0x1F, 0x03, 0x00, 0x80, 0xF4, 0x04, 0xFF, 0x80, 0xBF, 0x04, 0x00, 0x82, 0xFD, 0xFF,
    0x0F, 0x02, 0x00, 0x80, 0x80, 0x02, 0xFF, 0x84, 0x0B, 0x00, 0xF8, 0xFF, 0x7F, 0x0D, 0x00, 0x80,
    0xD0, 0x02, 0xFF, 0x80, 0x02, 0x03, 0x00, 0x80, 0xF8, 0x03, 0xFF, 0x81, 0xBF, 0x01, 0x03, 0x00,
    0x80, 0xD0, 0x02, 0xFF, 0x03, 0x00, 0x80, 0xF4, 0x02, 0xFF, 0x81, 0x01, 0xC0, 0x02, 0xFF, 0x80,
    0x03, 0x0D, 0x00, 0x82, 0xFC, 0xFF, 0x7F, 0x04, 0x00, 0x80, 0xF8, 0x02, 0xFF, 0x81, 0xBF, 0x01,
    0x04, 0x00, 0x82, 0xFD, 0xFF, 0x0F, 0x03, 0x00, 0x86, 0xFE, 0xFF, 0x2F, 0x00, 0xFD, 0xFF, 0x2F,
    0x0D, 0x00, 0x80, 0x80, 0x02, 0xFF, 0x80, 0x0B, 0x04, 0x00, 0x82, 0x94, 0xFE, 0x5A, 0x05, 0x00,
    0x80, 0x40, 0x02, 0x55, 0x03, 0x00, 0x80, 0xD0, 0x02, 0xFF, 0x81, 0x07, 0xF0, 0x02, 0xFF, 0x80,
    0x01, 0x0D, 0x00, 0x80, 0xF0, 0x02, 0xFF, 0x80, 0x01, 0x12, 0x00, 0x83, 0xF8, 0xFF, 0xBF, 0x40,
    0x02, 0xFF, 0x80, 0x0F, 0x0E, 0x00, 0x82, 0xFE, 0xFF, 0x2F, 0x12, 0x00, 0x80, 0x40, 0x02, 0xFF,
    0x83, 0x1F, 0xFC, 0xFF, 0x7F, 0x0E, 0x00, 0x80, 0xD0, 0x02, 0xFF, 0x80, 0x07, 0x12, 0x00, 0x80,
    0xE0, 0x02, 0xFF, 0x80, 0xE2, 0x02, 0xFF, 0x80, 0x03, 0x0E, 0x00, 0x80, 0xF8, 0x02, 0xFF, 0x13,
    0x00, 0x82, 0xFD, 0xFF, 0x7F, 0x02, 0xFF, 0x80, 0x1F, 0x0E, 0x00, 0x80, 0x40, 0x02, 0xFF, 0x80,
    0x2F, 0x12, 0x00, 0x80, 0x80, 0x05, 0xFF, 0x0F, 0x00, 0x80, 0xE0, 0x02, 0xFF, 0x80, 0x07, 0x12,
    0x00, 0x80, 0xF4, 0x04, 0xFF, 0x80, 0x07, 0x0F, 0x00, 0x80, 0xFC, 0x02, 0xFF, 0x13, 0x00, 0x80,
    0xFE, 0x03, 0xFF, 0x80, 0x2F, 0x0F, 0x00, 0x80, 0x80, 0x02, 0xFF, 0x80, 0x2F, 0x12, 0x00, 0x80,
    0xD0, 0x03, 0xFF, 0x80, 0x7F, 0x10, 0x00, 0x80, 0xF0, 0x02, 0xFF, 0x80, 0x07, 0x12, 0x00, 0x80,
    0xF8, 0x02, 0xFF, 0x80, 0xBF, 0x11, 0x00, 0x80, 0xFD, 0x02, 0xFF, 0x80, 0x01, 0x11, 0x00, 0x80,
    0x40, 0x02, 0xFF, 0x81, 0xBF, 0x01, 0x10, 0x00, 0x80, 0x80, 0x02, 0xFF, 0x80, 0x7F, 0x12, 0x00,
    0x80, 0xE0, 0x02, 0xFF, 0x80, 0x01, 0x11, 0x00, 0x80, 0xF0, 0x02, 0xFF, 0x80, 0x0F, 0x12, 0x00,
    0x82, 0xFD, 0xFF, 0x01, 0x12, 0x00, 0x80, 0xFD, 0x02, 0xFF, 0x80, 0x03, 0x11, 0x00, 0x82, 0xD0,
    0xFF, 0x02, 0x12, 0x00, 0x80, 0x40, 0x03, 0xFF, 0x11, 0x00, 0x82, 0x40, 0xFF, 0x02, 0x13, 0x00,
    0x80, 0xE0, 0x02, 0xFF, 0x80, 0x3F, 0x11, 0x00, 0x81, 0xFD, 0x06, 0x14, 0x00, 0x80, 0xF8, 0x02,
    0xFF, 0x80, 0x1F, 0x10, 0x00, 0x81, 0xF4, 0x07, 0x15, 0x00, 0x03, 0xFF, 0x80, 0x07, 0x0F, 0x00,
    0x81, 0xE0, 0x07, 0x15, 0x00, 0x80, 0xD0, 0x03, 0xFF, 0x80, 0x02, 0x0E, 0x00, 0x81, 0x80, 0x0B,
    0x16, 0x00, 0x80, 0xF4, 0x02, 0xFF, 0x81, 0xBF, 0x01, 0x0D, 0x00, 0x81, 0x40, 0x1B, 0x17, 0x00,
    0x80, 0xFD, 0x02, 0xFF, 0x80, 0x7F, 0x0E, 0x00, 0x80, 0x1E, 0x17, 0x00, 0x80, 0x40, 0x03, 0xFF,
    0x80, 0x6F, 0x0D, 0x00, 0x80, 0x19, 0x18, 0x00, 0x80, 0xD0, 0x03, 0xFF, 0x80, 0x2F, 0x0C, 0x00,
    0x80, 0x29, 0x19, 0x00, 0x80, 0xE0, 0x03, 0xFF, 0x80, 0x2F, 0x0B, 0x00, 0x80, 0x29, 0x1A, 0x00,
    0x80, 0xF8, 0x03, 0xFF, 0x80, 0x6F, 0x0A, 0x00, 0x80, 0x69, 0x1B, 0x00, 0x80, 0xFE, 0x03, 0xFF,
    0x80, 0x6F, 0x09, 0x00, 0x80, 0x7D, 0x1B, 0x00, 0x80, 0x40, 0x04, 0xFF, 0x81, 0xBF, 0x01, 0x06,
    0x00, 0x81, 0x40, 0x7E, 0x1C, 0x00, 0x80, 0x80, 0x05, 0xFF, 0x80, 0x16, 0x05, 0x00, 0x81, 0xA4,
    0xBF, 0x1D, 0x00, 0x80, 0xD0, 0x05, 0xFF, 0x81, 0xBF, 0x16, 0x02, 0x00, 0x83, 0x95, 0xFE, 0xBF,
    0x01, 0x1D, 0x00, 0x80, 0xE0, 0x0B, 0xFF, 0x80, 0x01, 0x1E, 0x00, 0x80, 0xE4, 0x0A, 0xFF, 0x80,
    0x01, 0x1F, 0x00, 0x80, 0xE4, 0x09, 0xFF, 0x80, 0x02, 0x20, 0x00, 0x80, 0xE4, 0x08, 0xFF, 0x80,
    0x02, 0x21, 0x00, 0x80, 0xE4, 0x07, 0xFF, 0x80, 0x06, 0x22, 0x00, 0x80, 0x90, 0x06, 0xFF, 0x80,
    0x07, 0x23, 0x00, 0x81, 0x90, 0xFE, 0x04, 0xFF, 0x80, 0x07, 0x25, 0x00, 0x80, 0xF9, 0x03, 0xFF,
    0x80, 0x0B, 0x26, 0x00, 0x83, 0x50, 0xFA, 0xFF, 0x1B, 0x29, 0x00, 0x80, 0x15, 0x10, 0x00, 0x02,
    0xFD, 0x06, 0x00, 0x00, 0x01, 0x02, 0x01, 0xFF, 0x28, 0x00, 0x04, 0xFB, 0x08, 0x00, 0x00, 0x15,
    0x00, 0x02, 0x00, 0xAD, 0x00, 0x7C, 0x00, 0x05, 0xFA, 0xAD, 0x0A, 0x00, 0x15, 0x00, 0x80, 0x95,
    0x02, 0xAA, 0x80, 0x56, 0x20, 0x00, 0x81, 0x40, 0xE9, 0x04, 0xFF, 0x81, 0xBF, 0x06, 0x1E, 0x00,
    0x80, 0xE4, 0x07, 0xFF, 0x80, 0x1B, 0x1C, 0x00, 0x80, 0x90, 0x09, 0xFF, 0x80, 0x1B, 0x1B, 0x00,
    0x80, 0xE4, 0x0A, 0xFF, 0x80, 0x1B, 0x1A, 0x00, 0x80, 0xFE, 0x0B, 0xFF, 0x80, 0x07, 0x18, 0x00,
    0x80, 0x90, 0x0D, 0xFF, 0x80, 0x02, 0x17, 0x00, 0x80, 0xE4, 0x0D, 0xFF, 0x80, 0xBF, 0x17, 0x00,
    0x80, 0xF8, 0x0E, 0xFF, 0x80, 0x1F, 0x16, 0x00, 0x80, 0xFD, 0x06, 0xFF, 0x02, 0xAA, 0x80, 0xFE,
    0x06, 0xFF, 0x80, 0x06, 0x15, 0x00, 0x80, 0xFE, 0x04, 0xFF, 0x81, 0xBF, 0x05, 0x03, 0x00, 0x81,
    0x94, 0xFE, 0x04, 0xFF, 0x80, 0xBF, 0x14, 0x00, 0x80, 0x40, 0x05, 0xFF, 0x80, 0x06, 0x05, 0x00,
    0x81, 0x40, 0xF9, 0x04, 0xFF, 0x80, 0x1F, 0x13, 0x00, 0x80, 0x80, 0x04, 0xFF, 0x80, 0x6F, 0x08,
    0x00, 0x80, 0xF9, 0x04, 0xFF, 0x80, 0x01, 0x12, 0x00, 0x80, 0x80, 0x04, 0xFF, 0x80, 0x06, 0x09,
    0x00, 0x80, 0xFD, 0x03, 0xFF, 0x80, 0x2F, 0x12, 0x00, 0x80, 0xD0, 0x03, 0xFF, 0x81, 0xBF, 0x01,
    0x09, 0x00, 0x81, 0x40, 0xFE, 0x03, 0xFF, 0x80, 0x02, 0x11, 0x00, 0x80, 0xD0, 0x03, 0xFF, 0x80,
    0x6F, 0x0B, 0x00, 0x80, 0xD0, 0x03, 0xFF, 0x80, 0x7F, 0x11, 0x00, 0x80, 0xD0, 0x03, 0xFF, 0x80,
    0x1B, 0x0C, 0x00, 0x80, 0xF4, 0x03, 0xFF, 0x80, 0x07, 0x10, 0x00, 0x80, 0xE0, 0x03, 0xFF, 0x80,
    0x07, 0x0D, 0x00, 0x80, 0xFE, 0x02, 0xFF, 0x80, 0x7F, 0x10, 0x00, 0x80, 0xE0, 0x03, 0xFF, 0x80,
    0x02, 0x0D, 0x00, 0x80, 0xD0, 0x03, 0xFF, 0x80, 0x07, 0x0F, 0x00, 0x80, 0xE0, 0x03, 0xFF, 0x80,
    0x01, 0x0E, 0x00, 0x80, 0xF8, 0x02, 0xFF, 0x80, 0x7F, 0x0F, 0x00, 0x80, 0xD0, 0x03, 0xFF, 0x80,
    0x02, 0x0E, 0x00, 0x80, 0x40, 0x03, 0xFF, 0x80, 0x07, 0x0E, 0x00, 0x80, 0xD0, 0x03, 0xFF, 0x80,
    0x0B, 0x0F, 0x00, 0x80, 0xF4, 0x02, 0xFF, 0x80, 0x3F, 0x0E, 0x00, 0x80, 0xD0, 0x03, 0xFF, 0x80,
    0x2F, 0x0F, 0x00, 0x80, 0x40, 0x03, 0xFF, 0x80, 0x02, 0x0D, 0x00, 0x80, 0xC0, 0x03, 0xFF, 0x80,
    0xBF, 0x10, 0x00, 0x80, 0xE0, 0x02, 0xFF, 0x80, 0x2F, 0x0D, 0x00, 0x80, 0x80, 0x04, 0xFF, 0x80,
    0x02, 0x10, 0x00, 0x80, 0xFE, 0x02, 0xFF, 0x80, 0x01, 0x0C, 0x00, 0x80, 0x40, 0x04, 0xFF, 0x80,
    0x0B, 0x10, 0x00, 0x80, 0xE0, 0x02, 0xFF, 0x80, 0x1F, 0x0C, 0x00, 0x80, 0x40, 0x04, 0xFF, 0x80,
    0x2F, 0x11, 0x00, 0x03, 0xFF, 0x0D, 0x00, 0x04, 0xFF, 0x80, 0xBF, 0x11, 0x00, 0x80, 0xF0, 0x02,
    0xFF, 0x80, 0x0B, 0x0C, 0x00, 0x80, 0xFE, 0x04, 0xFF, 0x80, 0x02, 0x08, 0x00, 0x80, 0x40, 0x02,
    0x55, 0x05, 0x00, 0x80, 0x40, 0x02, 0xFF, 0x80, 0x7F, 0x0C, 0x00, 0x80, 0xFD, 0x02, 0xFF, 0x82,
    0xFE, 0xFF, 0x0B, 0x08, 0x00, 0x80, 0x40, 0x02, 0xFF, 0x80, 0x03, 0x05, 0x00, 0x80, 0xF4, 0x02,
    0xFF, 0x80, 0x03, 0x0B, 0x00, 0x80, 0xF8, 0x02, 0xFF, 0x82, 0xF9, 0xFF, 0x2F, 0x09, 0x00, 0x82,
    0xFD, 0xFF, 0x0F, 0x05, 0x00, 0x80, 0x80, 0x02, 0xFF, 0x80, 0x1F, 0x0B, 0x00, 0x80, 0xF4, 0x02,
    0xFF, 0x82, 0xE2, 0xFF, 0xBF, 0x09, 0x00, 0x82, 0xF4, 0xFF, 0x3F, 0x06, 0x00, 0x80, 0xFC, 0x02,
    0xFF, 0x0B, 0x00, 0x80, 0xF0, 0x02, 0xFF, 0x80, 0x83, 0x02, 0xFF, 0x80, 0x02, 0x08, 0x00, 0x80,
    0xD0, 0x02, 0xFF, 0x06, 0x00, 0x80, 0xD0, 0x02, 0xFF, 0x80, 0x0B, 0x0A, 0x00, 0x80, 0xD0, 0x02,
    0xFF, 0x83, 0x07, 0xFE, 0xFF, 0x0B, 0x08, 0x00, 0x80, 0x40, 0x02, 0xFF, 0x80, 0x03, 0x06, 0x00,
    0x82, 0xFE, 0xFF, 0x3F, 0x0A, 0x00, 0x80, 0xC0, 0x02, 0xFF, 0x83, 0x0B, 0xF8, 0xFF, 0x2F, 0x09,
    0x00, 0x82, 0xFD, 0xFF, 0x0F, 0x06, 0x00, 0x80, 0xF0, 0x02, 0xFF, 0x80, 0x02, 0x09, 0x00, 0x80,
    0x40, 0x02, 0xFF, 0x83, 0x0F, 0xE0, 0xFF, 0xBF, 0x09, 0x00, 0x82, 0xF4, 0xFF, 0x3F, 0x06, 0x00,
    0x80, 0x40, 0x02, 0xFF, 0x80, 0x0F, 0x0A, 0x00, 0x02, 0xFF, 0x81, 0x2F, 0x80, 0x02, 0xFF, 0x80,
    0x02, 0x08, 0x00, 0x80, 0xD0, 0x02, 0xFF, 0x07, 0x00, 0x82, 0xF8, 0xFF, 0xBF, 0x0A, 0x00, 0x86,
    0xFD, 0xFF, 0x3F, 0x00, 0xFE, 0xFF, 0x0B, 0x08, 0x00, 0x80, 0x40, 0x02, 0xFF, 0x80, 0x03, 0x06,
    0x00, 0x80, 0xD0, 0x02, 0xFF, 0x80, 0x03, 0x09, 0x00, 0x86, 0xF8, 0xFF, 0x7F, 0x00, 0xF8, 0xFF,
    0x2F, 0x09, 0x00, 0x82, 0xFD, 0xFF, 0x0F, 0x07, 0x00, 0x82, 0xFE, 0xFF, 0x1F, 0x09, 0x00, 0x80,
    0xF0, 0x02, 0xFF, 0x83, 0x00, 0xE0, 0xFF, 0xBF, 0x09, 0x00, 0x82, 0xF4, 0xFF, 0x3F, 0x07, 0x00,
    0x82, 0xF4, 0xFF, 0xBF, 0x09, 0x00, 0x80, 0xD0, 0x02, 0xFF, 0x81, 0x02, 0x80, 0x02, 0xFF, 0x80,
    0x02, 0x08, 0x00, 0x80, 0xD0, 0x02, 0xFF, 0x07, 0x00, 0x80, 0x80, 0x02, 0xFF, 0x80, 0x07, 0x08,
    0x00, 0x80, 0x80, 0x02, 0xFF, 0x84, 0x03, 0x00, 0xFE, 0xFF, 0x0B, 0x08, 0x00, 0x80, 0x40, 0x02,
    0xFF, 0x80, 0x03, 0x07, 0x00, 0x82, 0xFD, 0xFF, 0x2F, 0x09, 0x00, 0x02, 0xFF, 0x84, 0x0B, 0x00,
    0xF8, 0xFF, 0x2F, 0x09, 0x00, 0x82, 0xFD, 0xFF, 0x0F, 0x02, 0x00, 0x80, 0x40, 0x02, 0xFF, 0x82,
    0x7F, 0x00, 0xF0, 0x02, 0xFF, 0x09, 0x00, 0x86, 0xFD, 0xFF, 0x1F, 0x00, 0xE0, 0xFF, 0xBF, 0x09,
    0x00, 0x82, 0xF4, 0xFF, 0x3F, 0x02, 0x00, 0x80, 0x40, 0x02, 0xFF, 0x82, 0xBF, 0x00, 0x80, 0x02,
    0xFF, 0x80, 0x07, 0x08, 0x00, 0x84, 0xF8, 0xFF, 0x3F, 0x00, 0x80, 0x02, 0xFF, 0x80, 0x02, 0x08,
    0x00, 0x80, 0xD0, 0x02, 0xFF, 0x03, 0x00, 0x03, 0xFF, 0x02, 0x00, 0x82, 0xFD, 0xFF, 0x1F, 0x08,
    0x00, 0x82, 0xF0, 0xFF, 0xBF, 0x02, 0x00, 0x82, 0xFE, 0xFF, 0x0B, 0x08, 0x00, 0x80, 0x40, 0x02,
    0xFF, 0x80, 0x03, 0x02, 0x00, 0x80, 0xFE, 0x02, 0xFF, 0x84, 0x01, 0x00, 0xF0, 0xFF, 0xBF, 0x08,
    0x00, 0x80, 0xD0, 0x02, 0xFF, 0x88, 0x01, 0x00, 0xF8, 0xFF, 0x2F, 0x00, 0x94, 0x6A, 0x01, 0x05,
    0x00, 0x82, 0xFD, 0xFF, 0x0F, 0x02, 0x00, 0x80, 0xFE, 0x02, 0xFF, 0x82, 0x01, 0x00, 0x80, 0x02,
    0xFF, 0x80, 0x03, 0x07, 0x00, 0x80, 0x80, 0x02, 0xFF, 0x85, 0x03, 0x00, 0xE0, 0xFF, 0xBF, 0x90,
    0x02, 0xFF, 0x81, 0xBF, 0x01, 0x04, 0x00, 0x82, 0xF4, 0xFF, 0x3F, 0x02, 0x00, 0x80, 0xFD, 0x02,
    0xFF, 0x80, 0x02, 0x02, 0x00, 0x82, 0xFD, 0xFF, 0x1F, 0x08, 0x00, 0x84, 0xFE, 0xFF, 0x0B, 0x00,
    0x80, 0x02, 0xFF, 0x80, 0xE6, 0x03, 0xFF, 0x80, 0x7F, 0x04, 0x00, 0x80, 0xD0, 0x02, 0xFF, 0x02,
    0x00, 0x80, 0xFD, 0x02, 0xFF, 0x80, 0x02, 0x02, 0x00, 0x82, 0xF0, 0xFF, 0x7F, 0x08, 0x00, 0x82,
    0xFC, 0xFF, 0x2F, 0x02, 0x00, 0x80, 0xFE, 0x06, 0xFF, 0x80, 0x1F, 0x03, 0x00, 0x80, 0x40, 0x02,
    0xFF, 0x82, 0x03, 0x00, 0xFC, 0x02, 0xFF, 0x80, 0x03, 0x02, 0x00, 0x80, 0xC0, 0x02, 0xFF, 0x80,
    0x02, 0x07, 0x00, 0x82, 0xF0, 0xFF, 0x7F, 0x02, 0x00, 0x80, 0xF8, 0x07, 0xFF, 0x80, 0x02, 0x03,
    0x00, 0x84, 0xFD, 0xFF, 0x0F, 0x00, 0xF8, 0x02, 0xFF, 0x80, 0x07, 0x03, 0x00, 0x82, 0xFE, 0xFF,
    0x0F, 0x07, 0x00, 0x80, 0xD0, 0x02, 0xFF, 0x02, 0x00, 0x80, 0xE0, 0x07, 0xFF, 0x80, 0x2F, 0x03,
    0x00, 0x84, 0xF4, 0xFF, 0x3F, 0x00, 0xF8, 0x02, 0xFF, 0x80, 0x07, 0x03, 0x00, 0x82, 0xF4, 0xFF,
    0x3F, 0x07, 0x00, 0x80, 0x40, 0x02, 0xFF, 0x82, 0x03, 0x00, 0x80, 0x08, 0xFF, 0x80, 0x02, 0x02,
    0x00, 0x80, 0xD0, 0x02, 0xFF, 0x81, 0x00, 0xF4, 0x02, 0xFF, 0x80, 0x0B, 0x03, 0x00, 0x80, 0xD0,
    0x02, 0xFF, 0x80, 0x01, 0x07, 0x00, 0x82, 0xFE, 0xFF, 0x0B, 0x02, 0x00, 0x80, 0xFE, 0x07, 0xFF,
    0x80, 0x2F, 0x02, 0x00, 0x80, 0x40, 0x02, 0xFF, 0x81, 0x03, 0xF4, 0x02, 0xFF, 0x80, 0x0B, 0x04,
    0x00, 0x02, 0xFF, 0x80, 0x07, 0x07, 0x00, 0x82, 0xF8, 0xFF, 0x2F, 0x02, 0x00, 0x80, 0xF8, 0x08,
    0xFF, 0x80, 0x01, 0x02, 0x00, 0x83, 0xFD, 0xFF, 0x0F, 0xF0, 0x02, 0xFF, 0x80, 0x0F, 0x04, 0x00,
    0x82, 0xFC, 0xFF, 0x1F, 0x07, 0x00, 0x82, 0xF0, 0xFF, 0xBF, 0x02, 0x00, 0x80, 0xE0, 0x04, 0xFF,
    0x80, 0xEA, 0x03, 0xFF, 0x80, 0x0F, 0x02, 0x00, 0x83, 0xF4, 0xFF, 0x3F, 0xE0, 0x02, 0xFF, 0x80,
    0x1F, 0x04, 0x00, 0x82, 0xE0, 0xFF, 0xBF, 0x07, 0x00, 0x80, 0xC0, 0x02, 0xFF, 0x82, 0x01, 0x00,
    0x80, 0x03, 0xFF, 0x82, 0x6F, 0x00, 0xD0, 0x02, 0xFF, 0x80, 0xBF, 0x02, 0x00, 0x80, 0xD0, 0x02,
    0xFF, 0x80, 0xE0, 0x02, 0xFF, 0x80, 0x1F, 0x04, 0x00, 0x80, 0x80, 0x02, 0xFF, 0x80, 0x02, 0x07,
    0x00, 0x02, 0xFF, 0x80, 0x07, 0x02, 0x00, 0x80, 0xFE, 0x02, 0xFF, 0x80, 0x1B, 0x02, 0x00, 0x80,
    0xF8, 0x02, 0xFF, 0x82, 0x03, 0x00, 0x40, 0x02, 0xFF, 0x80, 0xD3, 0x02, 0xFF, 0x80, 0x2F, 0x05,
    0x00, 0x82, 0xFE, 0xFF, 0x0B, 0x07, 0x00, 0x82, 0xFC, 0xFF, 0x1F, 0x02, 0x00, 0x80, 0xF8, 0x02,
    0xFF, 0x80, 0x0B, 0x02, 0x00, 0x80, 0x40, 0x02, 0xFF, 0x80, 0x2F, 0x02, 0x00, 0x82, 0xFD, 0xFF,
    0xDF, 0x02, 0xFF, 0x80, 0x2F, 0x05, 0x00, 0x82, 0xF8, 0xFF, 0x2F, 0x07, 0x00, 0x82, 0xF0, 0xFF,
    0x7F, 0x02, 0x00, 0x80, 0xE0, 0x02, 0xFF, 0x80, 0x0B, 0x03, 0x00, 0x80, 0xF8, 0x02, 0xFF, 0x02,
    0x00, 0x80, 0xF4, 0x04, 0xFF, 0x80, 0xBF, 0x05, 0x00, 0x82, 0xD0, 0xFF, 0xBF, 0x07, 0x00, 0x80,
    0xC0, 0x02, 0xFF, 0x02, 0x00, 0x80, 0x80, 0x02, 0xFF, 0x80, 0x0F, 0x03, 0x00, 0x80, 0xC0, 0x02,
    0xFF, 0x82, 0x07, 0x00, 0xD0, 0x05, 0xFF, 0x80, 0x07, 0x04, 0x00, 0x80, 0x40, 0x02, 0xFF, 0x80,
    0x03, 0x07, 0x00, 0x02, 0xFF, 0x80, 0x03, 0x02, 0x00, 0x82, 0xFE, 0xFF, 0x2F, 0x04, 0x00, 0x84,
    0xFD, 0xFF, 0x1F, 0x00, 0x40, 0x05, 0xFF, 0x80, 0x2F, 0x05, 0x00, 0x82, 0xFD, 0xFF, 0x0F, 0x07,
    0x00, 0x82, 0xFC, 0xFF, 0x1F, 0x02, 0x00, 0x82, 0xF8, 0xFF, 0x7F, 0x04, 0x00, 0x82, 0xF0, 0xFF,
    0xBF, 0x02, 0x00, 0x80, 0xFD, 0x05, 0xFF, 0x80, 0x01, 0x04, 0x00, 0x82, 0xF4, 0xFF, 0x3F, 0x07,
    0x00, 0x82, 0xF0, 0xFF, 0x7F, 0x02, 0x00, 0x80, 0xE0, 0x02, 0xFF, 0x04, 0x00, 0x80, 0x80, 0x02,
    0xFF, 0x82, 0x02, 0x00, 0xF4, 0x05, 0xFF, 0x80, 0x0B, 0x04, 0x00, 0x82, 0xE0, 0xFF, 0xBF, 0x07,
    0x00, 0x80, 0xC0, 0x02, 0xFF, 0x82, 0x01, 0x00, 0x80, 0x02, 0xFF, 0x80, 0x02, 0x04, 0x00, 0x84,
    0xFD, 0xFF, 0x0F, 0x00, 0xD0, 0x05, 0xFF, 0x80, 0x7F, 0x04, 0x00, 0x80, 0x80, 0x02, 0xFF, 0x80,
    0x02, 0x07, 0x00, 0x02, 0xFF, 0x80, 0x07, 0x02, 0x00, 0x82, 0xFE, 0xFF, 0x0B, 0x04, 0x00, 0x84,
    0xF4, 0xFF, 0x3F, 0x00, 0x40, 0x06, 0xFF, 0x80, 0x02, 0x04, 0x00, 0x82, 0xFE, 0xFF, 0x0B, 0x07,
    0x00, 0x82, 0xFC, 0xFF, 0x1F, 0x02, 0x00, 0x82, 0xF8, 0xFF, 0x2F, 0x04, 0x00, 0x80, 0xD0, 0x02,
    0xFF, 0x02, 0x00, 0x80, 0xFD, 0x05, 0xFF, 0x80, 0x1F, 0x04, 0x00, 0x82, 0xF8, 0xFF, 0x2F, 0x07,
    0x00, 0x82, 0xE0, 0xFF, 0xBF, 0x02, 0x00, 0x80, 0xE0, 0x02, 0xFF, 0x04, 0x00, 0x80, 0x80, 0x02,
    0xFF, 0x82, 0x02, 0x00, 0xF4, 0x03, 0xFF, 0x82, 0xFA, 0xFF, 0xBF, 0x04, 0x00, 0x82, 0xF0, 0xFF,
    0xBF, 0x07, 0x00, 0x80, 0x80, 0x02, 0xFF, 0x82, 0x02, 0x00, 0x40, 0x02, 0xFF, 0x80, 0x03, 0x04,
    0x00, 0x02, 0xFF, 0x82, 0x0B, 0x00, 0xD0, 0x03, 0xFF, 0x80, 0xC2, 0x02, 0xFF, 0x80, 0x07, 0x03,
    0x00, 0x80, 0xC0, 0x02, 0xFF, 0x80, 0x01, 0x07, 0x00, 0x82, 0xFE, 0xFF, 0x0F, 0x02, 0x00, 0x82,
    0xFD, 0xFF, 0x1F, 0x04, 0x00, 0x84, 0xFD, 0xFF, 0x1F, 0x00, 0x40, 0x03, 0xFF, 0x83, 0x03, 0xFE,
    0xFF, 0x2F, 0x04, 0x00, 0x02, 0xFF, 0x80, 0x07, 0x07, 0x00, 0x82, 0xF4, 0xFF, 0x3F, 0x02, 0x00,
    0x80, 0xF0, 0x02, 0xFF, 0x04, 0x00, 0x82, 0xF8, 0xFF, 0x7F, 0x02, 0x00, 0x80, 0xFD, 0x02, 0xFF,
    0x81, 0x07, 0xF0, 0x02, 0xFF, 0x80, 0x01, 0x03, 0x00, 0x82, 0xFD, 0xFF, 0x0F, 0x07, 0x00, 0x80,
    0xD0, 0x02, 0xFF, 0x82, 0x01, 0x00, 0x80, 0x02, 0xFF, 0x80, 0x0B, 0x03, 0x00, 0x80, 0xF4, 0x02,
    0xFF, 0x02, 0x00, 0x80, 0xF4, 0x02, 0xFF, 0x81, 0x07, 0x80, 0x02, 0xFF, 0x80, 0x0B, 0x03, 0x00,
    0x82, 0xF4, 0xFF, 0x3F, 0x08, 0x00, 0x02, 0xFF, 0x80, 0x07, 0x02, 0x00, 0x82, 0xFD, 0xFF, 0x7F,
    0x03, 0x00, 0x80, 0xF4, 0x02, 0xFF, 0x82, 0x02, 0x00, 0xD0, 0x02, 0xFF, 0x84, 0x0B, 0x00, 0xFC,
    0xFF, 0x7F, 0x03, 0x00, 0x82, 0xE0, 0xFF, 0xBF, 0x08, 0x00, 0x82, 0xFC, 0xFF, 0x2F, 0x02, 0x00,
    0x80, 0xF0, 0x02, 0xFF, 0x80, 0x0B, 0x02, 0x00, 0x80, 0xF4, 0x02, 0xFF, 0x82, 0x07, 0x00, 0x40,
    0x02, 0xFF, 0x82, 0x0B, 0x00, 0xE0, 0x02, 0xFF, 0x80, 0x02, 0x02, 0x00, 0x80, 0xC0, 0x02, 0xFF,
    0x80, 0x02, 0x07, 0x00, 0x80, 0xE0, 0x02, 0xFF, 0x02, 0x00, 0x80, 0x40, 0x02, 0xFF, 0x83, 0xBF,
    0x01, 0x00, 0xF9, 0x02, 0xFF, 0x80, 0x0B, 0x02, 0x00, 0x82, 0xFD, 0xFF, 0x1F, 0x02, 0x00, 0x02,
    0xFF, 0x80, 0x1F, 0x03, 0x00, 0x02, 0xFF, 0x80, 0x07, 0x07, 0x00, 0x80, 0x40, 0x02, 0xFF, 0x80,
    0x03, 0x02, 0x00, 0x80, 0xFC, 0x02, 0xFF, 0x81, 0xBF, 0x95, 0x03, 0xFF, 0x80, 0x1F, 0x02, 0x00,
    0x82, 0xF4, 0xFF, 0x3F, 0x02, 0x00, 0x82, 0xF8, 0xFF, 0xBF, 0x03, 0x00, 0x82, 0xFD, 0xFF, 0x1F,
    0x08, 0x00, 0x82, 0xFD, 0xFF, 0x1F, 0x02, 0x00, 0x80, 0xD0, 0x07, 0xFF, 0x80, 0x2F, 0x02, 0x00,
    0x80, 0xD0, 0x02, 0xFF, 0x02, 0x00, 0x80, 0xC0, 0x02, 0xFF, 0x80, 0x07, 0x02, 0x00, 0x82, 0xF8,
    0xFF, 0x3F, 0x08, 0x00, 0x82, 0xF0, 0xFF, 0xBF, 0x03, 0x00, 0x80, 0xFE, 0x06, 0xFF, 0x80, 0x2F,
    0x02, 0x00, 0x80, 0x40, 0x02, 0xFF, 0x80, 0x03, 0x02, 0x00, 0x82, 0xFE, 0xFF, 0x2F, 0x02, 0x00,
    0x82, 0xF0, 0xFF, 0xBF, 0x08, 0x00, 0x80, 0x80, 0x02, 0xFF, 0x80, 0x03, 0x02, 0x00, 0x80, 0xE0,
    0x06, 0xFF, 0x80, 0x3F, 0x03, 0x00, 0x82, 0xFD, 0xFF, 0x0F, 0x02, 0x00, 0x80, 0xF0, 0x02, 0xFF,
    0x82, 0x01, 0x00, 0xD0, 0x02, 0xFF, 0x80, 0x01, 0x08, 0x00, 0x82, 0xFD, 0xFF, 0x1F, 0x03, 0x00,
    0x80, 0xFE, 0x05, 0xFF, 0x80, 0x3F, 0x03, 0x00, 0x82, 0xF4, 0xFF, 0x3F, 0x02, 0x00, 0x80, 0x80,
    0x02, 0xFF, 0x82, 0x0B, 0x00, 0x80, 0x02, 0xFF, 0x80, 0x03, 0x08, 0x00, 0x80, 0xF0, 0x02, 0xFF,
    0x03, 0x00, 0x80, 0xE0, 0x05, 0xFF, 0x80, 0x2F, 0x03, 0x00, 0x80, 0xD0, 0x02, 0xFF, 0x03, 0x00,
    0x82, 0xFC, 0xFF, 0x7F, 0x02, 0x00, 0x02, 0xFF, 0x80, 0x0B, 0x08, 0x00, 0x80, 0x80, 0x02, 0xFF,
    0x80, 0x07, 0x03, 0x00, 0x80, 0xFD, 0x04, 0xFF, 0x80, 0x2F, 0x03, 0x00, 0x80, 0x40, 0x02, 0xFF,
    0x80, 0x03, 0x02, 0x00, 0x80, 0xE0, 0x02, 0xFF, 0x84, 0x02, 0x00, 0xFE, 0xFF, 0x1F, 0x09, 0x00,
    0x82, 0xFD, 0xFF, 0x2F, 0x03, 0x00, 0x80, 0x80, 0x04, 0xFF, 0x80, 0x1B, 0x04, 0x00, 0x82, 0xFD,
    0xFF, 0x0F, 0x02, 0x00, 0x80, 0x40, 0x02, 0xFF, 0x84, 0x1F, 0x00, 0xFC, 0xFF, 0x3F, 0x09, 0x00,
    0x80, 0xF0, 0x02, 0xFF, 0x80, 0x01, 0x03, 0x00, 0x80, 0xE0, 0x03, 0xFF, 0x80, 0x06, 0x04, 0x00,
    0x82, 0xF4, 0xFF, 0x3F, 0x03, 0x00, 0x86, 0xF8, 0xFF, 0xBF, 0x00, 0xF4, 0xFF, 0xBF, 0x09, 0x00,
    0x80, 0x80, 0x02, 0xFF, 0x80, 0x0B, 0x04, 0x00, 0x82, 0x94, 0xFE, 0x5A, 0x05, 0x00, 0x80, 0x40,
    0x02, 0x55, 0x03, 0x00, 0x80, 0xD0, 0x02, 0xFF, 0x81, 0x07, 0xF0, 0x02, 0xFF, 0x80, 0x01, 0x09,
    0x00, 0x82, 0xFC, 0xFF, 0x7F, 0x13, 0x00, 0x83, 0xFE, 0xFF, 0x2F, 0xD0, 0x02, 0xFF, 0x80, 0x03,
    0x09, 0x00, 0x80, 0xE0, 0x02, 0xFF, 0x80, 0x02, 0x12, 0x00, 0x80, 0xF4, 0x02, 0xFF, 0x80, 0xC1,
    0x02, 0xFF, 0x80, 0x07, 0x09, 0x00, 0x80, 0x40, 0x02, 0xFF, 0x80, 0x1F, 0x12, 0x00, 0x80, 0x80,
    0x02, 0xFF, 0x80, 0x8B, 0x02, 0xFF, 0x80, 0x0F, 0x0A, 0x00, 0x80, 0xF8, 0x02, 0xFF, 0x13, 0x00,
    0x82, 0xFD, 0xFF, 0x7F, 0x02, 0xFF, 0x80, 0x1F, 0x0A, 0x00, 0x80, 0xD0, 0x02, 0xFF, 0x80, 0x0B,
    0x12, 0x00, 0x80, 0xE0, 0x04, 0xFF, 0x80, 0x3F, 0x0B, 0x00, 0x82, 0xFE, 0xFF, 0x7F, 0x12, 0x00,
    0x80, 0x40, 0x04, 0xFF, 0x80, 0x7F, 0x0B, 0x00, 0x80, 0xF0, 0x02, 0xFF, 0x80, 0x03, 0x12, 0x00,
    0x80, 0xF8, 0x03, 0xFF, 0x80, 0xBF, 0x0B, 0x00, 0x80, 0x80, 0x02, 0xFF, 0x80, 0x2F, 0x12, 0x00,
    0x80, 0xD0, 0x04, 0xFF, 0x80, 0x01, 0x0B, 0x00, 0x80, 0xFC, 0x02, 0xFF, 0x80, 0x01, 0x12, 0x00,
    0x80, 0xFE, 0x03, 0xFF, 0x80, 0x02, 0x0B, 0x00, 0x80, 0xD0, 0x02, 0xFF, 0x80, 0x1F, 0x12, 0x00,
    0x80, 0xF4, 0x03, 0xFF, 0x80, 0x03, 0x0C, 0x00, 0x80, 0xFE, 0x02, 0xFF, 0x80, 0x01, 0x11, 0x00,
    0x80, 0x80, 0x03, 0xFF, 0x80, 0x07, 0x0C, 0x00, 0x80, 0xF0, 0x02, 0xFF, 0x80, 0x0F, 0x12, 0x00,
    0x80, 0xFD, 0x02, 0xFF, 0x80, 0x0B, 0x0C, 0x00, 0x80, 0x40, 0x03, 0xFF, 0x12, 0x00, 0x80, 0xF4,
    0x02, 0xFF, 0x80, 0x0F, 0x0D, 0x00, 0x80, 0xF4, 0x02, 0xFF, 0x80, 0x0F, 0x11, 0x00, 0x80, 0xF4,
    0x02, 0xFF, 0x80, 0x1F, 0x0D, 0x00, 0x80, 0x80, 0x03, 0xFF, 0x11, 0x00, 0x80, 0xF4, 0x02, 0xFF,
    0x80, 0x1F, 0x0E, 0x00, 0x80, 0xF8, 0x02, 0xFF, 0x80, 0x1F, 0x10, 0x00, 0x80, 0xF4, 0x02, 0xFF,
    0x80, 0x2F, 0x0E, 0x00, 0x80, 0xC0, 0x03, 0xFF, 0x80, 0x01, 0x0F, 0x00, 0x80, 0xF8, 0x02, 0xFF,
    0x80, 0x2F, 0x0F, 0x00, 0x80, 0xFD, 0x02, 0xFF, 0x80, 0x2F, 0x0F, 0x00, 0x80, 0xF8, 0x02, 0xFF,
    0x80, 0x2F, 0x0F, 0x00, 0x80, 0xD0, 0x03, 0xFF, 0x80, 0x06, 0x0E, 0x00, 0x80, 0xFD, 0x02, 0xFF,
    0x80, 0x2F, 0x10, 0x00, 0x80, 0xFD, 0x02, 0xFF, 0x80, 0x7F, 0x0E, 0x00, 0x80, 0xFE, 0x02, 0xFF,
    0x80, 0x2F, 0x10, 0x00, 0x80, 0xD0, 0x03, 0xFF, 0x80, 0x1B, 0x0C, 0x00, 0x80, 0x40, 0x03, 0xFF,
    0x80, 0x2F, 0x11, 0x00, 0x80, 0xFD, 0x03, 0xFF, 0x80, 0x02, 0x0B, 0x00, 0x80, 0x90, 0x03, 0xFF,
    0x80, 0x2F, 0x11, 0x00, 0x80, 0xC0, 0x03, 0xFF, 0x80, 0xBF, 0x0B, 0x00, 0x80, 0xE4, 0x03, 0xFF,
    0x80, 0x2F, 0x12, 0x00, 0x80, 0xF8, 0x03, 0xFF, 0x80, 0x6F, 0x0A, 0x00, 0x80, 0xF9, 0x03, 0xFF,
    0x80, 0x2F, 0x12, 0x00, 0x80, 0x80, 0x04, 0xFF, 0x80, 0x1B, 0x08, 0x00, 0x80, 0x40, 0x04, 0xFF,
    0x80, 0x1F, 0x13, 0x00, 0x80, 0xF4, 0x04, 0xFF, 0x80, 0x1B, 0x07, 0x00, 0x80, 0xE4, 0x04, 0xFF,
    0x80, 0x0B, 0x14, 0x00, 0x80, 0xFE, 0x04, 0xFF, 0x80, 0x5B, 0x05, 0x00, 0x81, 0x90, 0xFE, 0x04,
    0xFF, 0x80, 0x0B, 0x14, 0x00, 0x80, 0xD0, 0x05, 0xFF, 0x81, 0xBF, 0x16, 0x02, 0x00, 0x81, 0x95,
    0xFE, 0x05, 0xFF, 0x80, 0x06, 0x15, 0x00, 0x80, 0xF8, 0x0F, 0xFF, 0x80, 0x01, 0x15, 0x00, 0x81,
    0x40, 0xFE, 0x0D, 0xFF, 0x80, 0xBF, 0x17, 0x00, 0x80, 0x90, 0x0D, 0xFF, 0x80, 0x6F, 0x18, 0x00,
    0x80, 0xE4, 0x0C, 0xFF, 0x80, 0x1B, 0x19, 0x00, 0x80, 0xF9, 0x0B, 0xFF, 0x80, 0x02, 0x1A, 0x00,
    0x80, 0xF9, 0x09, 0xFF, 0x80, 0x6F, 0x1B, 0x00, 0x81, 0x40, 0xFA, 0x08, 0xFF, 0x80, 0x06, 0x1D,
    0x00, 0x80, 0xF9, 0x06, 0xFF, 0x80, 0x6B, 0x1F, 0x00, 0x81, 0x94, 0xFE, 0x03, 0xFF, 0x81, 0x6B,
    0x01, 0x21, 0x00, 0x82, 0x50, 0x55, 0x05, 0x0E, 0x00, 0x02, 0xFD, 0x06, 0x00, 0x00, 0x01, 0x00,
    0x01, 0xFF, 0x32, 0x00, 0x05, 0xFA, 0xD2, 0x0A, 0x00, 0x7F, 0x00, 0x13, 0x00, 0x80, 0x54, 0x02,
    0xAA, 0x81, 0x5A, 0x01, 0x35, 0x00, 0x81, 0x40, 0xE9, 0x04, 0xFF, 0x81, 0xBF, 0x06, 0x34, 0x00,
    0x80, 0xF9, 0x07, 0xFF, 0x80, 0x06, 0x32, 0x00, 0x80, 0xF9, 0x08, 0xFF, 0x81, 0xBF, 0x01, 0x30,
    0x00, 0x80, 0x90, 0x0A, 0xFF, 0x80, 0x6F, 0x30, 0x00, 0x80, 0xFE, 0x0B, 0xFF, 0x80, 0x07, 0x2E,
    0x00, 0x80, 0xE4, 0x0C, 0xFF, 0x80, 0xBF, 0x2D, 0x00, 0x81, 0x40, 0xFE, 0x0D, 0xFF, 0x80, 0x0B,
    0x2C, 0x00, 0x80, 0xE0, 0x0E, 0xFF, 0x80, 0x7F, 0x2C, 0x00, 0x80, 0xFD, 0x06, 0xFF, 0x02, 0xAA,
    0x80, 0xFE, 0x06, 0xFF, 0x80, 0x06, 0x2A, 0x00, 0x80, 0x80, 0x05, 0xFF, 0x81, 0x6F, 0x01, 0x03,
    0x00, 0x80, 0xA5, 0x05, 0xFF, 0x80, 0x2F, 0x2A, 0x00, 0x80, 0xF4, 0x04, 0xFF, 0x80, 0x6F, 0x06,
    0x00, 0x80, 0x94, 0x05, 0xFF, 0x80, 0x01, 0x29, 0x00, 0x80, 0xFE, 0x03, 0xFF, 0x81, 0xBF, 0x01,
    0x07, 0x00, 0x80, 0xE4, 0x04, 0xFF, 0x80, 0x07, 0x28, 0x00, 0x80, 0x80, 0x04, 0xFF, 0x80, 0x06,
    0x09, 0x00, 0x80, 0xFD, 0x03, 0xFF, 0x80, 0x2F, 0x28, 0x00, 0x80, 0xF4, 0x03, 0xFF, 0x80, 0x6F,
    0x0A, 0x00, 0x80, 0x90, 0x03, 0xFF, 0x80, 0xBF, 0x28, 0x00, 0x80, 0xFD, 0x03, 0xFF, 0x80, 0x06,
    0x0B, 0x00, 0x80, 0xFD, 0x03, 0xFF, 0x80, 0x07, 0x26, 0x00, 0x80, 0x40, 0x03, 0xFF, 0x80, 0x6F,
    0x0C, 0x00, 0x80, 0xD0, 0x03, 0xFF, 0x80, 0x1F, 0x26, 0x00, 0x80, 0xE0, 0x03, 0xFF, 0x80, 0x07,
    0x0D, 0x00, 0x80, 0xFE, 0x02, 0xFF, 0x80, 0x7F, 0x26, 0x00, 0x80, 0xF8, 0x02, 0xFF, 0x80, 0xBF,
    0x0E, 0x00, 0x80, 0xF4, 0x03, 0xFF, 0x80, 0x01, 0x25, 0x00, 0x80, 0xFE, 0x02, 0xFF, 0x80, 0x1F,
    0x0E, 0x00, 0x80, 0x80, 0x03, 0xFF, 0x80, 0x07, 0x24, 0x00, 0x80, 0x40, 0x03, 0xFF, 0x80, 0x0B,
    0x0F, 0x00, 0x80, 0xFD, 0x02, 0xFF, 0x80, 0x1F, 0x24, 0x00, 0x80, 0xD0, 0x03, 0xFF, 0x80, 0x0B,
    0x0F, 0x00, 0x80, 0xF4, 0x02, 0xFF, 0x80, 0x3F, 0x24, 0x00, 0x80, 0xF4, 0x03, 0xFF, 0x80, 0x0B,
    0x0F, 0x00, 0x80, 0xD0, 0x02, 0xFF, 0x80, 0xBF, 0x24, 0x00, 0x80, 0xFC, 0x03, 0xFF, 0x80, 0x0B,
    0x10, 0x00, 0x80, 0xFE, 0x02, 0xFF, 0x80, 0x02, 0x23, 0x00, 0x80, 0xFE, 0x03, 0xFF, 0x80, 0x0B,
    0x10, 0x00, 0x80, 0xF8, 0x02, 0xFF, 0x80, 0x07, 0x22, 0x00, 0x80, 0x40, 0x04, 0xFF, 0x80, 0x0B,
    0x10, 0x00, 0x80, 0xE0, 0x02, 0xFF, 0x80, 0x1F, 0x22, 0x00, 0x80, 0xD0, 0x04, 0xFF, 0x80, 0x0B,
    0x10, 0x00, 0x80, 0xC0, 0x02, 0xFF, 0x80, 0x3F, 0x22, 0x00, 0x80, 0xF0, 0x04, 0xFF, 0x80, 0x0B,
    0x11, 0x00, 0x02, 0xFF, 0x80, 0xBF, 0x22, 0x00, 0x80, 0xF8, 0x04, 0xFF, 0x80, 0x0B, 0x09, 0x00,
    0x02, 0x55, 0x80, 0x01, 0x05, 0x00, 0x80, 0xFD, 0x02, 0xFF, 0x80, 0x01, 0x21, 0x00, 0x80, 0xFD,
    0x02, 0xFF, 0x82, 0xFE, 0xFF, 0x0B, 0x08, 0x00, 0x80, 0x40, 0x02, 0xFF, 0x80, 0x03, 0x05, 0x00,
    0x80, 0xF4, 0x02, 0xFF, 0x80, 0x03, 0x21, 0x00, 0x85, 0xFE, 0xFF, 0x7F, 0xFE, 0xFF, 0x0B, 0x08,
    0x00, 0x80, 0x40, 0x02, 0xFF, 0x80, 0x03, 0x05, 0x00, 0x80, 0xE0, 0x02, 0xFF, 0x80, 0x07, 0x20,
    0x00, 0x80, 0x40, 0x02, 0xFF, 0x83, 0x2F, 0xFE, 0xFF, 0x0B, 0x08, 0x00, 0x80, 0x40, 0x02, 0xFF,
    0x80, 0x03, 0x05, 0x00, 0x80, 0xC0, 0x02, 0xFF, 0x80, 0x0F, 0x20, 0x00, 0x80, 0xC0, 0x02, 0xFF,
    0x83, 0x0F, 0xFE, 0xFF, 0x0B, 0x08, 0x00, 0x80, 0x40, 0x02, 0xFF, 0x80, 0x03, 0x05, 0x00, 0x80,
    0x40, 0x02, 0xFF, 0x80, 0x2F, 0x20, 0x00, 0x80, 0xD0, 0x02, 0xFF, 0x83, 0x07, 0xFE, 0xFF, 0x0B,
    0x08, 0x00, 0x80, 0x40, 0x02, 0xFF, 0x80, 0x03, 0x06, 0x00, 0x82, 0xFE, 0xFF, 0x3F, 0x20, 0x00,
    0x80, 0xF0, 0x02, 0xFF, 0x83, 0x02, 0xFE, 0xFF, 0x0B, 0x08, 0x00, 0x80, 0x40, 0x02, 0xFF, 0x80,
    0x03, 0x06, 0x00, 0x82, 0xFC, 0xFF, 0xBF, 0x20, 0x00, 0x80, 0xF4, 0x02, 0xFF, 0x83, 0x00, 0xFE,
    0xFF, 0x0B, 0x08, 0x00, 0x80, 0x40, 0x02, 0xFF, 0x80, 0x03, 0x06, 0x00, 0x80, 0xF4, 0x02, 0xFF,
    0x20, 0x00, 0x86, 0xFC, 0xFF, 0xBF, 0x00, 0xFE, 0xFF, 0x0B, 0x08, 0x00, 0x80, 0x40, 0x02, 0xFF,
    0x80, 0x03, 0x06, 0x00, 0x80, 0xE0, 0x02, 0xFF, 0x80, 0x02, 0x1F, 0x00, 0x86, 0xFD, 0xFF, 0x3F,
    0x00, 0xFE, 0xFF, 0x0B, 0x08, 0x00, 0x80, 0x40, 0x02, 0xFF, 0x80, 0x03, 0x06, 0x00, 0x80, 0xD0,
    0x02, 0xFF, 0x80, 0x03, 0x1F, 0x00, 0x86, 0xFE, 0xFF, 0x1F, 0x00, 0xFE, 0xFF, 0x0B, 0x08, 0x00,
    0x80, 0x40, 0x02, 0xFF, 0x80, 0x03, 0x06, 0x00, 0x80, 0x80, 0x02, 0xFF, 0x80, 0x07, 0x1F, 0x00,
    0x02, 0xFF, 0x84, 0x0F, 0x00, 0xFE, 0xFF, 0x0B, 0x08, 0x00, 0x80, 0x40, 0x02, 0xFF, 0x80, 0x03,
    0x06, 0x00, 0x80, 0x40, 0x02, 0xFF, 0x80, 0x0B, 0x1E, 0x00, 0x80, 0x40, 0x02, 0xFF, 0x84, 0x0B,
    0x00, 0xFE, 0xFF, 0x0B, 0x08, 0x00, 0x80, 0x40, 0x02, 0xFF, 0x80, 0x03, 0x07, 0x00, 0x82, 0xFE,
    0xFF, 0x1F, 0x1E, 0x00, 0x80, 0x80, 0x02, 0xFF, 0x84, 0x03, 0x00, 0xFE, 0xFF, 0x0B, 0x08, 0x00,
    0x80, 0x40, 0x02, 0xFF, 0x80, 0x03, 0x07, 0x00, 0x82, 0xFD, 0xFF, 0x2F, 0x1E, 0x00, 0x80, 0xC0,
    0x02, 0xFF, 0x84, 0x02, 0x00, 0xFE, 0xFF, 0x0B, 0x08, 0x00, 0x80, 0x40, 0x02, 0xFF, 0x80, 0x03,
    0x02, 0x00, 0x80, 0xD0, 0x02, 0xFF, 0x84, 0x1F, 0x00, 0xFC, 0xFF, 0x3F, 0x1E, 0x00, 0x80, 0xD0,
    0x02, 0xFF, 0x84, 0x01, 0x00, 0xFE, 0xFF, 0x0B, 0x08, 0x00, 0x80, 0x40, 0x02, 0xFF, 0x80, 0x03,
    0x02, 0x00, 0x80, 0xF4, 0x02, 0xFF, 0x84, 0x0B, 0x00, 0xF8, 0xFF, 0x7F, 0x1E, 0x00, 0x80, 0xE0,
    0x02, 0xFF, 0x02, 0x00, 0x82, 0xFE, 0xFF, 0x0B, 0x08, 0x00, 0x80, 0x40, 0x02, 0xFF, 0x80, 0x03,
    0x02, 0x00, 0x80, 0xFC, 0x02, 0xFF, 0x84, 0x03, 0x00, 0xF4, 0xFF, 0x7F, 0x1E, 0x00, 0x82, 0xF0,
    0xFF, 0xBF, 0x02, 0x00, 0x82, 0xFE, 0xFF, 0x0B, 0x08, 0x00, 0x80, 0x40, 0x02, 0xFF, 0x80, 0x03,
    0x02, 0x00, 0x80, 0xFE, 0x02, 0xFF, 0x84, 0x01, 0x00, 0xF0, 0xFF, 0xBF, 0x1E, 0x00, 0x82, 0xF4,
    0xFF, 0x7F, 0x02, 0x00, 0x85, 0xFE, 0xFF, 0x0B, 0x00, 0xA5, 0x5A, 0x05, 0x00, 0x80, 0x40, 0x02,
    0xFF, 0x82, 0x03, 0x00, 0x80, 0x02, 0xFF, 0x80, 0x7F, 0x02, 0x00, 0x80, 0xE0, 0x02, 0xFF, 0x1E,
    0x00, 0x82, 0xF8, 0xFF, 0x3F, 0x02, 0x00, 0x83, 0xFE, 0xFF, 0x0B, 0xF9, 0x02, 0xFF, 0x80, 0x1B,
    0x04, 0x00, 0x80, 0x40, 0x02, 0xFF, 0x82, 0x03, 0x00, 0xD0, 0x02, 0xFF, 0x80, 0x2F, 0x02, 0x00,
    0x80, 0xD0, 0x02, 0xFF, 0x80, 0x01, 0x1D, 0x00, 0x82, 0xF8, 0xFF, 0x2F, 0x02, 0x00, 0x82, 0xFE,
    0xFF, 0x9B, 0x04, 0xFF, 0x80, 0x01, 0x03, 0x00, 0x80, 0x40, 0x02, 0xFF, 0x82, 0x03, 0x00, 0xF4,
    0x02, 0xFF, 0x80, 0x0B, 0x02, 0x00, 0x80, 0xC0, 0x02, 0xFF, 0x80, 0x01, 0x1D, 0x00, 0x82, 0xFC,
    0xFF, 0x2F, 0x02, 0x00, 0x80, 0xFE, 0x06, 0xFF, 0x80, 0x1F, 0x03, 0x00, 0x80, 0x40, 0x02, 0xFF,
    0x82, 0x03, 0x00, 0xFC, 0x02, 0xFF, 0x80, 0x03, 0x02, 0x00, 0x80, 0xC0, 0x02, 0xFF, 0x80, 0x02,
    0x1D, 0x00, 0x82, 0xFC, 0xFF, 0x1F, 0x02, 0x00, 0x80, 0xFE, 0x06, 0xFF, 0x80, 0xBF, 0x03, 0x00,
    0x80, 0x40, 0x02, 0xFF, 0x82, 0x03, 0x00, 0xFE, 0x02, 0xFF, 0x80, 0x01, 0x02, 0x00, 0x80, 0x80,
    0x02, 0xFF, 0x80, 0x03, 0x1D, 0x00, 0x82, 0xFD, 0xFF, 0x0F, 0x02, 0x00, 0x80, 0xFE, 0x07, 0xFF,
    0x80, 0x02, 0x02, 0x00, 0x80, 0x40, 0x02, 0xFF, 0x81, 0x03, 0x80, 0x02, 0xFF, 0x80, 0x7F, 0x03,
    0x00, 0x80, 0x40, 0x02, 0xFF, 0x80, 0x03, 0x1D, 0x00, 0x82, 0xFD, 0xFF, 0x0F, 0x02, 0x00, 0x80,
    0xFE, 0x07, 0xFF, 0x80, 0x0B, 0x02, 0x00, 0x80, 0x40, 0x02, 0xFF, 0x81, 0x03, 0xD0, 0x02, 0xFF,
    0x80, 0x2F, 0x03, 0x00, 0x80, 0x40, 0x02, 0xFF, 0x80, 0x07, 0x1D, 0x00, 0x82, 0xFE, 0xFF, 0x0B,
    0x02, 0x00, 0x80, 0xFE, 0x07, 0xFF, 0x80, 0x2F, 0x02, 0x00, 0x80, 0x40, 0x02, 0xFF, 0x81, 0x03,
    0xF4, 0x02, 0xFF, 0x80, 0x0B, 0x04, 0x00, 0x02, 0xFF, 0x80, 0x07, 0x1D, 0x00, 0x82, 0xFE, 0xFF,
    0x0B, 0x02, 0x00, 0x80, 0xFE, 0x07, 0xFF, 0x80, 0x7F, 0x02, 0x00, 0x80, 0x40, 0x02, 0xFF, 0x81,
    0x03, 0xFC, 0x02, 0xFF, 0x80, 0x03, 0x04, 0x00, 0x02, 0xFF, 0x80, 0x07, 0x1D, 0x00, 0x02, 0xFF,
    0x80, 0x0B, 0x02, 0x00, 0x80, 0xFE, 0x03, 0xFF, 0x81, 0xAF, 0xFE, 0x03, 0xFF, 0x02, 0x00, 0x80,
    0x40, 0x02, 0xFF, 0x81, 0x03, 0xFE, 0x02, 0xFF, 0x80, 0x01, 0x04, 0x00, 0x82, 0xFE, 0xFF, 0x0B,
    0x1D, 0x00, 0x02, 0xFF, 0x80, 0x07, 0x02, 0x00, 0x80, 0xFE, 0x02, 0xFF, 0x82, 0xBF, 0x01, 0x40,
    0x03, 0xFF, 0x82, 0x02, 0x00, 0x40, 0x02, 0xFF, 0x80, 0x83, 0x02, 0xFF, 0x80, 0x7F, 0x05, 0x00,
    0x82, 0xFE, 0xFF, 0x0B, 0x1D, 0x00, 0x02, 0xFF, 0x80, 0x07, 0x02, 0x00, 0x80, 0xFE, 0x02, 0xFF,
    0x80, 0x1B, 0x02, 0x00, 0x80, 0xF8, 0x02, 0xFF, 0x82, 0x03, 0x00, 0x40, 0x02, 0xFF, 0x80, 0xD3,
    0x02, 0xFF, 0x80, 0x2F, 0x05, 0x00, 0x82, 0xFE, 0xFF, 0x0B, 0x1D, 0x00, 0x02, 0xFF, 0x80, 0x07,
    0x02, 0x00, 0x80, 0xFE, 0x02, 0xFF, 0x80, 0x02, 0x02, 0x00, 0x80, 0xD0, 0x02, 0xFF, 0x82, 0x0B,
    0x00, 0x40, 0x02, 0xFF, 0x80, 0xF7, 0x02, 0xFF, 0x80, 0x0B, 0x05, 0x00, 0x82, 0xFE, 0xFF, 0x0B,
    0x1D, 0x00, 0x02, 0xFF, 0x80, 0x07, 0x02, 0x00, 0x82, 0xFE, 0xFF, 0xBF, 0x03, 0x00, 0x80, 0x80,
    0x02, 0xFF, 0x82, 0x0F, 0x00, 0x40, 0x05, 0xFF, 0x80, 0x0B, 0x05, 0x00, 0x82, 0xFD, 0xFF, 0x0B,
    0x1D, 0x00, 0x02, 0xFF, 0x80, 0x03, 0x02, 0x00, 0x82, 0xFE, 0xFF, 0x3F, 0x04, 0x00, 0x02, 0xFF,
    0x82, 0x1F, 0x00, 0x40, 0x05, 0xFF, 0x80, 0x1F, 0x05, 0x00, 0x82, 0xFD, 0xFF, 0x0F, 0x1D, 0x00,
    0x02, 0xFF, 0x80, 0x03, 0x02, 0x00, 0x82, 0xFE, 0xFF, 0x2F, 0x04, 0x00, 0x84, 0xFD, 0xFF, 0x1F,
    0x00, 0x40, 0x05, 0xFF, 0x80, 0x2F, 0x05, 0x00, 0x82, 0xFD, 0xFF, 0x0F, 0x1D, 0x00, 0x02, 0xFF,
    0x80, 0x07, 0x02, 0x00, 0x82, 0xFE, 0xFF, 0x1F, 0x04, 0x00, 0x84, 0xFC, 0xFF, 0x2F, 0x00, 0x40,
    0x05, 0xFF, 0x80, 0x7F, 0x05, 0x00, 0x82, 0xFD, 0xFF, 0x0F, 0x1D, 0x00, 0x02, 0xFF, 0x80, 0x07,
    0x02, 0x00, 0x82, 0xFE, 0xFF, 0x0F, 0x04, 0x00, 0x84, 0xF8, 0xFF, 0x2F, 0x00, 0x40, 0x05, 0xFF,
    0x80, 0xBF, 0x05, 0x00, 0x82, 0xFE, 0xFF, 0x0B, 0x1D, 0x00, 0x02, 0xFF, 0x80, 0x07, 0x02, 0x00,
    0x82, 0xFE, 0xFF, 0x0B, 0x04, 0x00, 0x84, 0xF4, 0xFF, 0x3F, 0x00, 0x40, 0x06, 0xFF, 0x80, 0x01,
    0x04, 0x00, 0x82, 0xFE, 0xFF, 0x0B, 0x1D, 0x00, 0x02, 0xFF, 0x80, 0x07, 0x02, 0x00, 0x82, 0xFE,
    0xFF, 0x0B, 0x04, 0x00, 0x84, 0xF4, 0xFF, 0x3F, 0x00, 0x40, 0x06, 0xFF, 0x80, 0x02, 0x04, 0x00,
    0x82, 0xFE, 0xFF, 0x0B, 0x1D, 0x00, 0x02, 0xFF, 0x80, 0x07, 0x02, 0x00, 0x82, 0xFE, 0xFF, 0x0B,
    0x04, 0x00, 0x84, 0xF4, 0xFF, 0x3F, 0x00, 0x40, 0x06, 0xFF, 0x80, 0x07, 0x04, 0x00, 0x82, 0xFE,
    0xFF, 0x0B, 0x1D, 0x00, 0x82, 0xFE, 0xFF, 0x0B, 0x02, 0x00, 0x82, 0xFE, 0xFF, 0x0F, 0x04, 0x00,
    0x84, 0xF8, 0xFF, 0x2F, 0x00, 0x40, 0x03, 0xFF, 0x80, 0xAF, 0x02, 0xFF, 0x80, 0x0B, 0x04, 0x00,
    0x02, 0xFF, 0x80, 0x0B, 0x1D, 0x00, 0x82, 0xFE, 0xFF, 0x0B, 0x02, 0x00, 0x82, 0xFD, 0xFF, 0x0F,
    0x04, 0x00, 0x84, 0xFC, 0xFF, 0x2F, 0x00, 0x40, 0x03, 0xFF, 0x80, 0x0B, 0x02, 0xFF, 0x80, 0x1F,
    0x04, 0x00, 0x02, 0xFF, 0x80, 0x07, 0x1D, 0x00, 0x82, 0xFE, 0xFF, 0x0F, 0x02, 0x00, 0x82, 0xFD,
    0xFF, 0x1F, 0x04, 0x00, 0x84, 0xFD, 0xFF, 0x1F, 0x00, 0x40, 0x03, 0xFF, 0x83, 0x03, 0xFE, 0xFF,
    0x2F, 0x04, 0x00, 0x02, 0xFF, 0x80, 0x07, 0x1D, 0x00, 0x82, 0xFD, 0xFF, 0x0F, 0x02, 0x00, 0x82,
    0xFC, 0xFF, 0x3F, 0x04, 0x00, 0x84, 0xFE, 0xFF, 0x1F, 0x00, 0x40, 0x03, 0xFF, 0x83, 0x01, 0xFC,
    0xFF, 0x7F, 0x03, 0x00, 0x80, 0x40, 0x02, 0xFF, 0x80, 0x03, 0x1D, 0x00, 0x82, 0xFD, 0xFF, 0x1F,
    0x02, 0x00, 0x82, 0xF8, 0xFF, 0xBF, 0x03, 0x00, 0x80, 0x40, 0x02, 0xFF, 0x82, 0x0F, 0x00, 0x40,
    0x02, 0xFF, 0x84, 0x7F, 0x00, 0xF8, 0xFF, 0xBF, 0x03, 0x00, 0x80, 0x40, 0x02, 0xFF, 0x80, 0x03,
    0x1D, 0x00, 0x82, 0xFC, 0xFF, 0x1F, 0x02, 0x00, 0x80, 0xF4, 0x02, 0xFF, 0x80, 0x01, 0x02, 0x00,
    0x80, 0xD0, 0x02, 0xFF, 0x82, 0x0B, 0x00, 0x40, 0x02, 0xFF, 0x82, 0x2F, 0x00, 0xF0, 0x02, 0xFF,
    0x80, 0x01, 0x02, 0x00, 0x80, 0x80, 0x02, 0xFF, 0x80, 0x02, 0x1D, 0x00, 0x82, 0xFC, 0xFF, 0x2F,
    0x02, 0x00, 0x80, 0xF0, 0x02, 0xFF, 0x80, 0x0B, 0x02, 0x00, 0x80, 0xF4, 0x02, 0xFF, 0x82, 0x07,
    0x00, 0x40, 0x02, 0xFF, 0x82, 0x0B, 0x00, 0xE0, 0x02, 0xFF, 0x80, 0x02, 0x02, 0x00, 0x80, 0xC0,
    0x02, 0xFF, 0x80, 0x02, 0x1D, 0x00, 0x82, 0xF8, 0xFF, 0x3F, 0x02, 0x00, 0x80, 0xD0, 0x02, 0xFF,
    0x83, 0x6F, 0x00, 0x40, 0xFE, 0x02, 0xFF, 0x82, 0x02, 0x00, 0x40, 0x02, 0xFF, 0x82, 0x07, 0x00,
    0xC0, 0x02, 0xFF, 0x80, 0x07, 0x02, 0x00, 0x80, 0xC0, 0x02, 0xFF, 0x80, 0x01, 0x1D, 0x00, 0x82,
    0xF4, 0xFF, 0x3F, 0x02, 0x00, 0x80, 0xC0, 0x03, 0xFF, 0x81, 0x5B, 0xF9, 0x03, 0xFF, 0x82, 0x01,
    0x00, 0x40, 0x02, 0xFF, 0x82, 0x03, 0x00, 0x80, 0x02, 0xFF, 0x80, 0x0B, 0x02, 0x00, 0x80, 0xD0,
    0x02, 0xFF, 0x80, 0x01, 0x1D, 0x00, 0x82, 0xF4, 0xFF, 0x7F, 0x02, 0x00, 0x80, 0x40, 0x07, 0xFF,
    0x80, 0xBF, 0x02, 0x00, 0x80, 0x40, 0x02, 0xFF, 0x80, 0x03, 0x02, 0x00, 0x02, 0xFF, 0x80, 0x1F,
    0x02, 0x00, 0x80, 0xE0, 0x02, 0xFF, 0x1E, 0x00, 0x82, 0xF0, 0xFF, 0xBF, 0x03, 0x00, 0x80, 0xFE,
    0x06, 0xFF, 0x80, 0x2F, 0x02, 0x00, 0x80, 0x40, 0x02, 0xFF, 0x80, 0x03, 0x02, 0x00, 0x82, 0xFE,
    0xFF, 0x2F, 0x02, 0x00, 0x82, 0xF0, 0xFF, 0xBF, 0x1E, 0x00, 0x80, 0xE0, 0x02, 0xFF, 0x03, 0x00,
    0x80, 0xF8, 0x06, 0xFF, 0x80, 0x0F, 0x02, 0x00, 0x80, 0x40, 0x02, 0xFF, 0x80, 0x03, 0x02, 0x00,
    0x82, 0xFC, 0xFF, 0x7F, 0x02, 0x00, 0x82, 0xF4, 0xFF, 0x7F, 0x1E, 0x00, 0x80, 0xD0, 0x02, 0xFF,
    0x80, 0x01, 0x02, 0x00, 0x80, 0xE0, 0x06, 0xFF, 0x80, 0x03, 0x02, 0x00, 0x80, 0x40, 0x02, 0xFF,
    0x80, 0x03, 0x02, 0x00, 0x82, 0xF8, 0xFF, 0xBF, 0x02, 0x00, 0x82, 0xF8, 0xFF, 0x3F, 0x1E, 0x00,
    0x80, 0xC0, 0x02, 0xFF, 0x80, 0x03, 0x02, 0x00, 0x80, 0x80, 0x05, 0xFF, 0x80, 0xBF, 0x03, 0x00,
    0x80, 0x40, 0x02, 0xFF, 0x80, 0x03, 0x02, 0x00, 0x80, 0xF0, 0x02, 0xFF, 0x84, 0x01, 0x00, 0xFC,
    0xFF, 0x2F, 0x1E, 0x00, 0x80, 0x80, 0x02, 0xFF, 0x80, 0x07, 0x03, 0x00, 0x80, 0xFD, 0x04, 0xFF,
    0x80, 0x2F, 0x03, 0x00, 0x80, 0x40, 0x02, 0xFF, 0x80, 0x03, 0x02, 0x00, 0x80, 0xE0, 0x02, 0xFF,
    0x84, 0x02, 0x00, 0xFE, 0xFF, 0x1F, 0x1E, 0x00, 0x80, 0x40, 0x02, 0xFF, 0x80, 0x0B, 0x03, 0x00,
    0x80, 0xE0, 0x04, 0xFF, 0x80, 0x06, 0x03, 0x00, 0x80, 0x40, 0x02, 0xFF, 0x80, 0x03, 0x02, 0x00,
    0x80, 0xD0, 0x02, 0xFF, 0x81, 0x07, 0x00, 0x02, 0xFF, 0x80, 0x0F, 0x1F, 0x00, 0x02, 0xFF, 0x80,
    0x1F, 0x04, 0x00, 0x80, 0xFE, 0x02, 0xFF, 0x80, 0x6F, 0x04, 0x00, 0x80, 0x40, 0x02, 0xFF, 0x80,
    0x03, 0x02, 0x00, 0x80, 0x80, 0x02, 0xFF, 0x81, 0x0B, 0x40, 0x02, 0xFF, 0x80, 0x0B, 0x1F, 0x00,
    0x82, 0xFE, 0xFF, 0x2F, 0x04, 0x00, 0x83, 0x50, 0xFA, 0x6B, 0x01, 0x05, 0x00, 0x02, 0x55, 0x80,
    0x01, 0x02, 0x00, 0x80, 0x40, 0x02, 0xFF, 0x81, 0x1F, 0xC0, 0x02, 0xFF, 0x80, 0x07, 0x1F, 0x00,
    0x82, 0xFC, 0xFF, 0x7F, 0x13, 0x00, 0x83, 0xFE, 0xFF, 0x2F, 0xD0, 0x02, 0xFF, 0x80, 0x03, 0x1F,
    0x00, 0x82, 0xF8, 0xFF, 0xBF, 0x13, 0x00, 0x83, 0xFD, 0xFF, 0x7F, 0xF0, 0x02, 0xFF, 0x80, 0x01,
    0x1F, 0x00, 0x80, 0xF4, 0x02, 0xFF, 0x80, 0x01, 0x12, 0x00, 0x83, 0xF8, 0xFF, 0xBF, 0xF8, 0x02,
    0xFF, 0x20, 0x00, 0x80, 0xE0, 0x02, 0xFF, 0x80, 0x03, 0x12, 0x00, 0x80, 0xF4, 0x02, 0xFF, 0x82,
    0xFD, 0xFF, 0x7F, 0x20, 0x00, 0x80, 0xD0, 0x02, 0xFF, 0x80, 0x0B, 0x12, 0x00, 0x80, 0xE0, 0x04,
    0xFF, 0x80, 0x3F, 0x20, 0x00, 0x80, 0x80, 0x02, 0xFF, 0x80, 0x1F, 0x12, 0x00, 0x80, 0xD0, 0x04,
    0xFF, 0x80, 0x1F, 0x21, 0x00, 0x02, 0xFF, 0x80, 0x3F, 0x12, 0x00, 0x80, 0x80, 0x04, 0xFF, 0x80,
    0x0B, 0x21, 0x00, 0x82, 0xFE, 0xFF, 0xBF, 0x12, 0x00, 0x80, 0x40, 0x04, 0xFF, 0x80, 0x07, 0x21,
    0x00, 0x80, 0xFC, 0x02, 0xFF, 0x80, 0x01, 0x12, 0x00, 0x80, 0xFE, 0x03, 0xFF, 0x80, 0x02, 0x21,
    0x00, 0x80, 0xF4, 0x02, 0xFF, 0x80, 0x07, 0x12, 0x00, 0x80, 0xFD, 0x03, 0xFF, 0x22, 0x00, 0x80,
    0xE0, 0x02, 0xFF, 0x80, 0x1F, 0x12, 0x00, 0x80, 0xF8, 0x02, 0xFF, 0x80, 0x7F, 0x22, 0x00, 0x80,
    0xC0, 0x02, 0xFF, 0x80, 0x3F, 0x12, 0x00, 0x80, 0xF4, 0x02, 0xFF, 0x80, 0x2F, 0x22, 0x00, 0x80,
    0x40, 0x03, 0xFF, 0x12, 0x00, 0x80, 0xF4, 0x02, 0xFF, 0x80, 0x0F, 0x23, 0x00, 0x80, 0xFD, 0x02,
    0xFF, 0x80, 0x03, 0x11, 0x00, 0x80, 0xFD, 0x02, 0xFF, 0x80, 0x07, 0x23, 0x00, 0x80, 0xF8, 0x02,
    0xFF, 0x80, 0x0F, 0x10, 0x00, 0x80, 0x40, 0x03, 0xFF, 0x80, 0x01, 0x23, 0x00, 0x80, 0xE0, 0x02,
    0xFF, 0x80, 0x7F, 0x10, 0x00, 0x80, 0xD0, 0x02, 0xFF, 0x80, 0xBF, 0x24, 0x00, 0x80, 0xC0, 0x03,
    0xFF, 0x80, 0x01, 0x0F, 0x00, 0x80, 0xF8, 0x02, 0xFF, 0x80, 0x2F, 0x24, 0x00, 0x80, 0x40, 0x03,
    0xFF, 0x80, 0x0B, 0x0F, 0x00, 0x80, 0xFE, 0x02, 0xFF, 0x80, 0x0B, 0x25, 0x00, 0x80, 0xFD, 0x02,
    0xFF, 0x80, 0x6F, 0x0E, 0x00, 0x80, 0xD0, 0x03, 0xFF, 0x80, 0x02, 0x25, 0x00, 0x80, 0xF4, 0x03,
    0xFF, 0x80, 0x01, 0x0D, 0x00, 0x80, 0xF8, 0x02, 0xFF, 0x80, 0xBF, 0x26, 0x00, 0x80, 0xD0, 0x03,
    0xFF, 0x80, 0x1B, 0x0C, 0x00, 0x80, 0x40, 0x03, 0xFF, 0x80, 0x2F, 0x26, 0x00, 0x80, 0x40, 0x03,
    0xFF, 0x80, 0xBF, 0x0C, 0x00, 0x80, 0xE4, 0x03, 0xFF, 0x80, 0x0B, 0x27, 0x00, 0x80, 0xFC, 0x03,
    0xFF, 0x80, 0x0B, 0x0A, 0x00, 0x81, 0x40, 0xFE, 0x03, 0xFF, 0x80, 0x02, 0x27, 0x00, 0x80, 0xE0,
    0x03, 0xFF, 0x81, 0xBF, 0x01, 0x09, 0x00, 0x80, 0xE4, 0x03, 0xFF, 0x80, 0xBF, 0x28, 0x00, 0x80,
    0x80, 0x04, 0xFF, 0x80, 0x1B, 0x08, 0x00, 0x80, 0x40, 0x04, 0xFF, 0x80, 0x1F, 0x29, 0x00, 0x80,
    0xFD, 0x04, 0xFF, 0x80, 0x06, 0x07, 0x00, 0x80, 0xF9, 0x04, 0xFF, 0x80, 0x02, 0x29, 0x00, 0x80,
    0xE0, 0x04, 0xFF, 0x81, 0xBF, 0x05, 0x05, 0x00, 0x80, 0xE9, 0x04, 0xFF, 0x80, 0xBF, 0x2A, 0x00,
    0x80, 0x40, 0x06, 0xFF, 0x80, 0x5A, 0x02, 0x00, 0x81, 0x54, 0xFA, 0x05, 0xFF, 0x80, 0x1B, 0x2B,
    0x00, 0x80, 0xF8, 0x0F, 0xFF, 0x80, 0x01, 0x2B, 0x00, 0x80, 0x90, 0x0E, 0xFF, 0x80, 0x2F, 0x2D,
    0x00, 0x80, 0xF9, 0x0D, 0xFF, 0x80, 0x06, 0x2D, 0x00, 0x80, 0x90, 0x0C, 0xFF, 0x80, 0x6F, 0x2F,
    0x00, 0x80, 0xF9, 0x0B, 0xFF, 0x80, 0x02, 0x2F, 0x00, 0x81, 0x40, 0xFE, 0x09, 0xFF, 0x80, 0x1B,
    0x31, 0x00, 0x80, 0xA4, 0x08, 0xFF, 0x80, 0x6F, 0x33, 0x00, 0x80, 0xE4, 0x06, 0xFF, 0x81, 0xAF,
    0x01, 0x34, 0x00, 0x81, 0x94, 0xFE, 0x03, 0xFF, 0x81, 0x6B, 0x01, 0x37, 0x00, 0x82, 0x54, 0x55,
    0x01, 0x7F, 0x00, 0x7F, 0x00, 0x7F, 0x00, 0x7F, 0x00, 0x7A, 0x00, 0x02, 0xFD, 0x06, 0x00, 0x00,
    0x01, 0x00, 0x01, 0xFF, 0x28, 0x00, 0x05, 0xFA, 0xD2, 0x0A, 0x00, 0x7F, 0x00, 0x13, 0x00, 0x80,
    0x54, 0x02, 0xAA, 0x81, 0x5A, 0x01, 0x35, 0x00, 0x81, 0x40, 0xE9, 0x04, 0xFF, 0x81, 0xBF, 0x06,
    0x34, 0x00, 0x80, 0xF9, 0x07, 0xFF, 0x80, 0x06, 0x32, 0x00, 0x80, 0xF9, 0x08, 0xFF, 0x81, 0xBF,
    0x01, 0x30, 0x00, 0x80, 0x90, 0x0A, 0xFF, 0x80, 0x6F, 0x30, 0x00, 0x80, 0xFE, 0x0B, 0xFF, 0x80,
    0x07, 0x2E, 0x00, 0x80, 0xE4, 0x0C, 0xFF, 0x80, 0xBF, 0x2D, 0x00, 0x81, 0x40, 0xFE, 0x0D, 0xFF,
    0x80, 0x0B, 0x2C, 0x00, 0x80, 0xE0, 0x0E, 0xFF, 0x80, 0x7F, 0x2C, 0x00, 0x80, 0xFD, 0x06, 0xFF,
    0x02, 0xAA, 0x80, 0xFE, 0x06, 0xFF, 0x80, 0x06, 0x2A, 0x00, 0x80, 0x80, 0x05, 0xFF, 0x81, 0x6F,
    0x01, 0x03, 0x00, 0x80, 0xA5, 0x05, 0xFF, 0x80, 0x2F, 0x2A, 0x00, 0x80, 0xF4, 0x04, 0xFF, 0x80,
    0x6F, 0x06, 0x00, 0x80, 0x94, 0x05, 0xFF, 0x80, 0x01, 0x29, 0x00, 0x80, 0xFE, 0x03, 0xFF, 0x81,
    0xBF, 0x01, 0x07, 0x00, 0x80, 0xE4, 0x04, 0xFF, 0x80, 0x07, 0x28, 0x00, 0x80, 0x80, 0x04, 0xFF,
    0x80, 0x06, 0x09, 0x00, 0x80, 0xFD, 0x03, 0xFF, 0x80, 0x2F, 0x28, 0x00, 0x80, 0xF4, 0x03, 0xFF,
    0x80, 0x6F, 0x0A, 0x00, 0x80, 0x90, 0x03, 0xFF, 0x80, 0xBF, 0x28, 0x00, 0x80, 0xFD, 0x03, 0xFF,
    0x80, 0x06, 0x0B, 0x00, 0x80, 0xFD, 0x03, 0xFF, 0x80, 0x07, 0x26, 0x00, 0x80, 0x40, 0x03, 0xFF,
    0x80, 0x6F, 0x0C, 0x00, 0x80, 0xD0, 0x03, 0xFF, 0x80, 0x1F, 0x26, 0x00, 0x80, 0xE0, 0x03, 0xFF,
    0x80, 0x07, 0x0D, 0x00, 0x80, 0xFE, 0x02, 0xFF, 0x80, 0x7F, 0x26, 0x00, 0x80, 0xF8, 0x02, 0xFF,
    0x80, 0xBF, 0x0E, 0x00, 0x80, 0xF4, 0x03, 0xFF, 0x80, 0x01, 0x25, 0x00, 0x80, 0xFE, 0x02, 0xFF,
    0x80, 0x1F, 0x0E, 0x00, 0x80, 0x80, 0x03, 0xFF, 0x80, 0x07, 0x24, 0x00, 0x80, 0x40, 0x03, 0xFF,
    0x80, 0x0B, 0x0F, 0x00, 0x80, 0xFD, 0x02, 0xFF, 0x80, 0x1F, 0x24, 0x00, 0x80, 0xD0, 0x03, 0xFF,
    0x80, 0x0B, 0x0F, 0x00, 0x80, 0xF4, 0x02, 0xFF, 0x80, 0x3F, 0x24, 0x00, 0x80, 0xF4, 0x03, 0xFF,
    0x80, 0x0B, 0x0F, 0x00, 0x80, 0xD0, 0x02, 0xFF, 0x80, 0xBF, 0x24, 0x00, 0x80, 0xFC, 0x03, 0xFF,
    0x80, 0x0B, 0x10, 0x00, 0x80, 0xFE, 0x02, 0xFF, 0x80, 0x02, 0x23, 0x00, 0x80, 0xFE, 0x03, 0xFF,
    0x80, 0x0B, 0x10, 0x00, 0x80, 0xF8, 0x02, 0xFF, 0x80, 0x07, 0x22, 0x00, 0x80, 0x40, 0x04, 0xFF,
    0x80, 0x0B, 0x10, 0x00, 0x80, 0xE0, 0x02, 0xFF, 0x80, 0x1F, 0x22, 0x00, 0x80, 0xD0, 0x04, 0xFF,
    0x80, 0x0B, 0x10, 0x00, 0x80, 0xC0, 0x02, 0xFF, 0x80, 0x3F, 0x22, 0x00, 0x80, 0xF0, 0x04, 0xFF,
    0x80, 0x0B, 0x11, 0x00, 0x02, 0xFF, 0x80, 0xBF, 0x22, 0x00, 0x80, 0xF8, 0x04, 0xFF, 0x80, 0x0B,
    0x09, 0x00, 0x02, 0x55, 0x80, 0x01, 0x05, 0x00, 0x80, 0xFD, 0x02, 0xFF, 0x80, 0x01, 0x21, 0x00,
    0x80, 0xFD, 0x02, 0xFF, 0x82, 0xFE, 0xFF, 0x0B, 0x08, 0x00, 0x80, 0x40, 0x02, 0xFF, 0x80, 0x03,
    0x05, 0x00, 0x80, 0xF4, 0x02, 0xFF, 0x80, 0x03, 0x21, 0x00, 0x85, 0xFE, 0xFF, 0x7F, 0xFE, 0xFF,
    0x0B, 0x08, 0x00, 0x80, 0x40, 0x02, 0xFF, 0x80, 0x03, 0x05, 0x00, 0x80, 0xE0, 0x02, 0xFF, 0x80,
    0x07, 0x20, 0x00, 0x80, 0x40, 0x02, 0xFF, 0x83, 0x2F, 0xFE, 0xFF, 0x0B, 0x08, 0x00, 0x80, 0x40,
    0x02, 0xFF, 0x80, 0x03, 0x05, 0x00, 0x80, 0xC0, 0x02, 0xFF, 0x80, 0x0F, 0x20, 0x00, 0x80, 0xC0,
    0x02, 0xFF, 0x83, 0x0F, 0xFE, 0xFF, 0x0B, 0x08, 0x00, 0x80, 0x40, 0x02, 0xFF, 0x80, 0x03, 0x05,
    0x00, 0x80, 0x40, 0x02, 0xFF, 0x80, 0x2F, 0x20, 0x00, 0x80, 0xD0, 0x02, 0xFF, 0x83, 0x07, 0xFE,
    0xFF, 0x0B, 0x08, 0x00, 0x80, 0x40, 0x02, 0xFF, 0x80, 0x03, 0x06, 0x00, 0x82, 0xFE, 0xFF, 0x3F,
    0x20, 0x00, 0x80, 0xF0, 0x02, 0xFF, 0x83, 0x02, 0xFE, 0xFF, 0x0B, 0x08, 0x00, 0x80, 0x40, 0x02,
    0xFF, 0x80, 0x03, 0x06, 0x00, 0x82, 0xFC, 0xFF, 0xBF, 0x20, 0x00, 0x80, 0xF4, 0x02, 0xFF, 0x83,
    0x00, 0xFE, 0xFF, 0x0B, 0x08, 0x00, 0x80, 0x40, 0x02, 0xFF, 0x80, 0x03, 0x06, 0x00, 0x80, 0xF4,
    0x02, 0xFF, 0x20, 0x00, 0x86, 0xFC, 0xFF, 0xBF, 0x00, 0xFE, 0xFF, 0x0B, 0x08, 0x00, 0x80, 0x40,
    0x02, 0xFF, 0x80, 0x03, 0x06, 0x00, 0x80, 0xE0, 0x02, 0xFF, 0x80, 0x02, 0x1F, 0x00, 0x86, 0xFD,
    0xFF, 0x3F, 0x00, 0xFE, 0xFF, 0x0B, 0x08, 0x00, 0x80, 0x40, 0x02, 0xFF, 0x80, 0x03, 0x06, 0x00,
    0x80, 0xD0, 0x02, 0xFF, 0x80, 0x03, 0x1F, 0x00, 0x86, 0xFE, 0xFF, 0x1F, 0x00, 0xFE, 0xFF, 0x0B,
    0x08, 0x00, 0x80, 0x40, 0x02, 0xFF, 0x80, 0x03, 0x06, 0x00, 0x80, 0x80, 0x02, 0xFF, 0x80, 0x07,
    0x1F, 0x00, 0x02, 0xFF, 0x84, 0x0F, 0x00, 0xFE, 0xFF, 0x0B, 0x08, 0x00, 0x80, 0x40, 0x02, 0xFF,
    0x80, 0x03, 0x06, 0x00, 0x80, 0x40, 0x02, 0xFF, 0x80, 0x0B, 0x1E, 0x00, 0x80, 0x40, 0x02, 0xFF,
    0x84, 0x0B, 0x00, 0xFE, 0xFF, 0x0B, 0x08, 0x00, 0x80, 0x40, 0x02, 0xFF, 0x80, 0x03, 0x07, 0x00,
    0x82, 0xFE, 0xFF, 0x1F, 0x1E, 0x00, 0x80, 0x80, 0x02, 0xFF, 0x84, 0x03, 0x00, 0xFE, 0xFF, 0x0B,
    0x08, 0x00, 0x80, 0x40, 0x02, 0xFF, 0x80, 0x03, 0x07, 0x00, 0x82, 0xFD, 0xFF, 0x2F, 0x1E, 0x00,
    0x80, 0xC0, 0x02, 0xFF, 0x84, 0x02, 0x00, 0xFE, 0xFF, 0x0B, 0x08, 0x00, 0x80, 0x40, 0x02, 0xFF,
    0x80, 0x03, 0x02, 0x00, 0x80, 0xD0, 0x02, 0xFF, 0x84, 0x1F, 0x00, 0xFC, 0xFF, 0x3F, 0x1E, 0x00,
    0x80, 0xD0, 0x02, 0xFF, 0x84, 0x01, 0x00, 0xFE, 0xFF, 0x0B, 0x08, 0x00, 0x80, 0x40, 0x02, 0xFF,
    0x80, 0x03, 0x02, 0x00, 0x80, 0xF4, 0x02, 0xFF, 0x84, 0x0B, 0x00, 0xF8, 0xFF, 0x7F, 0x1E, 0x00,
    0x80, 0xE0, 0x02, 0xFF, 0x02, 0x00, 0x82, 0xFE, 0xFF, 0x0B, 0x08, 0x00, 0x80, 0x40, 0x02, 0xFF,
    0x80, 0x03, 0x02, 0x00, 0x80, 0xFC, 0x02, 0xFF, 0x84, 0x03, 0x00, 0xF4, 0xFF, 0x7F, 0x1E, 0x00,
    0x82, 0xF0, 0xFF, 0xBF, 0x02, 0x00, 0x82, 0xFE, 0xFF, 0x0B, 0x08, 0x00, 0x80, 0x40, 0x02, 0xFF,
    0x80, 0x03, 0x02, 0x00, 0x80, 0xFE, 0x02, 0xFF, 0x84, 0x01, 0x00, 0xF0, 0xFF, 0xBF, 0x1E, 0x00,
    0x82, 0xF4, 0xFF, 0x7F, 0x02, 0x00, 0x85, 0xFE, 0xFF, 0x0B, 0x00, 0xA5, 0x5A, 0x05, 0x00, 0x80,
    0x40, 0x02, 0xFF, 0x82, 0x03, 0x00, 0x80, 0x02, 0xFF, 0x80, 0x7F, 0x02, 0x00, 0x80, 0xE0, 0x02,
    0xFF, 0x1E, 0x00, 0x82, 0xF8, 0xFF, 0x3F, 0x02, 0x00, 0x83, 0xFE, 0xFF, 0x0B, 0xF9, 0x02, 0xFF,
    0x80, 0x1B, 0x04, 0x00, 0x80, 0x40, 0x02, 0xFF, 0x82, 0x03, 0x00, 0xD0, 0x02, 0xFF, 0x80, 0x2F,
    0x02, 0x00, 0x80, 0xD0, 0x02, 0xFF, 0x80, 0x01, 0x1D, 0x00, 0x82, 0xF8, 0xFF, 0x2F, 0x02, 0x00,
    0x82, 0xFE, 0xFF, 0x9B, 0x04, 0xFF, 0x80, 0x01, 0x03, 0x00, 0x80, 0x40, 0x02, 0xFF, 0x82, 0x03,
    0x00, 0xF4, 0x02, 0xFF, 0x80, 0x0B, 0x02, 0x00, 0x80, 0xC0, 0x02, 0xFF, 0x80, 0x01, 0x1D, 0x00,
    0x82, 0xFC, 0xFF, 0x2F, 0x02, 0x00, 0x80, 0xFE, 0x06, 0xFF, 0x80, 0x1F, 0x03, 0x00, 0x80, 0x40,
    0x02, 0xFF, 0x82, 0x03, 0x00, 0xFC, 0x02, 0xFF, 0x80, 0x03, 0x02, 0x00, 0x80, 0xC0, 0x02, 0xFF,
    0x80, 0x02, 0x1D, 0x00, 0x82, 0xFC, 0xFF, 0x1F, 0x02, 0x00, 0x80, 0xFE, 0x06, 0xFF, 0x80, 0xBF,
    0x03, 0x00, 0x80, 0x40, 0x02, 0xFF, 0x82, 0x03, 0x00, 0xFE, 0x02, 0xFF, 0x80, 0x01, 0x02, 0x00,
    0x80, 0x80, 0x02, 0xFF, 0x80, 0x03, 0x1D, 0x00, 0x82, 0xFD, 0xFF, 0x0F, 0x02, 0x00, 0x80, 0xFE,
    0x07, 0xFF, 0x80, 0x02, 0x02, 0x00, 0x80, 0x40, 0x02, 0xFF, 0x81, 0x03, 0x80, 0x02, 0xFF, 0x80,
    0x7F, 0x03, 0x00, 0x80, 0x40, 0x02, 0xFF, 0x80, 0x03, 0x1D, 0x00, 0x82, 0xFD, 0xFF, 0x0F, 0x02,
    0x00, 0x80, 0xFE, 0x07, 0xFF, 0x80, 0x0B, 0x02, 0x00, 0x80, 0x40, 0x02, 0xFF, 0x81, 0x03, 0xD0,
    0x02, 0xFF, 0x80, 0x2F, 0x03, 0x00, 0x80, 0x40, 0x02, 0xFF, 0x80, 0x07, 0x1D, 0x00, 0x82, 0xFE,
    0xFF, 0x0B, 0x02, 0x00, 0x80, 0xFE, 0x07, 0xFF, 0x80, 0x2F, 0x02, 0x00, 0x80, 0x40, 0x02, 0xFF,
    0x81, 0x03, 0xF4, 0x02, 0xFF, 0x80, 0x0B, 0x04, 0x00, 0x02, 0xFF, 0x80, 0x07, 0x1D, 0x00, 0x82,
    0xFE, 0xFF, 0x0B, 0x02, 0x00, 0x80, 0xFE, 0x07, 0xFF, 0x80, 0x7F, 0x02, 0x00, 0x80, 0x40, 0x02,
    0xFF, 0x81, 0x03, 0xFC, 0x02, 0xFF, 0x80, 0x03, 0x04, 0x00, 0x02, 0xFF, 0x80, 0x07, 0x1D, 0x00,
    0x02, 0xFF, 0x80, 0x0B, 0x02, 0x00, 0x80, 0xFE, 0x03, 0xFF, 0x81, 0xAF, 0xFE, 0x03, 0xFF, 0x02,
    0x00, 0x80, 0x40, 0x02, 0xFF, 0x81, 0x03, 0xFE, 0x02, 0xFF, 0x80, 0x01, 0x04, 0x00, 0x82, 0xFE,
    0xFF, 0x0B, 0x1D, 0x00, 0x02, 0xFF, 0x80, 0x07, 0x02, 0x00, 0x80, 0xFE, 0x02, 0xFF, 0x82, 0xBF,
    0x01, 0x40, 0x03, 0xFF, 0x82, 0x02, 0x00, 0x40, 0x02, 0xFF, 0x80, 0x83, 0x02, 0xFF, 0x80, 0x7F,
    0x05, 0x00, 0x82, 0xFE, 0xFF, 0x0B, 0x1D, 0x00, 0x02, 0xFF, 0x80, 0x07, 0x02, 0x00, 0x80, 0xFE,
    0x02, 0xFF, 0x80, 0x1B, 0x02, 0x00, 0x80, 0xF8, 0x02, 0xFF, 0x82, 0x03, 0x00, 0x40, 0x02, 0xFF,
    0x80, 0xD3, 0x02, 0xFF, 0x80, 0x2F, 0x05, 0x00, 0x82, 0xFE, 0xFF, 0x0B, 0x1D, 0x00, 0x02, 0xFF,
    0x80, 0x07, 0x02, 0x00, 0x80, 0xFE, 0x02, 0xFF, 0x80, 0x02, 0x02, 0x00, 0x80, 0xD0, 0x02, 0xFF,
    0x82, 0x0B, 0x00, 0x40, 0x02, 0xFF, 0x80, 0xF7, 0x02, 0xFF, 0x80, 0x0B, 0x05, 0x00, 0x82, 0xFE,
    0xFF, 0x0B, 0x1D, 0x00, 0x02, 0xFF, 0x80, 0x07, 0x02, 0x00, 0x82, 0xFE, 0xFF, 0xBF, 0x03, 0x00,
    0x80, 0x80, 0x02, 0xFF, 0x82, 0x0F, 0x00, 0x40, 0x05, 0xFF, 0x80, 0x0B, 0x05, 0x00, 0x82, 0xFD,
    0xFF, 0x0B, 0x1D, 0x00, 0x02, 0xFF, 0x80, 0x03, 0x02, 0x00, 0x82, 0xFE, 0xFF, 0x3F, 0x04, 0x00,
    0x02, 0xFF, 0x82, 0x1F, 0x00, 0x40, 0x05, 0xFF, 0x80, 0x1F, 0x05, 0x00, 0x82, 0xFD, 0xFF, 0x0F,
    0x1D, 0x00, 0x02, 0xFF, 0x80, 0x03, 0x02, 0x00, 0x82, 0xFE, 0xFF, 0x2F, 0x04, 0x00, 0x84, 0xFD,
    0xFF, 0x1F, 0x00, 0x40, 0x05, 0xFF, 0x80, 0x2F, 0x05, 0x00, 0x82, 0xFD, 0xFF, 0x0F, 0x1D, 0x00,
    0x02, 0xFF, 0x80, 0x07, 0x02, 0x00, 0x82, 0xFE, 0xFF, 0x1F, 0x04, 0x00, 0x84, 0xFC, 0xFF, 0x2F,
    0x00, 0x40, 0x05, 0xFF, 0x80, 0x7F, 0x05, 0x00, 0x82, 0xFD, 0xFF, 0x0F, 0x1D, 0x00, 0x02, 0xFF,
    0x80, 0x07, 0x02, 0x00, 0x82, 0xFE, 0xFF, 0x0F, 0x04, 0x00, 0x84, 0xF8, 0xFF, 0x2F, 0x00, 0x40,
    0x05, 0xFF, 0x80, 0xBF, 0x05, 0x00, 0x82, 0xFE, 0xFF, 0x0B, 0x1D, 0x00, 0x02, 0xFF, 0x80, 0x07,
    0x02, 0x00, 0x82, 0xFE, 0xFF, 0x0B, 0x04, 0x00, 0x84, 0xF4, 0xFF, 0x3F, 0x00, 0x40, 0x06, 0xFF,
    0x80, 0x01, 0x04, 0x00, 0x82, 0xFE, 0xFF, 0x0B, 0x1D, 0x00, 0x02, 0xFF, 0x80, 0x07, 0x02, 0x00,
    0x82, 0xFE, 0xFF, 0x0B, 0x04, 0x00, 0x84, 0xF4, 0xFF, 0x3F, 0x00, 0x40, 0x06, 0xFF, 0x80, 0x02,
    0x04, 0x00, 0x82, 0xFE, 0xFF, 0x0B, 0x1D, 0x00, 0x02, 0xFF, 0x80, 0x07, 0x02, 0x00, 0x82, 0xFE,
    0xFF, 0x0B, 0x04, 0x00, 0x84, 0xF4, 0xFF, 0x3F, 0x00, 0x40, 0x06, 0xFF, 0x80, 0x07, 0x04, 0x00,
    0x82, 0xFE, 0xFF, 0x0B, 0x1D, 0x00, 0x82, 0xFE, 0xFF, 0x0B, 0x02, 0x00, 0x82, 0xFE, 0xFF, 0x0F,
    0x04, 0x00, 0x84, 0xF8, 0xFF, 0x2F, 0x00, 0x40, 0x03, 0xFF, 0x80, 0xAF, 0x02, 0xFF, 0x80, 0x0B,
    0x04, 0x00, 0x02, 0xFF, 0x80, 0x0B, 0x1D, 0x00, 0x82, 0xFE, 0xFF, 0x0B, 0x02, 0x00, 0x82, 0xFD,
    0xFF, 0x0F, 0x04, 0x00, 0x84, 0xFC, 0xFF, 0x2F, 0x00, 0x40, 0x03, 0xFF, 0x80, 0x0B, 0x02, 0xFF,
    0x80, 0x1F, 0x04, 0x00, 0x02, 0xFF, 0x80, 0x07, 0x1D, 0x00, 0x82, 0xFE, 0xFF, 0x0F, 0x02, 0x00,
    0x82, 0xFD, 0xFF, 0x1F, 0x04, 0x00, 0x84, 0xFD, 0xFF, 0x1F, 0x00, 0x40, 0x03, 0xFF, 0x83, 0x03,
    0xFE, 0xFF, 0x2F, 0x04, 0x00, 0x02, 0xFF, 0x80, 0x07, 0x1D, 0x00, 0x82, 0xFD, 0xFF, 0x0F, 0x02,
    0x00, 0x82, 0xFC, 0xFF, 0x3F, 0x04, 0x00, 0x84, 0xFE, 0xFF, 0x1F, 0x00, 0x40, 0x03, 0xFF, 0x83,
    0x01, 0xFC, 0xFF, 0x7F, 0x03, 0x00, 0x80, 0x40, 0x02, 0xFF, 0x80, 0x03, 0x1D, 0x00, 0x82, 0xFD,
    0xFF, 0x1F, 0x02, 0x00, 0x82, 0xF8, 0xFF, 0xBF, 0x03, 0x00, 0x80, 0x40, 0x02, 0xFF, 0x82, 0x0F,
    0x00, 0x40, 0x02, 0xFF, 0x84, 0x7F, 0x00, 0xF8, 0xFF, 0xBF, 0x03, 0x00, 0x80, 0x40, 0x02, 0xFF,
    0x80, 0x03, 0x1D, 0x00, 0x82, 0xFC, 0xFF, 0x1F, 0x02, 0x00, 0x80, 0xF4, 0x02, 0xFF, 0x80, 0x01,
    0x02, 0x00, 0x80, 0xD0, 0x02, 0xFF, 0x82, 0x0B, 0x00, 0x40, 0x02, 0xFF, 0x82, 0x2F, 0x00, 0xF0,
    0x02, 0xFF, 0x80, 0x01, 0x02, 0x00, 0x80, 0x80, 0x02, 0xFF, 0x80, 0x02, 0x1D, 0x00, 0x82, 0xFC,
    0xFF, 0x2F, 0x02, 0x00, 0x80, 0xF0, 0x02, 0xFF, 0x80, 0x0B, 0x02, 0x00, 0x80, 0xF4, 0x02, 0xFF,
    0x82, 0x07, 0x00, 0x40, 0x02, 0xFF, 0x82, 0x0B, 0x00, 0xE0, 0x02, 0xFF, 0x80, 0x02, 0x02, 0x00,
    0x80, 0xC0, 0x02, 0xFF, 0x80, 0x02, 0x1D, 0x00, 0x82, 0xF8, 0xFF, 0x3F, 0x02, 0x00, 0x80, 0xD0,
    0x02, 0xFF, 0x83, 0x6F, 0x00, 0x40, 0xFE, 0x02, 0xFF, 0x82, 0x02, 0x00, 0x40, 0x02, 0xFF, 0x82,
    0x07, 0x00, 0xC0, 0x02, 0xFF, 0x80, 0x07, 0x02, 0x00, 0x80, 0xC0, 0x02, 0xFF, 0x80, 0x01, 0x1D,
    0x00, 0x82, 0xF4, 0xFF, 0x3F, 0x02, 0x00, 0x80, 0xC0, 0x03, 0xFF, 0x81, 0x5B, 0xF9, 0x03, 0xFF,
    0x82, 0x01, 0x00, 0x40, 0x02, 0xFF, 0x82, 0x03, 0x00, 0x80, 0x02, 0xFF, 0x80, 0x0B, 0x02, 0x00,
    0x80, 0xD0, 0x02, 0xFF, 0x80, 0x01, 0x1D, 0x00, 0x82, 0xF4, 0xFF, 0x7F, 0x02, 0x00, 0x80, 0x40,
    0x07, 0xFF, 0x80, 0xBF, 0x02, 0x00, 0x80, 0x40, 0x02, 0xFF, 0x80, 0x03, 0x02, 0x00, 0x02, 0xFF,
    0x80, 0x1F, 0x02, 0x00, 0x80, 0xE0, 0x02, 0xFF, 0x1E, 0x00, 0x82, 0xF0, 0xFF, 0xBF, 0x03, 0x00,
    0x80, 0xFE, 0x06, 0xFF, 0x80, 0x2F, 0x02, 0x00, 0x80, 0x40, 0x02, 0xFF, 0x80, 0x03, 0x02, 0x00,
    0x82, 0xFE, 0xFF, 0x2F, 0x02, 0x00, 0x82, 0xF0, 0xFF, 0xBF, 0x1E, 0x00, 0x80, 0xE0, 0x02, 0xFF,
    0x03, 0x00, 0x80, 0xF8, 0x06, 0xFF, 0x80, 0x0F, 0x02, 0x00, 0x80, 0x40, 0x02, 0xFF, 0x80, 0x03,
    0x02, 0x00, 0x82, 0xFC, 0xFF, 0x7F, 0x02, 0x00, 0x82, 0xF4, 0xFF, 0x7F, 0x1E, 0x00, 0x80, 0xD0,
    0x02, 0xFF, 0x80, 0x01, 0x02, 0x00, 0x80, 0xE0, 0x06, 0xFF, 0x80, 0x03, 0x02, 0x00, 0x80, 0x40,
    0x02, 0xFF, 0x80, 0x03, 0x02, 0x00, 0x82, 0xF8, 0xFF, 0xBF, 0x02, 0x00, 0x82, 0xF8, 0xFF, 0x3F,
    0x1E, 0x00, 0x80, 0xC0, 0x02, 0xFF, 0x80, 0x03, 0x02, 0x00, 0x80, 0x80, 0x05, 0xFF, 0x80, 0xBF,
    0x03, 0x00, 0x80, 0x40, 0x02, 0xFF, 0x80, 0x03, 0x02, 0x00, 0x80, 0xF0, 0x02, 0xFF, 0x84, 0x01,
    0x00, 0xFC, 0xFF, 0x2F, 0x1E, 0x00, 0x80, 0x80, 0x02, 0xFF, 0x80, 0x07, 0x03, 0x00, 0x80, 0xFD,
    0x04, 0xFF, 0x80, 0x2F, 0x03, 0x00, 0x80, 0x40, 0x02, 0xFF, 0x80, 0x03, 0x02, 0x00, 0x80, 0xE0,
    0x02, 0xFF, 0x84, 0x02, 0x00, 0xFE, 0xFF, 0x1F, 0x1E, 0x00, 0x80, 0x40, 0x02, 0xFF, 0x80, 0x0B,
    0x03, 0x00, 0x80, 0xE0, 0x04, 0xFF, 0x80, 0x06, 0x03, 0x00, 0x80, 0x40, 0x02, 0xFF, 0x80, 0x03,
    0x02, 0x00, 0x80, 0xD0, 0x02, 0xFF, 0x81, 0x07, 0x00, 0x02, 0xFF, 0x80, 0x0F, 0x1F, 0x00, 0x02,
    0xFF, 0x80, 0x1F, 0x04, 0x00, 0x80, 0xFE, 0x02, 0xFF, 0x80, 0x6F, 0x04, 0x00, 0x80, 0x40, 0x02,
    0xFF, 0x80, 0x03, 0x02, 0x00, 0x80, 0x80, 0x02, 0xFF, 0x81, 0x0B, 0x40, 0x02, 0xFF, 0x80, 0x0B,
    0x1F, 0x00, 0x82, 0xFE, 0xFF, 0x2F, 0x04, 0x00, 0x83, 0x50, 0xFA, 0x6B, 0x01, 0x05, 0x00, 0x02,
    0x55, 0x80, 0x01, 0x02, 0x00, 0x80, 0x40, 0x02, 0xFF, 0x81, 0x1F, 0xC0, 0x02, 0xFF, 0x80, 0x07,
    0x1F, 0x00, 0x82, 0xFC, 0xFF, 0x7F, 0x13, 0x00, 0x83, 0xFE, 0xFF, 0x2F, 0xD0, 0x02, 0xFF, 0x80,
    0x03, 0x1F, 0x00, 0x82, 0xF8, 0xFF, 0xBF, 0x13, 0x00, 0x83, 0xFD, 0xFF, 0x7F, 0xF0, 0x02, 0xFF,
    0x80, 0x01, 0x1F, 0x00, 0x80, 0xF4, 0x02, 0xFF, 0x80, 0x01, 0x12, 0x00, 0x83, 0xF8, 0xFF, 0xBF,
    0xF8, 0x02, 0xFF, 0x20, 0x00, 0x80, 0xE0, 0x02, 0xFF, 0x80, 0x03, 0x12, 0x00, 0x80, 0xF4, 0x02,
    0xFF, 0x82, 0xFD, 0xFF, 0x7F, 0x20, 0x00, 0x80, 0xD0, 0x02, 0xFF, 0x80, 0x0B, 0x12, 0x00, 0x80,
    0xE0, 0x04, 0xFF, 0x80, 0x3F, 0x20, 0x00, 0x80, 0x80, 0x02, 0xFF, 0x80, 0x1F, 0x12, 0x00, 0x80,
    0xD0, 0x04, 0xFF, 0x80, 0x1F, 0x21, 0x00, 0x02, 0xFF, 0x80, 0x3F, 0x12, 0x00, 0x80, 0x80, 0x04,
    0xFF, 0x80, 0x0B, 0x21, 0x00, 0x82, 0xFE, 0xFF, 0xBF, 0x12, 0x00, 0x80, 0x40, 0x04, 0xFF, 0x80,
    0x07, 0x21, 0x00, 0x80, 0xFC, 0x02, 0xFF, 0x80, 0x01, 0x12, 0x00, 0x80, 0xFE, 0x03, 0xFF, 0x80,
    0x02, 0x21, 0x00, 0x80, 0xF4, 0x02, 0xFF, 0x80, 0x07, 0x12, 0x00, 0x80, 0xFD, 0x03, 0xFF, 0x22,
    0x00, 0x80, 0xE0, 0x02, 0xFF, 0x80, 0x1F, 0x12, 0x00, 0x80, 0xF8, 0x02, 0xFF, 0x80, 0x7F, 0x22,
    0x00, 0x80, 0xC0, 0x02, 0xFF, 0x80, 0x3F, 0x12, 0x00, 0x80, 0xF4, 0x02, 0xFF, 0x80, 0x2F, 0x22,
    0x00, 0x80, 0x40, 0x03, 0xFF, 0x12, 0x00, 0x80, 0xF4, 0x02, 0xFF, 0x80, 0x0F, 0x23, 0x00, 0x80,
    0xFD, 0x02, 0xFF, 0x80, 0x03, 0x11, 0x00, 0x80, 0xFD, 0x02, 0xFF, 0x80, 0x07, 0x23, 0x00, 0x80,
    0xF8, 0x02, 0xFF, 0x80, 0x0F, 0x10, 0x00, 0x80, 0x40, 0x03, 0xFF, 0x80, 0x01, 0x23, 0x00, 0x80,
    0xE0, 0x02, 0xFF, 0x80, 0x7F, 0x10, 0x00, 0x80, 0xD0, 0x02, 0xFF, 0x80, 0xBF, 0x24, 0x00, 0x80,
    0xC0, 0x03, 0xFF, 0x80, 0x01, 0x0F, 0x00, 0x80, 0xF8, 0x02, 0xFF, 0x80, 0x2F, 0x24, 0x00, 0x80,
    0x40, 0x03, 0xFF, 0x80, 0x0B, 0x0F, 0x00, 0x80, 0xFE, 0x02, 0xFF, 0x80, 0x0B, 0x25, 0x00, 0x80,
    0xFD, 0x02, 0xFF, 0x80, 0x6F, 0x0E, 0x00, 0x80, 0xD0, 0x03, 0xFF, 0x80, 0x02, 0x25, 0x00, 0x80,
    0xF4, 0x03, 0xFF, 0x80, 0x01, 0x0D, 0x00, 0x80, 0xF8, 0x02, 0xFF, 0x80, 0xBF, 0x26, 0x00, 0x80,
    0xD0, 0x03, 0xFF, 0x80, 0x1B, 0x0C, 0x00, 0x80, 0x40, 0x03, 0xFF, 0x80, 0x2F, 0x26, 0x00, 0x80,
    0x40, 0x03, 0xFF, 0x80, 0xBF, 0x0C, 0x00, 0x80, 0xE4, 0x03, 0xFF, 0x80, 0x0B, 0x27, 0x00, 0x80,
    0xFC, 0x03, 0xFF, 0x80, 0x0B, 0x0A, 0x00, 0x81, 0x40, 0xFE, 0x03, 0xFF, 0x80, 0x02, 0x27, 0x00,
    0x80, 0xE0, 0x03, 0xFF, 0x81, 0xBF, 0x01, 0x09, 0x00, 0x80, 0xE4, 0x03, 0xFF, 0x80, 0xBF, 0x28,
    0x00, 0x80, 0x80, 0x04, 0xFF, 0x80, 0x1B, 0x08, 0x00, 0x80, 0x40, 0x04, 0xFF, 0x80, 0x1F, 0x29,
    0x00, 0x80, 0xFD, 0x04, 0xFF, 0x80, 0x06, 0x07, 0x00, 0x80, 0xF9, 0x04, 0xFF, 0x80, 0x02, 0x29,
    0x00, 0x80, 0xE0, 0x04, 0xFF, 0x81, 0xBF, 0x05, 0x05, 0x00, 0x80, 0xE9, 0x04, 0xFF, 0x80, 0xBF,
    0x2A, 0x00, 0x80, 0x40, 0x06, 0xFF, 0x80, 0x5A, 0x02, 0x00, 0x81, 0x54, 0xFA, 0x05, 0xFF, 0x80,
    0x1B, 0x2B, 0x00, 0x80, 0xF8, 0x0F, 0xFF, 0x80, 0x01, 0x2B, 0x00, 0x80, 0x90, 0x0E, 0xFF, 0x80,
    0x2F, 0x2D, 0x00, 0x80, 0xF9, 0x0D, 0xFF, 0x80, 0x06, 0x2D, 0x00, 0x80, 0x90, 0x0C, 0xFF, 0x80,
    0x6F, 0x2F, 0x00, 0x80, 0xF9, 0x0B, 0xFF, 0x80, 0x02, 0x2F, 0x00, 0x81, 0x40, 0xFE, 0x09, 0xFF,
    0x80, 0x1B, 0x31, 0x00, 0x80, 0xA4, 0x08, 0xFF, 0x80, 0x6F, 0x33, 0x00, 0x80, 0xE4, 0x06, 0xFF,
    0x81, 0xAF, 0x01, 0x34, 0x00, 0x81, 0x94, 0xFE, 0x03, 0xFF, 0x81, 0x6B, 0x01, 0x37, 0x00, 0x82,
    0x54, 0x55, 0x01, 0x7F, 0x00, 0x7F, 0x00, 0x7F, 0x00, 0x7F, 0x00, 0x7A, 0x00, 0x02, 0xFD, 0x06,
    0x00, 0x00, 0x01, 0x00, 0x01, 0xFF, 0x28, 0x00, 0x05, 0xFA, 0xD2, 0x0A, 0x00, 0x7F, 0x00, 0x13,
    0x00, 0x80, 0x54, 0x02, 0xAA, 0x81, 0x5A, 0x01, 0x35, 0x00, 0x81, 0x40, 0xE9, 0x04, 0xFF, 0x81,
    0xBF, 0x06, 0x34, 0x00, 0x80, 0xF9, 0x07, 0xFF, 0x80, 0x06, 0x32, 0x00, 0x80, 0xF9, 0x08, 0xFF,
    0x81, 0xBF, 0x01, 0x30, 0x00, 0x80, 0x90, 0x0A, 0xFF, 0x80, 0x6F, 0x30, 0x00, 0x80, 0xFE, 0x0B,
    0xFF, 0x80, 0x07, 0x2E, 0x00, 0x80, 0xE4, 0x0C, 0xFF, 0x80, 0xBF, 0x2D, 0x00, 0x81, 0x40, 0xFE,
    0x0D, 0xFF, 0x80, 0x0B, 0x2C, 0x00, 0x80, 0xE0, 0x0E, 0xFF, 0x80, 0x7F, 0x2C, 0x00, 0x80, 0xFD,
    0x06, 0xFF, 0x02, 0xAA, 0x80, 0xFE, 0x06, 0xFF, 0x80, 0x06, 0x2A, 0x00, 0x80, 0x80, 0x05, 0xFF,
    0x81, 0x6F, 0x01, 0x03, 0x00, 0x80, 0xA5, 0x05, 0xFF, 0x80, 0x2F, 0x2A, 0x00, 0x80, 0xF4, 0x04,
    0xFF, 0x80, 0x6F, 0x06, 0x00, 0x80, 0x94, 0x05, 0xFF, 0x80, 0x01, 0x29, 0x00, 0x80, 0xFE, 0x03,
    0xFF, 0x81, 0xBF, 0x01, 0x07, 0x00, 0x80, 0xE4, 0x04, 0xFF, 0x80, 0x07, 0x28, 0x00, 0x80, 0x80,
    0x04, 0xFF, 0x80, 0x06, 0x09, 0x00, 0x80, 0xFD, 0x03, 0xFF, 0x80, 0x2F, 0x28, 0x00, 0x80, 0xF4,
    0x03, 0xFF, 0x80, 0x6F, 0x0A, 0x00, 0x80, 0x90, 0x03, 0xFF, 0x80, 0xBF, 0x28, 0x00, 0x80, 0xFD,
    0x03, 0xFF, 0x80, 0x06, 0x0B, 0x00, 0x80, 0xFD, 0x03, 0xFF, 0x80, 0x07, 0x26, 0x00, 0x80, 0x40,
    0x03, 0xFF, 0x80, 0x6F, 0x0C, 0x00, 0x80, 0xD0, 0x03, 0xFF, 0x80, 0x1F, 0x26, 0x00, 0x80, 0xE0,
    0x03, 0xFF, 0x80, 0x07, 0x0D, 0x00, 0x80, 0xFE, 0x02, 0xFF, 0x80, 0x7F, 0x26, 0x00, 0x80, 0xF8,
    0x02, 0xFF, 0x80, 0xBF, 0x0E, 0x00, 0x80, 0xF4, 0x03, 0xFF, 0x80, 0x01, 0x25, 0x00, 0x80, 0xFE,
    0x02, 0xFF, 0x80, 0x1F, 0x0E, 0x00, 0x80, 0x80, 0x03, 0xFF, 0x80, 0x07, 0x24, 0x00, 0x80, 0x40,
    0x03, 0xFF, 0x80, 0x0B, 0x0F, 0x00, 0x80, 0xFD, 0x02, 0xFF, 0x80, 0x1F, 0x24, 0x00, 0x80, 0xD0,
    0x03, 0xFF, 0x80, 0x0B, 0x0F, 0x00, 0x80, 0xF4, 0x02, 0xFF, 0x80, 0x3F, 0x24, 0x00, 0x80, 0xF4,
    0x03, 0xFF, 0x80, 0x0B, 0x0F, 0x00, 0x80, 0xD0, 0x02, 0xFF, 0x80, 0xBF, 0x24, 0x00, 0x80, 0xFC,
    0x03, 0xFF, 0x80, 0x0B, 0x10, 0x00, 0x80, 0xFE, 0x02, 0xFF, 0x80, 0x02, 0x23, 0x00, 0x80, 0xFE,
    0x03, 0xFF, 0x80, 0x0B, 0x10, 0x00, 0x80, 0xF8, 0x02, 0xFF, 0x80, 0x07, 0x22, 0x00, 0x80, 0x40,
    0x04, 0xFF, 0x80, 0x0B, 0x10, 0x00, 0x80, 0xE0, 0x02, 0xFF, 0x80, 0x1F, 0x22, 0x00, 0x80, 0xD0,
    0x04, 0xFF, 0x80, 0x0B, 0x10, 0x00, 0x80, 0xC0, 0x02, 0xFF, 0x80, 0x3F, 0x22, 0x00, 0x80, 0xF0,
    0x04, 0xFF, 0x80, 0x0B, 0x11, 0x00, 0x02, 0xFF, 0x80, 0xBF, 0x22, 0x00, 0x80, 0xF8, 0x04, 0xFF,
    0x80, 0x0B, 0x09, 0x00, 0x02, 0x55, 0x80, 0x01, 0x05, 0x00, 0x80, 0xFD, 0x02, 0xFF, 0x80, 0x01,
    0x21, 0x00, 0x80, 0xFD, 0x02, 0xFF, 0x82, 0xFE, 0xFF, 0x0B, 0x08, 0x00, 0x80, 0x40, 0x02, 0xFF,
    0x80, 0x03, 0x05, 0x00, 0x80, 0xF4, 0x02, 0xFF, 0x80, 0x03, 0x21, 0x00, 0x85, 0xFE, 0xFF, 0x7F,
    0xFE, 0xFF, 0x0B, 0x08, 0x00, 0x80, 0x40, 0x02, 0xFF, 0x80, 0x03, 0x05, 0x00, 0x80, 0xE0, 0x02,
    0xFF, 0x80, 0x07, 0x20, 0x00, 0x80, 0x40, 0x02, 0xFF, 0x83, 0x2F, 0xFE, 0xFF, 0x0B, 0x08, 0x00,
    0x80, 0x40, 0x02, 0xFF, 0x80, 0x03, 0x05, 0x00, 0x80, 0xC0, 0x02, 0xFF, 0x80, 0x0F, 0x20, 0x00,
    0x80, 0xC0, 0x02, 0xFF, 0x83, 0x0F, 0xFE, 0xFF, 0x0B, 0x08, 0x00, 0x80, 0x40, 0x02, 0xFF, 0x80,
    0x03, 0x05, 0x00, 0x80, 0x40, 0x02, 0xFF, 0x80, 0x2F, 0x20, 0x00, 0x80, 0xD0, 0x02, 0xFF, 0x83,
    0x07, 0xFE, 0xFF, 0x0B, 0x08, 0x00, 0x80, 0x40, 0x02, 0xFF, 0x80, 0x03, 0x06, 0x00, 0x82, 0xFE,
    0xFF, 0x3F, 0x20, 0x00, 0x80, 0xF0, 0x02, 0xFF, 0x83, 0x02, 0xFE, 0xFF, 0x0B, 0x08, 0x00, 0x80,
    0x40, 0x02, 0xFF, 0x80, 0x03, 0x06, 0x00, 0x82, 0xFC, 0xFF, 0xBF, 0x20, 0x00, 0x80, 0xF4, 0x02,
    0xFF, 0x83, 0x00, 0xFE, 0xFF, 0x0B, 0x08, 0x00, 0x80, 0x40, 0x02, 0xFF, 0x80, 0x03, 0x06, 0x00,
    0x80, 0xF4, 0x02, 0xFF, 0x20, 0x00, 0x86, 0xFC, 0xFF, 0xBF, 0x00, 0xFE, 0xFF, 0x0B, 0x08, 0x00,
    0x80, 0x40, 0x02, 0xFF, 0x80, 0x03, 0x06, 0x00, 0x80, 0xE0, 0x02, 0xFF, 0x80, 0x02, 0x1F, 0x00,
    0x86, 0xFD, 0xFF, 0x3F, 0x00, 0xFE, 0xFF, 0x0B, 0x08, 0x00, 0x80, 0x40, 0x02, 0xFF, 0x80, 0x03,
    0x06, 0x00, 0x80, 0xD0, 0x02, 0xFF, 0x80, 0x03, 0x1F, 0x00, 0x86, 0xFE, 0xFF, 0x1F, 0x00, 0xFE,
    0xFF, 0x0B, 0x08, 0x00, 0x80, 0x40, 0x02, 0xFF, 0x80, 0x03, 0x06, 0x00, 0x80, 0x80, 0x02, 0xFF,
    0x80, 0x07, 0x1F, 0x00, 0x02, 0xFF, 0x84, 0x0F, 0x00, 0xFE, 0xFF, 0x0B, 0x08, 0x00, 0x80, 0x40,
    0x02, 0xFF, 0x80, 0x03, 0x06, 0x00, 0x80, 0x40, 0x02, 0xFF, 0x80, 0x0B, 0x1E, 0x00, 0x80, 0x40,
    0x02, 0xFF, 0x84, 0x0B, 0x00, 0xFE, 0xFF, 0x0B, 0x08, 0x00, 0x80, 0x40, 0x02, 0xFF, 0x80, 0x03,
    0x07, 0x00, 0x82, 0xFE, 0xFF, 0x1F, 0x1E, 0x00, 0x80, 0x80, 0x02, 0xFF, 0x84, 0x03, 0x00, 0xFE,
    0xFF, 0x0B, 0x08, 0x00, 0x80, 0x40, 0x02, 0xFF, 0x80, 0x03, 0x07, 0x00, 0x82, 0xFD, 0xFF, 0x2F,
    0x1E, 0x00, 0x80, 0xC0, 0x02, 0xFF, 0x84, 0x02, 0x00, 0xFE, 0xFF, 0x0B, 0x08, 0x00, 0x80, 0x40,
    0x02, 0xFF, 0x80, 0x03, 0x02, 0x00, 0x80, 0xD0, 0x02, 0xFF, 0x84, 0x1F, 0x00, 0xFC, 0xFF, 0x3F,
    0x1E, 0x00, 0x80, 0xD0, 0x02, 0xFF, 0x84, 0x01, 0x00, 0xFE, 0xFF, 0x0B, 0x08, 0x00, 0x80, 0x40,
    0x02, 0xFF, 0x80, 0x03, 0x02, 0x00, 0x80, 0xF4, 0x02, 0xFF, 0x84, 0x0B, 0x00, 0xF8, 0xFF, 0x7F,
    0x1E, 0x00, 0x80, 0xE0, 0x02, 0xFF, 0x02, 0x00, 0x82, 0xFE, 0xFF, 0x0B, 0x08, 0x00, 0x80, 0x40,
    0x02, 0xFF, 0x80, 0x03, 0x02, 0x00, 0x80, 0xFC, 0x02, 0xFF, 0x84, 0x03, 0x00, 0xF4, 0xFF, 0x7F,
    0x1E, 0x00, 0x82, 0xF0, 0xFF, 0xBF, 0x02, 0x00, 0x82, 0xFE, 0xFF, 0x0B, 0x08, 0x00, 0x80, 0x40,
    0x02, 0xFF, 0x80, 0x03, 0x02, 0x00, 0x80, 0xFE, 0x02, 0xFF, 0x84, 0x01, 0x00, 0xF0, 0xFF, 0xBF,
    0x1E, 0x00, 0x82, 0xF4, 0xFF, 0x7F, 0x02, 0x00, 0x85, 0xFE, 0xFF, 0x0B, 0x00, 0xA5, 0x5A, 0x05,
    0x00, 0x80, 0x40, 0x02, 0xFF, 0x82, 0x03, 0x00, 0x80, 0x02, 0xFF, 0x80, 0x7F, 0x02, 0x00, 0x80,
    0xE0, 0x02, 0xFF, 0x1E, 0x00, 0x82, 0xF8, 0xFF, 0x3F, 0x02, 0x00, 0x83, 0xFE, 0xFF, 0x0B, 0xF9,
    0x02, 0xFF, 0x80, 0x1B, 0x04, 0x00, 0x80, 0x40, 0x02, 0xFF, 0x82, 0x03, 0x00, 0xD0, 0x02, 0xFF,
    0x80, 0x2F, 0x02, 0x00, 0x80, 0xD0, 0x02, 0xFF, 0x80, 0x01, 0x1D, 0x00, 0x82, 0xF8, 0xFF, 0x2F,
    0x02, 0x00, 0x82, 0xFE, 0xFF, 0x9B, 0x04, 0xFF, 0x80, 0x01, 0x03, 0x00, 0x80, 0x40, 0x02, 0xFF,
    0x82, 0x03, 0x00, 0xF4, 0x02, 0xFF, 0x80, 0x0B, 0x02, 0x00, 0x80, 0xC0, 0x02, 0xFF, 0x80, 0x01,
    0x1D, 0x00, 0x82, 0xFC, 0xFF, 0x2F, 0x02, 0x00, 0x80, 0xFE, 0x06, 0xFF, 0x80, 0x1F, 0x03, 0x00,
    0x80, 0x40, 0x02, 0xFF, 0x82, 0x03, 0x00, 0xFC, 0x02, 0xFF, 0x80, 0x03, 0x02, 0x00, 0x80, 0xC0,
    0x02, 0xFF, 0x80, 0x02, 0x1D, 0x00, 0x82, 0xFC, 0xFF, 0x1F, 0x02, 0x00, 0x80, 0xFE, 0x06, 0xFF,
    0x80, 0xBF, 0x03, 0x00, 0x80, 0x40, 0x02, 0xFF, 0x82, 0x03, 0x00, 0xFE, 0x02, 0xFF, 0x80, 0x01,
    0x02, 0x00, 0x80, 0x80, 0x02, 0xFF, 0x80, 0x03, 0x1D, 0x00, 0x82, 0xFD, 0xFF, 0x0F, 0x02, 0x00,
    0x80, 0xFE, 0x07, 0xFF, 0x80, 0x02, 0x02, 0x00, 0x80, 0x40, 0x02, 0xFF, 0x81, 0x03, 0x80, 0x02,
    0xFF, 0x80, 0x7F, 0x03, 0x00, 0x80, 0x40, 0x02, 0xFF, 0x80, 0x03, 0x1D, 0x00, 0x82, 0xFD, 0xFF,
    0x0F, 0x02, 0x00, 0x80, 0xFE, 0x07, 0xFF, 0x80, 0x0B, 0x02, 0x00, 0x80, 0x40, 0x02, 0xFF, 0x81,
    0x03, 0xD0, 0x02, 0xFF, 0x80, 0x2F, 0x03, 0x00, 0x80, 0x40, 0x02, 0xFF, 0x80, 0x07, 0x1D, 0x00,
    0x82, 0xFE, 0xFF, 0x0B, 0x02, 0x00, 0x80, 0xFE, 0x07, 0xFF, 0x80, 0x2F, 0x02, 0x00, 0x80, 0x40,
    0x02, 0xFF, 0x81, 0x03, 0xF4, 0x02, 0xFF, 0x80, 0x0B, 0x04, 0x00, 0x02, 0xFF, 0x80, 0x07, 0x1D,
    0x00, 0x82, 0xFE, 0xFF, 0x0B, 0x02, 0x00, 0x80, 0xFE, 0x07, 0xFF, 0x80, 0x7F, 0x02, 0x00, 0x80,
    0x40, 0x02, 0xFF, 0x81, 0x03, 0xFC, 0x02, 0xFF, 0x80, 0x03, 0x04, 0x00, 0x02, 0xFF, 0x80, 0x07,
    0x1D, 0x00, 0x02, 0xFF, 0x80, 0x0B, 0x02, 0x00, 0x80, 0xFE, 0x03, 0xFF, 0x81, 0xAF, 0xFE, 0x03,
    0xFF, 0x02, 0x00, 0x80, 0x40, 0x02, 0xFF, 0x81, 0x03, 0xFE, 0x02, 0xFF, 0x80, 0x01, 0x04, 0x00,
    0x82, 0xFE, 0xFF, 0x0B, 0x1D, 0x00, 0x02, 0xFF, 0x80, 0x07, 0x02, 0x00, 0x80, 0xFE, 0x02, 0xFF,
    0x82, 0xBF, 0x01, 0x40, 0x03, 0xFF, 0x82, 0x02, 0x00, 0x40, 0x02, 0xFF, 0x80, 0x83, 0x02, 0xFF,
    0x80, 0x7F, 0x05, 0x00, 0x82, 0xFE, 0xFF, 0x0B, 0x1D, 0x00, 0x02, 0xFF, 0x80, 0x07, 0x02, 0x00,
    0x80, 0xFE, 0x02, 0xFF, 0x80, 0x1B, 0x02, 0x00, 0x80, 0xF8, 0x02, 0xFF, 0x82, 0x03, 0x00, 0x40,
    0x02, 0xFF, 0x80, 0xD3, 0x02, 0xFF, 0x80, 0x2F, 0x05, 0x00, 0x82, 0xFE, 0xFF, 0x0B, 0x1D, 0x00,
    0x02, 0xFF, 0x80, 0x07, 0x02, 0x00, 0x80, 0xFE, 0x02, 0xFF, 0x80, 0x02, 0x02, 0x00, 0x80, 0xD0,
    0x02, 0xFF, 0x82, 0x0B, 0x00, 0x40, 0x02, 0xFF, 0x80, 0xF7, 0x02, 0xFF, 0x80, 0x0B, 0x05, 0x00,
    0x82, 0xFE, 0xFF, 0x0B, 0x1D, 0x00, 0x02, 0xFF, 0x80, 0x07, 0x02, 0x00, 0x82, 0xFE, 0xFF, 0xBF,
    0x03, 0x00, 0x80, 0x80, 0x02, 0xFF, 0x82, 0x0F, 0x00, 0x40, 0x05, 0xFF, 0x80, 0x0B, 0x05, 0x00,
    0x82, 0xFD, 0xFF, 0x0B, 0x1D, 0x00, 0x02, 0xFF, 0x80, 0x03, 0x02, 0x00, 0x82, 0xFE, 0xFF, 0x3F,
    0x04, 0x00, 0x02, 0xFF, 0x82, 0x1F, 0x00, 0x40, 0x05, 0xFF, 0x80, 0x1F, 0x05, 0x00, 0x82, 0xFD,
    0xFF, 0x0F, 0x1D, 0x00, 0x02, 0xFF, 0x80, 0x03, 0x02, 0x00, 0x82, 0xFE, 0xFF, 0x2F, 0x04, 0x00,
    0x84, 0xFD, 0xFF, 0x1F, 0x00, 0x40, 0x05, 0xFF, 0x80, 0x2F, 0x05, 0x00, 0x82, 0xFD, 0xFF, 0x0F,
    0x1D, 0x00, 0x02, 0xFF, 0x80, 0x07, 0x02, 0x00, 0x82, 0xFE, 0xFF, 0x1F, 0x04, 0x00, 0x84, 0xFC,
    0xFF, 0x2F, 0x00, 0x40, 0x05, 0xFF, 0x80, 0x7F, 0x05, 0x00, 0x82, 0xFD, 0xFF, 0x0F, 0x1D, 0x00,
    0x02, 0xFF, 0x80, 0x07, 0x02, 0x00, 0x82, 0xFE, 0xFF, 0x0F, 0x04, 0x00, 0x84, 0xF8, 0xFF, 0x2F,
    0x00, 0x40, 0x05, 0xFF, 0x80, 0xBF, 0x05, 0x00, 0x82, 0xFE, 0xFF, 0x0B, 0x1D, 0x00, 0x02, 0xFF,
    0x80, 0x07, 0x02, 0x00, 0x82, 0xFE, 0xFF, 0x0B, 0x04, 0x00, 0x84, 0xF4, 0xFF, 0x3F, 0x00, 0x40,
    0x06, 0xFF, 0x80, 0x01, 0x04, 0x00, 0x82, 0xFE, 0xFF, 0x0B, 0x1D, 0x00, 0x02, 0xFF, 0x80, 0x07,
    0x02, 0x00, 0x82, 0xFE, 0xFF, 0x0B, 0x04, 0x00, 0x84, 0xF4, 0xFF, 0x3F, 0x00, 0x40, 0x06, 0xFF,
    0x80, 0x02, 0x04, 0x00, 0x82, 0xFE, 0xFF, 0x0B, 0x1D, 0x00, 0x02, 0xFF, 0x80, 0x07, 0x02, 0x00,
    0x82, 0xFE, 0xFF, 0x0B, 0x04, 0x00, 0x84, 0xF4, 0xFF, 0x3F, 0x00, 0x40, 0x06, 0xFF, 0x80, 0x07,
    0x04, 0x00, 0x82, 0xFE, 0xFF, 0x0B, 0x1D, 0x00, 0x82, 0xFE, 0xFF, 0x0B, 0x02, 0x00, 0x82, 0xFE,
    0xFF, 0x0F, 0x04, 0x00, 0x84, 0xF8, 0xFF, 0x2F, 0x00, 0x40, 0x03, 0xFF, 0x80, 0xAF, 0x02, 0xFF,
    0x80, 0x0B, 0x04, 0x00, 0x02, 0xFF, 0x80, 0x0B, 0x1D, 0x00, 0x82, 0xFE, 0xFF, 0x0B, 0x02, 0x00,
    0x82, 0xFD, 0xFF, 0x0F, 0x04, 0x00, 0x84, 0xFC, 0xFF, 0x2F, 0x00, 0x40, 0x03, 0xFF, 0x80, 0x0B,
    0x02, 0xFF, 0x80, 0x1F, 0x04, 0x00, 0x02, 0xFF, 0x80, 0x07, 0x1D, 0x00, 0x82, 0xFE, 0xFF, 0x0F,
    0x02, 0x00, 0x82, 0xFD, 0xFF, 0x1F, 0x04, 0x00, 0x84, 0xFD, 0xFF, 0x1F, 0x00, 0x40, 0x03, 0xFF,
    0x83, 0x03, 0xFE, 0xFF, 0x2F, 0x04, 0x00, 0x02, 0xFF, 0x80, 0x07, 0x1D, 0x00, 0x82, 0xFD, 0xFF,
    0x0F, 0x02, 0x00, 0x82, 0xFC, 0xFF, 0x3F, 0x04, 0x00, 0x84, 0xFE, 0xFF, 0x1F, 0x00, 0x40, 0x03,
    0xFF, 0x83, 0x01, 0xFC, 0xFF, 0x7F, 0x03, 0x00, 0x80, 0x40, 0x02, 0xFF, 0x80, 0x03, 0x1D, 0x00,
    0x82, 0xFD, 0xFF, 0x1F, 0x02, 0x00, 0x82, 0xF8, 0xFF, 0xBF, 0x03, 0x00, 0x80, 0x40, 0x02, 0xFF,
    0x82, 0x0F, 0x00, 0x40, 0x02, 0xFF, 0x84, 0x7F, 0x00, 0xF8, 0xFF, 0xBF, 0x03, 0x00, 0x80, 0x40,
    0x02, 0xFF, 0x80, 0x03, 0x1D, 0x00, 0x82, 0xFC, 0xFF, 0x1F, 0x02, 0x00, 0x80, 0xF4, 0x02, 0xFF,
    0x80, 0x01, 0x02, 0x00, 0x80, 0xD0, 0x02, 0xFF, 0x82, 0x0B, 0x00, 0x40, 0x02, 0xFF, 0x82, 0x2F,
    0x00, 0xF0, 0x02, 0xFF, 0x80, 0x01, 0x02, 0x00, 0x80, 0x80, 0x02, 0xFF, 0x80, 0x02, 0x1D, 0x00,
    0x82, 0xFC, 0xFF, 0x2F, 0x02, 0x00, 0x80, 0xF0, 0x02, 0xFF, 0x80, 0x0B, 0x02, 0x00, 0x80, 0xF4,
    0x02, 0xFF, 0x82, 0x07, 0x00, 0x40, 0x02, 0xFF, 0x82, 0x0B, 0x00, 0xE0, 0x02, 0xFF, 0x80, 0x02,
    0x02, 0x00, 0x80, 0xC0, 0x02, 0xFF, 0x80, 0x02, 0x1D, 0x00, 0x82, 0xF8, 0xFF, 0x3F, 0x02, 0x00,
    0x80, 0xD0, 0x02, 0xFF, 0x83, 0x6F, 0x00, 0x40, 0xFE, 0x02, 0xFF, 0x82, 0x02, 0x00, 0x40, 0x02,
    0xFF, 0x82, 0x07, 0x00, 0xC0, 0x02, 0xFF, 0x80, 0x07, 0x02, 0x00, 0x80, 0xC0, 0x02, 0xFF, 0x80,
    0x01, 0x1D, 0x00, 0x82, 0xF4, 0xFF, 0x3F, 0x02, 0x00, 0x80, 0xC0, 0x03, 0xFF, 0x81, 0x5B, 0xF9,
    0x03, 0xFF, 0x82, 0x01, 0x00, 0x40, 0x02, 0xFF, 0x82, 0x03, 0x00, 0x80, 0x02, 0xFF, 0x80, 0x0B,
    0x02, 0x00, 0x80, 0xD0, 0x02, 0xFF, 0x80, 0x01, 0x1D, 0x00, 0x82, 0xF4, 0xFF, 0x7F, 0x02, 0x00,
    0x80, 0x40, 0x07, 0xFF, 0x80, 0xBF, 0x02, 0x00, 0x80, 0x40, 0x02, 0xFF, 0x80, 0x03, 0x02, 0x00,
    0x02, 0xFF, 0x80, 0x1F, 0x02, 0x00, 0x80, 0xE0, 0x02, 0xFF, 0x1E, 0x00, 0x82, 0xF0, 0xFF, 0xBF,
    0x03, 0x00, 0x80, 0xFE, 0x06, 0xFF, 0x80, 0x2F, 0x02, 0x00, 0x80, 0x40, 0x02, 0xFF, 0x80, 0x03,
    0x02, 0x00, 0x82, 0xFE, 0xFF, 0x2F, 0x02, 0x00, 0x82, 0xF0, 0xFF, 0xBF, 0x1E, 0x00, 0x80, 0xE0,
    0x02, 0xFF, 0x03, 0x00, 0x80, 0xF8, 0x06, 0xFF, 0x80, 0x0F, 0x02, 0x00, 0x80, 0x40, 0x02, 0xFF,
    0x80, 0x03, 0x02, 0x00, 0x82, 0xFC, 0xFF, 0x7F, 0x02, 0x00, 0x82, 0xF4, 0xFF, 0x7F, 0x1E, 0x00,
    0x80, 0xD0, 0x02, 0xFF, 0x80, 0x01, 0x02, 0x00, 0x80, 0xE0, 0x06, 0xFF, 0x80, 0x03, 0x02, 0x00,
    0x80, 0x40, 0x02, 0xFF, 0x80, 0x03, 0x02, 0x00, 0x82, 0xF8, 0xFF, 0xBF, 0x02, 0x00, 0x82, 0xF8,
    0xFF, 0x3F, 0x1E, 0x00, 0x80, 0xC0, 0x02, 0xFF, 0x80, 0x03, 0x02, 0x00, 0x80, 0x80, 0x05, 0xFF,
    0x80, 0xBF, 0x03, 0x00, 0x80, 0x40, 0x02, 0xFF, 0x80, 0x03, 0x02, 0x00, 0x80, 0xF0, 0x02, 0xFF,
    0x84, 0x01, 0x00, 0xFC, 0xFF, 0x2F, 0x1E, 0x00, 0x80, 0x80, 0x02, 0xFF, 0x80, 0x07, 0x03, 0x00,
    0x80, 0xFD, 0x04, 0xFF, 0x80, 0x2F, 0x03, 0x00, 0x80, 0x40, 0x02, 0xFF, 0x80, 0x03, 0x02, 0x00,
    0x80, 0xE0, 0x02, 0xFF, 0x84, 0x02, 0x00, 0xFE, 0xFF, 0x1F, 0x1E, 0x00, 0x80, 0x40, 0x02, 0xFF,
    0x80, 0x0B, 0x03, 0x00, 0x80, 0xE0, 0x04, 0xFF, 0x80, 0x06, 0x03, 0x00, 0x80, 0x40, 0x02, 0xFF,
    0x80, 0x03, 0x02, 0x00, 0x80, 0xD0, 0x02, 0xFF, 0x81, 0x07, 0x00, 0x02, 0xFF, 0x80, 0x0F, 0x1F,
    0x00, 0x02, 0xFF, 0x80, 0x1F, 0x04, 0x00, 0x80, 0xFE, 0x02, 0xFF, 0x80, 0x6F, 0x04, 0x00, 0x80,
    0x40, 0x02, 0xFF, 0x80, 0x03, 0x02, 0x00, 0x80, 0x80, 0x02, 0xFF, 0x81, 0x0B, 0x40, 0x02, 0xFF,
    0x80, 0x0B, 0x1F, 0x00, 0x82, 0xFE, 0xFF, 0x2F, 0x04, 0x00, 0x83, 0x50, 0xFA, 0x6B, 0x01, 0x05,
    0x00, 0x02, 0x55, 0x80, 0x01, 0x02, 0x00, 0x80, 0x40, 0x02, 0xFF, 0x81, 0x1F, 0xC0, 0x02, 0xFF,
    0x80, 0x07, 0x1F, 0x00, 0x82, 0xFC, 0xFF, 0x7F, 0x13, 0x00, 0x83, 0xFE, 0xFF, 0x2F, 0xD0, 0x02,
    0xFF, 0x80, 0x03, 0x1F, 0x00, 0x82, 0xF8, 0xFF, 0xBF, 0x13, 0x00, 0x83, 0xFD, 0xFF, 0x7F, 0xF0,
    0x02, 0xFF, 0x80, 0x01, 0x1F, 0x00, 0x80, 0xF4, 0x02, 0xFF, 0x80, 0x01, 0x12, 0x00, 0x83, 0xF8,
    0xFF, 0xBF, 0xF8, 0x02, 0xFF, 0x20, 0x00, 0x80, 0xE0, 0x02, 0xFF, 0x80, 0x03, 0x12, 0x00, 0x80,
    0xF4, 0x02, 0xFF, 0x82, 0xFD, 0xFF, 0x7F, 0x20, 0x00, 0x80, 0xD0, 0x02, 0xFF, 0x80, 0x0B, 0x12,
    0x00, 0x80, 0xE0, 0x04, 0xFF, 0x80, 0x3F, 0x20, 0x00, 0x80, 0x80, 0x02, 0xFF, 0x80, 0x1F, 0x12,
    0x00, 0x80, 0xD0, 0x04, 0xFF, 0x80, 0x1F, 0x21, 0x00, 0x02, 0xFF, 0x80, 0x3F, 0x12, 0x00, 0x80,
    0x80, 0x04, 0xFF, 0x80, 0x0B, 0x21, 0x00, 0x82, 0xFE, 0xFF, 0xBF, 0x12, 0x00, 0x80, 0x40, 0x04,
    0xFF, 0x80, 0x07, 0x21, 0x00, 0x80, 0xFC, 0x02, 0xFF, 0x80, 0x01, 0x12, 0x00, 0x80, 0xFE, 0x03,
    0xFF, 0x80, 0x02, 0x21, 0x00, 0x80, 0xF4, 0x02, 0xFF, 0x80, 0x07, 0x12, 0x00, 0x80, 0xFD, 0x03,
    0xFF, 0x22, 0x00, 0x80, 0xE0, 0x02, 0xFF, 0x80, 0x1F, 0x12, 0x00, 0x80, 0xF8, 0x02, 0xFF, 0x80,
    0x7F, 0x22, 0x00, 0x80, 0xC0, 0x02, 0xFF, 0x80, 0x3F, 0x12, 0x00, 0x80, 0xF4, 0x02, 0xFF, 0x80,
    0x2F, 0x22, 0x00, 0x80, 0x40, 0x03, 0xFF, 0x12, 0x00, 0x80, 0xF4, 0x02, 0xFF, 0x80, 0x0F, 0x23,
    0x00, 0x80, 0xFD, 0x02, 0xFF, 0x80, 0x03, 0x11, 0x00, 0x80, 0xFD, 0x02, 0xFF, 0x80, 0x07, 0x23,
    0x00, 0x80, 0xF8, 0x02, 0xFF, 0x80, 0x0F, 0x10, 0x00, 0x80, 0x40, 0x03, 0xFF, 0x80, 0x01, 0x23,
    0x00, 0x80, 0xE0, 0x02, 0xFF, 0x80, 0x7F, 0x10, 0x00, 0x80, 0xD0, 0x02, 0xFF, 0x80, 0xBF, 0x24,
    0x00, 0x80, 0xC0, 0x03, 0xFF, 0x80, 0x01, 0x0F, 0x00, 0x80, 0xF8, 0x02, 0xFF, 0x80, 0x2F, 0x24,
    0x00, 0x80, 0x40, 0x03, 0xFF, 0x80, 0x0B, 0x0F, 0x00, 0x80, 0xFE, 0x02, 0xFF, 0x80, 0x0B, 0x25,
    0x00, 0x80, 0xFD, 0x02, 0xFF, 0x80, 0x6F, 0x0E, 0x00, 0x80, 0xD0, 0x03, 0xFF, 0x80, 0x02, 0x25,
    0x00, 0x80, 0xF4, 0x03, 0xFF, 0x80, 0x01, 0x0D, 0x00, 0x80, 0xF8, 0x02, 0xFF, 0x80, 0xBF, 0x26,
    0x00, 0x80, 0xD0, 0x03, 0xFF, 0x80, 0x1B, 0x0C, 0x00, 0x80, 0x40, 0x03, 0xFF, 0x80, 0x2F, 0x26,
    0x00, 0x80, 0x40, 0x03, 0xFF, 0x80, 0xBF, 0x0C, 0x00, 0x80, 0xE4, 0x03, 0xFF, 0x80, 0x0B, 0x27,
    0x00, 0x80, 0xFC, 0x03, 0xFF, 0x80, 0x0B, 0x0A, 0x00, 0x81, 0x40, 0xFE, 0x03, 0xFF, 0x80, 0x02,
    0x27, 0x00, 0x80, 0xE0, 0x03, 0xFF, 0x81, 0xBF, 0x01, 0x09, 0x00, 0x80, 0xE4, 0x03, 0xFF, 0x80,
    0xBF, 0x28, 0x00, 0x80, 0x80, 0x04, 0xFF, 0x80, 0x1B, 0x08, 0x00, 0x80, 0x40, 0x04, 0xFF, 0x80,
    0x1F, 0x29, 0x00, 0x80, 0xFD, 0x04, 0xFF, 0x80, 0x06, 0x07, 0x00, 0x80, 0xF9, 0x04, 0xFF, 0x80,
    0x02, 0x29, 0x00, 0x80, 0xE0, 0x04, 0xFF, 0x81, 0xBF, 0x05, 0x05, 0x00, 0x80, 0xE9, 0x04, 0xFF,
    0x80, 0xBF, 0x2A, 0x00, 0x80, 0x40, 0x06, 0xFF, 0x80, 0x5A, 0x02, 0x00, 0x81, 0x54, 0xFA, 0x05,
    0xFF, 0x80, 0x1B, 0x2B, 0x00, 0x80, 0xF8, 0x0F, 0xFF, 0x80, 0x01, 0x2B, 0x00, 0x80, 0x90, 0x0E,
    0xFF, 0x80, 0x2F, 0x2D, 0x00, 0x80, 0xF9, 0x0D, 0xFF, 0x80, 0x06, 0x2D, 0x00, 0x80, 0x90, 0x0C,
    0xFF, 0x80, 0x6F, 0x2F, 0x00, 0x80, 0xF9, 0x0B, 0xFF, 0x80, 0x02, 0x2F, 0x00, 0x81, 0x40, 0xFE,
    0x09, 0xFF, 0x80, 0x1B, 0x31, 0x00, 0x80, 0xA4, 0x08, 0xFF, 0x80, 0x6F, 0x33, 0x00, 0x80, 0xE4,
    0x06, 0xFF, 0x81, 0xAF, 0x01, 0x34, 0x00, 0x81, 0x94, 0xFE, 0x03, 0xFF, 0x81, 0x6B, 0x01, 0x37,
    0x00, 0x82, 0x54, 0x55, 0x01, 0x7F, 0x00, 0x7F, 0x00, 0x7F, 0x00, 0x7F, 0x00, 0x7A, 0x00, 0x02,
    0xFD, 0x06, 0x00, 0x00, 0x01, 0x00, 0x01, 0xFF, 0x28, 0x00, 0x05, 0xFA, 0xD2, 0x0A, 0x00, 0x7F,
    0x00, 0x13, 0x00, 0x80, 0x54, 0x02, 0xAA, 0x81, 0x5A, 0x01, 0x35, 0x00, 0x81, 0x40, 0xE9, 0x04,
    0xFF, 0x81, 0xBF, 0x06, 0x34, 0x00, 0x80, 0xF9, 0x07, 0xFF, 0x80, 0x06, 0x32, 0x00, 0x80, 0xF9,
    0x08, 0xFF, 0x81, 0xBF, 0x01, 0x30, 0x00, 0x80, 0x90, 0x0A, 0xFF, 0x80, 0x6F, 0x30, 0x00, 0x80,
    0xFE, 0x0B, 0xFF, 0x80, 0x07, 0x2E, 0x00, 0x80, 0xE4, 0x0C, 0xFF, 0x80, 0xBF, 0x2D, 0x00, 0x81,
    0x40, 0xFE, 0x0D, 0xFF, 0x80, 0x0B, 0x2C, 0x00, 0x80, 0xE0, 0x0E, 0xFF, 0x80, 0x7F, 0x2C, 0x00,
    0x80, 0xFD, 0x06, 0xFF, 0x02, 0xAA, 0x80, 0xFE, 0x06, 0xFF, 0x80, 0x06, 0x2A, 0x00, 0x80, 0x80,
    0x05, 0xFF, 0x81, 0x6F, 0x01, 0x03, 0x00, 0x80, 0xA5, 0x05, 0xFF, 0x80, 0x2F, 0x2A, 0x00, 0x80,
    0xF4, 0x04, 0xFF, 0x80, 0x6F, 0x06, 0x00, 0x80, 0x94, 0x05, 0xFF, 0x80, 0x01, 0x29, 0x00, 0x80,
    0xFE, 0x03, 0xFF, 0x81, 0xBF, 0x01, 0x07, 0x00, 0x80, 0xE4, 0x04, 0xFF, 0x80, 0x07, 0x28, 0x00,
    0x80, 0x80, 0x04, 0xFF, 0x80, 0x06, 0x09, 0x00, 0x80, 0xFD, 0x03, 0xFF, 0x80, 0x2F, 0x28, 0x00,
    0x80, 0xF4, 0x03, 0xFF, 0x80, 0x6F, 0x0A, 0x00, 0x80, 0x90, 0x03, 0xFF, 0x80, 0xBF, 0x28, 0x00,
    0x80, 0xFD, 0x03, 0xFF, 0x80, 0x06, 0x0B, 0x00, 0x80, 0xFD, 0x03, 0xFF, 0x80, 0x07, 0x26, 0x00,
    0x80, 0x40, 0x03, 0xFF, 0x80, 0x6F, 0x0C, 0x00, 0x80, 0xD0, 0x03, 0xFF, 0x80, 0x1F, 0x26, 0x00,
    0x80, 0xE0, 0x03, 0xFF, 0x80, 0x07, 0x0D, 0x00, 0x80, 0xFE, 0x02, 0xFF, 0x80, 0x7F, 0x26, 0x00,
    0x80, 0xF8, 0x02, 0xFF, 0x80, 0xBF, 0x0E, 0x00, 0x80, 0xF4, 0x03, 0xFF, 0x80, 0x01, 0x25, 0x00,
    0x80, 0xFE, 0x02, 0xFF, 0x80, 0x1F, 0x0E, 0x00, 0x80, 0x80, 0x03, 0xFF, 0x80, 0x07, 0x24, 0x00,
    0x80, 0x40, 0x03, 0xFF, 0x80, 0x0B, 0x0F, 0x00, 0x80, 0xFD, 0x02, 0xFF, 0x80, 0x1F, 0x24, 0x00,
    0x80, 0xD0, 0x03, 0xFF, 0x80, 0x0B, 0x0F, 0x00, 0x80, 0xF4, 0x02, 0xFF, 0x80, 0x3F, 0x24, 0x00,
    0x80, 0xF4, 0x03, 0xFF, 0x80, 0x0B, 0x0F, 0x00, 0x80, 0xD0, 0x02, 0xFF, 0x80, 0xBF, 0x24, 0x00,
    0x80, 0xFC, 0x03, 0xFF, 0x80, 0x0B, 0x10, 0x00, 0x80, 0xFE, 0x02, 0xFF, 0x80, 0x02, 0x23, 0x00,
    0x80, 0xFE, 0x03, 0xFF, 0x80, 0x0B, 0x10, 0x00, 0x80, 0xF8, 0x02, 0xFF, 0x80, 0x07, 0x22, 0x00,
    0x80, 0x40, 0x04, 0xFF, 0x80, 0x0B, 0x10, 0x00, 0x80, 0xE0, 0x02, 0xFF, 0x80, 0x1F, 0x22, 0x00,
    0x80, 0xD0, 0x04, 0xFF, 0x80, 0x0B, 0x10, 0x00, 0x80, 0xC0, 0x02, 0xFF, 0x80, 0x3F, 0x22, 0x00,
    0x80, 0xF0, 0x04, 0xFF, 0x80, 0x0B, 0x11, 0x00, 0x02, 0xFF, 0x80, 0xBF, 0x22, 0x00, 0x80, 0xF8,
    0x04, 0xFF, 0x80, 0x0B, 0x09, 0x00, 0x02, 0x55, 0x80, 0x01, 0x05, 0x00, 0x80, 0xFD, 0x02, 0xFF,
    0x80, 0x01, 0x21, 0x00, 0x80, 0xFD, 0x02, 0xFF, 0x82, 0xFE, 0xFF, 0x0B, 0x08, 0x00, 0x80, 0x40,
    0x02, 0xFF, 0x80, 0x03, 0x05, 0x00, 0x80, 0xF4, 0x02, 0xFF, 0x80, 0x03, 0x21, 0x00, 0x85, 0xFE,
    0xFF, 0x7F, 0xFE, 0xFF, 0x0B, 0x08, 0x00, 0x80, 0x40, 0x02, 0xFF, 0x80, 0x03, 0x05, 0x00, 0x80,
    0xE0, 0x02, 0xFF, 0x80, 0x07, 0x20, 0x00, 0x80, 0x40, 0x02, 0xFF, 0x83, 0x2F, 0xFE, 0xFF, 0x0B,
    0x08, 0x00, 0x80, 0x40, 0x02, 0xFF, 0x80, 0x03, 0x05, 0x00, 0x80, 0xC0, 0x02, 0xFF, 0x80, 0x0F,
    0x20, 0x00, 0x80, 0xC0, 0x02, 0xFF, 0x83, 0x0F, 0xFE, 0xFF, 0x0B, 0x08, 0x00, 0x80, 0x40, 0x02,
    0xFF, 0x80, 0x03, 0x05, 0x00, 0x80, 0x40, 0x02, 0xFF, 0x80, 0x2F, 0x20, 0x00, 0x80, 0xD0, 0x02,
    0xFF, 0x83, 0x07, 0xFE, 0xFF, 0x0B, 0x08, 0x00, 0x80, 0x40, 0x02, 0xFF, 0x80, 0x03, 0x06, 0x00,
    0x82, 0xFE, 0xFF, 0x3F, 0x20, 0x00, 0x80, 0xF0, 0x02, 0xFF, 0x83, 0x02, 0xFE, 0xFF, 0x0B, 0x08,
    0x00, 0x80, 0x40, 0x02, 0xFF, 0x80, 0x03, 0x06, 0x00, 0x82, 0xFC, 0xFF, 0xBF, 0x20, 0x00, 0x80,
    0xF4, 0x02, 0xFF, 0x83, 0x00, 0xFE, 0xFF, 0x0B, 0x08, 0x00, 0x80, 0x40, 0x02, 0xFF, 0x80, 0x03,
    0x06, 0x00, 0x80, 0xF4, 0x02, 0xFF, 0x20, 0x00, 0x86, 0xFC, 0xFF, 0xBF, 0x00, 0xFE, 0xFF, 0x0B,
    0x08, 0x00, 0x80, 0x40, 0x02, 0xFF, 0x80, 0x03, 0x06, 0x00, 0x80, 0xE0, 0x02, 0xFF, 0x80, 0x02,
    0x1F, 0x00, 0x86, 0xFD, 0xFF, 0x3F, 0x00, 0xFE, 0xFF, 0x0B, 0x08, 0x00, 0x80, 0x40, 0x02, 0xFF,
    0x80, 0x03, 0x06, 0x00, 0x80, 0xD0, 0x02, 0xFF, 0x80, 0x03, 0x1F, 0x00, 0x86, 0xFE, 0xFF, 0x1F,
    0x00, 0xFE, 0xFF, 0x0B, 0x08, 0x00, 0x80, 0x40, 0x02, 0xFF, 0x80, 0x03, 0x06, 0x00, 0x80, 0x80,
    0x02, 0xFF, 0x80, 0x07, 0x1F, 0x00, 0x02, 0xFF, 0x84, 0x0F, 0x00, 0xFE, 0xFF, 0x0B, 0x08, 0x00,
    0x80, 0x40, 0x02, 0xFF, 0x80, 0x03, 0x06, 0x00, 0x80, 0x40, 0x02, 0xFF, 0x80, 0x0B, 0x1E, 0x00,
    0x80, 0x40, 0x02, 0xFF, 0x84, 0x0B, 0x00, 0xFE, 0xFF, 0x0B, 0x08, 0x00, 0x80, 0x40, 0x02, 0xFF,
    0x80, 0x03, 0x07, 0x00, 0x82, 0xFE, 0xFF, 0x1F, 0x1E, 0x00, 0x80, 0x80, 0x02, 0xFF, 0x84, 0x03,
    0x00, 0xFE, 0xFF, 0x0B, 0x08, 0x00, 0x80, 0x40, 0x02, 0xFF, 0x80, 0x03, 0x07, 0x00, 0x82, 0xFD,
    0xFF, 0x2F, 0x1E, 0x00, 0x80, 0xC0, 0x02, 0xFF, 0x84, 0x02, 0x00, 0xFE, 0xFF, 0x0B, 0x08, 0x00,
    0x80, 0x40, 0x02, 0xFF, 0x80, 0x03, 0x02, 0x00, 0x80, 0xD0, 0x02, 0xFF, 0x84, 0x1F, 0x00, 0xFC,
    0xFF, 0x3F, 0x1E, 0x00, 0x80, 0xD0, 0x02, 0xFF, 0x84, 0x01, 0x00, 0xFE, 0xFF, 0x0B, 0x08, 0x00,
    0x80, 0x40, 0x02, 0xFF, 0x80, 0x03, 0x02, 0x00, 0x80, 0xF4, 0x02, 0xFF, 0x84, 0x0B, 0x00, 0xF8,
    0xFF, 0x7F, 0x1E, 0x00, 0x80, 0xE0, 0x02, 0xFF, 0x02, 0x00, 0x82, 0xFE, 0xFF, 0x0B, 0x08, 0x00,
    0x80, 0x40, 0x02, 0xFF, 0x80, 0x03, 0x02, 0x00, 0x80, 0xFC, 0x02, 0xFF, 0x84, 0x03, 0x00, 0xF4,
    0xFF, 0x7F, 0x1E, 0x00, 0x82, 0xF0, 0xFF, 0xBF, 0x02, 0x00, 0x82, 0xFE, 0xFF, 0x0B, 0x08, 0x00,
    0x80, 0x40, 0x02, 0xFF, 0x80, 0x03, 0x02, 0x00, 0x80, 0xFE, 0x02, 0xFF, 0x84, 0x01, 0x00, 0xF0,
    0xFF, 0xBF, 0x1E, 0x00, 0x82, 0xF4, 0xFF, 0x7F, 0x02, 0x00, 0x85, 0xFE, 0xFF, 0x0B, 0x00, 0xA5,
    0x5A, 0x05, 0x00, 0x80, 0x40, 0x02, 0xFF, 0x82, 0x03, 0x00, 0x80, 0x02, 0xFF, 0x80, 0x7F, 0x02,
    0x00, 0x80, 0xE0, 0x02, 0xFF, 0x1E, 0x00, 0x82, 0xF8, 0xFF, 0x3F, 0x02, 0x00, 0x83, 0xFE, 0xFF,
    0x0B, 0xF9, 0x02, 0xFF, 0x80, 0x1B, 0x04, 0x00, 0x80, 0x40, 0x02, 0xFF, 0x82, 0x03, 0x00, 0xD0,
    0x02, 0xFF, 0x80, 0x2F, 0x02, 0x00, 0x80, 0xD0, 0x02, 0xFF, 0x80, 0x01, 0x1D, 0x00, 0x82, 0xF8,
    0xFF, 0x2F, 0x02, 0x00, 0x82, 0xFE, 0xFF, 0x9B, 0x04, 0xFF, 0x80, 0x01, 0x03, 0x00, 0x80, 0x40,
    0x02, 0xFF, 0x82, 0x03, 0x00, 0xF4, 0x02, 0xFF, 0x80, 0x0B, 0x02, 0x00, 0x80, 0xC0, 0x02, 0xFF,
    0x80, 0x01, 0x1D, 0x00, 0x82, 0xFC, 0xFF, 0x2F, 0x02, 0x00, 0x80, 0xFE, 0x06, 0xFF, 0x80, 0x1F,
    0x03, 0x00, 0x80, 0x40, 0x02, 0xFF, 0x82, 0x03, 0x00, 0xFC, 0x02, 0xFF, 0x80, 0x03, 0x02, 0x00,
    0x80, 0xC0, 0x02, 0xFF, 0x80, 0x02, 0x1D, 0x00, 0x82, 0xFC, 0xFF, 0x1F, 0x02, 0x00, 0x80, 0xFE,
    0x06, 0xFF, 0x80, 0xBF, 0x03, 0x00, 0x80, 0x40, 0x02, 0xFF, 0x82, 0x03, 0x00, 0xFE, 0x02, 0xFF,
    0x80, 0x01, 0x02, 0x00, 0x80, 0x80, 0x02, 0xFF, 0x80, 0x03, 0x1D, 0x00, 0x82, 0xFD, 0xFF, 0x0F,
    0x02, 0x00, 0x80, 0xFE, 0x07, 0xFF, 0x80, 0x02, 0x02, 0x00, 0x80, 0x40, 0x02, 0xFF, 0x81, 0x03,
    0x80, 0x02, 0xFF, 0x80, 0x7F, 0x03, 0x00, 0x80, 0x40, 0x02, 0xFF, 0x80, 0x03, 0x1D, 0x00, 0x82,
    0xFD, 0xFF, 0x0F, 0x02, 0x00, 0x80, 0xFE, 0x07, 0xFF, 0x80, 0x0B, 0x02, 0x00, 0x80, 0x40, 0x02,
    0xFF, 0x81, 0x03, 0xD0, 0x02, 0xFF, 0x80, 0x2F, 0x03, 0x00, 0x80, 0x40, 0x02, 0xFF, 0x80, 0x07,
    0x1D, 0x00, 0x82, 0xFE, 0xFF, 0x0B, 0x02, 0x00, 0x80, 0xFE, 0x07, 0xFF, 0x80, 0x2F, 0x02, 0x00,
    0x80, 0x40, 0x02, 0xFF, 0x81, 0x03, 0xF4, 0x02, 0xFF, 0x80, 0x0B, 0x04, 0x00, 0x02, 0xFF, 0x80,
    0x07, 0x1D, 0x00, 0x82, 0xFE, 0xFF, 0x0B, 0x02, 0x00, 0x80, 0xFE, 0x07, 0xFF, 0x80, 0x7F, 0x02,
    0x00, 0x80, 0x40, 0x02, 0xFF, 0x81, 0x03, 0xFC, 0x02, 0xFF, 0x80, 0x03, 0x04, 0x00, 0x02, 0xFF,
    0x80, 0x07, 0x1D, 0x00, 0x02, 0xFF, 0x80, 0x0B, 0x02, 0x00, 0x80, 0xFE, 0x03, 0xFF, 0x81, 0xAF,
    0xFE, 0x03, 0xFF, 0x02, 0x00, 0x80, 0x40, 0x02, 0xFF, 0x81, 0x03, 0xFE, 0x02, 0xFF, 0x80, 0x01,
    0x04, 0x00, 0x82, 0xFE, 0xFF, 0x0B, 0x1D, 0x00, 0x02, 0xFF, 0x80, 0x07, 0x02, 0x00, 0x80, 0xFE,
    0x02, 0xFF, 0x82, 0xBF, 0x01, 0x40, 0x03, 0xFF, 0x82, 0x02, 0x00, 0x40, 0x02, 0xFF, 0x80, 0x83,
    0x02, 0xFF, 0x80, 0x7F, 0x05, 0x00, 0x82, 0xFE, 0xFF, 0x0B, 0x1D, 0x00, 0x02, 0xFF, 0x80, 0x07,
    0x02, 0x00, 0x80, 0xFE, 0x02, 0xFF, 0x80, 0x1B, 0x02, 0x00, 0x80, 0xF8, 0x02, 0xFF, 0x82, 0x03,
    0x00, 0x40, 0x02, 0xFF, 0x80, 0xD3, 0x02, 0xFF, 0x80, 0x2F, 0x05, 0x00, 0x82, 0xFE, 0xFF, 0x0B,
    0x1D, 0x00, 0x02, 0xFF, 0x80, 0x07, 0x02, 0x00, 0x80, 0xFE, 0x02, 0xFF, 0x80, 0x02, 0x02, 0x00,
    0x80, 0xD0, 0x02, 0xFF, 0x82, 0x0B, 0x00, 0x40, 0x02, 0xFF, 0x80, 0xF7, 0x02, 0xFF, 0x80, 0x0B,
    0x05, 0x00, 0x82, 0xFE, 0xFF, 0x0B, 0x1D, 0x00, 0x02, 0xFF, 0x80, 0x07, 0x02, 0x00, 0x82, 0xFE,
    0xFF, 0xBF, 0x03, 0x00, 0x80, 0x80, 0x02, 0xFF, 0x82, 0x0F, 0x00, 0x40, 0x05, 0xFF, 0x80, 0x0B,
    0x05, 0x00, 0x82, 0xFD, 0xFF, 0x0B, 0x1D, 0x00, 0x02, 0xFF, 0x80, 0x03, 0x02, 0x00, 0x82, 0xFE,
    0xFF, 0x3F, 0x04, 0x00, 0x02, 0xFF, 0x82, 0x1F, 0x00, 0x40, 0x05, 0xFF, 0x80, 0x1F, 0x05, 0x00,
    0x82, 0xFD, 0xFF, 0x0F, 0x1D, 0x00, 0x02, 0xFF, 0x80, 0x03, 0x02, 0x00, 0x82, 0xFE, 0xFF, 0x2F,
    0x04, 0x00, 0x84, 0xFD, 0xFF, 0x1F, 0x00, 0x40, 0x05, 0xFF, 0x80, 0x2F, 0x05, 0x00, 0x82, 0xFD,
    0xFF, 0x0F, 0x1D, 0x00, 0x02, 0xFF, 0x80, 0x07, 0x02, 0x00, 0x82, 0xFE, 0xFF, 0x1F, 0x04, 0x00,
    0x84, 0xFC, 0xFF, 0x2F, 0x00, 0x40, 0x05, 0xFF, 0x80, 0x7F, 0x05, 0x00, 0x82, 0xFD, 0xFF, 0x0F,
    0x1D, 0x00, 0x02, 0xFF, 0x80, 0x07, 0x02, 0x00, 0x82, 0xFE, 0xFF, 0x0F, 0x04, 0x00, 0x84, 0xF8,
    0xFF, 0x2F, 0x00, 0x40, 0x05, 0xFF, 0x80, 0xBF, 0x05, 0x00, 0x82, 0xFE, 0xFF, 0x0B, 0x1D, 0x00,
    0x02, 0xFF, 0x80, 0x07, 0x02, 0x00, 0x82, 0xFE, 0xFF, 0x0B, 0x04, 0x00, 0x84, 0xF4, 0xFF, 0x3F,
    0x00, 0x40, 0x06, 0xFF, 0x80, 0x01, 0x04, 0x00, 0x82, 0xFE, 0xFF, 0x0B, 0x1D, 0x00, 0x02, 0xFF,
    0x80, 0x07, 0x02, 0x00, 0x82, 0xFE, 0xFF, 0x0B, 0x04, 0x00, 0x84, 0xF4, 0xFF, 0x3F, 0x00, 0x40,
    0x06, 0xFF, 0x80, 0x02, 0x04, 0x00, 0x82, 0xFE, 0xFF, 0x0B, 0x1D, 0x00, 0x02, 0xFF, 0x80, 0x07,
    0x02, 0x00, 0x82, 0xFE, 0xFF, 0x0B, 0x04, 0x00, 0x84, 0xF4, 0xFF, 0x3F, 0x00, 0x40, 0x06, 0xFF,
    0x80, 0x07, 0x04, 0x00, 0x82, 0xFE, 0xFF, 0x0B, 0x1D, 0x00, 0x82, 0xFE, 0xFF, 0x0B, 0x02, 0x00,
    0x82, 0xFE, 0xFF, 0x0F, 0x04, 0x00, 0x84, 0xF8, 0xFF, 0x2F, 0x00, 0x40, 0x03, 0xFF, 0x80, 0xAF,
    0x02, 0xFF, 0x80, 0x0B, 0x04, 0x00, 0x02, 0xFF, 0x80, 0x0B, 0x1D, 0x00, 0x82, 0xFE, 0xFF, 0x0B,
    0x02, 0x00, 0x82, 0xFD, 0xFF, 0x0F, 0x04, 0x00, 0x84, 0xFC, 0xFF, 0x2F, 0x00, 0x40, 0x03, 0xFF,
    0x80, 0x0B, 0x02, 0xFF, 0x80, 0x1F, 0x04, 0x00, 0x02, 0xFF, 0x80, 0x07, 0x1D, 0x00, 0x82, 0xFE,
    0xFF, 0x0F, 0x02, 0x00, 0x82, 0xFD, 0xFF, 0x1F, 0x04, 0x00, 0x84, 0xFD, 0xFF, 0x1F, 0x00, 0x40,
    0x03, 0xFF, 0x83, 0x03, 0xFE, 0xFF, 0x2F, 0x04, 0x00, 0x02, 0xFF, 0x80, 0x07, 0x1D, 0x00, 0x82,
    0xFD, 0xFF, 0x0F, 0x02, 0x00, 0x82, 0xFC, 0xFF, 0x3F, 0x04, 0x00, 0x84, 0xFE, 0xFF, 0x1F, 0x00,
    0x40, 0x03, 0xFF, 0x83, 0x01, 0xFC, 0xFF, 0x7F, 0x03, 0x00, 0x80, 0x40, 0x02, 0xFF, 0x80, 0x03,
    0x1D, 0x00, 0x82, 0xFD, 0xFF, 0x1F, 0x02, 0x00, 0x82, 0xF8, 0xFF, 0xBF, 0x03, 0x00, 0x80, 0x40,
    0x02, 0xFF, 0x82, 0x0F, 0x00, 0x40, 0x02, 0xFF, 0x84, 0x7F, 0x00, 0xF8, 0xFF, 0xBF, 0x03, 0x00,
    0x80, 0x40, 0x02, 0xFF, 0x80, 0x03, 0x1D, 0x00, 0x82, 0xFC, 0xFF, 0x1F, 0x02, 0x00, 0x80, 0xF4,
    0x02, 0xFF, 0x80, 0x01, 0x02, 0x00, 0x80, 0xD0, 0x02, 0xFF, 0x82, 0x0B, 0x00, 0x40, 0x02, 0xFF,
    0x82, 0x2F, 0x00, 0xF0, 0x02, 0xFF, 0x80, 0x01, 0x02, 0x00, 0x80, 0x80, 0x02, 0xFF, 0x80, 0x02,
    0x1D, 0x00, 0x82, 0xFC, 0xFF, 0x2F, 0x02, 0x00, 0x80, 0xF0, 0x02, 0xFF, 0x80, 0x0B, 0x02, 0x00,
    0x80, 0xF4, 0x02, 0xFF, 0x82, 0x07, 0x00, 0x40, 0x02, 0xFF, 0x82, 0x0B, 0x00, 0xE0, 0x02, 0xFF,
    0x80, 0x02, 0x02, 0x00, 0x80, 0xC0, 0x02, 0xFF, 0x80, 0x02, 0x1D, 0x00, 0x82, 0xF8, 0xFF, 0x3F,
    0x02, 0x00, 0x80, 0xD0, 0x02, 0xFF, 0x83, 0x6F, 0x00, 0x40, 0xFE, 0x02, 0xFF, 0x82, 0x02, 0x00,
    0x40, 0x02, 0xFF, 0x82, 0x07, 0x00, 0xC0, 0x02, 0xFF, 0x80, 0x07, 0x02, 0x00, 0x80, 0xC0, 0x02,
    0xFF, 0x80, 0x01, 0x1D, 0x00, 0x82, 0xF4, 0xFF, 0x3F, 0x02, 0x00, 0x80, 0xC0, 0x03, 0xFF, 0x81,
    0x5B, 0xF9, 0x03, 0xFF, 0x82, 0x01, 0x00, 0x40, 0x02, 0xFF, 0x82, 0x03, 0x00, 0x80, 0x02, 0xFF,
    0x80, 0x0B, 0x02, 0x00, 0x80, 0xD0, 0x02, 0xFF, 0x80, 0x01, 0x1D, 0x00, 0x82, 0xF4, 0xFF, 0x7F,
    0x02, 0x00, 0x80, 0x40, 0x07, 0xFF, 0x80, 0xBF, 0x02, 0x00, 0x80, 0x40, 0x02, 0xFF, 0x80, 0x03,
    0x02, 0x00, 0x02, 0xFF, 0x80, 0x1F, 0x02, 0x00, 0x80, 0xE0, 0x02, 0xFF, 0x1E, 0x00, 0x82, 0xF0,
    0xFF, 0xBF, 0x03, 0x00, 0x80, 0xFE, 0x06, 0xFF, 0x80, 0x2F, 0x02, 0x00, 0x80, 0x40, 0x02, 0xFF,
    0x80, 0x03, 0x02, 0x00, 0x82, 0xFE, 0xFF, 0x2F, 0x02, 0x00, 0x82, 0xF0, 0xFF, 0xBF, 0x1E, 0x00,
    0x80, 0xE0, 0x02, 0xFF, 0x03, 0x00, 0x80, 0xF8, 0x06, 0xFF, 0x80, 0x0F, 0x02, 0x00, 0x80, 0x40,
    0x02, 0xFF, 0x80, 0x03, 0x02, 0x00, 0x82, 0xFC, 0xFF, 0x7F, 0x02, 0x00, 0x82, 0xF4, 0xFF, 0x7F,
    0x1E, 0x00, 0x80, 0xD0, 0x02, 0xFF, 0x80, 0x01, 0x02, 0x00, 0x80, 0xE0, 0x06, 0xFF, 0x80, 0x03,
    0x02, 0x00, 0x80, 0x40, 0x02, 0xFF, 0x80, 0x03, 0x02, 0x00, 0x82, 0xF8, 0xFF, 0xBF, 0x02, 0x00,
    0x82, 0xF8, 0xFF, 0x3F, 0x1E, 0x00, 0x80, 0xC0, 0x02, 0xFF, 0x80, 0x03, 0x02, 0x00, 0x80, 0x80,
    0x05, 0xFF, 0x80, 0xBF, 0x03, 0x00, 0x80, 0x40, 0x02, 0xFF, 0x80, 0x03, 0x02, 0x00, 0x80, 0xF0,
    0x02, 0xFF, 0x84, 0x01, 0x00, 0xFC, 0xFF, 0x2F, 0x1E, 0x00, 0x80, 0x80, 0x02, 0xFF, 0x80, 0x07,
    0x03, 0x00, 0x80, 0xFD, 0x04, 0xFF, 0x80, 0x2F, 0x03, 0x00, 0x80, 0x40, 0x02, 0xFF, 0x80, 0x03,
    0x02, 0x00, 0x80, 0xE0, 0x02, 0xFF, 0x84, 0x02, 0x00, 0xFE, 0xFF, 0x1F, 0x1E, 0x00, 0x80, 0x40,
    0x02, 0xFF, 0x80, 0x0B, 0x03, 0x00, 0x80, 0xE0, 0x04, 0xFF, 0x80, 0x06, 0x03, 0x00, 0x80, 0x40,
    0x02, 0xFF, 0x80, 0x03, 0x02, 0x00, 0x80, 0xD0, 0x02, 0xFF, 0x81, 0x07, 0x00, 0x02, 0xFF, 0x80,
    0x0F, 0x1F, 0x00, 0x02, 0xFF, 0x80, 0x1F, 0x04, 0x00, 0x80, 0xFE, 0x02, 0xFF, 0x80, 0x6F, 0x04,
    0x00, 0x80, 0x40, 0x02, 0xFF, 0x80, 0x03, 0x02, 0x00, 0x80, 0x80, 0x02, 0xFF, 0x81, 0x0B, 0x40,
    0x02, 0xFF, 0x80, 0x0B, 0x1F, 0x00, 0x82, 0xFE, 0xFF, 0x2F, 0x04, 0x00, 0x83, 0x50, 0xFA, 0x6B,
    0x01, 0x05, 0x00, 0x02, 0x55, 0x80, 0x01, 0x02, 0x00, 0x80, 0x40, 0x02, 0xFF, 0x81, 0x1F, 0xC0,
    0x02, 0xFF, 0x80, 0x07, 0x1F, 0x00, 0x82, 0xFC, 0xFF, 0x7F, 0x13, 0x00, 0x83, 0xFE, 0xFF, 0x2F,
    0xD0, 0x02, 0xFF, 0x80, 0x03, 0x1F, 0x00, 0x82, 0xF8, 0xFF, 0xBF, 0x13, 0x00, 0x83, 0xFD, 0xFF,
    0x7F, 0xF0, 0x02, 0xFF, 0x80, 0x01, 0x1F, 0x00, 0x80, 0xF4, 0x02, 0xFF, 0x80, 0x01, 0x12, 0x00,
    0x83, 0xF8, 0xFF, 0xBF, 0xF8, 0x02, 0xFF, 0x20, 0x00, 0x80, 0xE0, 0x02, 0xFF, 0x80, 0x03, 0x12,
    0x00, 0x80, 0xF4, 0x02, 0xFF, 0x82, 0xFD, 0xFF, 0x7F, 0x20, 0x00, 0x80, 0xD0, 0x02, 0xFF, 0x80,
    0x0B, 0x12, 0x00, 0x80, 0xE0, 0x04, 0xFF, 0x80, 0x3F, 0x20, 0x00, 0x80, 0x80, 0x02, 0xFF, 0x80,
    0x1F, 0x12, 0x00, 0x80, 0xD0, 0x04, 0xFF, 0x80, 0x1F, 0x21, 0x00, 0x02, 0xFF, 0x80, 0x3F, 0x12,
    0x00, 0x80, 0x80, 0x04, 0xFF, 0x80, 0x0B, 0x21, 0x00, 0x82, 0xFE, 0xFF, 0xBF, 0x12, 0x00, 0x80,
    0x40, 0x04, 0xFF, 0x80, 0x07, 0x21, 0x00, 0x80, 0xFC, 0x02, 0xFF, 0x80, 0x01, 0x12, 0x00, 0x80,
    0xFE, 0x03, 0xFF, 0x80, 0x02, 0x21, 0x00, 0x80, 0xF4, 0x02, 0xFF, 0x80, 0x07, 0x12, 0x00, 0x80,
    0xFD, 0x03, 0xFF, 0x22, 0x00, 0x80, 0xE0, 0x02, 0xFF, 0x80, 0x1F, 0x12, 0x00, 0x80, 0xF8, 0x02,
    0xFF, 0x80, 0x7F, 0x22, 0x00, 0x80, 0xC0, 0x02, 0xFF, 0x80, 0x3F, 0x12, 0x00, 0x80, 0xF4, 0x02,
    0xFF, 0x80, 0x2F, 0x22, 0x00, 0x80, 0x40, 0x03, 0xFF, 0x12, 0x00, 0x80, 0xF4, 0x02, 0xFF, 0x80,
    0x0F, 0x23, 0x00, 0x80, 0xFD, 0x02, 0xFF, 0x80, 0x03, 0x11, 0x00, 0x80, 0xFD, 0x02, 0xFF, 0x80,
    0x07, 0x23, 0x00, 0x80, 0xF8, 0x02, 0xFF, 0x80, 0x0F, 0x10, 0x00, 0x80, 0x40, 0x03, 0xFF, 0x80,
    0x01, 0x23, 0x00, 0x80, 0xE0, 0x02, 0xFF, 0x80, 0x7F, 0x10, 0x00, 0x80, 0xD0, 0x02, 0xFF, 0x80,
    0xBF, 0x24, 0x00, 0x80, 0xC0, 0x03, 0xFF, 0x80, 0x01, 0x0F, 0x00, 0x80, 0xF8, 0x02, 0xFF, 0x80,
    0x2F, 0x24, 0x00, 0x80, 0x40, 0x03, 0xFF, 0x80, 0x0B, 0x0F, 0x00, 0x80, 0xFE, 0x02, 0xFF, 0x80,
    0x0B, 0x25, 0x00, 0x80, 0xFD, 0x02, 0xFF, 0x80, 0x6F, 0x0E, 0x00, 0x80, 0xD0, 0x03, 0xFF, 0x80,
    0x02, 0x25, 0x00, 0x80, 0xF4, 0x03, 0xFF, 0x80, 0x01, 0x0D, 0x00, 0x80, 0xF8, 0x02, 0xFF, 0x80,
    0xBF, 0x26, 0x00, 0x80, 0xD0, 0x03, 0xFF, 0x80, 0x1B, 0x0C, 0x00, 0x80, 0x40, 0x03, 0xFF, 0x80,
    0x2F, 0x26, 0x00, 0x80, 0x40, 0x03, 0xFF, 0x80, 0xBF, 0x0C, 0x00, 0x80, 0xE4, 0x03, 0xFF, 0x80,
    0x0B, 0x27, 0x00, 0x80, 0xFC, 0x03, 0xFF, 0x80, 0x0B, 0x0A, 0x00, 0x81, 0x40, 0xFE, 0x03, 0xFF,
    0x80, 0x02, 0x27, 0x00, 0x80, 0xE0, 0x03, 0xFF, 0x81, 0xBF, 0x01, 0x09, 0x00, 0x80, 0xE4, 0x03,
    0xFF, 0x80, 0xBF, 0x28, 0x00, 0x80, 0x80, 0x04, 0xFF, 0x80, 0x1B, 0x08, 0x00, 0x80, 0x40, 0x04,
    0xFF, 0x80, 0x1F, 0x29, 0x00, 0x80, 0xFD, 0x04, 0xFF, 0x80, 0x06, 0x07, 0x00, 0x80, 0xF9, 0x04,
    0xFF, 0x80, 0x02, 0x29, 0x00, 0x80, 0xE0, 0x04, 0xFF, 0x81, 0xBF, 0x05, 0x05, 0x00, 0x80, 0xE9,
    0x04, 0xFF, 0x80, 0xBF, 0x2A, 0x00, 0x80, 0x40, 0x06, 0xFF, 0x80, 0x5A, 0x02, 0x00, 0x81, 0x54,
    0xFA, 0x05, 0xFF, 0x80, 0x1B, 0x2B, 0x00, 0x80, 0xF8, 0x0F, 0xFF, 0x80, 0x01, 0x2B, 0x00, 0x80,
    0x90, 0x0E, 0xFF, 0x80, 0x2F, 0x2D, 0x00, 0x80, 0xF9, 0x0D, 0xFF, 0x80, 0x06, 0x2D, 0x00, 0x80,
    0x90, 0x0C, 0xFF, 0x80, 0x6F, 0x2F, 0x00, 0x80, 0xF9, 0x0B, 0xFF, 0x80, 0x02, 0x2F, 0x00, 0x81,
    0x40, 0xFE, 0x09, 0xFF, 0x80, 0x1B, 0x31, 0x00, 0x80, 0xA4, 0x08, 0xFF, 0x80, 0x6F, 0x33, 0x00,
    0x80, 0xE4, 0x06, 0xFF, 0x81, 0xAF, 0x01, 0x34, 0x00, 0x81, 0x94, 0xFE, 0x03, 0xFF, 0x81, 0x6B,
    0x01, 0x37, 0x00, 0x82, 0x54, 0x55, 0x01, 0x7F, 0x00, 0x7F, 0x00, 0x7F, 0x00, 0x7F, 0x00, 0x7A,
    0x00, 0x02, 0xFD, 0x06, 0x00, 0x00, 0x01, 0x00, 0x01, 0xFF, 0x28, 0x00, 0x05, 0xFA, 0xD2, 0x0A,
    0x00, 0x7F, 0x00, 0x13, 0x00, 0x80, 0x54, 0x02, 0xAA, 0x81, 0x5A, 0x01, 0x35, 0x00, 0x81, 0x40,
    0xE9, 0x04, 0xFF, 0x81, 0xBF, 0x06, 0x34, 0x00, 0x80, 0xF9, 0x07, 0xFF, 0x80, 0x06, 0x32, 0x00,
    0x80, 0xF9, 0x08, 0xFF, 0x81, 0xBF, 0x01, 0x30, 0x00, 0x80, 0x90, 0x0A, 0xFF, 0x80, 0x6F, 0x30,
    0x00, 0x80, 0xFE, 0x0B, 0xFF, 0x80, 0x07, 0x2E, 0x00, 0x80, 0xE4, 0x0C, 0xFF, 0x80, 0xBF, 0x2D,
    0x00, 0x81, 0x40, 0xFE, 0x0D, 0xFF, 0x80, 0x0B, 0x2C, 0x00, 0x80, 0xE0, 0x0E, 0xFF, 0x80, 0x7F,
    0x2C, 0x00, 0x80, 0xFD, 0x06, 0xFF, 0x02, 0xAA, 0x80, 0xFE, 0x06, 0xFF, 0x80, 0x06, 0x2A, 0x00,
    0x80, 0x80, 0x05, 0xFF, 0x81, 0x6F, 0x01, 0x03, 0x00, 0x80, 0xA5, 0x05, 0xFF, 0x80, 0x2F, 0x2A,
    0x00, 0x80, 0xF4, 0x04, 0xFF, 0x80, 0x6F, 0x06, 0x00, 0x80, 0x94, 0x05, 0xFF, 0x80, 0x01, 0x29,
    0x00, 0x80, 0xFE, 0x03, 0xFF, 0x81, 0xBF, 0x01, 0x07, 0x00, 0x80, 0xE4, 0x04, 0xFF, 0x80, 0x07,
    0x28, 0x00, 0x80, 0x80, 0x04, 0xFF, 0x80, 0x06, 0x09, 0x00, 0x80, 0xFD, 0x03, 0xFF, 0x80, 0x2F,
    0x28, 0x00, 0x80, 0xF4, 0x03, 0xFF, 0x80, 0x6F, 0x0A, 0x00, 0x80, 0x90, 0x03, 0xFF, 0x80, 0xBF,
    0x28, 0x00, 0x80, 0xFD, 0x03, 0xFF, 0x80, 0x06, 0x0B, 0x00, 0x80, 0xFD, 0x03, 0xFF, 0x80, 0x07,
    0x26, 0x00, 0x80, 0x40, 0x03, 0xFF, 0x80, 0x6F, 0x0C, 0x00, 0x80, 0xD0, 0x03, 0xFF, 0x80, 0x1F,
    0x26, 0x00, 0x80, 0xE0, 0x03, 0xFF, 0x80, 0x07, 0x0D, 0x00, 0x80, 0xFE, 0x02, 0xFF, 0x80, 0x7F,
    0x26, 0x00, 0x80, 0xF8, 0x02, 0xFF, 0x80, 0xBF, 0x0E, 0x00, 0x80, 0xF4, 0x03, 0xFF, 0x80, 0x01,
    0x25, 0x00, 0x80, 0xFE, 0x02, 0xFF, 0x80, 0x1F, 0x0E, 0x00, 0x80, 0x80, 0x03, 0xFF, 0x80, 0x07,
    0x24, 0x00, 0x80, 0x40, 0x03, 0xFF, 0x80, 0x0B, 0x0F, 0x00, 0x80, 0xFD, 0x02, 0xFF, 0x80, 0x1F,
    0x24, 0x00, 0x80, 0xD0, 0x03, 0xFF, 0x80, 0x0B, 0x0F, 0x00, 0x80, 0xF4, 0x02, 0xFF, 0x80, 0x3F,
    0x24, 0x00, 0x80, 0xF4, 0x03, 0xFF, 0x80, 0x0B, 0x0F, 0x00, 0x80, 0xD0, 0x02, 0xFF, 0x80, 0xBF,
    0x24, 0x00, 0x80, 0xFC, 0x03, 0xFF, 0x80, 0x0B, 0x10, 0x00, 0x80, 0xFE, 0x02, 0xFF, 0x80, 0x02,
    0x23, 0x00, 0x80, 0xFE, 0x03, 0xFF, 0x80, 0x0B, 0x10, 0x00, 0x80, 0xF8, 0x02, 0xFF, 0x80, 0x07,
    0x22, 0x00, 0x80, 0x40, 0x04, 0xFF, 0x80, 0x0B, 0x10, 0x00, 0x80, 0xE0, 0x02, 0xFF, 0x80, 0x1F,
    0x22, 0x00, 0x80, 0xD0, 0x04, 0xFF, 0x80, 0x0B, 0x10, 0x00, 0x80, 0xC0, 0x02, 0xFF, 0x80, 0x3F,
    0x22, 0x00, 0x80, 0xF0, 0x04, 0xFF, 0x80, 0x0B, 0x11, 0x00, 0x02, 0xFF, 0x80, 0xBF, 0x22, 0x00,
    0x80, 0xF8, 0x04, 0xFF, 0x80, 0x0B, 0x09, 0x00, 0x02, 0x55, 0x80, 0x01, 0x05, 0x00, 0x80, 0xFD,
    0x02, 0xFF, 0x80, 0x01, 0x21, 0x00, 0x80, 0xFD, 0x02, 0xFF, 0x82, 0xFE, 0xFF, 0x0B, 0x08, 0x00,
    0x80, 0x40, 0x02, 0xFF, 0x80, 0x03, 0x05, 0x00, 0x80, 0xF4, 0x02, 0xFF, 0x80, 0x03, 0x21, 0x00,
    0x85, 0xFE, 0xFF, 0x7F, 0xFE, 0xFF, 0x0B, 0x08, 0x00, 0x80, 0x40, 0x02, 0xFF, 0x80, 0x03, 0x05,
    0x00, 0x80, 0xE0, 0x02, 0xFF, 0x80, 0x07, 0x20, 0x00, 0x80, 0x40, 0x02, 0xFF, 0x83, 0x2F, 0xFE,
    0xFF, 0x0B, 0x08, 0x00, 0x80, 0x40, 0x02, 0xFF, 0x80, 0x03, 0x05, 0x00, 0x80, 0xC0, 0x02, 0xFF,
    0x80, 0x0F, 0x20, 0x00, 0x80, 0xC0, 0x02, 0xFF, 0x83, 0x0F, 0xFE, 0xFF, 0x0B, 0x08, 0x00, 0x80,
    0x40, 0x02, 0xFF, 0x80, 0x03, 0x05, 0x00, 0x80, 0x40, 0x02, 0xFF, 0x80, 0x2F, 0x20, 0x00, 0x80,
    0xD0, 0x02, 0xFF, 0x83, 0x07, 0xFE, 0xFF, 0x0B, 0x08, 0x00, 0x80, 0x40, 0x02, 0xFF, 0x80, 0x03,
    0x06, 0x00, 0x82, 0xFE, 0xFF, 0x3F, 0x20, 0x00, 0x80, 0xF0, 0x02, 0xFF, 0x83, 0x02, 0xFE, 0xFF,
    0x0B, 0x08, 0x00, 0x80, 0x40, 0x02, 0xFF, 0x80, 0x03, 0x06, 0x00, 0x82, 0xFC, 0xFF, 0xBF, 0x20,
    0x00, 0x80, 0xF4, 0x02, 0xFF, 0x83, 0x00, 0xFE, 0xFF, 0x0B, 0x08, 0x00, 0x80, 0x40, 0x02, 0xFF,
    0x80, 0x03, 0x06, 0x00, 0x80, 0xF4, 0x02, 0xFF, 0x20, 0x00, 0x86, 0xFC, 0xFF, 0xBF, 0x00, 0xFE,
    0xFF, 0x0B, 0x08, 0x00, 0x80, 0x40, 0x02, 0xFF, 0x80, 0x03, 0x06, 0x00, 0x80, 0xE0, 0x02, 0xFF,
    0x80, 0x02, 0x1F, 0x00, 0x86, 0xFD, 0xFF, 0x3F, 0x00, 0xFE, 0xFF, 0x0B, 0x08, 0x00, 0x80, 0x40,
    0x02, 0xFF, 0x80, 0x03, 0x06, 0x00, 0x80, 0xD0, 0x02, 0xFF, 0x80, 0x03, 0x1F, 0x00, 0x86, 0xFE,
    0xFF, 0x1F, 0x00, 0xFE, 0xFF, 0x0B, 0x08, 0x00, 0x80, 0x40, 0x02, 0xFF, 0x80, 0x03, 0x06, 0x00,
    0x80, 0x80, 0x02, 0xFF, 0x80, 0x07, 0x1F, 0x00, 0x02, 0xFF, 0x84, 0x0F, 0x00, 0xFE, 0xFF, 0x0B,
    0x08, 0x00, 0x80, 0x40, 0x02, 0xFF, 0x80, 0x03, 0x06, 0x00, 0x80, 0x40, 0x02, 0xFF, 0x80, 0x0B,
    0x1E, 0x00, 0x80, 0x40, 0x02, 0xFF, 0x84, 0x0B, 0x00, 0xFE, 0xFF, 0x0B, 0x08, 0x00, 0x80, 0x40,
    0x02, 0xFF, 0x80, 0x03, 0x07, 0x00, 0x82, 0xFE, 0xFF, 0x1F, 0x1E, 0x00, 0x80, 0x80, 0x02, 0xFF,
    0x84, 0x03, 0x00, 0xFE, 0xFF, 0x0B, 0x08, 0x00, 0x80, 0x40, 0x02, 0xFF, 0x80, 0x03, 0x07, 0x00,
    0x82, 0xFD, 0xFF, 0x2F, 0x1E, 0x00, 0x80, 0xC0, 0x02, 0xFF, 0x84, 0x02, 0x00, 0xFE, 0xFF, 0x0B,
    0x08, 0x00, 0x80, 0x40, 0x02, 0xFF, 0x80, 0x03, 0x02, 0x00, 0x80, 0xD0, 0x02, 0xFF, 0x84, 0x1F,
    0x00, 0xFC, 0xFF, 0x3F, 0x1E, 0x00, 0x80, 0xD0, 0x02, 0xFF, 0x84, 0x01, 0x00, 0xFE, 0xFF, 0x0B,
    0x08, 0x00, 0x80, 0x40, 0x02, 0xFF, 0x80, 0x03, 0x02, 0x00, 0x80, 0xF4, 0x02, 0xFF, 0x84, 0x0B,
    0x00, 0xF8, 0xFF, 0x7F, 0x1E, 0x00, 0x80, 0xE0, 0x02, 0xFF, 0x02, 0x00, 0x82, 0xFE, 0xFF, 0x0B,
    0x08, 0x00, 0x80, 0x40, 0x02, 0xFF, 0x80, 0x03, 0x02, 0x00, 0x80, 0xFC, 0x02, 0xFF, 0x84, 0x03,
    0x00, 0xF4, 0xFF, 0x7F, 0x1E, 0x00, 0x82, 0xF0, 0xFF, 0xBF, 0x02, 0x00, 0x82, 0xFE, 0xFF, 0x0B,
    0x08, 0x00, 0x80, 0x40, 0x02, 0xFF, 0x80, 0x03, 0x02, 0x00, 0x80, 0xFE, 0x02, 0xFF, 0x84, 0x01,
    0x00, 0xF0, 0xFF, 0xBF, 0x1E, 0x00, 0x82, 0xF4, 0xFF, 0x7F, 0x02, 0x00, 0x85, 0xFE, 0xFF, 0x0B,
    0x00, 0xA5, 0x5A, 0x05, 0x00, 0x80, 0x40, 0x02, 0xFF, 0x82, 0x03, 0x00, 0x80, 0x02, 0xFF, 0x80,
    0x7F, 0x02, 0x00, 0x80, 0xE0, 0x02, 0xFF, 0x1E, 0x00, 0x82, 0xF8, 0xFF, 0x3F, 0x02, 0x00, 0x83,
    0xFE, 0xFF, 0x0B, 0xF9, 0x02, 0xFF, 0x80, 0x1B, 0x04, 0x00, 0x80, 0x40, 0x02, 0xFF, 0x82, 0x03,
    0x00, 0xD0, 0x02, 0xFF, 0x80, 0x2F, 0x02, 0x00, 0x80, 0xD0, 0x02, 0xFF, 0x80, 0x01, 0x1D, 0x00,
    0x82, 0xF8, 0xFF, 0x2F, 0x02, 0x00, 0x82, 0xFE, 0xFF, 0x9B, 0x04, 0xFF, 0x80, 0x01, 0x03, 0x00,
    0x80, 0x40, 0x02, 0xFF, 0x82, 0x03, 0x00, 0xF4, 0x02, 0xFF, 0x80, 0x0B, 0x02, 0x00, 0x80, 0xC0,
    0x02, 0xFF, 0x80, 0x01, 0x1D, 0x00, 0x82, 0xFC, 0xFF, 0x2F, 0x02, 0x00, 0x80, 0xFE, 0x06, 0xFF,
    0x80, 0x1F, 0x03, 0x00, 0x80, 0x40, 0x02, 0xFF, 0x82, 0x03, 0x00, 0xFC, 0x02, 0xFF, 0x80, 0x03,
    0x02, 0x00, 0x80, 0xC0, 0x02, 0xFF, 0x80, 0x02, 0x1D, 0x00, 0x82, 0xFC, 0xFF, 0x1F, 0x02, 0x00,
    0x80, 0xFE, 0x06, 0xFF, 0x80, 0xBF, 0x03, 0x00, 0x80, 0x40, 0x02, 0xFF, 0x82, 0x03, 0x00, 0xFE,
    0x02, 0xFF, 0x80, 0x01, 0x02, 0x00, 0x80, 0x80, 0x02, 0xFF, 0x80, 0x03, 0x1D, 0x00, 0x82, 0xFD,
    0xFF, 0x0F, 0x02, 0x00, 0x80, 0xFE, 0x07, 0xFF, 0x80, 0x02, 0x02, 0x00, 0x80, 0x40, 0x02, 0xFF,
    0x81, 0x03, 0x80, 0x02, 0xFF, 0x80, 0x7F, 0x03, 0x00, 0x80, 0x40, 0x02, 0xFF, 0x80, 0x03, 0x1D,
    0x00, 0x82, 0xFD, 0xFF, 0x0F, 0x02, 0x00, 0x80, 0xFE, 0x07, 0xFF, 0x80, 0x0B, 0x02, 0x00, 0x80,
    0x40, 0x02, 0xFF, 0x81, 0x03, 0xD0, 0x02, 0xFF, 0x80, 0x2F, 0x03, 0x00, 0x80, 0x40, 0x02, 0xFF,
    0x80, 0x07, 0x1D, 0x00, 0x82, 0xFE, 0xFF, 0x0B, 0x02, 0x00, 0x80, 0xFE, 0x07, 0xFF, 0x80, 0x2F,
    0x02, 0x00, 0x80, 0x40, 0x02, 0xFF, 0x81, 0x03, 0xF4, 0x02, 0xFF, 0x80, 0x0B, 0x04, 0x00, 0x02,
    0xFF, 0x80, 0x07, 0x1D, 0x00, 0x82, 0xFE, 0xFF, 0x0B, 0x02, 0x00, 0x80, 0xFE, 0x07, 0xFF, 0x80,
    0x7F, 0x02, 0x00, 0x80, 0x40, 0x02, 0xFF, 0x81, 0x03, 0xFC, 0x02, 0xFF, 0x80, 0x03, 0x04, 0x00,
    0x02, 0xFF, 0x80, 0x07, 0x1D, 0x00, 0x02, 0xFF, 0x80, 0x0B, 0x02, 0x00, 0x80, 0xFE, 0x03, 0xFF,
    0x81, 0xAF, 0xFE, 0x03, 0xFF, 0x02, 0x00, 0x80, 0x40, 0x02, 0xFF, 0x81, 0x03, 0xFE, 0x02, 0xFF,
    0x80, 0x01, 0x04, 0x00, 0x82, 0xFE, 0xFF, 0x0B, 0x1D, 0x00, 0x02, 0xFF, 0x80, 0x07, 0x02, 0x00,
    0x80, 0xFE, 0x02, 0xFF, 0x82, 0xBF, 0x01, 0x40, 0x03, 0xFF, 0x82, 0x02, 0x00, 0x40, 0x02, 0xFF,
    0x80, 0x83, 0x02, 0xFF, 0x80, 0x7F, 0x05, 0x00, 0x82, 0xFE, 0xFF, 0x0B, 0x1D, 0x00, 0x02, 0xFF,
    0x80, 0x07, 0x02, 0x00, 0x80, 0xFE, 0x02, 0xFF, 0x80, 0x1B, 0x02, 0x00, 0x80, 0xF8, 0x02, 0xFF,
    0x82, 0x03, 0x00, 0x40, 0x02, 0xFF, 0x80, 0xD3, 0x02, 0xFF, 0x80, 0x2F, 0x05, 0x00, 0x82, 0xFE,
    0xFF, 0x0B, 0x1D, 0x00, 0x02, 0xFF, 0x80, 0x07, 0x02, 0x00, 0x80, 0xFE, 0x02, 0xFF, 0x80, 0x02,
    0x02, 0x00, 0x80, 0xD0, 0x02, 0xFF, 0x82, 0x0B, 0x00, 0x40, 0x02, 0xFF, 0x80, 0xF7, 0x02, 0xFF,
    0x80, 0x0B, 0x05, 0x00, 0x82, 0xFE, 0xFF, 0x0B, 0x1D, 0x00, 0x02, 0xFF, 0x80, 0x07, 0x02, 0x00,
    0x82, 0xFE, 0xFF, 0xBF, 0x03, 0x00, 0x80, 0x80, 0x02, 0xFF, 0x82, 0x0F, 0x00, 0x40, 0x05, 0xFF,
    0x80, 0x0B, 0x05, 0x00, 0x82, 0xFD, 0xFF, 0x0B, 0x1D, 0x00, 0x02, 0xFF, 0x80, 0x03, 0x02, 0x00,
    0x82, 0xFE, 0xFF, 0x3F, 0x04, 0x00, 0x02, 0xFF, 0x82, 0x1F, 0x00, 0x40, 0x05, 0xFF, 0x80, 0x1F,
    0x05, 0x00, 0x82, 0xFD, 0xFF, 0x0F, 0x1D, 0x00, 0x02, 0xFF, 0x80, 0x03, 0x02, 0x00, 0x82, 0xFE,
    0xFF, 0x2F, 0x04, 0x00, 0x84, 0xFD, 0xFF, 0x1F, 0x00, 0x40, 0x05, 0xFF, 0x80, 0x2F, 0x05, 0x00,
    0x82, 0xFD, 0xFF, 0x0F, 0x1D, 0x00, 0x02, 0xFF, 0x80, 0x07, 0x02, 0x00, 0x82, 0xFE, 0xFF, 0x1F,
    0x04, 0x00, 0x84, 0xFC, 0xFF, 0x2F, 0x00, 0x40, 0x05, 0xFF, 0x80, 0x7F, 0x05, 0x00, 0x82, 0xFD,
    0xFF, 0x0F, 0x1D, 0x00, 0x02, 0xFF, 0x80, 0x07, 0x02, 0x00, 0x82, 0xFE, 0xFF, 0x0F, 0x04, 0x00,
    0x84, 0xF8, 0xFF, 0x2F, 0x00, 0x40, 0x05, 0xFF, 0x80, 0xBF, 0x05, 0x00, 0x82, 0xFE, 0xFF, 0x0B,
    0x1D, 0x00, 0x02, 0xFF, 0x80, 0x07, 0x02, 0x00, 0x82, 0xFE, 0xFF, 0x0B, 0x04, 0x00, 0x84, 0xF4,
    0xFF, 0x3F, 0x00, 0x40, 0x06, 0xFF, 0x80, 0x01, 0x04, 0x00, 0x82, 0xFE, 0xFF, 0x0B, 0x1D, 0x00,
    0x02, 0xFF, 0x80, 0x07, 0x02, 0x00, 0x82, 0xFE, 0xFF, 0x0B, 0x04, 0x00, 0x84, 0xF4, 0xFF, 0x3F,
    0x00, 0x40, 0x06, 0xFF, 0x80, 0x02, 0x04, 0x00, 0x82, 0xFE, 0xFF, 0x0B, 0x1D, 0x00, 0x02, 0xFF,
    0x80, 0x07, 0x02, 0x00, 0x82, 0xFE, 0xFF, 0x0B, 0x04, 0x00, 0x84, 0xF4, 0xFF, 0x3F, 0x00, 0x40,
    0x06, 0xFF, 0x80, 0x07, 0x04, 0x00, 0x82, 0xFE, 0xFF, 0x0B, 0x1D, 0x00, 0x82, 0xFE, 0xFF, 0x0B,
    0x02, 0x00, 0x82, 0xFE, 0xFF, 0x0F, 0x04, 0x00, 0x84, 0xF8, 0xFF, 0x2F, 0x00, 0x40, 0x03, 0xFF,
    0x80, 0xAF, 0x02, 0xFF, 0x80, 0x0B, 0x04, 0x00, 0x02, 0xFF, 0x80, 0x0B, 0x1D, 0x00, 0x82, 0xFE,
    0xFF, 0x0B, 0x02, 0x00, 0x82, 0xFD, 0xFF, 0x0F, 0x04, 0x00, 0x84, 0xFC, 0xFF, 0x2F, 0x00, 0x40,
    0x03, 0xFF, 0x80, 0x0B, 0x02, 0xFF, 0x80, 0x1F, 0x04, 0x00, 0x02, 0xFF, 0x80, 0x07, 0x1D, 0x00,
    0x82, 0xFE, 0xFF, 0x0F, 0x02, 0x00, 0x82, 0xFD, 0xFF, 0x1F, 0x04, 0x00, 0x84, 0xFD, 0xFF, 0x1F,
    0x00, 0x40, 0x03, 0xFF, 0x83, 0x03, 0xFE, 0xFF, 0x2F, 0x04, 0x00, 0x02, 0xFF, 0x80, 0x07, 0x1D,
    0x00, 0x82, 0xFD, 0xFF, 0x0F, 0x02, 0x00, 0x82, 0xFC, 0xFF, 0x3F, 0x04, 0x00, 0x84, 0xFE, 0xFF,
    0x1F, 0x00, 0x40, 0x03, 0xFF, 0x83, 0x01, 0xFC, 0xFF, 0x7F, 0x03, 0x00, 0x80, 0x40, 0x02, 0xFF,
    0x80, 0x03, 0x1D, 0x00, 0x82, 0xFD, 0xFF, 0x1F, 0x02, 0x00, 0x82, 0xF8, 0xFF, 0xBF, 0x03, 0x00,
    0x80, 0x40, 0x02, 0xFF, 0x82, 0x0F, 0x00, 0x40, 0x02, 0xFF, 0x84, 0x7F, 0x00, 0xF8, 0xFF, 0xBF,
    0x03, 0x00, 0x80, 0x40, 0x02, 0xFF, 0x80, 0x03, 0x1D, 0x00, 0x82, 0xFC, 0xFF, 0x1F, 0x02, 0x00,
    0x80, 0xF4, 0x02, 0xFF, 0x80, 0x01, 0x02, 0x00, 0x80, 0xD0, 0x02, 0xFF, 0x82, 0x0B, 0x00, 0x40,
    0x02, 0xFF, 0x82, 0x2F, 0x00, 0xF0, 0x02, 0xFF, 0x80, 0x01, 0x02, 0x00, 0x80, 0x80, 0x02, 0xFF,
    0x80, 0x02, 0x1D, 0x00, 0x82, 0xFC, 0xFF, 0x2F, 0x02, 0x00, 0x80, 0xF0, 0x02, 0xFF, 0x80, 0x0B,
    0x02, 0x00, 0x80, 0xF4, 0x02, 0xFF, 0x82, 0x07, 0x00, 0x40, 0x02, 0xFF, 0x82, 0x0B, 0x00, 0xE0,
    0x02, 0xFF, 0x80, 0x02, 0x02, 0x00, 0x80, 0xC0, 0x02, 0xFF, 0x80, 0x02, 0x1D, 0x00, 0x82, 0xF8,
    0xFF, 0x3F, 0x02, 0x00, 0x80, 0xD0, 0x02, 0xFF, 0x83, 0x6F, 0x00, 0x40, 0xFE, 0x02, 0xFF, 0x82,
    0x02, 0x00, 0x40, 0x02, 0xFF, 0x82, 0x07, 0x00, 0xC0, 0x02, 0xFF, 0x80, 0x07, 0x02, 0x00, 0x80,
    0xC0, 0x02, 0xFF, 0x80, 0x01, 0x1D, 0x00, 0x82, 0xF4, 0xFF, 0x3F, 0x02, 0x00, 0x80, 0xC0, 0x03,
    0xFF, 0x81, 0x5B, 0xF9, 0x03, 0xFF, 0x82, 0x01, 0x00, 0x40, 0x02, 0xFF, 0x82, 0x03, 0x00, 0x80,
    0x02, 0xFF, 0x80, 0x0B, 0x02, 0x00, 0x80, 0xD0, 0x02, 0xFF, 0x80, 0x01, 0x1D, 0x00, 0x82, 0xF4,
    0xFF, 0x7F, 0x02, 0x00, 0x80, 0x40, 0x07, 0xFF, 0x80, 0xBF, 0x02, 0x00, 0x80, 0x40, 0x02, 0xFF,
    0x80, 0x03, 0x02, 0x00, 0x02, 0xFF, 0x80, 0x1F, 0x02, 0x00, 0x80, 0xE0, 0x02, 0xFF, 0x1E, 0x00,
    0x82, 0xF0, 0xFF, 0xBF, 0x03, 0x00, 0x80, 0xFE, 0x06, 0xFF, 0x80, 0x2F, 0x02, 0x00, 0x80, 0x40,
    0x02, 0xFF, 0x80, 0x03, 0x02, 0x00, 0x82, 0xFE, 0xFF, 0x2F, 0x02, 0x00, 0x82, 0xF0, 0xFF, 0xBF,
    0x1E, 0x00, 0x80, 0xE0, 0x02, 0xFF, 0x03, 0x00, 0x80, 0xF8, 0x06, 0xFF, 0x80, 0x0F, 0x02, 0x00,
    0x80, 0x40, 0x02, 0xFF, 0x80, 0x03, 0x02, 0x00, 0x82, 0xFC, 0xFF, 0x7F, 0x02, 0x00, 0x82, 0xF4,
    0xFF, 0x7F, 0x1E, 0x00, 0x80, 0xD0, 0x02, 0xFF, 0x80, 0x01, 0x02, 0x00, 0x80, 0xE0, 0x06, 0xFF,
    0x80, 0x03, 0x02, 0x00, 0x80, 0x40, 0x02, 0xFF, 0x80, 0x03, 0x02, 0x00, 0x82, 0xF8, 0xFF, 0xBF,
    0x02, 0x00, 0x82, 0xF8, 0xFF, 0x3F, 0x1E, 0x00, 0x80, 0xC0, 0x02, 0xFF, 0x80, 0x03, 0x02, 0x00,
    0x80, 0x80, 0x05, 0xFF, 0x80, 0xBF, 0x03, 0x00, 0x80, 0x40, 0x02, 0xFF, 0x80, 0x03, 0x02, 0x00,
    0x80, 0xF0, 0x02, 0xFF, 0x84, 0x01, 0x00, 0xFC, 0xFF, 0x2F, 0x1E, 0x00, 0x80, 0x80, 0x02, 0xFF,
    0x80, 0x07, 0x03, 0x00, 0x80, 0xFD, 0x04, 0xFF, 0x80, 0x2F, 0x03, 0x00, 0x80, 0x40, 0x02, 0xFF,
    0x80, 0x03, 0x02, 0x00, 0x80, 0xE0, 0x02, 0xFF, 0x84, 0x02, 0x00, 0xFE, 0xFF, 0x1F, 0x1E, 0x00,
    0x80, 0x40, 0x02, 0xFF, 0x80, 0x0B, 0x03, 0x00, 0x80, 0xE0, 0x04, 0xFF, 0x80, 0x06, 0x03, 0x00,
    0x80, 0x40, 0x02, 0xFF, 0x80, 0x03, 0x02, 0x00, 0x80, 0xD0, 0x02, 0xFF, 0x81, 0x07, 0x00, 0x02,
    0xFF, 0x80, 0x0F, 0x1F, 0x00, 0x02, 0xFF, 0x80, 0x1F, 0x04, 0x00, 0x80, 0xFE, 0x02, 0xFF, 0x80,
    0x6F, 0x04, 0x00, 0x80, 0x40, 0x02, 0xFF, 0x80, 0x03, 0x02, 0x00, 0x80, 0x80, 0x02, 0xFF, 0x81,
    0x0B, 0x40, 0x02, 0xFF, 0x80, 0x0B, 0x1F, 0x00, 0x82, 0xFE, 0xFF, 0x2F, 0x04, 0x00, 0x83, 0x50,
    0xFA, 0x6B, 0x01, 0x05, 0x00, 0x02, 0x55, 0x80, 0x01, 0x02, 0x00, 0x80, 0x40, 0x02, 0xFF, 0x81,
    0x1F, 0xC0, 0x02, 0xFF, 0x80, 0x07, 0x1F, 0x00, 0x82, 0xFC, 0xFF, 0x7F, 0x13, 0x00, 0x83, 0xFE,
    0xFF, 0x2F, 0xD0, 0x02, 0xFF, 0x80, 0x03, 0x1F, 0x00, 0x82, 0xF8, 0xFF, 0xBF, 0x13, 0x00, 0x83,
    0xFD, 0xFF, 0x7F, 0xF0, 0x02, 0xFF, 0x80, 0x01, 0x1F, 0x00, 0x80, 0xF4, 0x02, 0xFF, 0x80, 0x01,
    0x12, 0x00, 0x83, 0xF8, 0xFF, 0xBF, 0xF8, 0x02, 0xFF, 0x20, 0x00, 0x80, 0xE0, 0x02, 0xFF, 0x80,
    0x03, 0x12, 0x00, 0x80, 0xF4, 0x02, 0xFF, 0x82, 0xFD, 0xFF, 0x7F, 0x20, 0x00, 0x80, 0xD0, 0x02,
    0xFF, 0x80, 0x0B, 0x12, 0x00, 0x80, 0xE0, 0x04, 0xFF, 0x80, 0x3F, 0x20, 0x00, 0x80, 0x80, 0x02,
    0xFF, 0x80, 0x1F, 0x12, 0x00, 0x80, 0xD0, 0x04, 0xFF, 0x80, 0x1F, 0x21, 0x00, 0x02, 0xFF, 0x80,
    0x3F, 0x12, 0x00, 0x80, 0x80, 0x04, 0xFF, 0x80, 0x0B, 0x21, 0x00, 0x82, 0xFE, 0xFF, 0xBF, 0x12,
    0x00, 0x80, 0x40, 0x04, 0xFF, 0x80, 0x07, 0x21, 0x00, 0x80, 0xFC, 0x02, 0xFF, 0x80, 0x01, 0x12,
    0x00, 0x80, 0xFE, 0x03, 0xFF, 0x80, 0x02, 0x21, 0x00, 0x80, 0xF4, 0x02, 0xFF, 0x80, 0x07, 0x12,
    0x00, 0x80, 0xFD, 0x03, 0xFF, 0x22, 0x00, 0x80, 0xE0, 0x02, 0xFF, 0x80, 0x1F, 0x12, 0x00, 0x80,
    0xF8, 0x02, 0xFF, 0x80, 0x7F, 0x22, 0x00, 0x80, 0xC0, 0x02, 0xFF, 0x80, 0x3F, 0x12, 0x00, 0x80,
    0xF4, 0x02, 0xFF, 0x80, 0x2F, 0x22, 0x00, 0x80, 0x40, 0x03, 0xFF, 0x12, 0x00, 0x80, 0xF4, 0x02,
    0xFF, 0x80, 0x0F, 0x23, 0x00, 0x80, 0xFD, 0x02, 0xFF, 0x80, 0x03, 0x11, 0x00, 0x80, 0xFD, 0x02,
    0xFF, 0x80, 0x07, 0x23, 0x00, 0x80, 0xF8, 0x02, 0xFF, 0x80, 0x0F, 0x10, 0x00, 0x80, 0x40, 0x03,
    0xFF, 0x80, 0x01, 0x23, 0x00, 0x80, 0xE0, 0x02, 0xFF, 0x80, 0x7F, 0x10, 0x00, 0x80, 0xD0, 0x02,
    0xFF, 0x80, 0xBF, 0x24, 0x00, 0x80, 0xC0, 0x03, 0xFF, 0x80, 0x01, 0x0F, 0x00, 0x80, 0xF8, 0x02,
    0xFF, 0x80, 0x2F, 0x24, 0x00, 0x80, 0x40, 0x03, 0xFF, 0x80, 0x0B, 0x0F, 0x00, 0x80, 0xFE, 0x02,
    0xFF, 0x80, 0x0B, 0x25, 0x00, 0x80, 0xFD, 0x02, 0xFF, 0x80, 0x6F, 0x0E, 0x00, 0x80, 0xD0, 0x03,
    0xFF, 0x80, 0x02, 0x25, 0x00, 0x80, 0xF4, 0x03, 0xFF, 0x80, 0x01, 0x0D, 0x00, 0x80, 0xF8, 0x02,
    0xFF, 0x80, 0xBF, 0x26, 0x00, 0x80, 0xD0, 0x03, 0xFF, 0x80, 0x1B, 0x0C, 0x00, 0x80, 0x40, 0x03,
    0xFF, 0x80, 0x2F, 0x26, 0x00, 0x80, 0x40, 0x03, 0xFF, 0x80, 0xBF, 0x0C, 0x00, 0x80, 0xE4, 0x03,
    0xFF, 0x80, 0x0B, 0x27, 0x00, 0x80, 0xFC, 0x03, 0xFF, 0x80, 0x0B, 0x0A, 0x00, 0x81, 0x40, 0xFE,
    0x03, 0xFF, 0x80, 0x02, 0x27, 0x00, 0x80, 0xE0, 0x03, 0xFF, 0x81, 0xBF, 0x01, 0x09, 0x00, 0x80,
    0xE4, 0x03, 0xFF, 0x80, 0xBF, 0x28, 0x00, 0x80, 0x80, 0x04, 0xFF, 0x80, 0x1B, 0x08, 0x00, 0x80,
    0x40, 0x04, 0xFF, 0x80, 0x1F, 0x29, 0x00, 0x80, 0xFD, 0x04, 0xFF, 0x80, 0x06, 0x07, 0x00, 0x80,
    0xF9, 0x04, 0xFF, 0x80, 0x02, 0x29, 0x00, 0x80, 0xE0, 0x04, 0xFF, 0x81, 0xBF, 0x05, 0x05, 0x00,
    0x80, 0xE9, 0x04, 0xFF, 0x80, 0xBF, 0x2A, 0x00, 0x80, 0x40, 0x06, 0xFF, 0x80, 0x5A, 0x02, 0x00,
    0x81, 0x54, 0xFA, 0x05, 0xFF, 0x80, 0x1B, 0x2B, 0x00, 0x80, 0xF8, 0x0F, 0xFF, 0x80, 0x01, 0x2B,
    0x00, 0x80, 0x90, 0x0E, 0xFF, 0x80, 0x2F, 0x2D, 0x00, 0x80, 0xF9, 0x0D, 0xFF, 0x80, 0x06, 0x2D,
    0x00, 0x80, 0x90, 0x0C, 0xFF, 0x80, 0x6F, 0x2F, 0x00, 0x80, 0xF9, 0x0B, 0xFF, 0x80, 0x02, 0x2F,
    0x00, 0x81, 0x40, 0xFE, 0x09, 0xFF, 0x80, 0x1B, 0x31, 0x00, 0x80, 0xA4, 0x08, 0xFF, 0x80, 0x6F,
    0x33, 0x00, 0x80, 0xE4, 0x06, 0xFF, 0x81, 0xAF, 0x01, 0x34, 0x00, 0x81, 0x94, 0xFE, 0x03, 0xFF,
    0x81, 0x6B, 0x01, 0x37, 0x00, 0x82, 0x54, 0x55, 0x01, 0x7F, 0x00, 0x7F, 0x00, 0x7F, 0x00, 0x7F,
    0x00, 0x7A, 0x00, 0x02, 0xFD, 0x06, 0x00, 0x00, 0x01, 0x00, 0x01, 0xFF, 0x28, 0x00, 0x05, 0xFA,
    0xD2, 0x0A, 0x00, 0x7F, 0x00, 0x13, 0x00, 0x80, 0x54, 0x02, 0xAA, 0x81, 0x5A, 0x01, 0x35, 0x00,
    0x81, 0x40, 0xE9, 0x04, 0xFF, 0x81, 0xBF, 0x06, 0x34, 0x00, 0x80, 0xF9, 0x07, 0xFF, 0x80, 0x06,
    0x32, 0x00, 0x80, 0xF9, 0x08, 0xFF, 0x81, 0xBF, 0x01, 0x30, 0x00, 0x80, 0x90, 0x0A, 0xFF, 0x80,
    0x6F, 0x30, 0x00, 0x80, 0xFE, 0x0B, 0xFF, 0x80, 0x07, 0x2E, 0x00, 0x80, 0xE4, 0x0C, 0xFF, 0x80,
    0xBF, 0x2D, 0x00, 0x81, 0x40, 0xFE, 0x0D, 0xFF, 0x80, 0x0B, 0x2C, 0x00, 0x80, 0xE0, 0x0E, 0xFF,
    0x80, 0x7F, 0x2C, 0x00, 0x80, 0xFD, 0x06, 0xFF, 0x02, 0xAA, 0x80, 0xFE, 0x06, 0xFF, 0x80, 0x06,
    0x2A, 0x00, 0x80, 0x80, 0x05, 0xFF, 0x81, 0x6F, 0x01, 0x03, 0x00, 0x80, 0xA5, 0x05, 0xFF, 0x80,
    0x2F, 0x2A, 0x00, 0x80, 0xF4, 0x04, 0xFF, 0x80, 0x6F, 0x06, 0x00, 0x80, 0x94, 0x05, 0xFF, 0x80,
    0x01, 0x29, 0x00, 0x80, 0xFE, 0x03, 0xFF, 0x81, 0xBF, 0x01, 0x07, 0x00, 0x80, 0xE4, 0x04, 0xFF,
    0x80, 0x07, 0x28, 0x00, 0x80, 0x80, 0x04, 0xFF, 0x80, 0x06, 0x09, 0x00, 0x80, 0xFD, 0x03, 0xFF,
    0x80, 0x2F, 0x28, 0x00, 0x80, 0xF4, 0x03, 0xFF, 0x80, 0x6F, 0x0A, 0x00, 0x80, 0x90, 0x03, 0xFF,
    0x80, 0xBF, 0x28, 0x00, 0x80, 0xFD, 0x03, 0xFF, 0x80, 0x06, 0x0B, 0x00, 0x80, 0xFD, 0x03, 0xFF,
    0x80, 0x07, 0x26, 0x00, 0x80, 0x40, 0x03, 0xFF, 0x80, 0x6F, 0x0C, 0x00, 0x80, 0xD0, 0x03, 0xFF,
    0x80, 0x1F, 0x26, 0x00, 0x80, 0xE0, 0x03, 0xFF, 0x80, 0x07, 0x0D, 0x00, 0x80, 0xFE, 0x02, 0xFF,
    0x80, 0x7F, 0x26, 0x00, 0x80, 0xF8, 0x02, 0xFF, 0x80, 0xBF, 0x0E, 0x00, 0x80, 0xF4, 0x03, 0xFF,
    0x80, 0x01, 0x25, 0x00, 0x80, 0xFE, 0x02, 0xFF, 0x80, 0x1F, 0x0E, 0x00, 0x80, 0x80, 0x03, 0xFF,
    0x80, 0x07, 0x24, 0x00, 0x80, 0x40, 0x03, 0xFF, 0x80, 0x0B, 0x0F, 0x00, 0x80, 0xFD, 0x02, 0xFF,
    0x80, 0x1F, 0x24, 0x00, 0x80, 0xD0, 0x03, 0xFF, 0x80, 0x0B, 0x0F, 0x00, 0x80, 0xF4, 0x02, 0xFF,
    0x80, 0x3F, 0x24, 0x00, 0x80, 0xF4, 0x03, 0xFF, 0x80, 0x0B, 0x0F, 0x00, 0x80, 0xD0, 0x02, 0xFF,
    0x80, 0xBF, 0x24, 0x00, 0x80, 0xFC, 0x03, 0xFF, 0x80, 0x0B, 0x10, 0x00, 0x80, 0xFE, 0x02, 0xFF,
    0x80, 0x02, 0x23, 0x00, 0x80, 0xFE, 0x03, 0xFF, 0x80, 0x0B, 0x10, 0x00, 0x80, 0xF8, 0x02, 0xFF,
    0x80, 0x07, 0x22, 0x00, 0x80, 0x40, 0x04, 0xFF, 0x80, 0x0B, 0x10, 0x00, 0x80, 0xE0, 0x02, 0xFF,
    0x80, 0x1F, 0x22, 0x00, 0x80, 0xD0, 0x04, 0xFF, 0x80, 0x0B, 0x10, 0x00, 0x80, 0xC0, 0x02, 0xFF,
    0x80, 0x3F, 0x22, 0x00, 0x80, 0xF0, 0x04, 0xFF, 0x80, 0x0B, 0x11, 0x00, 0x02, 0xFF, 0x80, 0xBF,
    0x22, 0x00, 0x80, 0xF8, 0x04, 0xFF, 0x80, 0x0B, 0x09, 0x00, 0x02, 0x55, 0x80, 0x01, 0x05, 0x00,
    0x80, 0xFD, 0x02, 0xFF, 0x80, 0x01, 0x21, 0x00, 0x80, 0xFD, 0x02, 0xFF, 0x82, 0xFE, 0xFF, 0x0B,
    0x08, 0x00, 0x80, 0x40, 0x02, 0xFF, 0x80, 0x03, 0x05, 0x00, 0x80, 0xF4, 0x02, 0xFF, 0x80, 0x03,
    0x21, 0x00, 0x85, 0xFE, 0xFF, 0x7F, 0xFE, 0xFF, 0x0B, 0x08, 0x00, 0x80, 0x40, 0x02, 0xFF, 0x80,
    0x03, 0x05, 0x00, 0x80, 0xE0, 0x02, 0xFF, 0x80, 0x07, 0x20, 0x00, 0x80, 0x40, 0x02, 0xFF, 0x83,
    0x2F, 0xFE, 0xFF, 0x0B, 0x08, 0x00, 0x80, 0x40, 0x02, 0xFF, 0x80, 0x03, 0x05, 0x00, 0x80, 0xC0,
    0x02, 0xFF, 0x80, 0x0F, 0x20, 0x00, 0x80, 0xC0, 0x02, 0xFF, 0x83, 0x0F, 0xFE, 0xFF, 0x0B, 0x08,
    0x00, 0x80, 0x40, 0x02, 0xFF, 0x80, 0x03, 0x05, 0x00, 0x80, 0x40, 0x02, 0xFF, 0x80, 0x2F, 0x20,
    0x00, 0x80, 0xD0, 0x02, 0xFF, 0x83, 0x07, 0xFE, 0xFF, 0x0B, 0x08, 0x00, 0x80, 0x40, 0x02, 0xFF,
    0x80, 0x03, 0x06, 0x00, 0x82, 0xFE, 0xFF, 0x3F, 0x20, 0x00, 0x80, 0xF0, 0x02, 0xFF, 0x83, 0x02,
    0xFE, 0xFF, 0x0B, 0x08, 0x00, 0x80, 0x40, 0x02, 0xFF, 0x80, 0x03, 0x06, 0x00, 0x82, 0xFC, 0xFF,
    0xBF, 0x20, 0x00, 0x80, 0xF4, 0x02, 0xFF, 0x83, 0x00, 0xFE, 0xFF, 0x0B, 0x08, 0x00, 0x80, 0x40,
    0x02, 0xFF, 0x80, 0x03, 0x06, 0x00, 0x80, 0xF4, 0x02, 0xFF, 0x20, 0x00, 0x86, 0xFC, 0xFF, 0xBF,
    0x00, 0xFE, 0xFF, 0x0B, 0x08, 0x00, 0x80, 0x40, 0x02, 0xFF, 0x80, 0x03, 0x06, 0x00, 0x80, 0xE0,
    0x02, 0xFF, 0x80, 0x02, 0x1F, 0x00, 0x86, 0xFD, 0xFF, 0x3F, 0x00, 0xFE, 0xFF, 0x0B, 0x08, 0x00,
    0x80, 0x40, 0x02, 0xFF, 0x80, 0x03, 0x06, 0x00, 0x80, 0xD0, 0x02, 0xFF, 0x80, 0x03, 0x1F, 0x00,
    0x86, 0xFE, 0xFF, 0x1F, 0x00, 0xFE, 0xFF, 0x0B, 0x08, 0x00, 0x80, 0x40, 0x02, 0xFF, 0x80, 0x03,
    0x06, 0x00, 0x80, 0x80, 0x02, 0xFF, 0x80, 0x07, 0x1F, 0x00, 0x02, 0xFF, 0x84, 0x0F, 0x00, 0xFE,
    0xFF, 0x0B, 0x08, 0x00, 0x80, 0x40, 0x02, 0xFF, 0x80, 0x03, 0x06, 0x00, 0x80, 0x40, 0x02, 0xFF,
    0x80, 0x0B, 0x1E, 0x00, 0x80, 0x40, 0x02, 0xFF, 0x84, 0x0B, 0x00, 0xFE, 0xFF, 0x0B, 0x08, 0x00,
    0x80, 0x40, 0x02, 0xFF, 0x80, 0x03, 0x07, 0x00, 0x82, 0xFE, 0xFF, 0x1F, 0x1E, 0x00, 0x80, 0x80,
    0x02, 0xFF, 0x84, 0x03, 0x00, 0xFE, 0xFF, 0x0B, 0x08, 0x00, 0x80, 0x40, 0x02, 0xFF, 0x80, 0x03,
    0x07, 0x00, 0x82, 0xFD, 0xFF, 0x2F, 0x1E, 0x00, 0x80, 0xC0, 0x02, 0xFF, 0x84, 0x02, 0x00, 0xFE,
    0xFF, 0x0B, 0x08, 0x00, 0x80, 0x40, 0x02, 0xFF, 0x80, 0x03, 0x02, 0x00, 0x80, 0xD0, 0x02, 0xFF,
    0x84, 0x1F, 0x00, 0xFC, 0xFF, 0x3F, 0x1E, 0x00, 0x80, 0xD0, 0x02, 0xFF, 0x84, 0x01, 0x00, 0xFE,
    0xFF, 0x0B, 0x08, 0x00, 0x80, 0x40, 0x02, 0xFF, 0x80, 0x03, 0x02, 0x00, 0x80, 0xF4, 0x02, 0xFF,
    0x84, 0x0B, 0x00, 0xF8, 0xFF, 0x7F, 0x1E, 0x00, 0x80, 0xE0, 0x02, 0xFF, 0x02, 0x00, 0x82, 0xFE,
    0xFF, 0x0B, 0x08, 0x00, 0x80, 0x40, 0x02, 0xFF, 0x80, 0x03, 0x02, 0x00, 0x80, 0xFC, 0x02, 0xFF,
    0x84, 0x03, 0x00, 0xF4, 0xFF, 0x7F, 0x1E, 0x00, 0x82, 0xF0, 0xFF, 0xBF, 0x02, 0x00, 0x82, 0xFE,
    0xFF, 0x0B, 0x08, 0x00, 0x80, 0x40, 0x02, 0xFF, 0x80, 0x03, 0x02, 0x00, 0x80, 0xFE, 0x02, 0xFF,
    0x84, 0x01, 0x00, 0xF0, 0xFF, 0xBF, 0x1E, 0x00, 0x82, 0xF4, 0xFF, 0x7F, 0x02, 0x00, 0x85, 0xFE,
    0xFF, 0x0B, 0x00, 0xA5, 0x5A, 0x05, 0x00, 0x80, 0x40, 0x02, 0xFF, 0x82, 0x03, 0x00, 0x80, 0x02,
    0xFF, 0x80, 0x7F, 0x02, 0x00, 0x80, 0xE0, 0x02, 0xFF, 0x1E, 0x00, 0x82, 0xF8, 0xFF, 0x3F, 0x02,
    0x00, 0x83, 0xFE, 0xFF, 0x0B, 0xF9, 0x02, 0xFF, 0x80, 0x1B, 0x04, 0x00, 0x80, 0x40, 0x02, 0xFF,
    0x82, 0x03, 0x00, 0xD0, 0x02, 0xFF, 0x80, 0x2F, 0x02, 0x00, 0x80, 0xD0, 0x02, 0xFF, 0x80, 0x01,
    0x1D, 0x00, 0x82, 0xF8, 0xFF, 0x2F, 0x02, 0x00, 0x82, 0xFE, 0xFF, 0x9B, 0x04, 0xFF, 0x80, 0x01,
    0x03, 0x00, 0x80, 0x40, 0x02, 0xFF, 0x82, 0x03, 0x00, 0xF4, 0x02, 0xFF, 0x80, 0x0B, 0x02, 0x00,
    0x80, 0xC0, 0x02, 0xFF, 0x80, 0x01, 0x1D, 0x00, 0x82, 0xFC, 0xFF, 0x2F, 0x02, 0x00, 0x80, 0xFE,
    0x06, 0xFF, 0x80, 0x1F, 0x03, 0x00, 0x80, 0x40, 0x02, 0xFF, 0x82, 0x03, 0x00, 0xFC, 0x02, 0xFF,
    0x80, 0x03, 0x02, 0x00, 0x80, 0xC0, 0x02, 0xFF, 0x80, 0x02, 0x1D, 0x00, 0x82, 0xFC, 0xFF, 0x1F,
    0x02, 0x00, 0x80, 0xFE, 0x06, 0xFF, 0x80, 0xBF, 0x03, 0x00, 0x80, 0x40, 0x02, 0xFF, 0x82, 0x03,
    0x00, 0xFE, 0x02, 0xFF, 0x80, 0x01, 0x02, 0x00, 0x80, 0x80, 0x02, 0xFF, 0x80, 0x03, 0x1D, 0x00,
    0x82, 0xFD, 0xFF, 0x0F, 0x02, 0x00, 0x80, 0xFE, 0x07, 0xFF, 0x80, 0x02, 0x02, 0x00, 0x80, 0x40,
    0x02, 0xFF, 0x81, 0x03, 0x80, 0x02, 0xFF, 0x80, 0x7F, 0x03, 0x00, 0x80, 0x40, 0x02, 0xFF, 0x80,
    0x03, 0x1D, 0x00, 0x82, 0xFD, 0xFF, 0x0F, 0x02, 0x00, 0x80, 0xFE, 0x07, 0xFF, 0x80, 0x0B, 0x02,
    0x00, 0x80, 0x40, 0x02, 0xFF, 0x81, 0x03, 0xD0, 0x02, 0xFF, 0x80, 0x2F, 0x03, 0x00, 0x80, 0x40,
    0x02, 0xFF, 0x80, 0x07, 0x1D, 0x00, 0x82, 0xFE, 0xFF, 0x0B, 0x02, 0x00, 0x80, 0xFE, 0x07, 0xFF,
    0x80, 0x2F, 0x02, 0x00, 0x80, 0x40, 0x02, 0xFF, 0x81, 0x03, 0xF4, 0x02, 0xFF, 0x80, 0x0B, 0x04,
    0x00, 0x02, 0xFF, 0x80, 0x07, 0x1D, 0x00, 0x82, 0xFE, 0xFF, 0x0B, 0x02, 0x00, 0x80, 0xFE, 0x07,
    0xFF, 0x80, 0x7F, 0x02, 0x00, 0x80, 0x40, 0x02, 0xFF, 0x81, 0x03, 0xFC, 0x02, 0xFF, 0x80, 0x03,
    0x04, 0x00, 0x02, 0xFF, 0x80, 0x07, 0x1D, 0x00, 0x02, 0xFF, 0x80, 0x0B, 0x02, 0x00, 0x80, 0xFE,
    0x03, 0xFF, 0x81, 0xAF, 0xFE, 0x03, 0xFF, 0x02, 0x00, 0x80, 0x40, 0x02, 0xFF, 0x81, 0x03, 0xFE,
    0x02, 0xFF, 0x80, 0x01, 0x04, 0x00, 0x82, 0xFE, 0xFF, 0x0B, 0x1D, 0x00, 0x02, 0xFF, 0x80, 0x07,
    0x02, 0x00, 0x80, 0xFE, 0x02, 0xFF, 0x82, 0xBF, 0x01, 0x40, 0x03, 0xFF, 0x82, 0x02, 0x00, 0x40,
    0x02, 0xFF, 0x80, 0x83, 0x02, 0xFF, 0x80, 0x7F, 0x05, 0x00, 0x82, 0xFE, 0xFF, 0x0B, 0x1D, 0x00,
    0x02, 0xFF, 0x80, 0x07, 0x02, 0x00, 0x80, 0xFE, 0x02, 0xFF, 0x80, 0x1B, 0x02, 0x00, 0x80, 0xF8,
    0x02, 0xFF, 0x82, 0x03, 0x00, 0x40, 0x02, 0xFF, 0x80, 0xD3, 0x02, 0xFF, 0x80, 0x2F, 0x05, 0x00,
    0x82, 0xFE, 0xFF, 0x0B, 0x1D, 0x00, 0x02, 0xFF, 0x80, 0x07, 0x02, 0x00, 0x80, 0xFE, 0x02, 0xFF,
    0x80, 0x02, 0x02, 0x00, 0x80, 0xD0, 0x02, 0xFF, 0x82, 0x0B, 0x00, 0x40, 0x02, 0xFF, 0x80, 0xF7,
    0x02, 0xFF, 0x80, 0x0B, 0x05, 0x00, 0x82, 0xFE, 0xFF, 0x0B, 0x1D, 0x00, 0x02, 0xFF, 0x80, 0x07,
    0x02, 0x00, 0x82, 0xFE, 0xFF, 0xBF, 0x03, 0x00, 0x80, 0x80, 0x02, 0xFF, 0x82, 0x0F, 0x00, 0x40,
    0x05, 0xFF, 0x80, 0x0B, 0x05, 0x00, 0x82, 0xFD, 0xFF, 0x0B, 0x1D, 0x00, 0x02, 0xFF, 0x80, 0x03,
    0x02, 0x00, 0x82, 0xFE, 0xFF, 0x3F, 0x04, 0x00, 0x02, 0xFF, 0x82, 0x1F, 0x00, 0x40, 0x05, 0xFF,
    0x80, 0x1F, 0x05, 0x00, 0x82, 0xFD, 0xFF, 0x0F, 0x1D, 0x00, 0x02, 0xFF, 0x80, 0x03, 0x02, 0x00,
    0x82, 0xFE, 0xFF, 0x2F, 0x04, 0x00, 0x84, 0xFD, 0xFF, 0x1F, 0x00, 0x40, 0x05, 0xFF, 0x80, 0x2F,
    0x05, 0x00, 0x82, 0xFD, 0xFF, 0x0F, 0x1D, 0x00, 0x02, 0xFF, 0x80, 0x07, 0x02, 0x00, 0x82, 0xFE,
    0xFF, 0x1F, 0x04, 0x00, 0x84, 0xFC, 0xFF, 0x2F, 0x00, 0x40, 0x05, 0xFF, 0x80, 0x7F, 0x05, 0x00,
    0x82, 0xFD, 0xFF, 0x0F, 0x1D, 0x00, 0x02, 0xFF, 0x80, 0x07, 0x02, 0x00, 0x82, 0xFE, 0xFF, 0x0F,
    0x04, 0x00, 0x84, 0xF8, 0xFF, 0x2F, 0x00, 0x40, 0x05, 0xFF, 0x80, 0xBF, 0x05, 0x00, 0x82, 0xFE,
    0xFF, 0x0B, 0x1D, 0x00, 0x02, 0xFF, 0x80, 0x07, 0x02, 0x00, 0x82, 0xFE, 0xFF, 0x0B, 0x04, 0x00,
    0x84, 0xF4, 0xFF, 0x3F, 0x00, 0x40, 0x06, 0xFF, 0x80, 0x01, 0x04, 0x00, 0x82, 0xFE, 0xFF, 0x0B,
    0x1D, 0x00, 0x02, 0xFF, 0x80, 0x07, 0x02, 0x00, 0x82, 0xFE, 0xFF, 0x0B, 0x04, 0x00, 0x84, 0xF4,
    0xFF, 0x3F, 0x00, 0x40, 0x06, 0xFF, 0x80, 0x02, 0x04, 0x00, 0x82, 0xFE, 0xFF, 0x0B, 0x1D, 0x00,
    0x02, 0xFF, 0x80, 0x07, 0x02, 0x00, 0x82, 0xFE, 0xFF, 0x0B, 0x04, 0x00, 0x84, 0xF4, 0xFF, 0x3F,
    0x00, 0x40, 0x06, 0xFF, 0x80, 0x07, 0x04, 0x00, 0x82, 0xFE, 0xFF, 0x0B, 0x1D, 0x00, 0x82, 0xFE,
    0xFF, 0x0B, 0x02, 0x00, 0x82, 0xFE, 0xFF, 0x0F, 0x04, 0x00, 0x84, 0xF8, 0xFF, 0x2F, 0x00, 0x40,
    0x03, 0xFF, 0x80, 0xAF, 0x02, 0xFF, 0x80, 0x0B, 0x04, 0x00, 0x02, 0xFF, 0x80, 0x0B, 0x1D, 0x00,
    0x82, 0xFE, 0xFF, 0x0B, 0x02, 0x00, 0x82, 0xFD, 0xFF, 0x0F, 0x04, 0x00, 0x84, 0xFC, 0xFF, 0x2F,
    0x00, 0x40, 0x03, 0xFF, 0x80, 0x0B, 0x02, 0xFF, 0x80, 0x1F, 0x04, 0x00, 0x02, 0xFF, 0x80, 0x07,
    0x1D, 0x00, 0x82, 0xFE, 0xFF, 0x0F, 0x02, 0x00, 0x82, 0xFD, 0xFF, 0x1F, 0x04, 0x00, 0x84, 0xFD,
    0xFF, 0x1F, 0x00, 0x40, 0x03, 0xFF, 0x83, 0x03, 0xFE, 0xFF, 0x2F, 0x04, 0x00, 0x02, 0xFF, 0x80,
    0x07, 0x1D, 0x00, 0x82, 0xFD, 0xFF, 0x0F, 0x02, 0x00, 0x82, 0xFC, 0xFF, 0x3F, 0x04, 0x00, 0x84,
    0xFE, 0xFF, 0x1F, 0x00, 0x40, 0x03, 0xFF, 0x83, 0x01, 0xFC, 0xFF, 0x7F, 0x03, 0x00, 0x80, 0x40,
    0x02, 0xFF, 0x80, 0x03, 0x1D, 0x00, 0x82, 0xFD, 0xFF, 0x1F, 0x02, 0x00, 0x82, 0xF8, 0xFF, 0xBF,
    0x03, 0x00, 0x80, 0x40, 0x02, 0xFF, 0x82, 0x0F, 0x00, 0x40, 0x02, 0xFF, 0x84, 0x7F, 0x00, 0xF8,
    0xFF, 0xBF, 0x03, 0x00, 0x80, 0x40, 0x02, 0xFF, 0x80, 0x03, 0x1D, 0x00, 0x82, 0xFC, 0xFF, 0x1F,
    0x02, 0x00, 0x80, 0xF4, 0x02, 0xFF, 0x80, 0x01, 0x02, 0x00, 0x80, 0xD0, 0x02, 0xFF, 0x82, 0x0B,
    0x00, 0x40, 0x02, 0xFF, 0x82, 0x2F, 0x00, 0xF0, 0x02, 0xFF, 0x80, 0x01, 0x02, 0x00, 0x80, 0x80,
    0x02, 0xFF, 0x80, 0x02, 0x1D, 0x00, 0x82, 0xFC, 0xFF, 0x2F, 0x02, 0x00, 0x80, 0xF0, 0x02, 0xFF,
    0x80, 0x0B, 0x02, 0x00, 0x80, 0xF4, 0x02, 0xFF, 0x82, 0x07, 0x00, 0x40, 0x02, 0xFF, 0x82, 0x0B,
    0x00, 0xE0, 0x02, 0xFF, 0x80, 0x02, 0x02, 0x00, 0x80, 0xC0, 0x02, 0xFF, 0x80, 0x02, 0x1D, 0x00,
    0x82, 0xF8, 0xFF, 0x3F, 0x02, 0x00, 0x80, 0xD0, 0x02, 0xFF, 0x83, 0x6F, 0x00, 0x40, 0xFE, 0x02,
    0xFF, 0x82, 0x02, 0x00, 0x40, 0x02, 0xFF, 0x82, 0x07, 0x00, 0xC0, 0x02, 0xFF, 0x80, 0x07, 0x02,
    0x00, 0x80, 0xC0, 0x02, 0xFF, 0x80, 0x01, 0x1D, 0x00, 0x82, 0xF4, 0xFF, 0x3F, 0x02, 0x00, 0x80,
    0xC0, 0x03, 0xFF, 0x81, 0x5B, 0xF9, 0x03, 0xFF, 0x82, 0x01, 0x00, 0x40, 0x02, 0xFF, 0x82, 0x03,
    0x00, 0x80, 0x02, 0xFF, 0x80, 0x0B, 0x02, 0x00, 0x80, 0xD0, 0x02, 0xFF, 0x80, 0x01, 0x1D, 0x00,
    0x82, 0xF4, 0xFF, 0x7F, 0x02, 0x00, 0x80, 0x40, 0x07, 0xFF, 0x80, 0xBF, 0x02, 0x00, 0x80, 0x40,
    0x02, 0xFF, 0x80, 0x03, 0x02, 0x00, 0x02, 0xFF, 0x80, 0x1F, 0x02, 0x00, 0x80, 0xE0, 0x02, 0xFF,
    0x1E, 0x00, 0x82, 0xF0, 0xFF, 0xBF, 0x03, 0x00, 0x80, 0xFE, 0x06, 0xFF, 0x80, 0x2F, 0x02, 0x00,
    0x80, 0x40, 0x02, 0xFF, 0x80, 0x03, 0x02, 0x00, 0x82, 0xFE, 0xFF, 0x2F, 0x02, 0x00, 0x82, 0xF0,
    0xFF, 0xBF, 0x1E, 0x00, 0x80, 0xE0, 0x02, 0xFF, 0x03, 0x00, 0x80, 0xF8, 0x06, 0xFF, 0x80, 0x0F,
    0x02, 0x00, 0x80, 0x40, 0x02, 0xFF, 0x80, 0x03, 0x02, 0x00, 0x82, 0xFC, 0xFF, 0x7F, 0x02, 0x00,
    0x82, 0xF4, 0xFF, 0x7F, 0x1E, 0x00, 0x80, 0xD0, 0x02, 0xFF, 0x80, 0x01, 0x02, 0x00, 0x80, 0xE0,
    0x06, 0xFF, 0x80, 0x03, 0x02, 0x00, 0x80, 0x40, 0x02, 0xFF, 0x80, 0x03, 0x02, 0x00, 0x82, 0xF8,
    0xFF, 0xBF, 0x02, 0x00, 0x82, 0xF8, 0xFF, 0x3F, 0x1E, 0x00, 0x80, 0xC0, 0x02, 0xFF, 0x80, 0x03,
    0x02, 0x00, 0x80, 0x80, 0x05, 0xFF, 0x80, 0xBF, 0x03, 0x00, 0x80, 0x40, 0x02, 0xFF, 0x80, 0x03,
    0x02, 0x00, 0x80, 0xF0, 0x02, 0xFF, 0x84, 0x01, 0x00, 0xFC, 0xFF, 0x2F, 0x1E, 0x00, 0x80, 0x80,
    0x02, 0xFF, 0x80, 0x07, 0x03, 0x00, 0x80, 0xFD, 0x04, 0xFF, 0x80, 0x2F, 0x03, 0x00, 0x80, 0x40,
    0x02, 0xFF, 0x80, 0x03, 0x02, 0x00, 0x80, 0xE0, 0x02, 0xFF, 0x84, 0x02, 0x00, 0xFE, 0xFF, 0x1F,
    0x1E, 0x00, 0x80, 0x40, 0x02, 0xFF, 0x80, 0x0B, 0x03, 0x00, 0x80, 0xE0, 0x04, 0xFF, 0x80, 0x06,
    0x03, 0x00, 0x80, 0x40, 0x02, 0xFF, 0x80, 0x03, 0x02, 0x00, 0x80, 0xD0, 0x02, 0xFF, 0x81, 0x07,
    0x00, 0x02, 0xFF, 0x80, 0x0F, 0x1F, 0x00, 0x02, 0xFF, 0x80, 0x1F, 0x04, 0x00, 0x80, 0xFE, 0x02,
    0xFF, 0x80, 0x6F, 0x04, 0x00, 0x80, 0x40, 0x02, 0xFF, 0x80, 0x03, 0x02, 0x00, 0x80, 0x80, 0x02,
    0xFF, 0x81, 0x0B, 0x40, 0x02, 0xFF, 0x80, 0x0B, 0x1F, 0x00, 0x82, 0xFE, 0xFF, 0x2F, 0x04, 0x00,
    0x83, 0x50, 0xFA, 0x6B, 0x01, 0x05, 0x00, 0x02, 0x55, 0x80, 0x01, 0x02, 0x00, 0x80, 0x40, 0x02,
    0xFF, 0x81, 0x1F, 0xC0, 0x02, 0xFF, 0x80, 0x07, 0x1F, 0x00, 0x82, 0xFC, 0xFF, 0x7F, 0x13, 0x00,
    0x83, 0xFE, 0xFF, 0x2F, 0xD0, 0x02, 0xFF, 0x80, 0x03, 0x1F, 0x00, 0x82, 0xF8, 0xFF, 0xBF, 0x13,
    0x00, 0x83, 0xFD, 0xFF, 0x7F, 0xF0, 0x02, 0xFF, 0x80, 0x01, 0x1F, 0x00, 0x80, 0xF4, 0x02, 0xFF,
    0x80, 0x01, 0x12, 0x00, 0x83, 0xF8, 0xFF, 0xBF, 0xF8, 0x02, 0xFF, 0x20, 0x00, 0x80, 0xE0, 0x02,
    0xFF, 0x80, 0x03, 0x12, 0x00, 0x80, 0xF4, 0x02, 0xFF, 0x82, 0xFD, 0xFF, 0x7F, 0x20, 0x00, 0x80,
    0xD0, 0x02, 0xFF, 0x80, 0x0B, 0x12, 0x00, 0x80, 0xE0, 0x04, 0xFF, 0x80, 0x3F, 0x20, 0x00, 0x80,
    0x80, 0x02, 0xFF, 0x80, 0x1F, 0x12, 0x00, 0x80, 0xD0, 0x04, 0xFF, 0x80, 0x1F, 0x21, 0x00, 0x02,
    0xFF, 0x80, 0x3F, 0x12, 0x00, 0x80, 0x80, 0x04, 0xFF, 0x80, 0x0B, 0x21, 0x00, 0x82, 0xFE, 0xFF,
    0xBF, 0x12, 0x00, 0x80, 0x40, 0x04, 0xFF, 0x80, 0x07, 0x21, 0x00, 0x80, 0xFC, 0x02, 0xFF, 0x80,
    0x01, 0x12, 0x00, 0x80, 0xFE, 0x03, 0xFF, 0x80, 0x02, 0x21, 0x00, 0x80, 0xF4, 0x02, 0xFF, 0x80,
    0x07, 0x12, 0x00, 0x80, 0xFD, 0x03, 0xFF, 0x22, 0x00, 0x80, 0xE0, 0x02, 0xFF, 0x80, 0x1F, 0x12,
    0x00, 0x80, 0xF8, 0x02, 0xFF, 0x80, 0x7F, 0x22, 0x00, 0x80, 0xC0, 0x02, 0xFF, 0x80, 0x3F, 0x12,
    0x00, 0x80, 0xF4, 0x02, 0xFF, 0x80, 0x2F, 0x22, 0x00, 0x80, 0x40, 0x03, 0xFF, 0x12, 0x00, 0x80,
    0xF4, 0x02, 0xFF, 0x80, 0x0F, 0x23, 0x00, 0x80, 0xFD, 0x02, 0xFF, 0x80, 0x03, 0x11, 0x00, 0x80,
    0xFD, 0x02, 0xFF, 0x80, 0x07, 0x23, 0x00, 0x80, 0xF8, 0x02, 0xFF, 0x80, 0x0F, 0x10, 0x00, 0x80,
    0x40, 0x03, 0xFF, 0x80, 0x01, 0x23, 0x00, 0x80, 0xE0, 0x02, 0xFF, 0x80, 0x7F, 0x10, 0x00, 0x80,
    0xD0, 0x02, 0xFF, 0x80, 0xBF, 0x24, 0x00, 0x80, 0xC0, 0x03, 0xFF, 0x80, 0x01, 0x0F, 0x00, 0x80,
    0xF8, 0x02, 0xFF, 0x80, 0x2F, 0x24, 0x00, 0x80, 0x40, 0x03, 0xFF, 0x80, 0x0B, 0x0F, 0x00, 0x80,
    0xFE, 0x02, 0xFF, 0x80, 0x0B, 0x25, 0x00, 0x80, 0xFD, 0x02, 0xFF, 0x80, 0x6F, 0x0E, 0x00, 0x80,
    0xD0, 0x03, 0xFF, 0x80, 0x02, 0x25, 0x00, 0x80, 0xF4, 0x03, 0xFF, 0x80, 0x01, 0x0D, 0x00, 0x80,
    0xF8, 0x02, 0xFF, 0x80, 0xBF, 0x26, 0x00, 0x80, 0xD0, 0x03, 0xFF, 0x80, 0x1B, 0x0C, 0x00, 0x80,
    0x40, 0x03, 0xFF, 0x80, 0x2F, 0x26, 0x00, 0x80, 0x40, 0x03, 0xFF, 0x80, 0xBF, 0x0C, 0x00, 0x80,
    0xE4, 0x03, 0xFF, 0x80, 0x0B, 0x27, 0x00, 0x80, 0xFC, 0x03, 0xFF, 0x80, 0x0B, 0x0A, 0x00, 0x81,
    0x40, 0xFE, 0x03, 0xFF, 0x80, 0x02, 0x27, 0x00, 0x80, 0xE0, 0x03, 0xFF, 0x81, 0xBF, 0x01, 0x09,
    0x00, 0x80, 0xE4, 0x03, 0xFF, 0x80, 0xBF, 0x28, 0x00, 0x80, 0x80, 0x04, 0xFF, 0x80, 0x1B, 0x08,
    0x00, 0x80, 0x40, 0x04, 0xFF, 0x80, 0x1F, 0x29, 0x00, 0x80, 0xFD, 0x04, 0xFF, 0x80, 0x06, 0x07,
    0x00, 0x80, 0xF9, 0x04, 0xFF, 0x80, 0x02, 0x29, 0x00, 0x80, 0xE0, 0x04, 0xFF, 0x81, 0xBF, 0x05,
    0x05, 0x00, 0x80, 0xE9, 0x04, 0xFF, 0x80, 0xBF, 0x2A, 0x00, 0x80, 0x40, 0x06, 0xFF, 0x80, 0x5A,
    0x02, 0x00, 0x81, 0x54, 0xFA, 0x05, 0xFF, 0x80, 0x1B, 0x2B, 0x00, 0x80, 0xF8, 0x0F, 0xFF, 0x80,
    0x01, 0x2B, 0x00, 0x80, 0x90, 0x0E, 0xFF, 0x80, 0x2F, 0x2D, 0x00, 0x80, 0xF9, 0x0D, 0xFF, 0x80,
    0x06, 0x2D, 0x00, 0x80, 0x90, 0x0C, 0xFF, 0x80, 0x6F, 0x2F, 0x00, 0x80, 0xF9, 0x0B, 0xFF, 0x80,
    0x02, 0x2F, 0x00, 0x81, 0x40, 0xFE, 0x09, 0xFF, 0x80, 0x1B, 0x31, 0x00, 0x80, 0xA4, 0x08, 0xFF,
    0x80, 0x6F, 0x33, 0x00, 0x80, 0xE4, 0x06, 0xFF, 0x81, 0xAF, 0x01, 0x34, 0x00, 0x81, 0x94, 0xFE,
    0x03, 0xFF, 0x81, 0x6B, 0x01, 0x37, 0x00, 0x82, 0x54, 0x55, 0x01, 0x7F, 0x00, 0x7F, 0x00, 0x7F,
    0x00, 0x7F, 0x00, 0x7A, 0x00, 0x02, 0xFD, 0x06, 0x00, 0x00, 0x01, 0x00, 0x01, 0xFF, 0x32, 0x00,
    0x05, 0xFA, 0xD2, 0x0A, 0x00, 0x7F, 0x00, 0x13, 0x00, 0x80, 0x54, 0x02, 0xAA, 0x81, 0x5A, 0x01,
    0x35, 0x00, 0x81, 0x40, 0xE9, 0x04, 0xFF, 0x81, 0xBF, 0x06, 0x34, 0x00, 0x80, 0xF9, 0x07, 0xFF,
    0x80, 0x06, 0x32, 0x00, 0x80, 0xF9, 0x08, 0xFF, 0x81, 0xBF, 0x01, 0x30, 0x00, 0x80, 0x90, 0x0A,
    0xFF, 0x80, 0x6F, 0x30, 0x00, 0x80, 0xFE, 0x0B, 0xFF, 0x80, 0x07, 0x2E, 0x00, 0x80, 0xE4, 0x0C,
    0xFF, 0x80, 0xBF, 0x2D, 0x00, 0x81, 0x40, 0xFE, 0x0D, 0xFF, 0x80, 0x0B, 0x2C, 0x00, 0x80, 0xE0,
    0x0E, 0xFF, 0x80, 0x7F, 0x2C, 0x00, 0x80, 0xFD, 0x06, 0xFF, 0x02, 0xAA, 0x80, 0xFE, 0x06, 0xFF,
    0x80, 0x06, 0x2A, 0x00, 0x80, 0x80, 0x05, 0xFF, 0x81, 0x6F, 0x01, 0x03, 0x00, 0x80, 0xA5, 0x05,
    0xFF, 0x80, 0x2F, 0x2A, 0x00, 0x80, 0xF4, 0x04, 0xFF, 0x80, 0x6F, 0x06, 0x00, 0x80, 0x94, 0x05,
    0xFF, 0x80, 0x01, 0x29, 0x00, 0x80, 0xFE, 0x03, 0xFF, 0x81, 0xBF, 0x01, 0x07, 0x00, 0x80, 0xE4,
    0x04, 0xFF, 0x80, 0x07, 0x28, 0x00, 0x80, 0x80, 0x04, 0xFF, 0x80, 0x06, 0x09, 0x00, 0x80, 0xFD,
    0x03, 0xFF, 0x80, 0x2F, 0x28, 0x00, 0x80, 0xF4, 0x03, 0xFF, 0x80, 0x6F, 0x0A, 0x00, 0x80, 0x90,
    0x03, 0xFF, 0x80, 0xBF, 0x28, 0x00, 0x80, 0xFD, 0x03, 0xFF, 0x80, 0x06, 0x0B, 0x00, 0x80, 0xFD,
    0x03, 0xFF, 0x80, 0x07, 0x26, 0x00, 0x80, 0x40, 0x03, 0xFF, 0x80, 0x6F, 0x0C, 0x00, 0x80, 0xD0,
    0x03, 0xFF, 0x80, 0x1F, 0x26, 0x00, 0x80, 0xE0, 0x03, 0xFF, 0x80, 0x07, 0x0D, 0x00, 0x80, 0xFE,
    0x02, 0xFF, 0x80, 0x7F, 0x26, 0x00, 0x80, 0xF8, 0x02, 0xFF, 0x80, 0xBF, 0x0E, 0x00, 0x80, 0xF4,
    0x03, 0xFF, 0x80, 0x01, 0x25, 0x00, 0x80, 0xFE, 0x02, 0xFF, 0x80, 0x1F, 0x0E, 0x00, 0x80, 0x80,
    0x03, 0xFF, 0x80, 0x07, 0x24, 0x00, 0x80, 0x40, 0x03, 0xFF, 0x80, 0x0B, 0x0F, 0x00, 0x80, 0xFD,
    0x02, 0xFF, 0x80, 0x1F, 0x24, 0x00, 0x80, 0xD0, 0x03, 0xFF, 0x80, 0x0B, 0x0F, 0x00, 0x80, 0xF4,
    0x02, 0xFF, 0x80, 0x3F, 0x24, 0x00, 0x80, 0xF4, 0x03, 0xFF, 0x80, 0x0B, 0x0F, 0x00, 0x80, 0xD0,
    0x02, 0xFF, 0x80, 0xBF, 0x24, 0x00, 0x80, 0xFC, 0x03, 0xFF, 0x80, 0x0B, 0x10, 0x00, 0x80, 0xFE,
    0x02, 0xFF, 0x80, 0x02, 0x23, 0x00, 0x80, 0xFE, 0x03, 0xFF, 0x80, 0x0B, 0x10, 0x00, 0x80, 0xF8,
    0x02, 0xFF, 0x80, 0x07, 0x22, 0x00, 0x80, 0x40, 0x04, 0xFF, 0x80, 0x0B, 0x10, 0x00, 0x80, 0xE0,
    0x02, 0xFF, 0x80, 0x1F, 0x22, 0x00, 0x80, 0xD0, 0x04, 0xFF, 0x80, 0x0B, 0x10, 0x00, 0x80, 0xC0,
    0x02, 0xFF, 0x80, 0x3F, 0x22, 0x00, 0x80, 0xF0, 0x04, 0xFF, 0x80, 0x0B, 0x11, 0x00, 0x02, 0xFF,
    0x80, 0xBF, 0x22, 0x00, 0x80, 0xF8, 0x04, 0xFF, 0x80, 0x0B, 0x09, 0x00, 0x02, 0x55, 0x80, 0x01,
    0x05, 0x00, 0x80, 0xFD, 0x02, 0xFF, 0x80, 0x01, 0x21, 0x00, 0x80, 0xFD, 0x02, 0xFF, 0x82, 0xFE,
    0xFF, 0x0B, 0x08, 0x00, 0x80, 0x40, 0x02, 0xFF, 0x80, 0x03, 0x05, 0x00, 0x80, 0xF4, 0x02, 0xFF,
    0x80, 0x03, 0x21, 0x00, 0x85, 0xFE, 0xFF, 0x7F, 0xFE, 0xFF, 0x0B, 0x08, 0x00, 0x80, 0x40, 0x02,
    0xFF, 0x80, 0x03, 0x05, 0x00, 0x80, 0xE0, 0x02, 0xFF, 0x80, 0x07, 0x20, 0x00, 0x80, 0x40, 0x02,
    0xFF, 0x83, 0x2F, 0xFE, 0xFF, 0x0B, 0x08, 0x00, 0x80, 0x40, 0x02, 0xFF, 0x80, 0x03, 0x05, 0x00,
    0x80, 0xC0, 0x02, 0xFF, 0x80, 0x0F, 0x20, 0x00, 0x80, 0xC0, 0x02, 0xFF, 0x83, 0x0F, 0xFE, 0xFF,
    0x0B, 0x08, 0x00, 0x80, 0x40, 0x02, 0xFF, 0x80, 0x03, 0x05, 0x00, 0x80, 0x40, 0x02, 0xFF, 0x80,
    0x2F, 0x20, 0x00, 0x80, 0xD0, 0x02, 0xFF, 0x83, 0x07, 0xFE, 0xFF, 0x0B, 0x08, 0x00, 0x80, 0x40,
    0x02, 0xFF, 0x80, 0x03, 0x06, 0x00, 0x82, 0xFE, 0xFF, 0x3F, 0x20, 0x00, 0x80, 0xF0, 0x02, 0xFF,
    0x83, 0x02, 0xFE, 0xFF, 0x0B, 0x08, 0x00, 0x80, 0x40, 0x02, 0xFF, 0x80, 0x03, 0x06, 0x00, 0x82,
    0xFC, 0xFF, 0xBF, 0x20, 0x00, 0x80, 0xF4, 0x02, 0xFF, 0x83, 0x00, 0xFE, 0xFF, 0x0B, 0x08, 0x00,
    0x80, 0x40, 0x02, 0xFF, 0x80, 0x03, 0x06, 0x00, 0x80, 0xF4, 0x02, 0xFF, 0x20, 0x00, 0x86, 0xFC,
    0xFF, 0xBF, 0x00, 0xFE, 0xFF, 0x0B, 0x08, 0x00, 0x80, 0x40, 0x02, 0xFF, 0x80, 0x03, 0x06, 0x00,
    0x80, 0xE0, 0x02, 0xFF, 0x80, 0x02, 0x1F, 0x00, 0x86, 0xFD, 0xFF, 0x3F, 0x00, 0xFE, 0xFF, 0x0B,
    0x08, 0x00, 0x80, 0x40, 0x02, 0xFF, 0x80, 0x03, 0x06, 0x00, 0x80, 0xD0, 0x02, 0xFF, 0x80, 0x03,
    0x1F, 0x00, 0x86, 0xFE, 0xFF, 0x1F, 0x00, 0xFE, 0xFF, 0x0B, 0x08, 0x00, 0x80, 0x40, 0x02, 0xFF,
    0x80, 0x03, 0x06, 0x00, 0x80, 0x80, 0x02, 0xFF, 0x80, 0x07, 0x1F, 0x00, 0x02, 0xFF, 0x84, 0x0F,
    0x00, 0xFE, 0xFF, 0x0B, 0x08, 0x00, 0x80, 0x40, 0x02, 0xFF, 0x80, 0x03, 0x06, 0x00, 0x80, 0x40,
    0x02, 0xFF, 0x80, 0x0B, 0x1E, 0x00, 0x80, 0x40, 0x02, 0xFF, 0x84, 0x0B, 0x00, 0xFE, 0xFF, 0x0B,
    0x08, 0x00, 0x80, 0x40, 0x02, 0xFF, 0x80, 0x03, 0x07, 0x00, 0x82, 0xFE, 0xFF, 0x1F, 0x1E, 0x00,
    0x80, 0x80, 0x02, 0xFF, 0x84, 0x03, 0x00, 0xFE, 0xFF, 0x0B, 0x08, 0x00, 0x80, 0x40, 0x02, 0xFF,
    0x80, 0x03, 0x07, 0x00, 0x82, 0xFD, 0xFF, 0x2F, 0x1E, 0x00, 0x80, 0xC0, 0x02, 0xFF, 0x84, 0x02,
    0x00, 0xFE, 0xFF, 0x0B, 0x08, 0x00, 0x80, 0x40, 0x02, 0xFF, 0x80, 0x03, 0x02, 0x00, 0x80, 0xD0,
    0x02, 0xFF, 0x84, 0x1F, 0x00, 0xFC, 0xFF, 0x3F, 0x1E, 0x00, 0x80, 0xD0, 0x02, 0xFF, 0x84, 0x01,
    0x00, 0xFE, 0xFF, 0x0B, 0x08, 0x00, 0x80, 0x40, 0x02, 0xFF, 0x80, 0x03, 0x02, 0x00, 0x80, 0xF4,
    0x02, 0xFF, 0x84, 0x0B, 0x00, 0xF8, 0xFF, 0x7F, 0x1E, 0x00, 0x80, 0xE0, 0x02, 0xFF, 0x02, 0x00,
    0x82, 0xFE, 0xFF, 0x0B, 0x08, 0x00, 0x80, 0x40, 0x02, 0xFF, 0x80, 0x03, 0x02, 0x00, 0x80, 0xFC,
    0x02, 0xFF, 0x84, 0x03, 0x00, 0xF4, 0xFF, 0x7F, 0x1E, 0x00, 0x82, 0xF0, 0xFF, 0xBF, 0x02, 0x00,
    0x82, 0xFE, 0xFF, 0x0B, 0x08, 0x00, 0x80, 0x40, 0x02, 0xFF, 0x80, 0x03, 0x02, 0x00, 0x80, 0xFE,
    0x02, 0xFF, 0x84, 0x01, 0x00, 0xF0, 0xFF, 0xBF, 0x1E, 0x00, 0x82, 0xF4, 0xFF, 0x7F, 0x02, 0x00,
    0x85, 0xFE, 0xFF, 0x0B, 0x00, 0xA5, 0x5A, 0x05, 0x00, 0x80, 0x40, 0x02, 0xFF, 0x82, 0x03, 0x00,
    0x80, 0x02, 0xFF, 0x80, 0x7F, 0x02, 0x00, 0x80, 0xE0, 0x02, 0xFF, 0x1E, 0x00, 0x82, 0xF8, 0xFF,
    0x3F, 0x02, 0x00, 0x83, 0xFE, 0xFF, 0x0B, 0xF9, 0x02, 0xFF, 0x80, 0x1B, 0x04, 0x00, 0x80, 0x40,
    0x02, 0xFF, 0x82, 0x03, 0x00, 0xD0, 0x02, 0xFF, 0x80, 0x2F, 0x02, 0x00, 0x80, 0xD0, 0x02, 0xFF,
    0x80, 0x01, 0x1D, 0x00, 0x82, 0xF8, 0xFF, 0x2F, 0x02, 0x00, 0x82, 0xFE, 0xFF, 0x9B, 0x04, 0xFF,
    0x80, 0x01, 0x03, 0x00, 0x80, 0x40, 0x02, 0xFF, 0x82, 0x03, 0x00, 0xF4, 0x02, 0xFF, 0x80, 0x0B,
    0x02, 0x00, 0x80, 0xC0, 0x02, 0xFF, 0x80, 0x01, 0x1D, 0x00, 0x82, 0xFC, 0xFF, 0x2F, 0x02, 0x00,
    0x80, 0xFE, 0x06, 0xFF, 0x80, 0x1F, 0x03, 0x00, 0x80, 0x40, 0x02, 0xFF, 0x82, 0x03, 0x00, 0xFC,
    0x02, 0xFF, 0x80, 0x03, 0x02, 0x00, 0x80, 0xC0, 0x02, 0xFF, 0x80, 0x02, 0x1D, 0x00, 0x82, 0xFC,
    0xFF, 0x1F, 0x02, 0x00, 0x80, 0xFE, 0x06, 0xFF, 0x80, 0xBF, 0x03, 0x00, 0x80, 0x40, 0x02, 0xFF,
    0x82, 0x03, 0x00, 0xFE, 0x02, 0xFF, 0x80, 0x01, 0x02, 0x00, 0x80, 0x80, 0x02, 0xFF, 0x80, 0x03,
    0x1D, 0x00, 0x82, 0xFD, 0xFF, 0x0F, 0x02, 0x00, 0x80, 0xFE, 0x07, 0xFF, 0x80, 0x02, 0x02, 0x00,
    0x80, 0x40, 0x02, 0xFF, 0x81, 0x03, 0x80, 0x02, 0xFF, 0x80, 0x7F, 0x03, 0x00, 0x80, 0x40, 0x02,
    0xFF, 0x80, 0x03, 0x1D, 0x00, 0x82, 0xFD, 0xFF, 0x0F, 0x02, 0x00, 0x80, 0xFE, 0x07, 0xFF, 0x80,
    0x0B, 0x02, 0x00, 0x80, 0x40, 0x02, 0xFF, 0x81, 0x03, 0xD0, 0x02, 0xFF, 0x80, 0x2F, 0x03, 0x00,
    0x80, 0x40, 0x02, 0xFF, 0x80, 0x07, 0x1D, 0x00, 0x82, 0xFE, 0xFF, 0x0B, 0x02, 0x00, 0x80, 0xFE,
    0x07, 0xFF, 0x80, 0x2F, 0x02, 0x00, 0x80, 0x40, 0x02, 0xFF, 0x81, 0x03, 0xF4, 0x02, 0xFF, 0x80,
    0x0B, 0x04, 0x00, 0x02, 0xFF, 0x80, 0x07, 0x1D, 0x00, 0x82, 0xFE, 0xFF, 0x0B, 0x02, 0x00, 0x80,
    0xFE, 0x07, 0xFF, 0x80, 0x7F, 0x02, 0x00, 0x80, 0x40, 0x02, 0xFF, 0x81, 0x03, 0xFC, 0x02, 0xFF,
    0x80, 0x03, 0x04, 0x00, 0x02, 0xFF, 0x80, 0x07, 0x1D, 0x00, 0x02, 0xFF, 0x80, 0x0B, 0x02, 0x00,
    0x80, 0xFE, 0x03, 0xFF, 0x81, 0xAF, 0xFE, 0x03, 0xFF, 0x02, 0x00, 0x80, 0x40, 0x02, 0xFF, 0x81,
    0x03, 0xFE, 0x02, 0xFF, 0x80, 0x01, 0x04, 0x00, 0x82, 0xFE, 0xFF, 0x0B, 0x1D, 0x00, 0x02, 0xFF,
    0x80, 0x07, 0x02, 0x00, 0x80, 0xFE, 0x02, 0xFF, 0x82, 0xBF, 0x01, 0x40, 0x03, 0xFF, 0x82, 0x02,
    0x00, 0x40, 0x02, 0xFF, 0x80, 0x83, 0x02, 0xFF, 0x80, 0x7F, 0x05, 0x00, 0x82, 0xFE, 0xFF, 0x0B,
    0x1D, 0x00, 0x02, 0xFF, 0x80, 0x07, 0x02, 0x00, 0x80, 0xFE, 0x02, 0xFF, 0x80, 0x1B, 0x02, 0x00,
    0x80, 0xF8, 0x02, 0xFF, 0x82, 0x03, 0x00, 0x40, 0x02, 0xFF, 0x80, 0xD3, 0x02, 0xFF, 0x80, 0x2F,
    0x05, 0x00, 0x82, 0xFE, 0xFF, 0x0B, 0x1D, 0x00, 0x02, 0xFF, 0x80, 0x07, 0x02, 0x00, 0x80, 0xFE,
    0x02, 0xFF, 0x80, 0x02, 0x02, 0x00, 0x80, 0xD0, 0x02, 0xFF, 0x82, 0x0B, 0x00, 0x40, 0x02, 0xFF,
    0x80, 0xF7, 0x02, 0xFF, 0x80, 0x0B, 0x05, 0x00, 0x82, 0xFE, 0xFF, 0x0B, 0x1D, 0x00, 0x02, 0xFF,
    0x80, 0x07, 0x02, 0x00, 0x82, 0xFE, 0xFF, 0xBF, 0x03, 0x00, 0x80, 0x80, 0x02, 0xFF, 0x82, 0x0F,
    0x00, 0x40, 0x05, 0xFF, 0x80, 0x0B, 0x05, 0x00, 0x82, 0xFD, 0xFF, 0x0B, 0x1D, 0x00, 0x02, 0xFF,
    0x80, 0x03, 0x02, 0x00, 0x82, 0xFE, 0xFF, 0x3F, 0x04, 0x00, 0x02, 0xFF, 0x82, 0x1F, 0x00, 0x40,
    0x05, 0xFF, 0x80, 0x1F, 0x05, 0x00, 0x82, 0xFD, 0xFF, 0x0F, 0x1D, 0x00, 0x02, 0xFF, 0x80, 0x03,
    0x02, 0x00, 0x82, 0xFE, 0xFF, 0x2F, 0x04, 0x00, 0x84, 0xFD, 0xFF, 0x1F, 0x00, 0x40, 0x05, 0xFF,
    0x80, 0x2F, 0x05, 0x00, 0x82, 0xFD, 0xFF, 0x0F, 0x1D, 0x00, 0x02, 0xFF, 0x80, 0x07, 0x02, 0x00,
    0x82, 0xFE, 0xFF, 0x1F, 0x04, 0x00, 0x84, 0xFC, 0xFF, 0x2F, 0x00, 0x40, 0x05, 0xFF, 0x80, 0x7F,
    0x05, 0x00, 0x82, 0xFD, 0xFF, 0x0F, 0x1D, 0x00, 0x02, 0xFF, 0x80, 0x07, 0x02, 0x00, 0x82, 0xFE,
    0xFF, 0x0F, 0x04, 0x00, 0x84, 0xF8, 0xFF, 0x2F, 0x00, 0x40, 0x05, 0xFF, 0x80, 0xBF, 0x05, 0x00,
    0x82, 0xFE, 0xFF, 0x0B, 0x1D, 0x00, 0x02, 0xFF, 0x80, 0x07, 0x02, 0x00, 0x82, 0xFE, 0xFF, 0x0B,
    0x04, 0x00, 0x84, 0xF4, 0xFF, 0x3F, 0x00, 0x40, 0x06, 0xFF, 0x80, 0x01, 0x04, 0x00, 0x82, 0xFE,
    0xFF, 0x0B, 0x1D, 0x00, 0x02, 0xFF, 0x80, 0x07, 0x02, 0x00, 0x82, 0xFE, 0xFF, 0x0B, 0x04, 0x00,
    0x84, 0xF4, 0xFF, 0x3F, 0x00, 0x40, 0x06, 0xFF, 0x80, 0x02, 0x04, 0x00, 0x82, 0xFE, 0xFF, 0x0B,
    0x1D, 0x00, 0x02, 0xFF, 0x80, 0x07, 0x02, 0x00, 0x82, 0xFE, 0xFF, 0x0B, 0x04, 0x00, 0x84, 0xF4,
    0xFF, 0x3F, 0x00, 0x40, 0x06, 0xFF, 0x80, 0x07, 0x04, 0x00, 0x82, 0xFE, 0xFF, 0x0B, 0x1D, 0x00,
    0x82, 0xFE, 0xFF, 0x0B, 0x02, 0x00, 0x82, 0xFE, 0xFF, 0x0F, 0x04, 0x00, 0x84, 0xF8, 0xFF, 0x2F,
    0x00, 0x40, 0x03, 0xFF, 0x80, 0xAF, 0x02, 0xFF, 0x80, 0x0B, 0x04, 0x00, 0x02, 0xFF, 0x80, 0x0B,
    0x1D, 0x00, 0x82, 0xFE, 0xFF, 0x0B, 0x02, 0x00, 0x82, 0xFD, 0xFF, 0x0F, 0x04, 0x00, 0x84, 0xFC,
    0xFF, 0x2F, 0x00, 0x40, 0x03, 0xFF, 0x80, 0x0B, 0x02, 0xFF, 0x80, 0x1F, 0x04, 0x00, 0x02, 0xFF,
    0x80, 0x07, 0x1D, 0x00, 0x82, 0xFE, 0xFF, 0x0F, 0x02, 0x00, 0x82, 0xFD, 0xFF, 0x1F, 0x04, 0x00,
    0x84, 0xFD, 0xFF, 0x1F, 0x00, 0x40, 0x03, 0xFF, 0x83, 0x03, 0xFE, 0xFF, 0x2F, 0x04, 0x00, 0x02,
    0xFF, 0x80, 0x07, 0x1D, 0x00, 0x82, 0xFD, 0xFF, 0x0F, 0x02, 0x00, 0x82, 0xFC, 0xFF, 0x3F, 0x04,
    0x00, 0x84, 0xFE, 0xFF, 0x1F, 0x00, 0x40, 0x03, 0xFF, 0x83, 0x01, 0xFC, 0xFF, 0x7F, 0x03, 0x00,
    0x80, 0x40, 0x02, 0xFF, 0x80, 0x03, 0x1D, 0x00, 0x82, 0xFD, 0xFF, 0x1F, 0x02, 0x00, 0x82, 0xF8,
    0xFF, 0xBF, 0x03, 0x00, 0x80, 0x40, 0x02, 0xFF, 0x82, 0x0F, 0x00, 0x40, 0x02, 0xFF, 0x84, 0x7F,
    0x00, 0xF8, 0xFF, 0xBF, 0x03, 0x00, 0x80, 0x40, 0x02, 0xFF, 0x80, 0x03, 0x1D, 0x00, 0x82, 0xFC,
    0xFF, 0x1F, 0x02, 0x00, 0x80, 0xF4, 0x02, 0xFF, 0x80, 0x01, 0x02, 0x00, 0x80, 0xD0, 0x02, 0xFF,
    0x82, 0x0B, 0x00, 0x40, 0x02, 0xFF, 0x82, 0x2F, 0x00, 0xF0, 0x02, 0xFF, 0x80, 0x01, 0x02, 0x00,
    0x80, 0x80, 0x02, 0xFF, 0x80, 0x02, 0x1D, 0x00, 0x82, 0xFC, 0xFF, 0x2F, 0x02, 0x00, 0x80, 0xF0,
    0x02, 0xFF, 0x80, 0x0B, 0x02, 0x00, 0x80, 0xF4, 0x02, 0xFF, 0x82, 0x07, 0x00, 0x40, 0x02, 0xFF,
    0x82, 0x0B, 0x00, 0xE0, 0x02, 0xFF, 0x80, 0x02, 0x02, 0x00, 0x80, 0xC0, 0x02, 0xFF, 0x80, 0x02,
    0x1D, 0x00, 0x82, 0xF8, 0xFF, 0x3F, 0x02, 0x00, 0x80, 0xD0, 0x02, 0xFF, 0x83, 0x6F, 0x00, 0x40,
    0xFE, 0x02, 0xFF, 0x82, 0x02, 0x00, 0x40, 0x02, 0xFF, 0x82, 0x07, 0x00, 0xC0, 0x02, 0xFF, 0x80,
    0x07, 0x02, 0x00, 0x80, 0xC0, 0x02, 0xFF, 0x80, 0x01, 0x1D, 0x00, 0x82, 0xF4, 0xFF, 0x3F, 0x02,
    0x00, 0x80, 0xC0, 0x03, 0xFF, 0x81, 0x5B, 0xF9, 0x03, 0xFF, 0x82, 0x01, 0x00, 0x40, 0x02, 0xFF,
    0x82, 0x03, 0x00, 0x80, 0x02, 0xFF, 0x80, 0x0B, 0x02, 0x00, 0x80, 0xD0, 0x02, 0xFF, 0x80, 0x01,
    0x1D, 0x00, 0x82, 0xF4, 0xFF, 0x7F, 0x02, 0x00, 0x80, 0x40, 0x07, 0xFF, 0x80, 0xBF, 0x02, 0x00,
    0x80, 0x40, 0x02, 0xFF, 0x80, 0x03, 0x02, 0x00, 0x02, 0xFF, 0x80, 0x1F, 0x02, 0x00, 0x80, 0xE0,
    0x02, 0xFF, 0x1E, 0x00, 0x82, 0xF0, 0xFF, 0xBF, 0x03, 0x00, 0x80, 0xFE, 0x06, 0xFF, 0x80, 0x2F,
    0x02, 0x00, 0x80, 0x40, 0x02, 0xFF, 0x80, 0x03, 0x02, 0x00, 0x82, 0xFE, 0xFF, 0x2F, 0x02, 0x00,
    0x82, 0xF0, 0xFF, 0xBF, 0x1E, 0x00, 0x80, 0xE0, 0x02, 0xFF, 0x03, 0x00, 0x80, 0xF8, 0x06, 0xFF,
    0x80, 0x0F, 0x02, 0x00, 0x80, 0x40, 0x02, 0xFF, 0x80, 0x03, 0x02, 0x00, 0x82, 0xFC, 0xFF, 0x7F,
    0x02, 0x00, 0x82, 0xF4, 0xFF, 0x7F, 0x1E, 0x00, 0x80, 0xD0, 0x02, 0xFF, 0x80, 0x01, 0x02, 0x00,
    0x80, 0xE0, 0x06, 0xFF, 0x80, 0x03, 0x02, 0x00, 0x80, 0x40, 0x02, 0xFF, 0x80, 0x03, 0x02, 0x00,
    0x82, 0xF8, 0xFF, 0xBF, 0x02, 0x00, 0x82, 0xF8, 0xFF, 0x3F, 0x1E, 0x00, 0x80, 0xC0, 0x02, 0xFF,
    0x80, 0x03, 0x02, 0x00, 0x80, 0x80, 0x05, 0xFF, 0x80, 0xBF, 0x03, 0x00, 0x80, 0x40, 0x02, 0xFF,
    0x80, 0x03, 0x02, 0x00, 0x80, 0xF0, 0x02, 0xFF, 0x84, 0x01, 0x00, 0xFC, 0xFF, 0x2F, 0x1E, 0x00,
    0x80, 0x80, 0x02, 0xFF, 0x80, 0x07, 0x03, 0x00, 0x80, 0xFD, 0x04, 0xFF, 0x80, 0x2F, 0x03, 0x00,
    0x80, 0x40, 0x02, 0xFF, 0x80, 0x03, 0x02, 0x00, 0x80, 0xE0, 0x02, 0xFF, 0x84, 0x02, 0x00, 0xFE,
    0xFF, 0x1F, 0x1E, 0x00, 0x80, 0x40, 0x02, 0xFF, 0x80, 0x0B, 0x03, 0x00, 0x80, 0xE0, 0x04, 0xFF,
    0x80, 0x06, 0x03, 0x00, 0x80, 0x40, 0x02, 0xFF, 0x80, 0x03, 0x02, 0x00, 0x80, 0xD0, 0x02, 0xFF,
    0x81, 0x07, 0x00, 0x02, 0xFF, 0x80, 0x0F, 0x1F, 0x00, 0x02, 0xFF, 0x80, 0x1F, 0x04, 0x00, 0x80,
    0xFE, 0x02, 0xFF, 0x80, 0x6F, 0x04, 0x00, 0x80, 0x40, 0x02, 0xFF, 0x80, 0x03, 0x02, 0x00, 0x80,
    0x80, 0x02, 0xFF, 0x81, 0x0B, 0x40, 0x02, 0xFF, 0x80, 0x0B, 0x1F, 0x00, 0x82, 0xFE, 0xFF, 0x2F,
    0x04, 0x00, 0x83, 0x50, 0xFA, 0x6B, 0x01, 0x05, 0x00, 0x02, 0x55, 0x80, 0x01, 0x02, 0x00, 0x80,
    0x40, 0x02, 0xFF, 0x81, 0x1F, 0xC0, 0x02, 0xFF, 0x80, 0x07, 0x1F, 0x00, 0x82, 0xFC, 0xFF, 0x7F,
    0x13, 0x00, 0x83, 0xFE, 0xFF, 0x2F, 0xD0, 0x02, 0xFF, 0x80, 0x03, 0x1F, 0x00, 0x82, 0xF8, 0xFF,
    0xBF, 0x13, 0x00, 0x83, 0xFD, 0xFF, 0x7F, 0xF0, 0x02, 0xFF, 0x80, 0x01, 0x1F, 0x00, 0x80, 0xF4,
    0x02, 0xFF, 0x80, 0x01, 0x12, 0x00, 0x83, 0xF8, 0xFF, 0xBF, 0xF8, 0x02, 0xFF, 0x20, 0x00, 0x80,
    0xE0, 0x02, 0xFF, 0x80, 0x03, 0x12, 0x00, 0x80, 0xF4, 0x02, 0xFF, 0x82, 0xFD, 0xFF, 0x7F, 0x20,
    0x00, 0x80, 0xD0, 0x02, 0xFF, 0x80, 0x0B, 0x12, 0x00, 0x80, 0xE0, 0x04, 0xFF, 0x80, 0x3F, 0x20,
    0x00, 0x80, 0x80, 0x02, 0xFF, 0x80, 0x1F, 0x12, 0x00, 0x80, 0xD0, 0x04, 0xFF, 0x80, 0x1F, 0x21,
    0x00, 0x02, 0xFF, 0x80, 0x3F, 0x12, 0x00, 0x80, 0x80, 0x04, 0xFF, 0x80, 0x0B, 0x21, 0x00, 0x82,
    0xFE, 0xFF, 0xBF, 0x12, 0x00, 0x80, 0x40, 0x04, 0xFF, 0x80, 0x07, 0x21, 0x00, 0x80, 0xFC, 0x02,
    0xFF, 0x80, 0x01, 0x12, 0x00, 0x80, 0xFE, 0x03, 0xFF, 0x80, 0x02, 0x21, 0x00, 0x80, 0xF4, 0x02,
    0xFF, 0x80, 0x07, 0x12, 0x00, 0x80, 0xFD, 0x03, 0xFF, 0x22, 0x00, 0x80, 0xE0, 0x02, 0xFF, 0x80,
    0x1F, 0x12, 0x00, 0x80, 0xF8, 0x02, 0xFF, 0x80, 0x7F, 0x22, 0x00, 0x80, 0xC0, 0x02, 0xFF, 0x80,
    0x3F, 0x12, 0x00, 0x80, 0xF4, 0x02, 0xFF, 0x80, 0x2F, 0x22, 0x00, 0x80, 0x40, 0x03, 0xFF, 0x12,
    0x00, 0x80, 0xF4, 0x02, 0xFF, 0x80, 0x0F, 0x23, 0x00, 0x80, 0xFD, 0x02, 0xFF, 0x80, 0x03, 0x11,
    0x00, 0x80, 0xFD, 0x02, 0xFF, 0x80, 0x07, 0x23, 0x00, 0x80, 0xF8, 0x02, 0xFF, 0x80, 0x0F, 0x10,
    0x00, 0x80, 0x40, 0x03, 0xFF, 0x80, 0x01, 0x23, 0x00, 0x80, 0xE0, 0x02, 0xFF, 0x80, 0x7F, 0x10,
    0x00, 0x80, 0xD0, 0x02, 0xFF, 0x80, 0xBF, 0x24, 0x00, 0x80, 0xC0, 0x03, 0xFF, 0x80, 0x01, 0x0F,
    0x00, 0x80, 0xF8, 0x02, 0xFF, 0x80, 0x2F, 0x24, 0x00, 0x80, 0x40, 0x03, 0xFF, 0x80, 0x0B, 0x0F,
    0x00, 0x80, 0xFE, 0x02, 0xFF, 0x80, 0x0B, 0x25, 0x00, 0x80, 0xFD, 0x02, 0xFF, 0x80, 0x6F, 0x0E,
    0x00, 0x80, 0xD0, 0x03, 0xFF, 0x80, 0x02, 0x25, 0x00, 0x80, 0xF4, 0x03, 0xFF, 0x80, 0x01, 0x0D,
    0x00, 0x80, 0xF8, 0x02, 0xFF, 0x80, 0xBF, 0x26, 0x00, 0x80, 0xD0, 0x03, 0xFF, 0x80, 0x1B, 0x0C,
    0x00, 0x80, 0x40, 0x03, 0xFF, 0x80, 0x2F, 0x26, 0x00, 0x80, 0x40, 0x03, 0xFF, 0x80, 0xBF, 0x0C,
    0x00, 0x80, 0xE4, 0x03, 0xFF, 0x80, 0x0B, 0x27, 0x00, 0x80, 0xFC, 0x03, 0xFF, 0x80, 0x0B, 0x0A,
    0x00, 0x81, 0x40, 0xFE, 0x03, 0xFF, 0x80, 0x02, 0x27, 0x00, 0x80, 0xE0, 0x03, 0xFF, 0x81, 0xBF,
    0x01, 0x09, 0x00, 0x80, 0xE4, 0x03, 0xFF, 0x80, 0xBF, 0x28, 0x00, 0x80, 0x80, 0x04, 0xFF, 0x80,
    0x1B, 0x08, 0x00, 0x80, 0x40, 0x04, 0xFF, 0x80, 0x1F, 0x29, 0x00, 0x80, 0xFD, 0x04, 0xFF, 0x80,
    0x06, 0x07, 0x00, 0x80, 0xF9, 0x04, 0xFF, 0x80, 0x02, 0x29, 0x00, 0x80, 0xE0, 0x04, 0xFF, 0x81,
    0xBF, 0x05, 0x05, 0x00, 0x80, 0xE9, 0x04, 0xFF, 0x80, 0xBF, 0x2A, 0x00, 0x80, 0x40, 0x06, 0xFF,
    0x80, 0x5A, 0x02, 0x00, 0x81, 0x54, 0xFA, 0x05, 0xFF, 0x80, 0x1B, 0x2B, 0x00, 0x80, 0xF8, 0x0F,
    0xFF, 0x80, 0x01, 0x2B, 0x00, 0x80, 0x90, 0x0E, 0xFF, 0x80, 0x2F, 0x2D, 0x00, 0x80, 0xF9, 0x0D,
    0xFF, 0x80, 0x06, 0x2D, 0x00, 0x80, 0x90, 0x0C, 0xFF, 0x80, 0x6F, 0x2F, 0x00, 0x80, 0xF9, 0x0B,
    0xFF, 0x80, 0x02, 0x2F, 0x00, 0x81, 0x40, 0xFE, 0x09, 0xFF, 0x80, 0x1B, 0x31, 0x00, 0x80, 0xA4,
    0x08, 0xFF, 0x80, 0x6F, 0x33, 0x00, 0x80, 0xE4, 0x06, 0xFF, 0x81, 0xAF, 0x01, 0x34, 0x00, 0x81,
    0x94, 0xFE, 0x03, 0xFF, 0x81, 0x6B, 0x01, 0x37, 0x00, 0x82, 0x54, 0x55, 0x01, 0x7F, 0x00, 0x7F,
    0x00, 0x7F, 0x00, 0x7F, 0x00, 0x7A, 0x00, 0x02, 0xFD, 0x06, 0x00, 0x00, 0x01, 0x00, 0x01, 0xFF,
    0x28, 0x00, 0x05, 0xFA, 0xD2, 0x0A, 0x00, 0x7F, 0x00, 0x13, 0x00, 0x80, 0x54, 0x02, 0xAA, 0x81,
    0x5A, 0x01, 0x35, 0x00, 0x81, 0x40, 0xE9, 0x04, 0xFF, 0x81, 0xBF, 0x06, 0x34, 0x00, 0x80, 0xF9,
    0x07, 0xFF, 0x80, 0x06, 0x32, 0x00, 0x80, 0xF9, 0x08, 0xFF, 0x81, 0xBF, 0x01, 0x30, 0x00, 0x80,
    0x90, 0x0A, 0xFF, 0x80, 0x6F, 0x30, 0x00, 0x80, 0xFE, 0x0B, 0xFF, 0x80, 0x07, 0x2E, 0x00, 0x80,
    0xE4, 0x0C, 0xFF, 0x80, 0xBF, 0x2D, 0x00, 0x81, 0x40, 0xFE, 0x0D, 0xFF, 0x80, 0x0B, 0x2C, 0x00,
    0x80, 0xE0, 0x0E, 0xFF, 0x80, 0x7F, 0x2C, 0x00, 0x80, 0xFD, 0x06, 0xFF, 0x02, 0xAA, 0x80, 0xFE,
    0x06, 0xFF, 0x80, 0x06, 0x2A, 0x00, 0x80, 0x80, 0x05, 0xFF, 0x81, 0x6F, 0x01, 0x03, 0x00, 0x80,
    0xA5, 0x05, 0xFF, 0x80, 0x2F, 0x2A, 0x00, 0x80, 0xF4, 0x04, 0xFF, 0x80, 0x6F, 0x06, 0x00, 0x80,
    0x94, 0x05, 0xFF, 0x80, 0x01, 0x29, 0x00, 0x80, 0xFE, 0x03, 0xFF, 0x81, 0xBF, 0x01, 0x07, 0x00,
    0x80, 0xE4, 0x04, 0xFF, 0x80, 0x07, 0x28, 0x00, 0x80, 0x80, 0x04, 0xFF, 0x80, 0x06, 0x09, 0x00,
    0x80, 0xFD, 0x03, 0xFF, 0x80, 0x2F, 0x28, 0x00, 0x80, 0xF4, 0x03, 0xFF, 0x80, 0x6F, 0x0A, 0x00,
    0x80, 0x90, 0x03, 0xFF, 0x80, 0xBF, 0x28, 0x00, 0x80, 0xFD, 0x03, 0xFF, 0x80, 0x06, 0x0B, 0x00,
    0x80, 0xFD, 0x03, 0xFF, 0x80, 0x07, 0x26, 0x00, 0x80, 0x40, 0x03, 0xFF, 0x80, 0x6F, 0x0C, 0x00,
    0x80, 0xD0, 0x03, 0xFF, 0x80, 0x1F, 0x26, 0x00, 0x80, 0xE0, 0x03, 0xFF, 0x80, 0x07, 0x0D, 0x00,
    0x80, 0xFE, 0x02, 0xFF, 0x80, 0x7F, 0x26, 0x00, 0x80, 0xF8, 0x02, 0xFF, 0x80, 0xBF, 0x0E, 0x00,
    0x80, 0xF4, 0x03, 0xFF, 0x80, 0x01, 0x25, 0x00, 0x80, 0xFE, 0x02, 0xFF, 0x80, 0x1F, 0x0E, 0x00,
    0x80, 0x80, 0x03, 0xFF, 0x80, 0x07, 0x24, 0x00, 0x80, 0x40, 0x03, 0xFF, 0x80, 0x0B, 0x0F, 0x00,
    0x80, 0xFD, 0x02, 0xFF, 0x80, 0x1F, 0x24, 0x00, 0x80, 0xD0, 0x03, 0xFF, 0x80, 0x0B, 0x0F, 0x00,
    0x80, 0xF4, 0x02, 0xFF, 0x80, 0x3F, 0x24, 0x00, 0x80, 0xF4, 0x03, 0xFF, 0x80, 0x0B, 0x0F, 0x00,
    0x80, 0xD0, 0x02, 0xFF, 0x80, 0xBF, 0x24, 0x00, 0x80, 0xFC, 0x03, 0xFF, 0x80, 0x0B, 0x10, 0x00,
    0x80, 0xFE, 0x02, 0xFF, 0x80, 0x02, 0x23, 0x00, 0x80, 0xFE, 0x03, 0xFF, 0x80, 0x0B, 0x10, 0x00,
    0x80, 0xF8, 0x02, 0xFF, 0x80, 0x07, 0x22, 0x00, 0x80, 0x40, 0x04, 0xFF, 0x80, 0x0B, 0x10, 0x00,
    0x80, 0xE0, 0x02, 0xFF, 0x80, 0x1F, 0x22, 0x00, 0x80, 0xD0, 0x04, 0xFF, 0x80, 0x0B, 0x10, 0x00,
    0x80, 0xC0, 0x02, 0xFF, 0x80, 0x3F, 0x22, 0x00, 0x80, 0xF0, 0x04, 0xFF, 0x80, 0x0B, 0x11, 0x00,
    0x02, 0xFF, 0x80, 0xBF, 0x22, 0x00, 0x80, 0xF8, 0x04, 0xFF, 0x80, 0x0B, 0x09, 0x00, 0x02, 0x55,
    0x80, 0x01, 0x05, 0x00, 0x80, 0xFD, 0x02, 0xFF, 0x80, 0x01, 0x21, 0x00, 0x80, 0xFD, 0x02, 0xFF,
    0x82, 0xFE, 0xFF, 0x0B, 0x08, 0x00, 0x80, 0x40, 0x02, 0xFF, 0x80, 0x03, 0x05, 0x00, 0x80, 0xF4,
    0x02, 0xFF, 0x80, 0x03, 0x21, 0x00, 0x85, 0xFE, 0xFF, 0x7F, 0xFE, 0xFF, 0x0B, 0x08, 0x00, 0x80,
    0x40, 0x02, 0xFF, 0x80, 0x03, 0x05, 0x00, 0x80, 0xE0, 0x02, 0xFF, 0x80, 0x07, 0x20, 0x00, 0x80,
    0x40, 0x02, 0xFF, 0x83, 0x2F, 0xFE, 0xFF, 0x0B, 0x08, 0x00, 0x80, 0x40, 0x02, 0xFF, 0x80, 0x03,
    0x05, 0x00, 0x80, 0xC0, 0x02, 0xFF, 0x80, 0x0F, 0x20, 0x00, 0x80, 0xC0, 0x02, 0xFF, 0x83, 0x0F,
    0xFE, 0xFF, 0x0B, 0x08, 0x00, 0x80, 0x40, 0x02, 0xFF, 0x80, 0x03, 0x05, 0x00, 0x80, 0x40, 0x02,
    0xFF, 0x80, 0x2F, 0x20, 0x00, 0x80, 0xD0, 0x02, 0xFF, 0x83, 0x07, 0xFE, 0xFF, 0x0B, 0x08, 0x00,
    0x80, 0x40, 0x02, 0xFF, 0x80, 0x03, 0x06, 0x00, 0x82, 0xFE, 0xFF, 0x3F, 0x20, 0x00, 0x80, 0xF0,
    0x02, 0xFF, 0x83, 0x02, 0xFE, 0xFF, 0x0B, 0x08, 0x00, 0x80, 0x40, 0x02, 0xFF, 0x80, 0x03, 0x06,
    0x00, 0x82, 0xFC, 0xFF, 0xBF, 0x20, 0x00, 0x80, 0xF4, 0x02, 0xFF, 0x83, 0x00, 0xFE, 0xFF, 0x0B,
    0x08, 0x00, 0x80, 0x40, 0x02, 0xFF, 0x80, 0x03, 0x06, 0x00, 0x80, 0xF4, 0x02, 0xFF, 0x20, 0x00,
    0x86, 0xFC, 0xFF, 0xBF, 0x00, 0xFE, 0xFF, 0x0B, 0x08, 0x00, 0x80, 0x40, 0x02, 0xFF, 0x80, 0x03,
    0x06, 0x00, 0x80, 0xE0, 0x02, 0xFF, 0x80, 0x02, 0x1F, 0x00, 0x86, 0xFD, 0xFF, 0x3F, 0x00, 0xFE,
    0xFF, 0x0B, 0x08, 0x00, 0x80, 0x40, 0x02, 0xFF, 0x80, 0x03, 0x06, 0x00, 0x80, 0xD0, 0x02, 0xFF,
    0x80, 0x03, 0x1F, 0x00, 0x86, 0xFE, 0xFF, 0x1F, 0x00, 0xFE, 0xFF, 0x0B, 0x08, 0x00, 0x80, 0x40,
    0x02, 0xFF, 0x80, 0x03, 0x06, 0x00, 0x80, 0x80, 0x02, 0xFF, 0x80, 0x07, 0x1F, 0x00, 0x02, 0xFF,
    0x84, 0x0F, 0x00, 0xFE, 0xFF, 0x0B, 0x08, 0x00, 0x80, 0x40, 0x02, 0xFF, 0x80, 0x03, 0x06, 0x00,
    0x80, 0x40, 0x02, 0xFF, 0x80, 0x0B, 0x1E, 0x00, 0x80, 0x40, 0x02, 0xFF, 0x84, 0x0B, 0x00, 0xFE,
    0xFF, 0x0B, 0x08, 0x00, 0x80, 0x40, 0x02, 0xFF, 0x80, 0x03, 0x07, 0x00, 0x82, 0xFE, 0xFF, 0x1F,
    0x1E, 0x00, 0x80, 0x80, 0x02, 0xFF, 0x84, 0x03, 0x00, 0xFE, 0xFF, 0x0B, 0x08, 0x00, 0x80, 0x40,
    0x02, 0xFF, 0x80, 0x03, 0x07, 0x00, 0x82, 0xFD, 0xFF, 0x2F, 0x1E, 0x00, 0x80, 0xC0, 0x02, 0xFF,
    0x84, 0x02, 0x00, 0xFE, 0xFF, 0x0B, 0x08, 0x00, 0x80, 0x40, 0x02, 0xFF, 0x80, 0x03, 0x02, 0x00,
    0x80, 0xD0, 0x02, 0xFF, 0x84, 0x1F, 0x00, 0xFC, 0xFF, 0x3F, 0x1E, 0x00, 0x80, 0xD0, 0x02, 0xFF,
    0x84, 0x01, 0x00, 0xFE, 0xFF, 0x0B, 0x08, 0x00, 0x80, 0x40, 0x02, 0xFF, 0x80, 0x03, 0x02, 0x00,
    0x80, 0xF4, 0x02, 0xFF, 0x84, 0x0B, 0x00, 0xF8, 0xFF, 0x7F, 0x1E, 0x00, 0x80, 0xE0, 0x02, 0xFF,
    0x02, 0x00, 0x82, 0xFE, 0xFF, 0x0B, 0x08, 0x00, 0x80, 0x40, 0x02, 0xFF, 0x80, 0x03, 0x02, 0x00,
    0x80, 0xFC, 0x02, 0xFF, 0x84, 0x03, 0x00, 0xF4, 0xFF, 0x7F, 0x1E, 0x00, 0x82, 0xF0, 0xFF, 0xBF,
    0x02, 0x00, 0x82, 0xFE, 0xFF, 0x0B, 0x08, 0x00, 0x80, 0x40, 0x02, 0xFF, 0x80, 0x03, 0x02, 0x00,
    0x80, 0xFE, 0x02, 0xFF, 0x84, 0x01, 0x00, 0xF0, 0xFF, 0xBF, 0x1E, 0x00, 0x82, 0xF4, 0xFF, 0x7F,
    0x02, 0x00, 0x85, 0xFE, 0xFF, 0x0B, 0x00, 0xA5, 0x5A, 0x05, 0x00, 0x80, 0x40, 0x02, 0xFF, 0x82,
    0x03, 0x00, 0x80, 0x02, 0xFF, 0x80, 0x7F, 0x02, 0x00, 0x80, 0xE0, 0x02, 0xFF, 0x1E, 0x00, 0x82,
    0xF8, 0xFF, 0x3F, 0x02, 0x00, 0x83, 0xFE, 0xFF, 0x0B, 0xF9, 0x02, 0xFF, 0x80, 0x1B, 0x04, 0x00,
    0x80, 0x40, 0x02, 0xFF, 0x82, 0x03, 0x00, 0xD0, 0x02, 0xFF, 0x80, 0x2F, 0x02, 0x00, 0x80, 0xD0,
    0x02, 0xFF, 0x80, 0x01, 0x1D, 0x00, 0x82, 0xF8, 0xFF, 0x2F, 0x02, 0x00, 0x82, 0xFE, 0xFF, 0x9B,
    0x04, 0xFF, 0x80, 0x01, 0x03, 0x00, 0x80, 0x40, 0x02, 0xFF, 0x82, 0x03, 0x00, 0xF4, 0x02, 0xFF,
    0x80, 0x0B, 0x02, 0x00, 0x80, 0xC0, 0x02, 0xFF, 0x80, 0x01, 0x1D, 0x00, 0x82, 0xFC, 0xFF, 0x2F,
    0x02, 0x00, 0x80, 0xFE, 0x06, 0xFF, 0x80, 0x1F, 0x03, 0x00, 0x80, 0x40, 0x02, 0xFF, 0x82, 0x03,
    0x00, 0xFC, 0x02, 0xFF, 0x80, 0x03, 0x02, 0x00, 0x80, 0xC0, 0x02, 0xFF, 0x80, 0x02, 0x1D, 0x00,
    0x82, 0xFC, 0xFF, 0x1F, 0x02, 0x00, 0x80, 0xFE, 0x06, 0xFF, 0x80, 0xBF, 0x03, 0x00, 0x80, 0x40,
    0x02, 0xFF, 0x82, 0x03, 0x00, 0xFE, 0x02, 0xFF, 0x80, 0x01, 0x02, 0x00, 0x80, 0x80, 0x02, 0xFF,
    0x80, 0x03, 0x1D, 0x00, 0x82, 0xFD, 0xFF, 0x0F, 0x02, 0x00, 0x80, 0xFE, 0x07, 0xFF, 0x80, 0x02,
    0x02, 0x00, 0x80, 0x40, 0x02, 0xFF, 0x81, 0x03, 0x80, 0x02, 0xFF, 0x80, 0x7F, 0x03, 0x00, 0x80,
    0x40, 0x02, 0xFF, 0x80, 0x03, 0x1D, 0x00, 0x82, 0xFD, 0xFF, 0x0F, 0x02, 0x00, 0x80, 0xFE, 0x07,
    0xFF, 0x80, 0x0B, 0x02, 0x00, 0x80, 0x40, 0x02, 0xFF, 0x81, 0x03, 0xD0, 0x02, 0xFF, 0x80, 0x2F,
    0x03, 0x00, 0x80, 0x40, 0x02, 0xFF, 0x80, 0x07, 0x1D, 0x00, 0x82, 0xFE, 0xFF, 0x0B, 0x02, 0x00,
    0x80, 0xFE, 0x07, 0xFF, 0x80, 0x2F, 0x02, 0x00, 0x80, 0x40, 0x02, 0xFF, 0x81, 0x03, 0xF4, 0x02,
    0xFF, 0x80, 0x0B, 0x04, 0x00, 0x02, 0xFF, 0x80, 0x07, 0x1D, 0x00, 0x82, 0xFE, 0xFF, 0x0B, 0x02,
    0x00, 0x80, 0xFE, 0x07, 0xFF, 0x80, 0x7F, 0x02, 0x00, 0x80, 0x40, 0x02, 0xFF, 0x81, 0x03, 0xFC,
    0x02, 0xFF, 0x80, 0x03, 0x04, 0x00, 0x02, 0xFF, 0x80, 0x07, 0x1D, 0x00, 0x02, 0xFF, 0x80, 0x0B,
    0x02, 0x00, 0x80, 0xFE, 0x03, 0xFF, 0x81, 0xAF, 0xFE, 0x03, 0xFF, 0x02, 0x00, 0x80, 0x40, 0x02,
    0xFF, 0x81, 0x03, 0xFE, 0x02, 0xFF, 0x80, 0x01, 0x04, 0x00, 0x82, 0xFE, 0xFF, 0x0B, 0x1D, 0x00,
    0x02, 0xFF, 0x80, 0x07, 0x02, 0x00, 0x80, 0xFE, 0x02, 0xFF, 0x82, 0xBF, 0x01, 0x40, 0x03, 0xFF,
    0x82, 0x02, 0x00, 0x40, 0x02, 0xFF, 0x80, 0x83, 0x02, 0xFF, 0x80, 0x7F, 0x05, 0x00, 0x82, 0xFE,
    0xFF, 0x0B, 0x1D, 0x00, 0x02, 0xFF, 0x80, 0x07, 0x02, 0x00, 0x80, 0xFE, 0x02, 0xFF, 0x80, 0x1B,
    0x02, 0x00, 0x80, 0xF8, 0x02, 0xFF, 0x82, 0x03, 0x00, 0x40, 0x02, 0xFF, 0x80, 0xD3, 0x02, 0xFF,
    0x80, 0x2F, 0x05, 0x00, 0x82, 0xFE, 0xFF, 0x0B, 0x1D, 0x00, 0x02, 0xFF, 0x80, 0x07, 0x02, 0x00,
    0x80, 0xFE, 0x02, 0xFF, 0x80, 0x02, 0x02, 0x00, 0x80, 0xD0, 0x02, 0xFF, 0x82, 0x0B, 0x00, 0x40,
    0x02, 0xFF, 0x80, 0xF7, 0x02, 0xFF, 0x80, 0x0B, 0x05, 0x00, 0x82, 0xFE, 0xFF, 0x0B, 0x1D, 0x00,
    0x02, 0xFF, 0x80, 0x07, 0x02, 0x00, 0x82, 0xFE, 0xFF, 0xBF, 0x03, 0x00, 0x80, 0x80, 0x02, 0xFF,
    0x82, 0x0F, 0x00, 0x40, 0x05, 0xFF, 0x80, 0x0B, 0x05, 0x00, 0x82, 0xFD, 0xFF, 0x0B, 0x1D, 0x00,
    0x02, 0xFF, 0x80, 0x03, 0x02, 0x00, 0x82, 0xFE, 0xFF, 0x3F, 0x04, 0x00, 0x02, 0xFF, 0x82, 0x1F,
    0x00, 0x40, 0x05, 0xFF, 0x80, 0x1F, 0x05, 0x00, 0x82, 0xFD, 0xFF, 0x0F, 0x1D, 0x00, 0x02, 0xFF,
    0x80, 0x03, 0x02, 0x00, 0x82, 0xFE, 0xFF, 0x2F, 0x04, 0x00, 0x84, 0xFD, 0xFF, 0x1F, 0x00, 0x40,
    0x05, 0xFF, 0x80, 0x2F, 0x05, 0x00, 0x82, 0xFD, 0xFF, 0x0F, 0x1D, 0x00, 0x02, 0xFF, 0x80, 0x07,
    0x02, 0x00, 0x82, 0xFE, 0xFF, 0x1F, 0x04, 0x00, 0x84, 0xFC, 0xFF, 0x2F, 0x00, 0x40, 0x05, 0xFF,
    0x80, 0x7F, 0x05, 0x00, 0x82, 0xFD, 0xFF, 0x0F, 0x1D, 0x00, 0x02, 0xFF, 0x80, 0x07, 0x02, 0x00,
    0x82, 0xFE, 0xFF, 0x0F, 0x04, 0x00, 0x84, 0xF8, 0xFF, 0x2F, 0x00, 0x40, 0x05, 0xFF, 0x80, 0xBF,
    0x05, 0x00, 0x82, 0xFE, 0xFF, 0x0B, 0x1D, 0x00, 0x02, 0xFF, 0x80, 0x07, 0x02, 0x00, 0x82, 0xFE,
    0xFF, 0x0B, 0x04, 0x00, 0x84, 0xF4, 0xFF, 0x3F, 0x00, 0x40, 0x06, 0xFF, 0x80, 0x01, 0x04, 0x00,
    0x82, 0xFE, 0xFF, 0x0B, 0x1D, 0x00, 0x02, 0xFF, 0x80, 0x07, 0x02, 0x00, 0x82, 0xFE, 0xFF, 0x0B,
    0x04, 0x00, 0x84, 0xF4, 0xFF, 0x3F, 0x00, 0x40, 0x06, 0xFF, 0x80, 0x02, 0x04, 0x00, 0x82, 0xFE,
    0xFF, 0x0B, 0x1D, 0x00, 0x02, 0xFF, 0x80, 0x07, 0x02, 0x00, 0x82, 0xFE, 0xFF, 0x0B, 0x04, 0x00,
    0x84, 0xF4, 0xFF, 0x3F, 0x00, 0x40, 0x06, 0xFF, 0x80, 0x07, 0x04, 0x00, 0x82, 0xFE, 0xFF, 0x0B,
    0x1D, 0x00, 0x82, 0xFE, 0xFF, 0x0B, 0x02, 0x00, 0x82, 0xFE, 0xFF, 0x0F, 0x04, 0x00, 0x84, 0xF8,
    0xFF, 0x2F, 0x00, 0x40, 0x03, 0xFF, 0x80, 0xAF, 0x02, 0xFF, 0x80, 0x0B, 0x04, 0x00, 0x02, 0xFF,
    0x80, 0x0B, 0x1D, 0x00, 0x82, 0xFE, 0xFF, 0x0B, 0x02, 0x00, 0x82, 0xFD, 0xFF, 0x0F, 0x04, 0x00,
    0x84, 0xFC, 0xFF, 0x2F, 0x00, 0x40, 0x03, 0xFF, 0x80, 0x0B, 0x02, 0xFF, 0x80, 0x1F, 0x04, 0x00,
    0x02, 0xFF, 0x80, 0x07, 0x1D, 0x00, 0x82, 0xFE, 0xFF, 0x0F, 0x02, 0x00, 0x82, 0xFD, 0xFF, 0x1F,
    0x04, 0x00, 0x84, 0xFD, 0xFF, 0x1F, 0x00, 0x40, 0x03, 0xFF, 0x83, 0x03, 0xFE, 0xFF, 0x2F, 0x04,
    0x00, 0x02, 0xFF, 0x80, 0x07, 0x1D, 0x00, 0x82, 0xFD, 0xFF, 0x0F, 0x02, 0x00, 0x82, 0xFC, 0xFF,
    0x3F, 0x04, 0x00, 0x84, 0xFE, 0xFF, 0x1F, 0x00, 0x40, 0x03, 0xFF, 0x83, 0x01, 0xFC, 0xFF, 0x7F,
    0x03, 0x00, 0x80, 0x40, 0x02, 0xFF, 0x80, 0x03, 0x1D, 0x00, 0x82, 0xFD, 0xFF, 0x1F, 0x02, 0x00,
    0x82, 0xF8, 0xFF, 0xBF, 0x03, 0x00, 0x80, 0x40, 0x02, 0xFF, 0x82, 0x0F, 0x00, 0x40, 0x02, 0xFF,
    0x84, 0x7F, 0x00, 0xF8, 0xFF, 0xBF, 0x03, 0x00, 0x80, 0x40, 0x02, 0xFF, 0x80, 0x03, 0x1D, 0x00,
    0x82, 0xFC, 0xFF, 0x1F, 0x02, 0x00, 0x80, 0xF4, 0x02, 0xFF, 0x80, 0x01, 0x02, 0x00, 0x80, 0xD0,
    0x02, 0xFF, 0x82, 0x0B, 0x00, 0x40, 0x02, 0xFF, 0x82, 0x2F, 0x00, 0xF0, 0x02, 0xFF, 0x80, 0x01,
    0x02, 0x00, 0x80, 0x80, 0x02, 0xFF, 0x80, 0x02, 0x1D, 0x00, 0x82, 0xFC, 0xFF, 0x2F, 0x02, 0x00,
    0x80, 0xF0, 0x02, 0xFF, 0x80, 0x0B, 0x02, 0x00, 0x80, 0xF4, 0x02, 0xFF, 0x82, 0x07, 0x00, 0x40,
    0x02, 0xFF, 0x82, 0x0B, 0x00, 0xE0, 0x02, 0xFF, 0x80, 0x02, 0x02, 0x00, 0x80, 0xC0, 0x02, 0xFF,
    0x80, 0x02, 0x1D, 0x00, 0x82, 0xF8, 0xFF, 0x3F, 0x02, 0x00, 0x80, 0xD0, 0x02, 0xFF, 0x83, 0x6F,
    0x00, 0x40, 0xFE, 0x02, 0xFF, 0x82, 0x02, 0x00, 0x40, 0x02, 0xFF, 0x82, 0x07, 0x00, 0xC0, 0x02,
    0xFF, 0x80, 0x07, 0x02, 0x00, 0x80, 0xC0, 0x02, 0xFF, 0x80, 0x01, 0x1D, 0x00, 0x82, 0xF4, 0xFF,
    0x3F, 0x02, 0x00, 0x80, 0xC0, 0x03, 0xFF, 0x81, 0x5B, 0xF9, 0x03, 0xFF, 0x82, 0x01, 0x00, 0x40,
    0x02, 0xFF, 0x82, 0x03, 0x00, 0x80, 0x02, 0xFF, 0x80, 0x0B, 0x02, 0x00, 0x80, 0xD0, 0x02, 0xFF,
    0x80, 0x01, 0x1D, 0x00, 0x82, 0xF4, 0xFF, 0x7F, 0x02, 0x00, 0x80, 0x40, 0x07, 0xFF, 0x80, 0xBF,
    0x02, 0x00, 0x80, 0x40, 0x02, 0xFF, 0x80, 0x03, 0x02, 0x00, 0x02, 0xFF, 0x80, 0x1F, 0x02, 0x00,
    0x80, 0xE0, 0x02, 0xFF, 0x1E, 0x00, 0x82, 0xF0, 0xFF, 0xBF, 0x03, 0x00, 0x80, 0xFE, 0x06, 0xFF,
    0x80, 0x2F, 0x02, 0x00, 0x80, 0x40, 0x02, 0xFF, 0x80, 0x03, 0x02, 0x00, 0x82, 0xFE, 0xFF, 0x2F,
    0x02, 0x00, 0x82, 0xF0, 0xFF, 0xBF, 0x1E, 0x00, 0x80, 0xE0, 0x02, 0xFF, 0x03, 0x00, 0x80, 0xF8,
    0x06, 0xFF, 0x80, 0x0F, 0x02, 0x00, 0x80, 0x40, 0x02, 0xFF, 0x80, 0x03, 0x02, 0x00, 0x82, 0xFC,
    0xFF, 0x7F, 0x02, 0x00, 0x82, 0xF4, 0xFF, 0x7F, 0x1E, 0x00, 0x80, 0xD0, 0x02, 0xFF, 0x80, 0x01,
    0x02, 0x00, 0x80, 0xE0, 0x06, 0xFF, 0x80, 0x03, 0x02, 0x00, 0x80, 0x40, 0x02, 0xFF, 0x80, 0x03,
    0x02, 0x00, 0x82, 0xF8, 0xFF, 0xBF, 0x02, 0x00, 0x82, 0xF8, 0xFF, 0x3F, 0x1E, 0x00, 0x80, 0xC0,
    0x02, 0xFF, 0x80, 0x03, 0x02, 0x00, 0x80, 0x80, 0x05, 0xFF, 0x80, 0xBF, 0x03, 0x00, 0x80, 0x40,
    0x02, 0xFF, 0x80, 0x03, 0x02, 0x00, 0x80, 0xF0, 0x02, 0xFF, 0x84, 0x01, 0x00, 0xFC, 0xFF, 0x2F,
    0x1E, 0x00, 0x80, 0x80, 0x02, 0xFF, 0x80, 0x07, 0x03, 0x00, 0x80, 0xFD, 0x04, 0xFF, 0x80, 0x2F,
    0x03, 0x00, 0x80, 0x40, 0x02, 0xFF, 0x80, 0x03, 0x02, 0x00, 0x80, 0xE0, 0x02, 0xFF, 0x84, 0x02,
    0x00, 0xFE, 0xFF, 0x1F, 0x1E, 0x00, 0x80, 0x40, 0x02, 0xFF, 0x80, 0x0B, 0x03, 0x00, 0x80, 0xE0,
    0x04, 0xFF, 0x80, 0x06, 0x03, 0x00, 0x80, 0x40, 0x02, 0xFF, 0x80, 0x03, 0x02, 0x00, 0x80, 0xD0,
    0x02, 0xFF, 0x81, 0x07, 0x00, 0x02, 0xFF, 0x80, 0x0F, 0x1F, 0x00, 0x02, 0xFF, 0x80, 0x1F, 0x04,
    0x00, 0x80, 0xFE, 0x02, 0xFF, 0x80, 0x6F, 0x04, 0x00, 0x80, 0x40, 0x02, 0xFF, 0x80, 0x03, 0x02,
    0x00, 0x80, 0x80, 0x02, 0xFF, 0x81, 0x0B, 0x40, 0x02, 0xFF, 0x80, 0x0B, 0x1F, 0x00, 0x82, 0xFE,
    0xFF, 0x2F, 0x04, 0x00, 0x83, 0x50, 0xFA, 0x6B, 0x01, 0x05, 0x00, 0x02, 0x55, 0x80, 0x01, 0x02,
    0x00, 0x80, 0x40, 0x02, 0xFF, 0x81, 0x1F, 0xC0, 0x02, 0xFF, 0x80, 0x07, 0x1F, 0x00, 0x82, 0xFC,
    0xFF, 0x7F, 0x13, 0x00, 0x83, 0xFE, 0xFF, 0x2F, 0xD0, 0x02, 0xFF, 0x80, 0x03, 0x1F, 0x00, 0x82,
    0xF8, 0xFF, 0xBF, 0x13, 0x00, 0x83, 0xFD, 0xFF, 0x7F, 0xF0, 0x02, 0xFF, 0x80, 0x01, 0x1F, 0x00,
    0x80, 0xF4, 0x02, 0xFF, 0x80, 0x01, 0x12, 0x00, 0x83, 0xF8, 0xFF, 0xBF, 0xF8, 0x02, 0xFF, 0x20,
    0x00, 0x80, 0xE0, 0x02, 0xFF, 0x80, 0x03, 0x12, 0x00, 0x80, 0xF4, 0x02, 0xFF, 0x82, 0xFD, 0xFF,
    0x7F, 0x20, 0x00, 0x80, 0xD0, 0x02, 0xFF, 0x80, 0x0B, 0x12, 0x00, 0x80, 0xE0, 0x04, 0xFF, 0x80,
    0x3F, 0x20, 0x00, 0x80, 0x80, 0x02, 0xFF, 0x80, 0x1F, 0x12, 0x00, 0x80, 0xD0, 0x04, 0xFF, 0x80,
    0x1F, 0x21, 0x00, 0x02, 0xFF, 0x80, 0x3F, 0x12, 0x00, 0x80, 0x80, 0x04, 0xFF, 0x80, 0x0B, 0x21,
    0x00, 0x82, 0xFE, 0xFF, 0xBF, 0x12, 0x00, 0x80, 0x40, 0x04, 0xFF, 0x80, 0x07, 0x21, 0x00, 0x80,
    0xFC, 0x02, 0xFF, 0x80, 0x01, 0x12, 0x00, 0x80, 0xFE, 0x03, 0xFF, 0x80, 0x02, 0x21, 0x00, 0x80,
    0xF4, 0x02, 0xFF, 0x80, 0x07, 0x12, 0x00, 0x80, 0xFD, 0x03, 0xFF, 0x22, 0x00, 0x80, 0xE0, 0x02,
    0xFF, 0x80, 0x1F, 0x12, 0x00, 0x80, 0xF8, 0x02, 0xFF, 0x80, 0x7F, 0x22, 0x00, 0x80, 0xC0, 0x02,
    0xFF, 0x80, 0x3F, 0x12, 0x00, 0x80, 0xF4, 0x02, 0xFF, 0x80, 0x2F, 0x22, 0x00, 0x80, 0x40, 0x03,
    0xFF, 0x12, 0x00, 0x80, 0xF4, 0x02, 0xFF, 0x80, 0x0F, 0x23, 0x00, 0x80, 0xFD, 0x02, 0xFF, 0x80,
    0x03, 0x11, 0x00, 0x80, 0xFD, 0x02, 0xFF, 0x80, 0x07, 0x23, 0x00, 0x80, 0xF8, 0x02, 0xFF, 0x80,
    0x0F, 0x10, 0x00, 0x80, 0x40, 0x03, 0xFF, 0x80, 0x01, 0x23, 0x00, 0x80, 0xE0, 0x02, 0xFF, 0x80,
    0x7F, 0x10, 0x00, 0x80, 0xD0, 0x02, 0xFF, 0x80, 0xBF, 0x24, 0x00, 0x80, 0xC0, 0x03, 0xFF, 0x80,
    0x01, 0x0F, 0x00, 0x80, 0xF8, 0x02, 0xFF, 0x80, 0x2F, 0x24, 0x00, 0x80, 0x40, 0x03, 0xFF, 0x80,
    0x0B, 0x0F, 0x00, 0x80, 0xFE, 0x02, 0xFF, 0x80, 0x0B, 0x25, 0x00, 0x80, 0xFD, 0x02, 0xFF, 0x80,
    0x6F, 0x0E, 0x00, 0x80, 0xD0, 0x03, 0xFF, 0x80, 0x02, 0x25, 0x00, 0x80, 0xF4, 0x03, 0xFF, 0x80,
    0x01, 0x0D, 0x00, 0x80, 0xF8, 0x02, 0xFF, 0x80, 0xBF, 0x26, 0x00, 0x80, 0xD0, 0x03, 0xFF, 0x80,
    0x1B, 0x0C, 0x00, 0x80, 0x40, 0x03, 0xFF, 0x80, 0x2F, 0x26, 0x00, 0x80, 0x40, 0x03, 0xFF, 0x80,
    0xBF, 0x0C, 0x00, 0x80, 0xE4, 0x03, 0xFF, 0x80, 0x0B, 0x27, 0x00, 0x80, 0xFC, 0x03, 0xFF, 0x80,
    0x0B, 0x0A, 0x00, 0x81, 0x40, 0xFE, 0x03, 0xFF, 0x80, 0x02, 0x27, 0x00, 0x80, 0xE0, 0x03, 0xFF,
    0x81, 0xBF, 0x01, 0x09, 0x00, 0x80, 0xE4, 0x03, 0xFF, 0x80, 0xBF, 0x28, 0x00, 0x80, 0x80, 0x04,
    0xFF, 0x80, 0x1B, 0x08, 0x00, 0x80, 0x40, 0x04, 0xFF, 0x80, 0x1F, 0x29, 0x00, 0x80, 0xFD, 0x04,
    0xFF, 0x80, 0x06, 0x07, 0x00, 0x80, 0xF9, 0x04, 0xFF, 0x80, 0x02, 0x29, 0x00, 0x80, 0xE0, 0x04,
    0xFF, 0x81, 0xBF, 0x05, 0x05, 0x00, 0x80, 0xE9, 0x04, 0xFF, 0x80, 0xBF, 0x2A, 0x00, 0x80, 0x40,
    0x06, 0xFF, 0x80, 0x5A, 0x02, 0x00, 0x81, 0x54, 0xFA, 0x05, 0xFF, 0x80, 0x1B, 0x2B, 0x00, 0x80,
    0xF8, 0x0F, 0xFF, 0x80, 0x01, 0x2B, 0x00, 0x80, 0x90, 0x0E, 0xFF, 0x80, 0x2F, 0x2D, 0x00, 0x80,
    0xF9, 0x0D, 0xFF, 0x80, 0x06, 0x2D, 0x00, 0x80, 0x90, 0x0C, 0xFF, 0x80, 0x6F, 0x2F, 0x00, 0x80,
    0xF9, 0x0B, 0xFF, 0x80, 0x02, 0x2F, 0x00, 0x81, 0x40, 0xFE, 0x09, 0xFF, 0x80, 0x1B, 0x31, 0x00,
    0x80, 0xA4, 0x08, 0xFF, 0x80, 0x6F, 0x33, 0x00, 0x80, 0xE4, 0x06, 0xFF, 0x81, 0xAF, 0x01, 0x34,
    0x00, 0x81, 0x94, 0xFE, 0x03, 0xFF, 0x81, 0x6B, 0x01, 0x37, 0x00, 0x82, 0x54, 0x55, 0x01, 0x7F,
    0x00, 0x7F, 0x00, 0x7F, 0x00, 0x7F, 0x00, 0x7A, 0x00, 0x02, 0xFD, 0x06, 0x00, 0x00, 0x01, 0x00,
    0x01, 0xFF, 0x28, 0x00, 0x05, 0xFA, 0xD2, 0x0A, 0x00, 0x7F, 0x00, 0x13, 0x00, 0x80, 0x54, 0x02,
    0xAA, 0x81, 0x5A, 0x01, 0x35, 0x00, 0x81, 0x40, 0xE9, 0x04, 0xFF, 0x81, 0xBF, 0x06, 0x34, 0x00,
    0x80, 0xF9, 0x07, 0xFF, 0x80, 0x06, 0x32, 0x00, 0x80, 0xF9, 0x08, 0xFF, 0x81, 0xBF, 0x01, 0x30,
    0x00, 0x80, 0x90, 0x0A, 0xFF, 0x80, 0x6F, 0x30, 0x00, 0x80, 0xFE, 0x0B, 0xFF, 0x80, 0x07, 0x2E,
    0x00, 0x80, 0xE4, 0x0C, 0xFF, 0x80, 0xBF, 0x2D, 0x00, 0x81, 0x40, 0xFE, 0x0D, 0xFF, 0x80, 0x0B,
    0x2C, 0x00, 0x80, 0xE0, 0x0E, 0xFF, 0x80, 0x7F, 0x2C, 0x00, 0x80, 0xFD, 0x06, 0xFF, 0x02, 0xAA,
    0x80, 0xFE, 0x06, 0xFF, 0x80, 0x06, 0x2A, 0x00, 0x80, 0x80, 0x05, 0xFF, 0x81, 0x6F, 0x01, 0x03,
    0x00, 0x80, 0xA5, 0x05, 0xFF, 0x80, 0x2F, 0x2A, 0x00, 0x80, 0xF4, 0x04, 0xFF, 0x80, 0x6F, 0x06,
    0x00, 0x80, 0x94, 0x05, 0xFF, 0x80, 0x01, 0x29, 0x00, 0x80, 0xFE, 0x03, 0xFF, 0x81, 0xBF, 0x01,
    0x07, 0x00, 0x80, 0xE4, 0x04, 0xFF, 0x80, 0x07, 0x28, 0x00, 0x80, 0x80, 0x04, 0xFF, 0x80, 0x06,
    0x09, 0x00, 0x80, 0xFD, 0x03, 0xFF, 0x80, 0x2F, 0x28, 0x00, 0x80, 0xF4, 0x03, 0xFF, 0x80, 0x6F,
    0x0A, 0x00, 0x80, 0x90, 0x03, 0xFF, 0x80, 0xBF, 0x28, 0x00, 0x80, 0xFD, 0x03, 0xFF, 0x80, 0x06,
    0x0B, 0x00, 0x80, 0xFD, 0x03, 0xFF, 0x80, 0x07, 0x26, 0x00, 0x80, 0x40, 0x03, 0xFF, 0x80, 0x6F,
    0x0C, 0x00, 0x80, 0xD0, 0x03, 0xFF, 0x80, 0x1F, 0x26, 0x00, 0x80, 0xE0, 0x03, 0xFF, 0x80, 0x07,
    0x0D, 0x00, 0x80, 0xFE, 0x02, 0xFF, 0x80, 0x7F, 0x26, 0x00, 0x80, 0xF8, 0x02, 0xFF, 0x80, 0xBF,
    0x0E, 0x00, 0x80, 0xF4, 0x03, 0xFF, 0x80, 0x01, 0x25, 0x00, 0x80, 0xFE, 0x02, 0xFF, 0x80, 0x1F,
    0x0E, 0x00, 0x80, 0x80, 0x03, 0xFF, 0x80, 0x07, 0x24, 0x00, 0x80, 0x40, 0x03, 0xFF, 0x80, 0x0B,
    0x0F, 0x00, 0x80, 0xFD, 0x02, 0xFF, 0x80, 0x1F, 0x24, 0x00, 0x80, 0xD0, 0x03, 0xFF, 0x80, 0x0B,
    0x0F, 0x00, 0x80, 0xF4, 0x02, 0xFF, 0x80, 0x3F, 0x24, 0x00, 0x80, 0xF4, 0x03, 0xFF, 0x80, 0x0B,
    0x0F, 0x00, 0x80, 0xD0, 0x02, 0xFF, 0x80, 0xBF, 0x24, 0x00, 0x80, 0xFC, 0x03, 0xFF, 0x80, 0x0B,
    0x10, 0x00, 0x80, 0xFE, 0x02, 0xFF, 0x80, 0x02, 0x23, 0x00, 0x80, 0xFE, 0x03, 0xFF, 0x80, 0x0B,
    0x10, 0x00, 0x80, 0xF8, 0x02, 0xFF, 0x80, 0x07, 0x22, 0x00, 0x80, 0x40, 0x04, 0xFF, 0x80, 0x0B,
    0x10, 0x00, 0x80, 0xE0, 0x02, 0xFF, 0x80, 0x1F, 0x22, 0x00, 0x80, 0xD0, 0x04, 0xFF, 0x80, 0x0B,
    0x10, 0x00, 0x80, 0xC0, 0x02, 0xFF, 0x80, 0x3F, 0x22, 0x00, 0x80, 0xF0, 0x04, 0xFF, 0x80, 0x0B,
    0x11, 0x00, 0x02, 0xFF, 0x80, 0xBF, 0x22, 0x00, 0x80, 0xF8, 0x04, 0xFF, 0x80, 0x0B, 0x09, 0x00,
    0x02, 0x55, 0x80, 0x01, 0x05, 0x00, 0x80, 0xFD, 0x02, 0xFF, 0x80, 0x01, 0x21, 0x00, 0x80, 0xFD,
    0x02, 0xFF, 0x82, 0xFE, 0xFF, 0x0B, 0x08, 0x00, 0x80, 0x40, 0x02, 0xFF, 0x80, 0x03, 0x05, 0x00,
    0x80, 0xF4, 0x02, 0xFF, 0x80, 0x03, 0x21, 0x00, 0x85, 0xFE, 0xFF, 0x7F, 0xFE, 0xFF, 0x0B, 0x08,
    0x00, 0x80, 0x40, 0x02, 0xFF, 0x80, 0x03, 0x05, 0x00, 0x80, 0xE0, 0x02, 0xFF, 0x80, 0x07, 0x20,
    0x00, 0x80, 0x40, 0x02, 0xFF, 0x83, 0x2F, 0xFE, 0xFF, 0x0B, 0x08, 0x00, 0x80, 0x40, 0x02, 0xFF,
    0x80, 0x03, 0x05, 0x00, 0x80, 0xC0, 0x02, 0xFF, 0x80, 0x0F, 0x20, 0x00, 0x80, 0xC0, 0x02, 0xFF,
    0x83, 0x0F, 0xFE, 0xFF, 0x0B, 0x08, 0x00, 0x80, 0x40, 0x02, 0xFF, 0x80, 0x03, 0x05, 0x00, 0x80,
    0x40, 0x02, 0xFF, 0x80, 0x2F, 0x20, 0x00, 0x80, 0xD0, 0x02, 0xFF, 0x83, 0x07, 0xFE, 0xFF, 0x0B,
    0x08, 0x00, 0x80, 0x40, 0x02, 0xFF, 0x80, 0x03, 0x06, 0x00, 0x82, 0xFE, 0xFF, 0x3F, 0x20, 0x00,
    0x80, 0xF0, 0x02, 0xFF, 0x83, 0x02, 0xFE, 0xFF, 0x0B, 0x08, 0x00, 0x80, 0x40, 0x02, 0xFF, 0x80,
    0x03, 0x06, 0x00, 0x82, 0xFC, 0xFF, 0xBF, 0x20, 0x00, 0x80, 0xF4, 0x02, 0xFF, 0x83, 0x00, 0xFE,
    0xFF, 0x0B, 0x08, 0x00, 0x80, 0x40, 0x02, 0xFF, 0x80, 0x03, 0x06, 0x00, 0x80, 0xF4, 0x02, 0xFF,
    0x20, 0x00, 0x86, 0xFC, 0xFF, 0xBF, 0x00, 0xFE, 0xFF, 0x0B, 0x08, 0x00, 0x80, 0x40, 0x02, 0xFF,
    0x80, 0x03, 0x06, 0x00, 0x80, 0xE0, 0x02, 0xFF, 0x80, 0x02, 0x1F, 0x00, 0x86, 0xFD, 0xFF, 0x3F,
    0x00, 0xFE, 0xFF, 0x0B, 0x08, 0x00, 0x80, 0x40, 0x02, 0xFF, 0x80, 0x03, 0x06, 0x00, 0x80, 0xD0,
    0x02, 0xFF, 0x80, 0x03, 0x1F, 0x00, 0x86, 0xFE, 0xFF, 0x1F, 0x00, 0xFE, 0xFF, 0x0B, 0x08, 0x00,
    0x80, 0x40, 0x02, 0xFF, 0x80, 0x03, 0x06, 0x00, 0x80, 0x80, 0x02, 0xFF, 0x80, 0x07, 0x1F, 0x00,
    0x02, 0xFF, 0x84, 0x0F, 0x00, 0xFE, 0xFF, 0x0B, 0x08, 0x00, 0x80, 0x40, 0x02, 0xFF, 0x80, 0x03,
    0x06, 0x00, 0x80, 0x40, 0x02, 0xFF, 0x80, 0x0B, 0x1E, 0x00, 0x80, 0x40, 0x02, 0xFF, 0x84, 0x0B,
    0x00, 0xFE, 0xFF, 0x0B, 0x08, 0x00, 0x80, 0x40, 0x02, 0xFF, 0x80, 0x03, 0x07, 0x00, 0x82, 0xFE,
    0xFF, 0x1F, 0x1E, 0x00, 0x80, 0x80, 0x02, 0xFF, 0x84, 0x03, 0x00, 0xFE, 0xFF, 0x0B, 0x08, 0x00,
    0x80, 0x40, 0x02, 0xFF, 0x80, 0x03, 0x07, 0x00, 0x82, 0xFD, 0xFF, 0x2F, 0x1E, 0x00, 0x80, 0xC0,
    0x02, 0xFF, 0x84, 0x02, 0x00, 0xFE, 0xFF, 0x0B, 0x08, 0x00, 0x80, 0x40, 0x02, 0xFF, 0x80, 0x03,
    0x02, 0x00, 0x80, 0xD0, 0x02, 0xFF, 0x84, 0x1F, 0x00, 0xFC, 0xFF, 0x3F, 0x1E, 0x00, 0x80, 0xD0,
    0x02, 0xFF, 0x84, 0x01, 0x00, 0xFE, 0xFF, 0x0B, 0x08, 0x00, 0x80, 0x40, 0x02, 0xFF, 0x80, 0x03,
    0x02, 0x00, 0x80, 0xF4, 0x02, 0xFF, 0x84, 0x0B, 0x00, 0xF8, 0xFF, 0x7F, 0x1E, 0x00, 0x80, 0xE0,
    0x02, 0xFF, 0x02, 0x00, 0x82, 0xFE, 0xFF, 0x0B, 0x08, 0x00, 0x80, 0x40, 0x02, 0xFF, 0x80, 0x03,
    0x02, 0x00, 0x80, 0xFC, 0x02, 0xFF, 0x84, 0x03, 0x00, 0xF4, 0xFF, 0x7F, 0x1E, 0x00, 0x82, 0xF0,
    0xFF, 0xBF, 0x02, 0x00, 0x82, 0xFE, 0xFF, 0x0B, 0x08, 0x00, 0x80, 0x40, 0x02, 0xFF, 0x80, 0x03,
    0x02, 0x00, 0x80, 0xFE, 0x02, 0xFF, 0x84, 0x01, 0x00, 0xF0, 0xFF, 0xBF, 0x1E, 0x00, 0x82, 0xF4,
    0xFF, 0x7F, 0x02, 0x00, 0x85, 0xFE, 0xFF, 0x0B, 0x00, 0xA5, 0x5A, 0x05, 0x00, 0x80, 0x40, 0x02,
    0xFF, 0x82, 0x03, 0x00, 0x80, 0x02, 0xFF, 0x80, 0x7F, 0x02, 0x00, 0x80, 0xE0, 0x02, 0xFF, 0x1E,
    0x00, 0x82, 0xF8, 0xFF, 0x3F, 0x02, 0x00, 0x83, 0xFE, 0xFF, 0x0B, 0xF9, 0x02, 0xFF, 0x80, 0x1B,
    0x04, 0x00, 0x80, 0x40, 0x02, 0xFF, 0x82, 0x03, 0x00, 0xD0, 0x02, 0xFF, 0x80, 0x2F, 0x02, 0x00,
    0x80, 0xD0, 0x02, 0xFF, 0x80, 0x01, 0x1D, 0x00, 0x82, 0xF8, 0xFF, 0x2F, 0x02, 0x00, 0x82, 0xFE,
    0xFF, 0x9B, 0x04, 0xFF, 0x80, 0x01, 0x03, 0x00, 0x80, 0x40, 0x02, 0xFF, 0x82, 0x03, 0x00, 0xF4,
    0x02, 0xFF, 0x80, 0x0B, 0x02, 0x00, 0x80, 0xC0, 0x02, 0xFF, 0x80, 0x01, 0x1D, 0x00, 0x82, 0xFC,
    0xFF, 0x2F, 0x02, 0x00, 0x80, 0xFE, 0x06, 0xFF, 0x80, 0x1F, 0x03, 0x00, 0x80, 0x40, 0x02, 0xFF,
    0x82, 0x03, 0x00, 0xFC, 0x02, 0xFF, 0x80, 0x03, 0x02, 0x00, 0x80, 0xC0, 0x02, 0xFF, 0x80, 0x02,
    0x1D, 0x00, 0x82, 0xFC, 0xFF, 0x1F, 0x02, 0x00, 0x80, 0xFE, 0x06, 0xFF, 0x80, 0xBF, 0x03, 0x00,
    0x80, 0x40, 0x02, 0xFF, 0x82, 0x03, 0x00, 0xFE, 0x02, 0xFF, 0x80, 0x01, 0x02, 0x00, 0x80, 0x80,
    0x02, 0xFF, 0x80, 0x03, 0x1D, 0x00, 0x82, 0xFD, 0xFF, 0x0F, 0x02, 0x00, 0x80, 0xFE, 0x07, 0xFF,
    0x80, 0x02, 0x02, 0x00, 0x80, 0x40, 0x02, 0xFF, 0x81, 0x03, 0x80, 0x02, 0xFF, 0x80, 0x7F, 0x03,
    0x00, 0x80, 0x40, 0x02, 0xFF, 0x80, 0x03, 0x1D, 0x00, 0x82, 0xFD, 0xFF, 0x0F, 0x02, 0x00, 0x80,
    0xFE, 0x07, 0xFF, 0x80, 0x0B, 0x02, 0x00, 0x80, 0x40, 0x02, 0xFF, 0x81, 0x03, 0xD0, 0x02, 0xFF,
    0x80, 0x2F, 0x03, 0x00, 0x80, 0x40, 0x02, 0xFF, 0x80, 0x07, 0x1D, 0x00, 0x82, 0xFE, 0xFF, 0x0B,
    0x02, 0x00, 0x80, 0xFE, 0x07, 0xFF, 0x80, 0x2F, 0x02, 0x00, 0x80, 0x40, 0x02, 0xFF, 0x81, 0x03,
    0xF4, 0x02, 0xFF, 0x80, 0x0B, 0x04, 0x00, 0x02, 0xFF, 0x80, 0x07, 0x1D, 0x00, 0x82, 0xFE, 0xFF,
    0x0B, 0x02, 0x00, 0x80, 0xFE, 0x07, 0xFF, 0x80, 0x7F, 0x02, 0x00, 0x80, 0x40, 0x02, 0xFF, 0x81,
    0x03, 0xFC, 0x02, 0xFF, 0x80, 0x03, 0x04, 0x00, 0x02, 0xFF, 0x80, 0x07, 0x1D, 0x00, 0x02, 0xFF,
    0x80, 0x0B, 0x02, 0x00, 0x80, 0xFE, 0x03, 0xFF, 0x81, 0xAF, 0xFE, 0x03, 0xFF, 0x02, 0x00, 0x80,
    0x40, 0x02, 0xFF, 0x81, 0x03, 0xFE, 0x02, 0xFF, 0x80, 0x01, 0x04, 0x00, 0x82, 0xFE, 0xFF, 0x0B,
    0x1D, 0x00, 0x02, 0xFF, 0x80, 0x07, 0x02, 0x00, 0x80, 0xFE, 0x02, 0xFF, 0x82, 0xBF, 0x01, 0x40,
    0x03, 0xFF, 0x82, 0x02, 0x00, 0x40, 0x02, 0xFF, 0x80, 0x83, 0x02, 0xFF, 0x80, 0x7F, 0x05, 0x00,
    0x82, 0xFE, 0xFF, 0x0B, 0x1D, 0x00, 0x02, 0xFF, 0x80, 0x07, 0x02, 0x00, 0x80, 0xFE, 0x02, 0xFF,
    0x80, 0x1B, 0x02, 0x00, 0x80, 0xF8, 0x02, 0xFF, 0x82, 0x03, 0x00, 0x40, 0x02, 0xFF, 0x80, 0xD3,
    0x02, 0xFF, 0x80, 0x2F, 0x05, 0x00, 0x82, 0xFE, 0xFF, 0x0B, 0x1D, 0x00, 0x02, 0xFF, 0x80, 0x07,
    0x02, 0x00, 0x80, 0xFE, 0x02, 0xFF, 0x80, 0x02, 0x02, 0x00, 0x80, 0xD0, 0x02, 0xFF, 0x82, 0x0B,
    0x00, 0x40, 0x02, 0xFF, 0x80, 0xF7, 0x02, 0xFF, 0x80, 0x0B, 0x05, 0x00, 0x82, 0xFE, 0xFF, 0x0B,
    0x1D, 0x00, 0x02, 0xFF, 0x80, 0x07, 0x02, 0x00, 0x82, 0xFE, 0xFF, 0xBF, 0x03, 0x00, 0x80, 0x80,
    0x02, 0xFF, 0x82, 0x0F, 0x00, 0x40, 0x05, 0xFF, 0x80, 0x0B, 0x05, 0x00, 0x82, 0xFD, 0xFF, 0x0B,
    0x1D, 0x00, 0x02, 0xFF, 0x80, 0x03, 0x02, 0x00, 0x82, 0xFE, 0xFF, 0x3F, 0x04, 0x00, 0x02, 0xFF,
    0x82, 0x1F, 0x00, 0x40, 0x05, 0xFF, 0x80, 0x1F, 0x05, 0x00, 0x82, 0xFD, 0xFF, 0x0F, 0x1D, 0x00,
    0x02, 0xFF, 0x80, 0x03, 0x02, 0x00, 0x82, 0xFE, 0xFF, 0x2F, 0x04, 0x00, 0x84, 0xFD, 0xFF, 0x1F,
    0x00, 0x40, 0x05, 0xFF, 0x80, 0x2F, 0x05, 0x00, 0x82, 0xFD, 0xFF, 0x0F, 0x1D, 0x00, 0x02, 0xFF,
    0x80, 0x07, 0x02, 0x00, 0x82, 0xFE, 0xFF, 0x1F, 0x04, 0x00, 0x84, 0xFC, 0xFF, 0x2F, 0x00, 0x40,
    0x05, 0xFF, 0x80, 0x7F, 0x05, 0x00, 0x82, 0xFD, 0xFF, 0x0F, 0x1D, 0x00, 0x02, 0xFF, 0x80, 0x07,
    0x02, 0x00, 0x82, 0xFE, 0xFF, 0x0F, 0x04, 0x00, 0x84, 0xF8, 0xFF, 0x2F, 0x00, 0x40, 0x05, 0xFF,
    0x80, 0xBF, 0x05, 0x00, 0x82, 0xFE, 0xFF, 0x0B, 0x1D, 0x00, 0x02, 0xFF, 0x80, 0x07, 0x02, 0x00,
    0x82, 0xFE, 0xFF, 0x0B, 0x04, 0x00, 0x84, 0xF4, 0xFF, 0x3F, 0x00, 0x40, 0x06, 0xFF, 0x80, 0x01,
    0x04, 0x00, 0x82, 0xFE, 0xFF, 0x0B, 0x1D, 0x00, 0x02, 0xFF, 0x80, 0x07, 0x02, 0x00, 0x82, 0xFE,
    0xFF, 0x0B, 0x04, 0x00, 0x84, 0xF4, 0xFF, 0x3F, 0x00, 0x40, 0x06, 0xFF, 0x80, 0x02, 0x04, 0x00,
    0x82, 0xFE, 0xFF, 0x0B, 0x1D, 0x00, 0x02, 0xFF, 0x80, 0x07, 0x02, 0x00, 0x82, 0xFE, 0xFF, 0x0B,
    0x04, 0x00, 0x84, 0xF4, 0xFF, 0x3F, 0x00, 0x40, 0x06, 0xFF, 0x80, 0x07, 0x04, 0x00, 0x82, 0xFE,
    0xFF, 0x0B, 0x1D, 0x00, 0x82, 0xFE, 0xFF, 0x0B, 0x02, 0x00, 0x82, 0xFE, 0xFF, 0x0F, 0x04, 0x00,
    0x84, 0xF8, 0xFF, 0x2F, 0x00, 0x40, 0x03, 0xFF, 0x80, 0xAF, 0x02, 0xFF, 0x80, 0x0B, 0x04, 0x00,
    0x02, 0xFF, 0x80, 0x0B, 0x1D, 0x00, 0x82, 0xFE, 0xFF, 0x0B, 0x02, 0x00, 0x82, 0xFD, 0xFF, 0x0F,
    0x04, 0x00, 0x84, 0xFC, 0xFF, 0x2F, 0x00, 0x40, 0x03, 0xFF, 0x80, 0x0B, 0x02, 0xFF, 0x80, 0x1F,
    0x04, 0x00, 0x02, 0xFF, 0x80, 0x07, 0x1D, 0x00, 0x82, 0xFE, 0xFF, 0x0F, 0x02, 0x00, 0x82, 0xFD,
    0xFF, 0x1F, 0x04, 0x00, 0x84, 0xFD, 0xFF, 0x1F, 0x00, 0x40, 0x03, 0xFF, 0x83, 0x03, 0xFE, 0xFF,
    0x2F, 0x04, 0x00, 0x02, 0xFF, 0x80, 0x07, 0x1D, 0x00, 0x82, 0xFD, 0xFF, 0x0F, 0x02, 0x00, 0x82,
    0xFC, 0xFF, 0x3F, 0x04, 0x00, 0x84, 0xFE, 0xFF, 0x1F, 0x00, 0x40, 0x03, 0xFF, 0x83, 0x01, 0xFC,
    0xFF, 0x7F, 0x03, 0x00, 0x80, 0x40, 0x02, 0xFF, 0x80, 0x03, 0x1D, 0x00, 0x82, 0xFD, 0xFF, 0x1F,
    0x02, 0x00, 0x82, 0xF8, 0xFF, 0xBF, 0x03, 0x00, 0x80, 0x40, 0x02, 0xFF, 0x82, 0x0F, 0x00, 0x40,
    0x02, 0xFF, 0x84, 0x7F, 0x00, 0xF8, 0xFF, 0xBF, 0x03, 0x00, 0x80, 0x40, 0x02, 0xFF, 0x80, 0x03,
    0x1D, 0x00, 0x82, 0xFC, 0xFF, 0x1F, 0x02, 0x00, 0x80, 0xF4, 0x02, 0xFF, 0x80, 0x01, 0x02, 0x00,
    0x80, 0xD0, 0x02, 0xFF, 0x82, 0x0B, 0x00, 0x40, 0x02, 0xFF, 0x82, 0x2F, 0x00, 0xF0, 0x02, 0xFF,
    0x80, 0x01, 0x02, 0x00, 0x80, 0x80, 0x02, 0xFF, 0x80, 0x02, 0x1D, 0x00, 0x82, 0xFC, 0xFF, 0x2F,
    0x02, 0x00, 0x80, 0xF0, 0x02, 0xFF, 0x80, 0x0B, 0x02, 0x00, 0x80, 0xF4, 0x02, 0xFF, 0x82, 0x07,
    0x00, 0x40, 0x02, 0xFF, 0x82, 0x0B, 0x00, 0xE0, 0x02, 0xFF, 0x80, 0x02, 0x02, 0x00, 0x80, 0xC0,
    0x02, 0xFF, 0x80, 0x02, 0x1D, 0x00, 0x82, 0xF8, 0xFF, 0x3F, 0x02, 0x00, 0x80, 0xD0, 0x02, 0xFF,
    0x83, 0x6F, 0x00, 0x40, 0xFE, 0x02, 0xFF, 0x82, 0x02, 0x00, 0x40, 0x02, 0xFF, 0x82, 0x07, 0x00,
    0xC0, 0x02, 0xFF, 0x80, 0x07, 0x02, 0x00, 0x80, 0xC0, 0x02, 0xFF, 0x80, 0x01, 0x1D, 0x00, 0x82,
    0xF4, 0xFF, 0x3F, 0x02, 0x00, 0x80, 0xC0, 0x03, 0xFF, 0x81, 0x5B, 0xF9, 0x03, 0xFF, 0x82, 0x01,
    0x00, 0x40, 0x02, 0xFF, 0x82, 0x03, 0x00, 0x80, 0x02, 0xFF, 0x80, 0x0B, 0x02, 0x00, 0x80, 0xD0,
    0x02, 0xFF, 0x80, 0x01, 0x1D, 0x00, 0x82, 0xF4, 0xFF, 0x7F, 0x02, 0x00, 0x80, 0x40, 0x07, 0xFF,
    0x80, 0xBF, 0x02, 0x00, 0x80, 0x40, 0x02, 0xFF, 0x80, 0x03, 0x02, 0x00, 0x02, 0xFF, 0x80, 0x1F,
    0x02, 0x00, 0x80, 0xE0, 0x02, 0xFF, 0x1E, 0x00, 0x82, 0xF0, 0xFF, 0xBF, 0x03, 0x00, 0x80, 0xFE,
    0x06, 0xFF, 0x80, 0x2F, 0x02, 0x00, 0x80, 0x40, 0x02, 0xFF, 0x80, 0x03, 0x02, 0x00, 0x82, 0xFE,
    0xFF, 0x2F, 0x02, 0x00, 0x82, 0xF0, 0xFF, 0xBF, 0x1E, 0x00, 0x80, 0xE0, 0x02, 0xFF, 0x03, 0x00,
    0x80, 0xF8, 0x06, 0xFF, 0x80, 0x0F, 0x02, 0x00, 0x80, 0x40, 0x02, 0xFF, 0x80, 0x03, 0x02, 0x00,
    0x82, 0xFC, 0xFF, 0x7F, 0x02, 0x00, 0x82, 0xF4, 0xFF, 0x7F, 0x1E, 0x00, 0x80, 0xD0, 0x02, 0xFF,
    0x80, 0x01, 0x02, 0x00, 0x80, 0xE0, 0x06, 0xFF, 0x80, 0x03, 0x02, 0x00, 0x80, 0x40, 0x02, 0xFF,
    0x80, 0x03, 0x02, 0x00, 0x82, 0xF8, 0xFF, 0xBF, 0x02, 0x00, 0x82, 0xF8, 0xFF, 0x3F, 0x1E, 0x00,
    0x80, 0xC0, 0x02, 0xFF, 0x80, 0x03, 0x02, 0x00, 0x80, 0x80, 0x05, 0xFF, 0x80, 0xBF, 0x03, 0x00,
    0x80, 0x40, 0x02, 0xFF, 0x80, 0x03, 0x02, 0x00, 0x80, 0xF0, 0x02, 0xFF, 0x84, 0x01, 0x00, 0xFC,
    0xFF, 0x2F, 0x1E, 0x00, 0x80, 0x80, 0x02, 0xFF, 0x80, 0x07, 0x03, 0x00, 0x80, 0xFD, 0x04, 0xFF,
    0x80, 0x2F, 0x03, 0x00, 0x80, 0x40, 0x02, 0xFF, 0x80, 0x03, 0x02, 0x00, 0x80, 0xE0, 0x02, 0xFF,
    0x84, 0x02, 0x00, 0xFE, 0xFF, 0x1F, 0x1E, 0x00, 0x80, 0x40, 0x02, 0xFF, 0x80, 0x0B, 0x03, 0x00,
    0x80, 0xE0, 0x04, 0xFF, 0x80, 0x06, 0x03, 0x00, 0x80, 0x40, 0x02, 0xFF, 0x80, 0x03, 0x02, 0x00,
    0x80, 0xD0, 0x02, 0xFF, 0x81, 0x07, 0x00, 0x02, 0xFF, 0x80, 0x0F, 0x1F, 0x00, 0x02, 0xFF, 0x80,
    0x1F, 0x04, 0x00, 0x80, 0xFE, 0x02, 0xFF, 0x80, 0x6F, 0x04, 0x00, 0x80, 0x40, 0x02, 0xFF, 0x80,
    0x03, 0x02, 0x00, 0x80, 0x80, 0x02, 0xFF, 0x81, 0x0B, 0x40, 0x02, 0xFF, 0x80, 0x0B, 0x1F, 0x00,
    0x82, 0xFE, 0xFF, 0x2F, 0x04, 0x00, 0x83, 0x50, 0xFA, 0x6B, 0x01, 0x05, 0x00, 0x02, 0x55, 0x80,
    0x01, 0x02, 0x00, 0x80, 0x40, 0x02, 0xFF, 0x81, 0x1F, 0xC0, 0x02, 0xFF, 0x80, 0x07, 0x1F, 0x00,
    0x82, 0xFC, 0xFF, 0x7F, 0x13, 0x00, 0x83, 0xFE, 0xFF, 0x2F, 0xD0, 0x02, 0xFF, 0x80, 0x03, 0x1F,
    0x00, 0x82, 0xF8, 0xFF, 0xBF, 0x13, 0x00, 0x83, 0xFD, 0xFF, 0x7F, 0xF0, 0x02, 0xFF, 0x80, 0x01,
    0x1F, 0x00, 0x80, 0xF4, 0x02, 0xFF, 0x80, 0x01, 0x12, 0x00, 0x83, 0xF8, 0xFF, 0xBF, 0xF8, 0x02,
    0xFF, 0x20, 0x00, 0x80, 0xE0, 0x02, 0xFF, 0x80, 0x03, 0x12, 0x00, 0x80, 0xF4, 0x02, 0xFF, 0x82,
    0xFD, 0xFF, 0x7F, 0x20, 0x00, 0x80, 0xD0, 0x02, 0xFF, 0x80, 0x0B, 0x12, 0x00, 0x80, 0xE0, 0x04,
    0xFF, 0x80, 0x3F, 0x20, 0x00, 0x80, 0x80, 0x02, 0xFF, 0x80, 0x1F, 0x12, 0x00, 0x80, 0xD0, 0x04,
    0xFF, 0x80, 0x1F, 0x21, 0x00, 0x02, 0xFF, 0x80, 0x3F, 0x12, 0x00, 0x80, 0x80, 0x04, 0xFF, 0x80,
    0x0B, 0x21, 0x00, 0x82, 0xFE, 0xFF, 0xBF, 0x12, 0x00, 0x80, 0x40, 0x04, 0xFF, 0x80, 0x07, 0x21,
    0x00, 0x80, 0xFC, 0x02, 0xFF, 0x80, 0x01, 0x12, 0x00, 0x80, 0xFE, 0x03, 0xFF, 0x80, 0x02, 0x21,
    0x00, 0x80, 0xF4, 0x02, 0xFF, 0x80, 0x07, 0x12, 0x00, 0x80, 0xFD, 0x03, 0xFF, 0x22, 0x00, 0x80,
    0xE0, 0x02, 0xFF, 0x80, 0x1F, 0x12, 0x00, 0x80, 0xF8, 0x02, 0xFF, 0x80, 0x7F, 0x22, 0x00, 0x80,
    0xC0, 0x02, 0xFF, 0x80, 0x3F, 0x12, 0x00, 0x80, 0xF4, 0x02, 0xFF, 0x80, 0x2F, 0x22, 0x00, 0x80,
    0x40, 0x03, 0xFF, 0x12, 0x00, 0x80, 0xF4, 0x02, 0xFF, 0x80, 0x0F, 0x23, 0x00, 0x80, 0xFD, 0x02,
    0xFF, 0x80, 0x03, 0x11, 0x00, 0x80, 0xFD, 0x02, 0xFF, 0x80, 0x07, 0x23, 0x00, 0x80, 0xF8, 0x02,
    0xFF, 0x80, 0x0F, 0x10, 0x00, 0x80, 0x40, 0x03, 0xFF, 0x80, 0x01, 0x23, 0x00, 0x80, 0xE0, 0x02,
    0xFF, 0x80, 0x7F, 0x10, 0x00, 0x80, 0xD0, 0x02, 0xFF, 0x80, 0xBF, 0x24, 0x00, 0x80, 0xC0, 0x03,
    0xFF, 0x80, 0x01, 0x0F, 0x00, 0x80, 0xF8, 0x02, 0xFF, 0x80, 0x2F, 0x24, 0x00, 0x80, 0x40, 0x03,
    0xFF, 0x80, 0x0B, 0x0F, 0x00, 0x80, 0xFE, 0x02, 0xFF, 0x80, 0x0B, 0x25, 0x00, 0x80, 0xFD, 0x02,
    0xFF, 0x80, 0x6F, 0x0E, 0x00, 0x80, 0xD0, 0x03, 0xFF, 0x80, 0x02, 0x25, 0x00, 0x80, 0xF4, 0x03,
    0xFF, 0x80, 0x01, 0x0D, 0x00, 0x80, 0xF8, 0x02, 0xFF, 0x80, 0xBF, 0x26, 0x00, 0x80, 0xD0, 0x03,
    0xFF, 0x80, 0x1B, 0x0C, 0x00, 0x80, 0x40, 0x03, 0xFF, 0x80, 0x2F, 0x26, 0x00, 0x80, 0x40, 0x03,
    0xFF, 0x80, 0xBF, 0x0C, 0x00, 0x80, 0xE4, 0x03, 0xFF, 0x80, 0x0B, 0x27, 0x00, 0x80, 0xFC, 0x03,
    0xFF, 0x80, 0x0B, 0x0A, 0x00, 0x81, 0x40, 0xFE, 0x03, 0xFF, 0x80, 0x02, 0x27, 0x00, 0x80, 0xE0,
    0x03, 0xFF, 0x81, 0xBF, 0x01, 0x09, 0x00, 0x80, 0xE4, 0x03, 0xFF, 0x80, 0xBF, 0x28, 0x00, 0x80,
    0x80, 0x04, 0xFF, 0x80, 0x1B, 0x08, 0x00, 0x80, 0x40, 0x04, 0xFF, 0x80, 0x1F, 0x29, 0x00, 0x80,
    0xFD, 0x04, 0xFF, 0x80, 0x06, 0x07, 0x00, 0x80, 0xF9, 0x04, 0xFF, 0x80, 0x02, 0x29, 0x00, 0x80,
    0xE0, 0x04, 0xFF, 0x81, 0xBF, 0x05, 0x05, 0x00, 0x80, 0xE9, 0x04, 0xFF, 0x80, 0xBF, 0x2A, 0x00,
    0x80, 0x40, 0x06, 0xFF, 0x80, 0x5A, 0x02, 0x00, 0x81, 0x54, 0xFA, 0x05, 0xFF, 0x80, 0x1B, 0x2B,
    0x00, 0x80, 0xF8, 0x0F, 0xFF, 0x80, 0x01, 0x2B, 0x00, 0x80, 0x90, 0x0E, 0xFF, 0x80, 0x2F, 0x2D,
    0x00, 0x80, 0xF9, 0x0D, 0xFF, 0x80, 0x06, 0x2D, 0x00, 0x80, 0x90, 0x0C, 0xFF, 0x80, 0x6F, 0x2F,
    0x00, 0x80, 0xF9, 0x0B, 0xFF, 0x80, 0x02, 0x2F, 0x00, 0x81, 0x40, 0xFE, 0x09, 0xFF, 0x80, 0x1B,
    0x31, 0x00, 0x80, 0xA4, 0x08, 0xFF, 0x80, 0x6F, 0x33, 0x00, 0x80, 0xE4, 0x06, 0xFF, 0x81, 0xAF,
    0x01, 0x34, 0x00, 0x81, 0x94, 0xFE, 0x03, 0xFF, 0x81, 0x6B, 0x01, 0x37, 0x00, 0x82, 0x54, 0x55,
    0x01, 0x7F, 0x00, 0x7F, 0x00, 0x7F, 0x00, 0x7F, 0x00, 0x7A, 0x00, 0x02, 0xFD, 0x06, 0x00, 0x00,
    0x01, 0x00, 0x01, 0xFF, 0x28, 0x00, 0x05, 0xFA, 0xD2, 0x0A, 0x00, 0x7F, 0x00, 0x13, 0x00, 0x80,
    0x54, 0x02, 0xAA, 0x81, 0x5A, 0x01, 0x35, 0x00, 0x81, 0x40, 0xE9, 0x04, 0xFF, 0x81, 0xBF, 0x06,
    0x34, 0x00, 0x80, 0xF9, 0x07, 0xFF, 0x80, 0x06, 0x32, 0x00, 0x80, 0xF9, 0x08, 0xFF, 0x81, 0xBF,
    0x01, 0x30, 0x00, 0x80, 0x90, 0x0A, 0xFF, 0x80, 0x6F, 0x30, 0x00, 0x80, 0xFE, 0x0B, 0xFF, 0x80,
    0x07, 0x2E, 0x00, 0x80, 0xE4, 0x0C, 0xFF, 0x80, 0xBF, 0x2D, 0x00, 0x81, 0x40, 0xFE, 0x0D, 0xFF,
    0x80, 0x0B, 0x2C, 0x00, 0x80, 0xE0, 0x0E, 0xFF, 0x80, 0x7F, 0x2C, 0x00, 0x80, 0xFD, 0x06, 0xFF,
    0x02, 0xAA, 0x80, 0xFE, 0x06, 0xFF, 0x80, 0x06, 0x2A, 0x00, 0x80, 0x80, 0x05, 0xFF, 0x81, 0x6F,
    0x01, 0x03, 0x00, 0x80, 0xA5, 0x05, 0xFF, 0x80, 0x2F, 0x2A, 0x00, 0x80, 0xF4, 0x04, 0xFF, 0x80,
    0x6F, 0x06, 0x00, 0x80, 0x94, 0x05, 0xFF, 0x80, 0x01, 0x29, 0x00, 0x80, 0xFE, 0x03, 0xFF, 0x81,
    0xBF, 0x01, 0x07, 0x00, 0x80, 0xE4, 0x04, 0xFF, 0x80, 0x07, 0x28, 0x00, 0x80, 0x80, 0x04, 0xFF,
    0x80, 0x06, 0x09, 0x00, 0x80, 0xFD, 0x03, 0xFF, 0x80, 0x2F, 0x28, 0x00, 0x80, 0xF4, 0x03, 0xFF,
    0x80, 0x6F, 0x0A, 0x00, 0x80, 0x90, 0x03, 0xFF, 0x80, 0xBF, 0x28, 0x00, 0x80, 0xFD, 0x03, 0xFF,
    0x80, 0x06, 0x0B, 0x00, 0x80, 0xFD, 0x03, 0xFF, 0x80, 0x07, 0x26, 0x00, 0x80, 0x40, 0x03, 0xFF,
    0x80, 0x6F, 0x0C, 0x00, 0x80, 0xD0, 0x03, 0xFF, 0x80, 0x1F, 0x26, 0x00, 0x80, 0xE0, 0x03, 0xFF,
    0x80, 0x07, 0x0D, 0x00, 0x80, 0xFE, 0x02, 0xFF, 0x80, 0x7F, 0x26, 0x00, 0x80, 0xF8, 0x02, 0xFF,
    0x80, 0xBF, 0x0E, 0x00, 0x80, 0xF4, 0x03, 0xFF, 0x80, 0x01, 0x25, 0x00, 0x80, 0xFE, 0x02, 0xFF,
    0x80, 0x1F, 0x0E, 0x00, 0x80, 0x80, 0x03, 0xFF, 0x80, 0x07, 0x24, 0x00, 0x80, 0x40, 0x03, 0xFF,
    0x80, 0x0B, 0x0F, 0x00, 0x80, 0xFD, 0x02, 0xFF, 0x80, 0x1F, 0x24, 0x00, 0x80, 0xD0, 0x03, 0xFF,
    0x80, 0x0B, 0x0F, 0x00, 0x80, 0xF4, 0x02, 0xFF, 0x80, 0x3F, 0x24, 0x00, 0x80, 0xF4, 0x03, 0xFF,
    0x80, 0x0B, 0x0F, 0x00, 0x80, 0xD0, 0x02, 0xFF, 0x80, 0xBF, 0x24, 0x00, 0x80, 0xFC, 0x03, 0xFF,
    0x80, 0x0B, 0x10, 0x00, 0x80, 0xFE, 0x02, 0xFF, 0x80, 0x02, 0x23, 0x00, 0x80, 0xFE, 0x03, 0xFF,
    0x80, 0x0B, 0x10, 0x00, 0x80, 0xF8, 0x02, 0xFF, 0x80, 0x07, 0x22, 0x00, 0x80, 0x40, 0x04, 0xFF,
    0x80, 0x0B, 0x10, 0x00, 0x80, 0xE0, 0x02, 0xFF, 0x80, 0x1F, 0x22, 0x00, 0x80, 0xD0, 0x04, 0xFF,
    0x80, 0x0B, 0x10, 0x00, 0x80, 0xC0, 0x02, 0xFF, 0x80, 0x3F, 0x22, 0x00, 0x80, 0xF0, 0x04, 0xFF,
    0x80, 0x0B, 0x11, 0x00, 0x02, 0xFF, 0x80, 0xBF, 0x22, 0x00, 0x80, 0xF8, 0x04, 0xFF, 0x80, 0x0B,
    0x09, 0x00, 0x02, 0x55, 0x80, 0x01, 0x05, 0x00, 0x80, 0xFD, 0x02, 0xFF, 0x80, 0x01, 0x21, 0x00,
    0x80, 0xFD, 0x02, 0xFF, 0x82, 0xFE, 0xFF, 0x0B, 0x08, 0x00, 0x80, 0x40, 0x02, 0xFF, 0x80, 0x03,
    0x05, 0x00, 0x80, 0xF4, 0x02, 0xFF, 0x80, 0x03, 0x21, 0x00, 0x85, 0xFE, 0xFF, 0x7F, 0xFE, 0xFF,
    0x0B, 0x08, 0x00, 0x80, 0x40, 0x02, 0xFF, 0x80, 0x03, 0x05, 0x00, 0x80, 0xE0, 0x02, 0xFF, 0x80,
    0x07, 0x20, 0x00, 0x80, 0x40, 0x02, 0xFF, 0x83, 0x2F, 0xFE, 0xFF, 0x0B, 0x08, 0x00, 0x80, 0x40,
    0x02, 0xFF, 0x80, 0x03, 0x05, 0x00, 0x80, 0xC0, 0x02, 0xFF, 0x80, 0x0F, 0x20, 0x00, 0x80, 0xC0,
    0x02, 0xFF, 0x83, 0x0F, 0xFE, 0xFF, 0x0B, 0x08, 0x00, 0x80, 0x40, 0x02, 0xFF, 0x80, 0x03, 0x05,
    0x00, 0x80, 0x40, 0x02, 0xFF, 0x80, 0x2F, 0x20, 0x00, 0x80, 0xD0, 0x02, 0xFF, 0x83, 0x07, 0xFE,
    0xFF, 0x0B, 0x08, 0x00, 0x80, 0x40, 0x02, 0xFF, 0x80, 0x03, 0x06, 0x00, 0x82, 0xFE, 0xFF, 0x3F,
    0x20, 0x00, 0x80, 0xF0, 0x02, 0xFF, 0x83, 0x02, 0xFE, 0xFF, 0x0B, 0x08, 0x00, 0x80, 0x40, 0x02,
    0xFF, 0x80, 0x03, 0x06, 0x00, 0x82, 0xFC, 0xFF, 0xBF, 0x20, 0x00, 0x80, 0xF4, 0x02, 0xFF, 0x83,
    0x00, 0xFE, 0xFF, 0x0B, 0x08, 0x00, 0x80, 0x40, 0x02, 0xFF, 0x80, 0x03, 0x06, 0x00, 0x80, 0xF4,
    0x02, 0xFF, 0x20, 0x00, 0x86, 0xFC, 0xFF, 0xBF, 0x00, 0xFE, 0xFF, 0x0B, 0x08, 0x00, 0x80, 0x40,
    0x02, 0xFF, 0x80, 0x03, 0x06, 0x00, 0x80, 0xE0, 0x02, 0xFF, 0x80, 0x02, 0x1F, 0x00, 0x86, 0xFD,
    0xFF, 0x3F, 0x00, 0xFE, 0xFF, 0x0B, 0x08, 0x00, 0x80, 0x40, 0x02, 0xFF, 0x80, 0x03, 0x06, 0x00,
    0x80, 0xD0, 0x02, 0xFF, 0x80, 0x03, 0x1F, 0x00, 0x86, 0xFE, 0xFF, 0x1F, 0x00, 0xFE, 0xFF, 0x0B,
    0x08, 0x00, 0x80, 0x40, 0x02, 0xFF, 0x80, 0x03, 0x06, 0x00, 0x80, 0x80, 0x02, 0xFF, 0x80, 0x07,
    0x1F, 0x00, 0x02, 0xFF, 0x84, 0x0F, 0x00, 0xFE, 0xFF, 0x0B, 0x08, 0x00, 0x80, 0x40, 0x02, 0xFF,
    0x80, 0x03, 0x06, 0x00, 0x80, 0x40, 0x02, 0xFF, 0x80, 0x0B, 0x1E, 0x00, 0x80, 0x40, 0x02, 0xFF,
    0x84, 0x0B, 0x00, 0xFE, 0xFF, 0x0B, 0x08, 0x00, 0x80, 0x40, 0x02, 0xFF, 0x80, 0x03, 0x07, 0x00,
    0x82, 0xFE, 0xFF, 0x1F, 0x1E, 0x00, 0x80, 0x80, 0x02, 0xFF, 0x84, 0x03, 0x00, 0xFE, 0xFF, 0x0B,
    0x08, 0x00, 0x80, 0x40, 0x02, 0xFF, 0x80, 0x03, 0x07, 0x00, 0x82, 0xFD, 0xFF, 0x2F, 0x1E, 0x00,
    0x80, 0xC0, 0x02, 0xFF, 0x84, 0x02, 0x00, 0xFE, 0xFF, 0x0B, 0x08, 0x00, 0x80, 0x40, 0x02, 0xFF,
    0x80, 0x03, 0x02, 0x00, 0x80, 0xD0, 0x02, 0xFF, 0x84, 0x1F, 0x00, 0xFC, 0xFF, 0x3F, 0x1E, 0x00,
    0x80, 0xD0, 0x02, 0xFF, 0x84, 0x01, 0x00, 0xFE, 0xFF, 0x0B, 0x08, 0x00, 0x80, 0x40, 0x02, 0xFF,
    0x80, 0x03, 0x02, 0x00, 0x80, 0xF4, 0x02, 0xFF, 0x84, 0x0B, 0x00, 0xF8, 0xFF, 0x7F, 0x1E, 0x00,
    0x80, 0xE0, 0x02, 0xFF, 0x02, 0x00, 0x82, 0xFE, 0xFF, 0x0B, 0x08, 0x00, 0x80, 0x40, 0x02, 0xFF,
    0x80, 0x03, 0x02, 0x00, 0x80, 0xFC, 0x02, 0xFF, 0x84, 0x03, 0x00, 0xF4, 0xFF, 0x7F, 0x1E, 0x00,
    0x82, 0xF0, 0xFF, 0xBF, 0x02, 0x00, 0x82, 0xFE, 0xFF, 0x0B, 0x08, 0x00, 0x80, 0x40, 0x02, 0xFF,
    0x80, 0x03, 0x02, 0x00, 0x80, 0xFE, 0x02, 0xFF, 0x84, 0x01, 0x00, 0xF0, 0xFF, 0xBF, 0x1E, 0x00,
    0x82, 0xF4, 0xFF, 0x7F, 0x02, 0x00, 0x85, 0xFE, 0xFF, 0x0B, 0x00, 0xA5, 0x5A, 0x05, 0x00, 0x80,
    0x40, 0x02, 0xFF, 0x82, 0x03, 0x00, 0x80, 0x02, 0xFF, 0x80, 0x7F, 0x02, 0x00, 0x80, 0xE0, 0x02,
    0xFF, 0x1E, 0x00, 0x82, 0xF8, 0xFF, 0x3F, 0x02, 0x00, 0x83, 0xFE, 0xFF, 0x0B, 0xF9, 0x02, 0xFF,
    0x80, 0x1B, 0x04, 0x00, 0x80, 0x40, 0x02, 0xFF, 0x82, 0x03, 0x00, 0xD0, 0x02, 0xFF, 0x80, 0x2F,
    0x02, 0x00, 0x80, 0xD0, 0x02, 0xFF, 0x80, 0x01, 0x1D, 0x00, 0x82, 0xF8, 0xFF, 0x2F, 0x02, 0x00,
    0x82, 0xFE, 0xFF, 0x9B, 0x04, 0xFF, 0x80, 0x01, 0x03, 0x00, 0x80, 0x40, 0x02, 0xFF, 0x82, 0x03,
    0x00, 0xF4, 0x02, 0xFF, 0x80, 0x0B, 0x02, 0x00, 0x80, 0xC0, 0x02, 0xFF, 0x80, 0x01, 0x1D, 0x00,
    0x82, 0xFC, 0xFF, 0x2F, 0x02, 0x00, 0x80, 0xFE, 0x06, 0xFF, 0x80, 0x1F, 0x03, 0x00, 0x80, 0x40,
    0x02, 0xFF, 0x82, 0x03, 0x00, 0xFC, 0x02, 0xFF, 0x80, 0x03, 0x02, 0x00, 0x80, 0xC0, 0x02, 0xFF,
    0x80, 0x02, 0x1D, 0x00, 0x82, 0xFC, 0xFF, 0x1F, 0x02, 0x00, 0x80, 0xFE, 0x06, 0xFF, 0x80, 0xBF,
    0x03, 0x00, 0x80, 0x40, 0x02, 0xFF, 0x82, 0x03, 0x00, 0xFE, 0x02, 0xFF, 0x80, 0x01, 0x02, 0x00,
    0x80, 0x80, 0x02, 0xFF, 0x80, 0x03, 0x1D, 0x00, 0x82, 0xFD, 0xFF, 0x0F, 0x02, 0x00, 0x80, 0xFE,
    0x07, 0xFF, 0x80, 0x02, 0x02, 0x00, 0x80, 0x40, 0x02, 0xFF, 0x81, 0x03, 0x80, 0x02, 0xFF, 0x80,
    0x7F, 0x03, 0x00, 0x80, 0x40, 0x02, 0xFF, 0x80, 0x03, 0x1D, 0x00, 0x82, 0xFD, 0xFF, 0x0F, 0x02,
    0x00, 0x80, 0xFE, 0x07, 0xFF, 0x80, 0x0B, 0x02, 0x00, 0x80, 0x40, 0x02, 0xFF, 0x81, 0x03, 0xD0,
    0x02, 0xFF, 0x80, 0x2F, 0x03, 0x00, 0x80, 0x40, 0x02, 0xFF, 0x80, 0x07, 0x1D, 0x00, 0x82, 0xFE,
    0xFF, 0x0B, 0x02, 0x00, 0x80, 0xFE, 0x07, 0xFF, 0x80, 0x2F, 0x02, 0x00, 0x80, 0x40, 0x02, 0xFF,
    0x81, 0x03, 0xF4, 0x02, 0xFF, 0x80, 0x0B, 0x04, 0x00, 0x02, 0xFF, 0x80, 0x07, 0x1D, 0x00, 0x82,
    0xFE, 0xFF, 0x0B, 0x02, 0x00, 0x80, 0xFE, 0x07, 0xFF, 0x80, 0x7F, 0x02, 0x00, 0x80, 0x40, 0x02,
    0xFF, 0x81, 0x03, 0xFC, 0x02, 0xFF, 0x80, 0x03, 0x04, 0x00, 0x02, 0xFF, 0x80, 0x07, 0x1D, 0x00,
    0x02, 0xFF, 0x80, 0x0B, 0x02, 0x00, 0x80, 0xFE, 0x03, 0xFF, 0x81, 0xAF, 0xFE, 0x03, 0xFF, 0x02,
    0x00, 0x80, 0x40, 0x02, 0xFF, 0x81, 0x03, 0xFE, 0x02, 0xFF, 0x80, 0x01, 0x04, 0x00, 0x82, 0xFE,
    0xFF, 0x0B, 0x1D, 0x00, 0x02, 0xFF, 0x80, 0x07, 0x02, 0x00, 0x80, 0xFE, 0x02, 0xFF, 0x82, 0xBF,
    0x01, 0x40, 0x03, 0xFF, 0x82, 0x02, 0x00, 0x40, 0x02, 0xFF, 0x80, 0x83, 0x02, 0xFF, 0x80, 0x7F,
    0x05, 0x00, 0x82, 0xFE, 0xFF, 0x0B, 0x1D, 0x00, 0x02, 0xFF, 0x80, 0x07, 0x02, 0x00, 0x80, 0xFE,
    0x02, 0xFF, 0x80, 0x1B, 0x02, 0x00, 0x80, 0xF8, 0x02, 0xFF, 0x82, 0x03, 0x00, 0x40, 0x02, 0xFF,
    0x80, 0xD3, 0x02, 0xFF, 0x80, 0x2F, 0x05, 0x00, 0x82, 0xFE, 0xFF, 0x0B, 0x1D, 0x00, 0x02, 0xFF,
    0x80, 0x07, 0x02, 0x00, 0x80, 0xFE, 0x02, 0xFF, 0x80, 0x02, 0x02, 0x00, 0x80, 0xD0, 0x02, 0xFF,
    0x82, 0x0B, 0x00, 0x40, 0x02, 0xFF, 0x80, 0xF7, 0x02, 0xFF, 0x80, 0x0B, 0x05, 0x00, 0x82, 0xFE,
    0xFF, 0x0B, 0x1D, 0x00, 0x02, 0xFF, 0x80, 0x07, 0x02, 0x00, 0x82, 0xFE, 0xFF, 0xBF, 0x03, 0x00,
    0x80, 0x80, 0x02, 0xFF, 0x82, 0x0F, 0x00, 0x40, 0x05, 0xFF, 0x80, 0x0B, 0x05, 0x00, 0x82, 0xFD,
    0xFF, 0x0B, 0x1D, 0x00, 0x02, 0xFF, 0x80, 0x03, 0x02, 0x00, 0x82, 0xFE, 0xFF, 0x3F, 0x04, 0x00,
    0x02, 0xFF, 0x82, 0x1F, 0x00, 0x40, 0x05, 0xFF, 0x80, 0x1F, 0x05, 0x00, 0x82, 0xFD, 0xFF, 0x0F,
    0x1D, 0x00, 0x02, 0xFF, 0x80, 0x03, 0x02, 0x00, 0x82, 0xFE, 0xFF, 0x2F, 0x04, 0x00, 0x84, 0xFD,
    0xFF, 0x1F, 0x00, 0x40, 0x05, 0xFF, 0x80, 0x2F, 0x05, 0x00, 0x82, 0xFD, 0xFF, 0x0F, 0x1D, 0x00,
    0x02, 0xFF, 0x80, 0x07, 0x02, 0x00, 0x82, 0xFE, 0xFF, 0x1F, 0x04, 0x00, 0x84, 0xFC, 0xFF, 0x2F,
    0x00, 0x40, 0x05, 0xFF, 0x80, 0x7F, 0x05, 0x00, 0x82, 0xFD, 0xFF, 0x0F, 0x1D, 0x00, 0x02, 0xFF,
    0x80, 0x07, 0x02, 0x00, 0x82, 0xFE, 0xFF, 0x0F, 0x04, 0x00, 0x84, 0xF8, 0xFF, 0x2F, 0x00, 0x40,
    0x05, 0xFF, 0x80, 0xBF, 0x05, 0x00, 0x82, 0xFE, 0xFF, 0x0B, 0x1D, 0x00, 0x02, 0xFF, 0x80, 0x07,
    0x02, 0x00, 0x82, 0xFE, 0xFF, 0x0B, 0x04, 0x00, 0x84, 0xF4, 0xFF, 0x3F, 0x00, 0x40, 0x06, 0xFF,
    0x80, 0x01, 0x04, 0x00, 0x82, 0xFE, 0xFF, 0x0B, 0x1D, 0x00, 0x02, 0xFF, 0x80, 0x07, 0x02, 0x00,
    0x82, 0xFE, 0xFF, 0x0B, 0x04, 0x00, 0x84, 0xF4, 0xFF, 0x3F, 0x00, 0x40, 0x06, 0xFF, 0x80, 0x02,
    0x04, 0x00, 0x82, 0xFE, 0xFF, 0x0B, 0x1D, 0x00, 0x02, 0xFF, 0x80, 0x07, 0x02, 0x00, 0x82, 0xFE,
    0xFF, 0x0B, 0x04, 0x00, 0x84, 0xF4, 0xFF, 0x3F, 0x00, 0x40, 0x06, 0xFF, 0x80, 0x07, 0x04, 0x00,
    0x82, 0xFE, 0xFF, 0x0B, 0x1D, 0x00, 0x82, 0xFE, 0xFF, 0x0B, 0x02, 0x00, 0x82, 0xFE, 0xFF, 0x0F,
    0x04, 0x00, 0x84, 0xF8, 0xFF, 0x2F, 0x00, 0x40, 0x03, 0xFF, 0x80, 0xAF, 0x02, 0xFF, 0x80, 0x0B,
    0x04, 0x00, 0x02, 0xFF, 0x80, 0x0B, 0x1D, 0x00, 0x82, 0xFE, 0xFF, 0x0B, 0x02, 0x00, 0x82, 0xFD,
    0xFF, 0x0F, 0x04, 0x00, 0x84, 0xFC, 0xFF, 0x2F, 0x00, 0x40, 0x03, 0xFF, 0x80, 0x0B, 0x02, 0xFF,
    0x80, 0x1F, 0x04, 0x00, 0x02, 0xFF, 0x80, 0x07, 0x1D, 0x00, 0x82, 0xFE, 0xFF, 0x0F, 0x02, 0x00,
    0x82, 0xFD, 0xFF, 0x1F, 0x04, 0x00, 0x84, 0xFD, 0xFF, 0x1F, 0x00, 0x40, 0x03, 0xFF, 0x83, 0x03,
    0xFE, 0xFF, 0x2F, 0x04, 0x00, 0x02, 0xFF, 0x80, 0x07, 0x1D, 0x00, 0x82, 0xFD, 0xFF, 0x0F, 0x02,
    0x00, 0x82, 0xFC, 0xFF, 0x3F, 0x04, 0x00, 0x84, 0xFE, 0xFF, 0x1F, 0x00, 0x40, 0x03, 0xFF, 0x83,
    0x01, 0xFC, 0xFF, 0x7F, 0x03, 0x00, 0x80, 0x40, 0x02, 0xFF, 0x80, 0x03, 0x1D, 0x00, 0x82, 0xFD,
    0xFF, 0x1F, 0x02, 0x00, 0x82, 0xF8, 0xFF, 0xBF, 0x03, 0x00, 0x80, 0x40, 0x02, 0xFF, 0x82, 0x0F,
    0x00, 0x40, 0x02, 0xFF, 0x84, 0x7F, 0x00, 0xF8, 0xFF, 0xBF, 0x03, 0x00, 0x80, 0x40, 0x02, 0xFF,
    0x80, 0x03, 0x1D, 0x00, 0x82, 0xFC, 0xFF, 0x1F, 0x02, 0x00, 0x80, 0xF4, 0x02, 0xFF, 0x80, 0x01,
    0x02, 0x00, 0x80, 0xD0, 0x02, 0xFF, 0x82, 0x0B, 0x00, 0x40, 0x02, 0xFF, 0x82, 0x2F, 0x00, 0xF0,
    0x02, 0xFF, 0x80, 0x01, 0x02, 0x00, 0x80, 0x80, 0x02, 0xFF, 0x80, 0x02, 0x1D, 0x00, 0x82, 0xFC,
    0xFF, 0x2F, 0x02, 0x00, 0x80, 0xF0, 0x02, 0xFF, 0x80, 0x0B, 0x02, 0x00, 0x80, 0xF4, 0x02, 0xFF,
    0x82, 0x07, 0x00, 0x40, 0x02, 0xFF, 0x82, 0x0B, 0x00, 0xE0, 0x02, 0xFF, 0x80, 0x02, 0x02, 0x00,
    0x80, 0xC0, 0x02, 0xFF, 0x80, 0x02, 0x1D, 0x00, 0x82, 0xF8, 0xFF, 0x3F, 0x02, 0x00, 0x80, 0xD0,
    0x02, 0xFF, 0x83, 0x6F, 0x00, 0x40, 0xFE, 0x02, 0xFF, 0x82, 0x02, 0x00, 0x40, 0x02, 0xFF, 0x82,
    0x07, 0x00, 0xC0, 0x02, 0xFF, 0x80, 0x07, 0x02, 0x00, 0x80, 0xC0, 0x02, 0xFF, 0x80, 0x01, 0x1D,
    0x00, 0x82, 0xF4, 0xFF, 0x3F, 0x02, 0x00, 0x80, 0xC0, 0x03, 0xFF, 0x81, 0x5B, 0xF9, 0x03, 0xFF,
    0x82, 0x01, 0x00, 0x40, 0x02, 0xFF, 0x82, 0x03, 0x00, 0x80, 0x02, 0xFF, 0x80, 0x0B, 0x02, 0x00,
    0x80, 0xD0, 0x02, 0xFF, 0x80, 0x01, 0x1D, 0x00, 0x82, 0xF4, 0xFF, 0x7F, 0x02, 0x00, 0x80, 0x40,
    0x07, 0xFF, 0x80, 0xBF, 0x02, 0x00, 0x80, 0x40, 0x02, 0xFF, 0x80, 0x03, 0x02, 0x00, 0x02, 0xFF,
    0x80, 0x1F, 0x02, 0x00, 0x80, 0xE0, 0x02, 0xFF, 0x1E, 0x00, 0x82, 0xF0, 0xFF, 0xBF, 0x03, 0x00,
    0x80, 0xFE, 0x06, 0xFF, 0x80, 0x2F, 0x02, 0x00, 0x80, 0x40, 0x02, 0xFF, 0x80, 0x03, 0x02, 0x00,
    0x82, 0xFE, 0xFF, 0x2F, 0x02, 0x00, 0x82, 0xF0, 0xFF, 0xBF, 0x1E, 0x00, 0x80, 0xE0, 0x02, 0xFF,
    0x03, 0x00, 0x80, 0xF8, 0x06, 0xFF, 0x80, 0x0F, 0x02, 0x00, 0x80, 0x40, 0x02, 0xFF, 0x80, 0x03,
    0x02, 0x00, 0x82, 0xFC, 0xFF, 0x7F, 0x02, 0x00, 0x82, 0xF4, 0xFF, 0x7F, 0x1E, 0x00, 0x80, 0xD0,
    0x02, 0xFF, 0x80, 0x01, 0x02, 0x00, 0x80, 0xE0, 0x06, 0xFF, 0x80, 0x03, 0x02, 0x00, 0x80, 0x40,
    0x02, 0xFF, 0x80, 0x03, 0x02, 0x00, 0x82, 0xF8, 0xFF, 0xBF, 0x02, 0x00, 0x82, 0xF8, 0xFF, 0x3F,
    0x1E, 0x00, 0x80, 0xC0, 0x02, 0xFF, 0x80, 0x03, 0x02, 0x00, 0x80, 0x80, 0x05, 0xFF, 0x80, 0xBF,
    0x03, 0x00, 0x80, 0x40, 0x02, 0xFF, 0x80, 0x03, 0x02, 0x00, 0x80, 0xF0, 0x02, 0xFF, 0x84, 0x01,
    0x00, 0xFC, 0xFF, 0x2F, 0x1E, 0x00, 0x80, 0x80, 0x02, 0xFF, 0x80, 0x07, 0x03, 0x00, 0x80, 0xFD,
    0x04, 0xFF, 0x80, 0x2F, 0x03, 0x00, 0x80, 0x40, 0x02, 0xFF, 0x80, 0x03, 0x02, 0x00, 0x80, 0xE0,
    0x02, 0xFF, 0x84, 0x02, 0x00, 0xFE, 0xFF, 0x1F, 0x1E, 0x00, 0x80, 0x40, 0x02, 0xFF, 0x80, 0x0B,
    0x03, 0x00, 0x80, 0xE0, 0x04, 0xFF, 0x80, 0x06, 0x03, 0x00, 0x80, 0x40, 0x02, 0xFF, 0x80, 0x03,
    0x02, 0x00, 0x80, 0xD0, 0x02, 0xFF, 0x81, 0x07, 0x00, 0x02, 0xFF, 0x80, 0x0F, 0x1F, 0x00, 0x02,
    0xFF, 0x80, 0x1F, 0x04, 0x00, 0x80, 0xFE, 0x02, 0xFF, 0x80, 0x6F, 0x04, 0x00, 0x80, 0x40, 0x02,
    0xFF, 0x80, 0x03, 0x02, 0x00, 0x80, 0x80, 0x02, 0xFF, 0x81, 0x0B, 0x40, 0x02, 0xFF, 0x80, 0x0B,
    0x1F, 0x00, 0x82, 0xFE, 0xFF, 0x2F, 0x04, 0x00, 0x83, 0x50, 0xFA, 0x6B, 0x01, 0x05, 0x00, 0x02,
    0x55, 0x80, 0x01, 0x02, 0x00, 0x80, 0x40, 0x02, 0xFF, 0x81, 0x1F, 0xC0, 0x02, 0xFF, 0x80, 0x07,
    0x1F, 0x00, 0x82, 0xFC, 0xFF, 0x7F, 0x13, 0x00, 0x83, 0xFE, 0xFF, 0x2F, 0xD0, 0x02, 0xFF, 0x80,
    0x03, 0x1F, 0x00, 0x82, 0xF8, 0xFF, 0xBF, 0x13, 0x00, 0x83, 0xFD, 0xFF, 0x7F, 0xF0, 0x02, 0xFF,
    0x80, 0x01, 0x1F, 0x00, 0x80, 0xF4, 0x02, 0xFF, 0x80, 0x01, 0x12, 0x00, 0x83, 0xF8, 0xFF, 0xBF,
    0xF8, 0x02, 0xFF, 0x20, 0x00, 0x80, 0xE0, 0x02, 0xFF, 0x80, 0x03, 0x12, 0x00, 0x80, 0xF4, 0x02,
    0xFF, 0x82, 0xFD, 0xFF, 0x7F, 0x20, 0x00, 0x80, 0xD0, 0x02, 0xFF, 0x80, 0x0B, 0x12, 0x00, 0x80,
    0xE0, 0x04, 0xFF, 0x80, 0x3F, 0x20, 0x00, 0x80, 0x80, 0x02, 0xFF, 0x80, 0x1F, 0x12, 0x00, 0x80,
    0xD0, 0x04, 0xFF, 0x80, 0x1F, 0x21, 0x00, 0x02, 0xFF, 0x80, 0x3F, 0x12, 0x00, 0x80, 0x80, 0x04,
    0xFF, 0x80, 0x0B, 0x21, 0x00, 0x82, 0xFE, 0xFF, 0xBF, 0x12, 0x00, 0x80, 0x40, 0x04, 0xFF, 0x80,
    0x07, 0x21, 0x00, 0x80, 0xFC, 0x02, 0xFF, 0x80, 0x01, 0x12, 0x00, 0x80, 0xFE, 0x03, 0xFF, 0x80,
    0x02, 0x21, 0x00, 0x80, 0xF4, 0x02, 0xFF, 0x80, 0x07, 0x12, 0x00, 0x80, 0xFD, 0x03, 0xFF, 0x22,
    0x00, 0x80, 0xE0, 0x02, 0xFF, 0x80, 0x1F, 0x12, 0x00, 0x80, 0xF8, 0x02, 0xFF, 0x80, 0x7F, 0x22,
    0x00, 0x80, 0xC0, 0x02, 0xFF, 0x80, 0x3F, 0x12, 0x00, 0x80, 0xF4, 0x02, 0xFF, 0x80, 0x2F, 0x22,
    0x00, 0x80, 0x40, 0x03, 0xFF, 0x12, 0x00, 0x80, 0xF4, 0x02, 0xFF, 0x80, 0x0F, 0x23, 0x00, 0x80,
    0xFD, 0x02, 0xFF, 0x80, 0x03, 0x11, 0x00, 0x80, 0xFD, 0x02, 0xFF, 0x80, 0x07, 0x23, 0x00, 0x80,
    0xF8, 0x02, 0xFF, 0x80, 0x0F, 0x10, 0x00, 0x80, 0x40, 0x03, 0xFF, 0x80, 0x01, 0x23, 0x00, 0x80,
    0xE0, 0x02, 0xFF, 0x80, 0x7F, 0x10, 0x00, 0x80, 0xD0, 0x02, 0xFF, 0x80, 0xBF, 0x24, 0x00, 0x80,
    0xC0, 0x03, 0xFF, 0x80, 0x01, 0x0F, 0x00, 0x80, 0xF8, 0x02, 0xFF, 0x80, 0x2F, 0x24, 0x00, 0x80,
    0x40, 0x03, 0xFF, 0x80, 0x0B, 0x0F, 0x00, 0x80, 0xFE, 0x02, 0xFF, 0x80, 0x0B, 0x25, 0x00, 0x80,
    0xFD, 0x02, 0xFF, 0x80, 0x6F, 0x0E, 0x00, 0x80, 0xD0, 0x03, 0xFF, 0x80, 0x02, 0x25, 0x00, 0x80,
    0xF4, 0x03, 0xFF, 0x80, 0x01, 0x0D, 0x00, 0x80, 0xF8, 0x02, 0xFF, 0x80, 0xBF, 0x26, 0x00, 0x80,
    0xD0, 0x03, 0xFF, 0x80, 0x1B, 0x0C, 0x00, 0x80, 0x40, 0x03, 0xFF, 0x80, 0x2F, 0x26, 0x00, 0x80,
    0x40, 0x03, 0xFF, 0x80, 0xBF, 0x0C, 0x00, 0x80, 0xE4, 0x03, 0xFF, 0x80, 0x0B, 0x27, 0x00, 0x80,
    0xFC, 0x03, 0xFF, 0x80, 0x0B, 0x0A, 0x00, 0x81, 0x40, 0xFE, 0x03, 0xFF, 0x80, 0x02, 0x27, 0x00,
    0x80, 0xE0, 0x03, 0xFF, 0x81, 0xBF, 0x01, 0x09, 0x00, 0x80, 0xE4, 0x03, 0xFF, 0x80, 0xBF, 0x28,
    0x00, 0x80, 0x80, 0x04, 0xFF, 0x80, 0x1B, 0x08, 0x00, 0x80, 0x40, 0x04, 0xFF, 0x80, 0x1F, 0x29,
    0x00, 0x80, 0xFD, 0x04, 0xFF, 0x80, 0x06, 0x07, 0x00, 0x80, 0xF9, 0x04, 0xFF, 0x80, 0x02, 0x29,
    0x00, 0x80, 0xE0, 0x04, 0xFF, 0x81, 0xBF, 0x05, 0x05, 0x00, 0x80, 0xE9, 0x04, 0xFF, 0x80, 0xBF,
    0x2A, 0x00, 0x80, 0x40, 0x06, 0xFF, 0x80, 0x5A, 0x02, 0x00, 0x81, 0x54, 0xFA, 0x05, 0xFF, 0x80,
    0x1B, 0x2B, 0x00, 0x80, 0xF8, 0x0F, 0xFF, 0x80, 0x01, 0x2B, 0x00, 0x80, 0x90, 0x0E, 0xFF, 0x80,
    0x2F, 0x2D, 0x00, 0x80, 0xF9, 0x0D, 0xFF, 0x80, 0x06, 0x2D, 0x00, 0x80, 0x90, 0x0C, 0xFF, 0x80,
    0x6F, 0x2F, 0x00, 0x80, 0xF9, 0x0B, 0xFF, 0x80, 0x02, 0x2F, 0x00, 0x81, 0x40, 0xFE, 0x09, 0xFF,
    0x80, 0x1B, 0x31, 0x00, 0x80, 0xA4, 0x08, 0xFF, 0x80, 0x6F, 0x33, 0x00, 0x80, 0xE4, 0x06, 0xFF,
    0x81, 0xAF, 0x01, 0x34, 0x00, 0x81, 0x94, 0xFE, 0x03, 0xFF, 0x81, 0x6B, 0x01, 0x37, 0x00, 0x82,
    0x54, 0x55, 0x01, 0x7F, 0x00, 0x7F, 0x00, 0x7F, 0x00, 0x7F, 0x00, 0x7A, 0x00, 0x02, 0xFD, 0x06,
    0x00, 0x00, 0x01, 0x00, 0x01, 0xFF, 0x28, 0x00, 0x05, 0xFA, 0xD2, 0x0A, 0x00, 0x7F, 0x00, 0x13,
    0x00, 0x80, 0x54, 0x02, 0xAA, 0x81, 0x5A, 0x01, 0x35, 0x00, 0x81, 0x40, 0xE9, 0x04, 0xFF, 0x81,
    0xBF, 0x06, 0x34, 0x00, 0x80, 0xF9, 0x07, 0xFF, 0x80, 0x06, 0x32, 0x00, 0x80, 0xF9, 0x08, 0xFF,
    0x81, 0xBF, 0x01, 0x30, 0x00, 0x80, 0x90, 0x0A, 0xFF, 0x80, 0x6F, 0x30, 0x00, 0x80, 0xFE, 0x0B,
    0xFF, 0x80, 0x07, 0x2E, 0x00, 0x80, 0xE4, 0x0C, 0xFF, 0x80, 0xBF, 0x2D, 0x00, 0x81, 0x40, 0xFE,
    0x0D, 0xFF, 0x80, 0x0B, 0x2C, 0x00, 0x80, 0xE0, 0x0E, 0xFF, 0x80, 0x7F, 0x2C, 0x00, 0x80, 0xFD,
    0x06, 0xFF, 0x02, 0xAA, 0x80, 0xFE, 0x06, 0xFF, 0x80, 0x06, 0x2A, 0x00, 0x80, 0x80, 0x05, 0xFF,
    0x81, 0x6F, 0x01, 0x03, 0x00, 0x80, 0xA5, 0x05, 0xFF, 0x80, 0x2F, 0x2A, 0x00, 0x80, 0xF4, 0x04,
    0xFF, 0x80, 0x6F, 0x06, 0x00, 0x80, 0x94, 0x05, 0xFF, 0x80, 0x01, 0x29, 0x00, 0x80, 0xFE, 0x03,
    0xFF, 0x81, 0xBF, 0x01, 0x07, 0x00, 0x80, 0xE4, 0x04, 0xFF, 0x80, 0x07, 0x28, 0x00, 0x80, 0x80,
    0x04, 0xFF, 0x80, 0x06, 0x09, 0x00, 0x80, 0xFD, 0x03, 0xFF, 0x80, 0x2F, 0x28, 0x00, 0x80, 0xF4,
    0x03, 0xFF, 0x80, 0x6F, 0x0A, 0x00, 0x80, 0x90, 0x03, 0xFF, 0x80, 0xBF, 0x28, 0x00, 0x80, 0xFD,
    0x03, 0xFF, 0x80, 0x06, 0x0B, 0x00, 0x80, 0xFD, 0x03, 0xFF, 0x80, 0x07, 0x26, 0x00, 0x80, 0x40,
    0x03, 0xFF, 0x80, 0x6F, 0x0C, 0x00, 0x80, 0xD0, 0x03, 0xFF, 0x80, 0x1F, 0x26, 0x00, 0x80, 0xE0,
    0x03, 0xFF, 0x80, 0x07, 0x0D, 0x00, 0x80, 0xFE, 0x02, 0xFF, 0x80, 0x7F, 0x26, 0x00, 0x80, 0xF8,
    0x02, 0xFF, 0x80, 0xBF, 0x0E, 0x00, 0x80, 0xF4, 0x03, 0xFF, 0x80, 0x01, 0x25, 0x00, 0x80, 0xFE,
    0x02, 0xFF, 0x80, 0x1F, 0x0E, 0x00, 0x80, 0x80, 0x03, 0xFF, 0x80, 0x07, 0x24, 0x00, 0x80, 0x40,
    0x03, 0xFF, 0x80, 0x0B, 0x0F, 0x00, 0x80, 0xFD, 0x02, 0xFF, 0x80, 0x1F, 0x24, 0x00, 0x80, 0xD0,
    0x03, 0xFF, 0x80, 0x0B, 0x0F, 0x00, 0x80, 0xF4, 0x02, 0xFF, 0x80, 0x3F, 0x24, 0x00, 0x80, 0xF4,
    0x03, 0xFF, 0x80, 0x0B, 0x0F, 0x00, 0x80, 0xD0, 0x02, 0xFF, 0x80, 0xBF, 0x24, 0x00, 0x80, 0xFC,
    0x03, 0xFF, 0x80, 0x0B, 0x10, 0x00, 0x80, 0xFE, 0x02, 0xFF, 0x80, 0x02, 0x23, 0x00, 0x80, 0xFE,
    0x03, 0xFF, 0x80, 0x0B, 0x10, 0x00, 0x80, 0xF8, 0x02, 0xFF, 0x80, 0x07, 0x22, 0x00, 0x80, 0x40,
    0x04, 0xFF, 0x80, 0x0B, 0x10, 0x00, 0x80, 0xE0, 0x02, 0xFF, 0x80, 0x1F, 0x22, 0x00, 0x80, 0xD0,
    0x04, 0xFF, 0x80, 0x0B, 0x10, 0x00, 0x80, 0xC0, 0x02, 0xFF, 0x80, 0x3F, 0x22, 0x00, 0x80, 0xF0,
    0x04, 0xFF, 0x80, 0x0B, 0x11, 0x00, 0x02, 0xFF, 0x80, 0xBF, 0x22, 0x00, 0x80, 0xF8, 0x04, 0xFF,
    0x80, 0x0B, 0x09, 0x00, 0x02, 0x55, 0x80, 0x01, 0x05, 0x00, 0x80, 0xFD, 0x02, 0xFF, 0x80, 0x01,
    0x21, 0x00, 0x80, 0xFD, 0x02, 0xFF, 0x82, 0xFE, 0xFF, 0x0B, 0x08, 0x00, 0x80, 0x40, 0x02, 0xFF,
    0x80, 0x03, 0x05, 0x00, 0x80, 0xF4, 0x02, 0xFF, 0x80, 0x03, 0x21, 0x00, 0x85, 0xFE, 0xFF, 0x7F,
    0xFE, 0xFF, 0x0B, 0x08, 0x00, 0x80, 0x40, 0x02, 0xFF, 0x80, 0x03, 0x05, 0x00, 0x80, 0xE0, 0x02,
    0xFF, 0x80, 0x07, 0x20, 0x00, 0x80, 0x40, 0x02, 0xFF, 0x83, 0x2F, 0xFE, 0xFF, 0x0B, 0x08, 0x00,
    0x80, 0x40, 0x02, 0xFF, 0x80, 0x03, 0x05, 0x00, 0x80, 0xC0, 0x02, 0xFF, 0x80, 0x0F, 0x20, 0x00,
    0x80, 0xC0, 0x02, 0xFF, 0x83, 0x0F, 0xFE, 0xFF, 0x0B, 0x08, 0x00, 0x80, 0x40, 0x02, 0xFF, 0x80,
    0x03, 0x05, 0x00, 0x80, 0x40, 0x02, 0xFF, 0x80, 0x2F, 0x20, 0x00, 0x80, 0xD0, 0x02, 0xFF, 0x83,
    0x07, 0xFE, 0xFF, 0x0B, 0x08, 0x00, 0x80, 0x40, 0x02, 0xFF, 0x80, 0x03, 0x06, 0x00, 0x82, 0xFE,
    0xFF, 0x3F, 0x20, 0x00, 0x80, 0xF0, 0x02, 0xFF, 0x83, 0x02, 0xFE, 0xFF, 0x0B, 0x08, 0x00, 0x80,
    0x40, 0x02, 0xFF, 0x80, 0x03, 0x06, 0x00, 0x82, 0xFC, 0xFF, 0xBF, 0x20, 0x00, 0x80, 0xF4, 0x02,
    0xFF, 0x83, 0x00, 0xFE, 0xFF, 0x0B, 0x08, 0x00, 0x80, 0x40, 0x02, 0xFF, 0x80, 0x03, 0x06, 0x00,
    0x80, 0xF4, 0x02, 0xFF, 0x20, 0x00, 0x86, 0xFC, 0xFF, 0xBF, 0x00, 0xFE, 0xFF, 0x0B, 0x08, 0x00,
    0x80, 0x40, 0x02, 0xFF, 0x80, 0x03, 0x06, 0x00, 0x80, 0xE0, 0x02, 0xFF, 0x80, 0x02, 0x1F, 0x00,
    0x86, 0xFD, 0xFF, 0x3F, 0x00, 0xFE, 0xFF, 0x0B, 0x08, 0x00, 0x80, 0x40, 0x02, 0xFF, 0x80, 0x03,
    0x06, 0x00, 0x80, 0xD0, 0x02, 0xFF, 0x80, 0x03, 0x1F, 0x00, 0x86, 0xFE, 0xFF, 0x1F, 0x00, 0xFE,
    0xFF, 0x0B, 0x08, 0x00, 0x80, 0x40, 0x02, 0xFF, 0x80, 0x03, 0x06, 0x00, 0x80, 0x80, 0x02, 0xFF,
    0x80, 0x07, 0x1F, 0x00, 0x02, 0xFF, 0x84, 0x0F, 0x00, 0xFE, 0xFF, 0x0B, 0x08, 0x00, 0x80, 0x40,
    0x02, 0xFF, 0x80, 0x03, 0x06, 0x00, 0x80, 0x40, 0x02, 0xFF, 0x80, 0x0B, 0x1E, 0x00, 0x80, 0x40,
    0x02, 0xFF, 0x84, 0x0B, 0x00, 0xFE, 0xFF, 0x0B, 0x08, 0x00, 0x80, 0x40, 0x02, 0xFF, 0x80, 0x03,
    0x07, 0x00, 0x82, 0xFE, 0xFF, 0x1F, 0x1E, 0x00, 0x80, 0x80, 0x02, 0xFF, 0x84, 0x03, 0x00, 0xFE,
    0xFF, 0x0B, 0x08, 0x00, 0x80, 0x40, 0x02, 0xFF, 0x80, 0x03, 0x07, 0x00, 0x82, 0xFD, 0xFF, 0x2F,
    0x1E, 0x00, 0x80, 0xC0, 0x02, 0xFF, 0x84, 0x02, 0x00, 0xFE, 0xFF, 0x0B, 0x08, 0x00, 0x80, 0x40,
    0x02, 0xFF, 0x80, 0x03, 0x02, 0x00, 0x80, 0xD0, 0x02, 0xFF, 0x84, 0x1F, 0x00, 0xFC, 0xFF, 0x3F,
    0x1E, 0x00, 0x80, 0xD0, 0x02, 0xFF, 0x84, 0x01, 0x00, 0xFE, 0xFF, 0x0B, 0x08, 0x00, 0x80, 0x40,
    0x02, 0xFF, 0x80, 0x03, 0x02, 0x00, 0x80, 0xF4, 0x02, 0xFF, 0x84, 0x0B, 0x00, 0xF8, 0xFF, 0x7F,
    0x1E, 0x00, 0x80, 0xE0, 0x02, 0xFF, 0x02, 0x00, 0x82, 0xFE, 0xFF, 0x0B, 0x08, 0x00, 0x80, 0x40,
    0x02, 0xFF, 0x80, 0x03, 0x02, 0x00, 0x80, 0xFC, 0x02, 0xFF, 0x84, 0x03, 0x00, 0xF4, 0xFF, 0x7F,
    0x1E, 0x00, 0x82, 0xF0, 0xFF, 0xBF, 0x02, 0x00, 0x82, 0xFE, 0xFF, 0x0B, 0x08, 0x00, 0x80, 0x40,
    0x02, 0xFF, 0x80, 0x03, 0x02, 0x00, 0x80, 0xFE, 0x02, 0xFF, 0x84, 0x01, 0x00, 0xF0, 0xFF, 0xBF,
    0x1E, 0x00, 0x82, 0xF4, 0xFF, 0x7F, 0x02, 0x00, 0x85, 0xFE, 0xFF, 0x0B, 0x00, 0xA5, 0x5A, 0x05,
    0x00, 0x80, 0x40, 0x02, 0xFF, 0x82, 0x03, 0x00, 0x80, 0x02, 0xFF, 0x80, 0x7F, 0x02, 0x00, 0x80,
    0xE0, 0x02, 0xFF, 0x1E, 0x00, 0x82, 0xF8, 0xFF, 0x3F, 0x02, 0x00, 0x83, 0xFE, 0xFF, 0x0B, 0xF9,
    0x02, 0xFF, 0x80, 0x1B, 0x04, 0x00, 0x80, 0x40, 0x02, 0xFF, 0x82, 0x03, 0x00, 0xD0, 0x02, 0xFF,
    0x80, 0x2F, 0x02, 0x00, 0x80, 0xD0, 0x02, 0xFF, 0x80, 0x01, 0x1D, 0x00, 0x82, 0xF8, 0xFF, 0x2F,
    0x02, 0x00, 0x82, 0xFE, 0xFF, 0x9B, 0x04, 0xFF, 0x80, 0x01, 0x03, 0x00, 0x80, 0x40, 0x02, 0xFF,
    0x82, 0x03, 0x00, 0xF4, 0x02, 0xFF, 0x80, 0x0B, 0x02, 0x00, 0x80, 0xC0, 0x02, 0xFF, 0x80, 0x01,
    0x1D, 0x00, 0x82, 0xFC, 0xFF, 0x2F, 0x02, 0x00, 0x80, 0xFE, 0x06, 0xFF, 0x80, 0x1F, 0x03, 0x00,
    0x80, 0x40, 0x02, 0xFF, 0x82, 0x03, 0x00, 0xFC, 0x02, 0xFF, 0x80, 0x03, 0x02, 0x00, 0x80, 0xC0,
    0x02, 0xFF, 0x80, 0x02, 0x1D, 0x00, 0x82, 0xFC, 0xFF, 0x1F, 0x02, 0x00, 0x80, 0xFE, 0x06, 0xFF,
    0x80, 0xBF, 0x03, 0x00, 0x80, 0x40, 0x02, 0xFF, 0x82, 0x03, 0x00, 0xFE, 0x02, 0xFF, 0x80, 0x01,
    0x02, 0x00, 0x80, 0x80, 0x02, 0xFF, 0x80, 0x03, 0x1D, 0x00, 0x82, 0xFD, 0xFF, 0x0F, 0x02, 0x00,
    0x80, 0xFE, 0x07, 0xFF, 0x80, 0x02, 0x02, 0x00, 0x80, 0x40, 0x02, 0xFF, 0x81, 0x03, 0x80, 0x02,
    0xFF, 0x80, 0x7F, 0x03, 0x00, 0x80, 0x40, 0x02, 0xFF, 0x80, 0x03, 0x1D, 0x00, 0x82, 0xFD, 0xFF,
    0x0F, 0x02, 0x00, 0x80, 0xFE, 0x07, 0xFF, 0x80, 0x0B, 0x02, 0x00, 0x80, 0x40, 0x02, 0xFF, 0x81,
    0x03, 0xD0, 0x02, 0xFF, 0x80, 0x2F, 0x03, 0x00, 0x80, 0x40, 0x02, 0xFF, 0x80, 0x07, 0x1D, 0x00,
    0x82, 0xFE, 0xFF, 0x0B, 0x02, 0x00, 0x80, 0xFE, 0x07, 0xFF, 0x80, 0x2F, 0x02, 0x00, 0x80, 0x40,
    0x02, 0xFF, 0x81, 0x03, 0xF4, 0x02, 0xFF, 0x80, 0x0B, 0x04, 0x00, 0x02, 0xFF, 0x80, 0x07, 0x1D,
    0x00, 0x82, 0xFE, 0xFF, 0x0B, 0x02, 0x00, 0x80, 0xFE, 0x07, 0xFF, 0x80, 0x7F, 0x02, 0x00, 0x80,
    0x40, 0x02, 0xFF, 0x81, 0x03, 0xFC, 0x02, 0xFF, 0x80, 0x03, 0x04, 0x00, 0x02, 0xFF, 0x80, 0x07,
    0x1D, 0x00, 0x02, 0xFF, 0x80, 0x0B, 0x02, 0x00, 0x80, 0xFE, 0x03, 0xFF, 0x81, 0xAF, 0xFE, 0x03,
    0xFF, 0x02, 0x00, 0x80, 0x40, 0x02, 0xFF, 0x81, 0x03, 0xFE, 0x02, 0xFF, 0x80, 0x01, 0x04, 0x00,
    0x82, 0xFE, 0xFF, 0x0B, 0x1D, 0x00, 0x02, 0xFF, 0x80, 0x07, 0x02, 0x00, 0x80, 0xFE, 0x02, 0xFF,
    0x82, 0xBF, 0x01, 0x40, 0x03, 0xFF, 0x82, 0x02, 0x00, 0x40, 0x02, 0xFF, 0x80, 0x83, 0x02, 0xFF,
    0x80, 0x7F, 0x05, 0x00, 0x82, 0xFE, 0xFF, 0x0B, 0x1D, 0x00, 0x02, 0xFF, 0x80, 0x07, 0x02, 0x00,
    0x80, 0xFE, 0x02, 0xFF, 0x80, 0x1B, 0x02, 0x00, 0x80, 0xF8, 0x02, 0xFF, 0x82, 0x03, 0x00, 0x40,
    0x02, 0xFF, 0x80, 0xD3, 0x02, 0xFF, 0x80, 0x2F, 0x05, 0x00, 0x82, 0xFE, 0xFF, 0x0B, 0x1D, 0x00,
    0x02, 0xFF, 0x80, 0x07, 0x02, 0x00, 0x80, 0xFE, 0x02, 0xFF, 0x80, 0x02, 0x02, 0x00, 0x80, 0xD0,
    0x02, 0xFF, 0x82, 0x0B, 0x00, 0x40, 0x02, 0xFF, 0x80, 0xF7, 0x02, 0xFF, 0x80, 0x0B, 0x05, 0x00,
    0x82, 0xFE, 0xFF, 0x0B, 0x1D, 0x00, 0x02, 0xFF, 0x80, 0x07, 0x02, 0x00, 0x82, 0xFE, 0xFF, 0xBF,
    0x03, 0x00, 0x80, 0x80, 0x02, 0xFF, 0x82, 0x0F, 0x00, 0x40, 0x05, 0xFF, 0x80, 0x0B, 0x05, 0x00,
    0x82, 0xFD, 0xFF, 0x0B, 0x1D, 0x00, 0x02, 0xFF, 0x80, 0x03, 0x02, 0x00, 0x82, 0xFE, 0xFF, 0x3F,
    0x04, 0x00, 0x02, 0xFF, 0x82, 0x1F, 0x00, 0x40, 0x05, 0xFF, 0x80, 0x1F, 0x05, 0x00, 0x82, 0xFD,
    0xFF, 0x0F, 0x1D, 0x00, 0x02, 0xFF, 0x80, 0x03, 0x02, 0x00, 0x82, 0xFE, 0xFF, 0x2F, 0x04, 0x00,
    0x84, 0xFD, 0xFF, 0x1F, 0x00, 0x40, 0x05, 0xFF, 0x80, 0x2F, 0x05, 0x00, 0x82, 0xFD, 0xFF, 0x0F,
    0x1D, 0x00, 0x02, 0xFF, 0x80, 0x07, 0x02, 0x00, 0x82, 0xFE, 0xFF, 0x1F, 0x04, 0x00, 0x84, 0xFC,
    0xFF, 0x2F, 0x00, 0x40, 0x05, 0xFF, 0x80, 0x7F, 0x05, 0x00, 0x82, 0xFD, 0xFF, 0x0F, 0x1D, 0x00,
    0x02, 0xFF, 0x80, 0x07, 0x02, 0x00, 0x82, 0xFE, 0xFF, 0x0F, 0x04, 0x00, 0x84, 0xF8, 0xFF, 0x2F,
    0x00, 0x40, 0x05, 0xFF, 0x80, 0xBF, 0x05, 0x00, 0x82, 0xFE, 0xFF, 0x0B, 0x1D, 0x00, 0x02, 0xFF,
    0x80, 0x07, 0x02, 0x00, 0x82, 0xFE, 0xFF, 0x0B, 0x04, 0x00, 0x84, 0xF4, 0xFF, 0x3F, 0x00, 0x40,
    0x06, 0xFF, 0x80, 0x01, 0x04, 0x00, 0x82, 0xFE, 0xFF, 0x0B, 0x1D, 0x00, 0x02, 0xFF, 0x80, 0x07,
    0x02, 0x00, 0x82, 0xFE, 0xFF, 0x0B, 0x04, 0x00, 0x84, 0xF4, 0xFF, 0x3F, 0x00, 0x40, 0x06, 0xFF,
    0x80, 0x02, 0x04, 0x00, 0x82, 0xFE, 0xFF, 0x0B, 0x1D, 0x00, 0x02, 0xFF, 0x80, 0x07, 0x02, 0x00,
    0x82, 0xFE, 0xFF, 0x0B, 0x04, 0x00, 0x84, 0xF4, 0xFF, 0x3F, 0x00, 0x40, 0x06, 0xFF, 0x80, 0x07,
    0x04, 0x00, 0x82, 0xFE, 0xFF, 0x0B, 0x1D, 0x00, 0x82, 0xFE, 0xFF, 0x0B, 0x02, 0x00, 0x82, 0xFE,
    0xFF, 0x0F, 0x04, 0x00, 0x84, 0xF8, 0xFF, 0x2F, 0x00, 0x40, 0x03, 0xFF, 0x80, 0xAF, 0x02, 0xFF,
    0x80, 0x0B, 0x04, 0x00, 0x02, 0xFF, 0x80, 0x0B, 0x1D, 0x00, 0x82, 0xFE, 0xFF, 0x0B, 0x02, 0x00,
    0x82, 0xFD, 0xFF, 0x0F, 0x04, 0x00, 0x84, 0xFC, 0xFF, 0x2F, 0x00, 0x40, 0x03, 0xFF, 0x80, 0x0B,
    0x02, 0xFF, 0x80, 0x1F, 0x04, 0x00, 0x02, 0xFF, 0x80, 0x07, 0x1D, 0x00, 0x82, 0xFE, 0xFF, 0x0F,
    0x02, 0x00, 0x82, 0xFD, 0xFF, 0x1F, 0x04, 0x00, 0x84, 0xFD, 0xFF, 0x1F, 0x00, 0x40, 0x03, 0xFF,
    0x83, 0x03, 0xFE, 0xFF, 0x2F, 0x04, 0x00, 0x02, 0xFF, 0x80, 0x07, 0x1D, 0x00, 0x82, 0xFD, 0xFF,
    0x0F, 0x02, 0x00, 0x82, 0xFC, 0xFF, 0x3F, 0x04, 0x00, 0x84, 0xFE, 0xFF, 0x1F, 0x00, 0x40, 0x03,
    0xFF, 0x83, 0x01, 0xFC, 0xFF, 0x7F, 0x03, 0x00, 0x80, 0x40, 0x02, 0xFF, 0x80, 0x03, 0x1D, 0x00,
    0x82, 0xFD, 0xFF, 0x1F, 0x02, 0x00, 0x82, 0xF8, 0xFF, 0xBF, 0x03, 0x00, 0x80, 0x40, 0x02, 0xFF,
    0x82, 0x0F, 0x00, 0x40, 0x02, 0xFF, 0x84, 0x7F, 0x00, 0xF8, 0xFF, 0xBF, 0x03, 0x00, 0x80, 0x40,
    0x02, 0xFF, 0x80, 0x03, 0x1D, 0x00, 0x82, 0xFC, 0xFF, 0x1F, 0x02, 0x00, 0x80, 0xF4, 0x02, 0xFF,
    0x80, 0x01, 0x02, 0x00, 0x80, 0xD0, 0x02, 0xFF, 0x82, 0x0B, 0x00, 0x40, 0x02, 0xFF, 0x82, 0x2F,
    0x00, 0xF0, 0x02, 0xFF, 0x80, 0x01, 0x02, 0x00, 0x80, 0x80, 0x02, 0xFF, 0x80, 0x02, 0x1D, 0x00,
    0x82, 0xFC, 0xFF, 0x2F, 0x02, 0x00, 0x80, 0xF0, 0x02, 0xFF, 0x80, 0x0B, 0x02, 0x00, 0x80, 0xF4,
    0x02, 0xFF, 0x82, 0x07, 0x00, 0x40, 0x02, 0xFF, 0x82, 0x0B, 0x00, 0xE0, 0x02, 0xFF, 0x80, 0x02,
    0x02, 0x00, 0x80, 0xC0, 0x02, 0xFF, 0x80, 0x02, 0x1D, 0x00, 0x82, 0xF8, 0xFF, 0x3F, 0x02, 0x00,
    0x80, 0xD0, 0x02, 0xFF, 0x83, 0x6F, 0x00, 0x40, 0xFE, 0x02, 0xFF, 0x82, 0x02, 0x00, 0x40, 0x02,
    0xFF, 0x82, 0x07, 0x00, 0xC0, 0x02, 0xFF, 0x80, 0x07, 0x02, 0x00, 0x80, 0xC0, 0x02, 0xFF, 0x80,
    0x01, 0x1D, 0x00, 0x82, 0xF4, 0xFF, 0x3F, 0x02, 0x00, 0x80, 0xC0, 0x03, 0xFF, 0x81, 0x5B, 0xF9,
    0x03, 0xFF, 0x82, 0x01, 0x00, 0x40, 0x02, 0xFF, 0x82, 0x03, 0x00, 0x80, 0x02, 0xFF, 0x80, 0x0B,
    0x02, 0x00, 0x80, 0xD0, 0x02, 0xFF, 0x80, 0x01, 0x1D, 0x00, 0x82, 0xF4, 0xFF, 0x7F, 0x02, 0x00,
    0x80, 0x40, 0x07, 0xFF, 0x80, 0xBF, 0x02, 0x00, 0x80, 0x40, 0x02, 0xFF, 0x80, 0x03, 0x02, 0x00,
    0x02, 0xFF, 0x80, 0x1F, 0x02, 0x00, 0x80, 0xE0, 0x02, 0xFF, 0x1E, 0x00, 0x82, 0xF0, 0xFF, 0xBF,
    0x03, 0x00, 0x80, 0xFE, 0x06, 0xFF, 0x80, 0x2F, 0x02, 0x00, 0x80, 0x40, 0x02, 0xFF, 0x80, 0x03,
    0x02, 0x00, 0x82, 0xFE, 0xFF, 0x2F, 0x02, 0x00, 0x82, 0xF0, 0xFF, 0xBF, 0x1E, 0x00, 0x80, 0xE0,
    0x02, 0xFF, 0x03, 0x00, 0x80, 0xF8, 0x06, 0xFF, 0x80, 0x0F, 0x02, 0x00, 0x80, 0x40, 0x02, 0xFF,
    0x80, 0x03, 0x02, 0x00, 0x82, 0xFC, 0xFF, 0x7F, 0x02, 0x00, 0x82, 0xF4, 0xFF, 0x7F, 0x1E, 0x00,
    0x80, 0xD0, 0x02, 0xFF, 0x80, 0x01, 0x02, 0x00, 0x80, 0xE0, 0x06, 0xFF, 0x80, 0x03, 0x02, 0x00,
    0x80, 0x40, 0x02, 0xFF, 0x80, 0x03, 0x02, 0x00, 0x82, 0xF8, 0xFF, 0xBF, 0x02, 0x00, 0x82, 0xF8,
    0xFF, 0x3F, 0x1E, 0x00, 0x80, 0xC0, 0x02, 0xFF, 0x80, 0x03, 0x02, 0x00, 0x80, 0x80, 0x05, 0xFF,
    0x80, 0xBF, 0x03, 0x00, 0x80, 0x40, 0x02, 0xFF, 0x80, 0x03, 0x02, 0x00, 0x80, 0xF0, 0x02, 0xFF,
    0x84, 0x01, 0x00, 0xFC, 0xFF, 0x2F, 0x1E, 0x00, 0x80, 0x80, 0x02, 0xFF, 0x80, 0x07, 0x03, 0x00,
    0x80, 0xFD, 0x04, 0xFF, 0x80, 0x2F, 0x03, 0x00, 0x80, 0x40, 0x02, 0xFF, 0x80, 0x03, 0x02, 0x00,
    0x80, 0xE0, 0x02, 0xFF, 0x84, 0x02, 0x00, 0xFE, 0xFF, 0x1F, 0x1E, 0x00, 0x80, 0x40, 0x02, 0xFF,
    0x80, 0x0B, 0x03, 0x00, 0x80, 0xE0, 0x04, 0xFF, 0x80, 0x06, 0x03, 0x00, 0x80, 0x40, 0x02, 0xFF,
    0x80, 0x03, 0x02, 0x00, 0x80, 0xD0, 0x02, 0xFF, 0x81, 0x07, 0x00, 0x02, 0xFF, 0x80, 0x0F, 0x1F,
    0x00, 0x02, 0xFF, 0x80, 0x1F, 0x04, 0x00, 0x80, 0xFE, 0x02, 0xFF, 0x80, 0x6F, 0x04, 0x00, 0x80,
    0x40, 0x02, 0xFF, 0x80, 0x03, 0x02, 0x00, 0x80, 0x80, 0x02, 0xFF, 0x81, 0x0B, 0x40, 0x02, 0xFF,
    0x80, 0x0B, 0x1F, 0x00, 0x82, 0xFE, 0xFF, 0x2F, 0x04, 0x00, 0x83, 0x50, 0xFA, 0x6B, 0x01, 0x05,
    0x00, 0x02, 0x55, 0x80, 0x01, 0x02, 0x00, 0x80, 0x40, 0x02, 0xFF, 0x81, 0x1F, 0xC0, 0x02, 0xFF,
    0x80, 0x07, 0x1F, 0x00, 0x82, 0xFC, 0xFF, 0x7F, 0x13, 0x00, 0x83, 0xFE, 0xFF, 0x2F, 0xD0, 0x02,
    0xFF, 0x80, 0x03, 0x1F, 0x00, 0x82, 0xF8, 0xFF, 0xBF, 0x13, 0x00, 0x83, 0xFD, 0xFF, 0x7F, 0xF0,
    0x02, 0xFF, 0x80, 0x01, 0x1F, 0x00, 0x80, 0xF4, 0x02, 0xFF, 0x80, 0x01, 0x12, 0x00, 0x83, 0xF8,
    0xFF, 0xBF, 0xF8, 0x02, 0xFF, 0x20, 0x00, 0x80, 0xE0, 0x02, 0xFF, 0x80, 0x03, 0x12, 0x00, 0x80,
    0xF4, 0x02, 0xFF, 0x82, 0xFD, 0xFF, 0x7F, 0x20, 0x00, 0x80, 0xD0, 0x02, 0xFF, 0x80, 0x0B, 0x12,
    0x00, 0x80, 0xE0, 0x04, 0xFF, 0x80, 0x3F, 0x20, 0x00, 0x80, 0x80, 0x02, 0xFF, 0x80, 0x1F, 0x12,
    0x00, 0x80, 0xD0, 0x04, 0xFF, 0x80, 0x1F, 0x21, 0x00, 0x02, 0xFF, 0x80, 0x3F, 0x12, 0x00, 0x80,
    0x80, 0x04, 0xFF, 0x80, 0x0B, 0x21, 0x00, 0x82, 0xFE, 0xFF, 0xBF, 0x12, 0x00, 0x80, 0x40, 0x04,
    0xFF, 0x80, 0x07, 0x21, 0x00, 0x80, 0xFC, 0x02, 0xFF, 0x80, 0x01, 0x12, 0x00, 0x80, 0xFE, 0x03,
    0xFF, 0x80, 0x02, 0x21, 0x00, 0x80, 0xF4, 0x02, 0xFF, 0x80, 0x07, 0x12, 0x00, 0x80, 0xFD, 0x03,
    0xFF, 0x22, 0x00, 0x80, 0xE0, 0x02, 0xFF, 0x80, 0x1F, 0x12, 0x00, 0x80, 0xF8, 0x02, 0xFF, 0x80,
    0x7F, 0x22, 0x00, 0x80, 0xC0, 0x02, 0xFF, 0x80, 0x3F, 0x12, 0x00, 0x80, 0xF4, 0x02, 0xFF, 0x80,
    0x2F, 0x22, 0x00, 0x80, 0x40, 0x03, 0xFF, 0x12, 0x00, 0x80, 0xF4, 0x02, 0xFF, 0x80, 0x0F, 0x23,
    0x00, 0x80, 0xFD, 0x02, 0xFF, 0x80, 0x03, 0x11, 0x00, 0x80, 0xFD, 0x02, 0xFF, 0x80, 0x07, 0x23,
    0x00, 0x80, 0xF8, 0x02, 0xFF, 0x80, 0x0F, 0x10, 0x00, 0x80, 0x40, 0x03, 0xFF, 0x80, 0x01, 0x23,
    0x00, 0x80, 0xE0, 0x02, 0xFF, 0x80, 0x7F, 0x10, 0x00, 0x80, 0xD0, 0x02, 0xFF, 0x80, 0xBF, 0x24,
    0x00, 0x80, 0xC0, 0x03, 0xFF, 0x80, 0x01, 0x0F, 0x00, 0x80, 0xF8, 0x02, 0xFF, 0x80, 0x2F, 0x24,
    0x00, 0x80, 0x40, 0x03, 0xFF, 0x80, 0x0B, 0x0F, 0x00, 0x80, 0xFE, 0x02, 0xFF, 0x80, 0x0B, 0x25,
    0x00, 0x80, 0xFD, 0x02, 0xFF, 0x80, 0x6F, 0x0E, 0x00, 0x80, 0xD0, 0x03, 0xFF, 0x80, 0x02, 0x25,
    0x00, 0x80, 0xF4, 0x03, 0xFF, 0x80, 0x01, 0x0D, 0x00, 0x80, 0xF8, 0x02, 0xFF, 0x80, 0xBF, 0x26,
    0x00, 0x80, 0xD0, 0x03, 0xFF, 0x80, 0x1B, 0x0C, 0x00, 0x80, 0x40, 0x03, 0xFF, 0x80, 0x2F, 0x26,
    0x00, 0x80, 0x40, 0x03, 0xFF, 0x80, 0xBF, 0x0C, 0x00, 0x80, 0xE4, 0x03, 0xFF, 0x80, 0x0B, 0x27,
    0x00, 0x80, 0xFC, 0x03, 0xFF, 0x80, 0x0B, 0x0A, 0x00, 0x81, 0x40, 0xFE, 0x03, 0xFF, 0x80, 0x02,
    0x27, 0x00, 0x80, 0xE0, 0x03, 0xFF, 0x81, 0xBF, 0x01, 0x09, 0x00, 0x80, 0xE4, 0x03, 0xFF, 0x80,
    0xBF, 0x28, 0x00, 0x80, 0x80, 0x04, 0xFF, 0x80, 0x1B, 0x08, 0x00, 0x80, 0x40, 0x04, 0xFF, 0x80,
    0x1F, 0x29, 0x00, 0x80, 0xFD, 0x04, 0xFF, 0x80, 0x06, 0x07, 0x00, 0x80, 0xF9, 0x04, 0xFF, 0x80,
    0x02, 0x29, 0x00, 0x80, 0xE0, 0x04, 0xFF, 0x81, 0xBF, 0x05, 0x05, 0x00, 0x80, 0xE9, 0x04, 0xFF,
    0x80, 0xBF, 0x2A, 0x00, 0x80, 0x40, 0x06, 0xFF, 0x80, 0x5A, 0x02, 0x00, 0x81, 0x54, 0xFA, 0x05,
    0xFF, 0x80, 0x1B, 0x2B, 0x00, 0x80, 0xF8, 0x0F, 0xFF, 0x80, 0x01, 0x2B, 0x00, 0x80, 0x90, 0x0E,
    0xFF, 0x80, 0x2F, 0x2D, 0x00, 0x80, 0xF9, 0x0D, 0xFF, 0x80, 0x06, 0x2D, 0x00, 0x80, 0x90, 0x0C,
    0xFF, 0x80, 0x6F, 0x2F, 0x00, 0x80, 0xF9, 0x0B, 0xFF, 0x80, 0x02, 0x2F, 0x00, 0x81, 0x40, 0xFE,
    0x09, 0xFF, 0x80, 0x1B, 0x31, 0x00, 0x80, 0xA4, 0x08, 0xFF, 0x80, 0x6F, 0x33, 0x00, 0x80, 0xE4,
    0x06, 0xFF, 0x81, 0xAF, 0x01, 0x34, 0x00, 0x81, 0x94, 0xFE, 0x03, 0xFF, 0x81, 0x6B, 0x01, 0x37,
    0x00, 0x82, 0x54, 0x55, 0x01, 0x7F, 0x00, 0x7F, 0x00, 0x7F, 0x00, 0x7F, 0x00, 0x7A, 0x00, 0x02,
    0xFD, 0x06, 0x00, 0x00, 0x01, 0x00, 0x01, 0xFF, 0x28, 0x00, 0x05, 0xFA, 0xD2, 0x0A, 0x00, 0x7F,
    0x00, 0x13, 0x00, 0x80, 0x54, 0x02, 0xAA, 0x81, 0x5A, 0x01, 0x35, 0x00, 0x81, 0x40, 0xE9, 0x04,
    0xFF, 0x81, 0xBF, 0x06, 0x34, 0x00, 0x80, 0xF9, 0x07, 0xFF, 0x80, 0x06, 0x32, 0x00, 0x80, 0xF9,
    0x08, 0xFF, 0x81, 0xBF, 0x01, 0x30, 0x00, 0x80, 0x90, 0x0A, 0xFF, 0x80, 0x6F, 0x30, 0x00, 0x80,
    0xFE, 0x0B, 0xFF, 0x80, 0x07, 0x2E, 0x00, 0x80, 0xE4, 0x0C, 0xFF, 0x80, 0xBF, 0x2D, 0x00, 0x81,
    0x40, 0xFE, 0x0D, 0xFF, 0x80, 0x0B, 0x2C, 0x00, 0x80, 0xE0, 0x0E, 0xFF, 0x80, 0x7F, 0x2C, 0x00,
    0x80, 0xFD, 0x06, 0xFF, 0x02, 0xAA, 0x80, 0xFE, 0x06, 0xFF, 0x80, 0x06, 0x2A, 0x00, 0x80, 0x80,
    0x05, 0xFF, 0x81, 0x6F, 0x01, 0x03, 0x00, 0x80, 0xA5, 0x05, 0xFF, 0x80, 0x2F, 0x2A, 0x00, 0x80,
    0xF4, 0x04, 0xFF, 0x80, 0x6F, 0x06, 0x00, 0x80, 0x94, 0x05, 0xFF, 0x80, 0x01, 0x29, 0x00, 0x80,
    0xFE, 0x03, 0xFF, 0x81, 0xBF, 0x01, 0x07, 0x00, 0x80, 0xE4, 0x04, 0xFF, 0x80, 0x07, 0x28, 0x00,
    0x80, 0x80, 0x04, 0xFF, 0x80, 0x06, 0x09, 0x00, 0x80, 0xFD, 0x03, 0xFF, 0x80, 0x2F, 0x28, 0x00,
    0x80, 0xF4, 0x03, 0xFF, 0x80, 0x6F, 0x0A, 0x00, 0x80, 0x90, 0x03, 0xFF, 0x80, 0xBF, 0x28, 0x00,
    0x80, 0xFD, 0x03, 0xFF, 0x80, 0x06, 0x0B, 0x00, 0x80, 0xFD, 0x03, 0xFF, 0x80, 0x07, 0x26, 0x00,
    0x80, 0x40, 0x03, 0xFF, 0x80, 0x6F, 0x0C, 0x00, 0x80, 0xD0, 0x03, 0xFF, 0x80, 0x1F, 0x26, 0x00,
    0x80, 0xE0, 0x03, 0xFF, 0x80, 0x07, 0x0D, 0x00, 0x80, 0xFE, 0x02, 0xFF, 0x80, 0x7F, 0x26, 0x00,
    0x80, 0xF8, 0x02, 0xFF, 0x80, 0xBF, 0x0E, 0x00, 0x80, 0xF4, 0x03, 0xFF, 0x80, 0x01, 0x25, 0x00,
    0x80, 0xFE, 0x02, 0xFF, 0x80, 0x1F, 0x0E, 0x00, 0x80, 0x80, 0x03, 0xFF, 0x80, 0x07, 0x24, 0x00,
    0x80, 0x40, 0x03, 0xFF, 0x80, 0x0B, 0x0F, 0x00, 0x80, 0xFD, 0x02, 0xFF, 0x80, 0x1F, 0x24, 0x00,
    0x80, 0xD0, 0x03, 0xFF, 0x80, 0x0B, 0x0F, 0x00, 0x80, 0xF4, 0x02, 0xFF, 0x80, 0x3F, 0x24, 0x00,
    0x80, 0xF4, 0x03, 0xFF, 0x80, 0x0B, 0x0F, 0x00, 0x80, 0xD0, 0x02, 0xFF, 0x80, 0xBF, 0x24, 0x00,
    0x80, 0xFC, 0x03, 0xFF, 0x80, 0x0B, 0x10, 0x00, 0x80, 0xFE, 0x02, 0xFF, 0x80, 0x02, 0x23, 0x00,
    0x80, 0xFE, 0x03, 0xFF, 0x80, 0x0B, 0x10, 0x00, 0x80, 0xF8, 0x02, 0xFF, 0x80, 0x07, 0x22, 0x00,
    0x80, 0x40, 0x04, 0xFF, 0x80, 0x0B, 0x10, 0x00, 0x80, 0xE0, 0x02, 0xFF, 0x80, 0x1F, 0x22, 0x00,
    0x80, 0xD0, 0x04, 0xFF, 0x80, 0x0B, 0x10, 0x00, 0x80, 0xC0, 0x02, 0xFF, 0x80, 0x3F, 0x22, 0x00,
    0x80, 0xF0, 0x04, 0xFF, 0x80, 0x0B, 0x11, 0x00, 0x02, 0xFF, 0x80, 0xBF, 0x22, 0x00, 0x80, 0xF8,
    0x04, 0xFF, 0x80, 0x0B, 0x09, 0x00, 0x02, 0x55, 0x80, 0x01, 0x05, 0x00, 0x80, 0xFD, 0x02, 0xFF,
    0x80, 0x01, 0x21, 0x00, 0x80, 0xFD, 0x02, 0xFF, 0x82, 0xFE, 0xFF, 0x0B, 0x08, 0x00, 0x80, 0x40,
    0x02, 0xFF, 0x80, 0x03, 0x05, 0x00, 0x80, 0xF4, 0x02, 0xFF, 0x80, 0x03, 0x21, 0x00, 0x85, 0xFE,
    0xFF, 0x7F, 0xFE, 0xFF, 0x0B, 0x08, 0x00, 0x80, 0x40, 0x02, 0xFF, 0x80, 0x03, 0x05, 0x00, 0x80,
    0xE0, 0x02, 0xFF, 0x80, 0x07, 0x20, 0x00, 0x80, 0x40, 0x02, 0xFF, 0x83, 0x2F, 0xFE, 0xFF, 0x0B,
    0x08, 0x00, 0x80, 0x40, 0x02, 0xFF, 0x80, 0x03, 0x05, 0x00, 0x80, 0xC0, 0x02, 0xFF, 0x80, 0x0F,
    0x20, 0x00, 0x80, 0xC0, 0x02, 0xFF, 0x83, 0x0F, 0xFE, 0xFF, 0x0B, 0x08, 0x00, 0x80, 0x40, 0x02,
    0xFF, 0x80, 0x03, 0x05, 0x00, 0x80, 0x40, 0x02, 0xFF, 0x80, 0x2F, 0x20, 0x00, 0x80, 0xD0, 0x02,
    0xFF, 0x83, 0x07, 0xFE, 0xFF, 0x0B, 0x08, 0x00, 0x80, 0x40, 0x02, 0xFF, 0x80, 0x03, 0x06, 0x00,
    0x82, 0xFE, 0xFF, 0x3F, 0x20, 0x00, 0x80, 0xF0, 0x02, 0xFF, 0x83, 0x02, 0xFE, 0xFF, 0x0B, 0x08,
    0x00, 0x80, 0x40, 0x02, 0xFF, 0x80, 0x03, 0x06, 0x00, 0x82, 0xFC, 0xFF, 0xBF, 0x20, 0x00, 0x80,
    0xF4, 0x02, 0xFF, 0x83, 0x00, 0xFE, 0xFF, 0x0B, 0x08, 0x00, 0x80, 0x40, 0x02, 0xFF, 0x80, 0x03,
    0x06, 0x00, 0x80, 0xF4, 0x02, 0xFF, 0x20, 0x00, 0x86, 0xFC, 0xFF, 0xBF, 0x00, 0xFE, 0xFF, 0x0B,
    0x08, 0x00, 0x80, 0x40, 0x02, 0xFF, 0x80, 0x03, 0x06, 0x00, 0x80, 0xE0, 0x02, 0xFF, 0x80, 0x02,
    0x1F, 0x00, 0x86, 0xFD, 0xFF, 0x3F, 0x00, 0xFE, 0xFF, 0x0B, 0x08, 0x00, 0x80, 0x40, 0x02, 0xFF,
    0x80, 0x03, 0x06, 0x00, 0x80, 0xD0, 0x02, 0xFF, 0x80, 0x03, 0x1F, 0x00, 0x86, 0xFE, 0xFF, 0x1F,
    0x00, 0xFE, 0xFF, 0x0B, 0x08, 0x00, 0x80, 0x40, 0x02, 0xFF, 0x80, 0x03, 0x06, 0x00, 0x80, 0x80,
    0x02, 0xFF, 0x80, 0x07, 0x1F, 0x00, 0x02, 0xFF, 0x84, 0x0F, 0x00, 0xFE, 0xFF, 0x0B, 0x08, 0x00,
    0x80, 0x40, 0x02, 0xFF, 0x80, 0x03, 0x06, 0x00, 0x80, 0x40, 0x02, 0xFF, 0x80, 0x0B, 0x1E, 0x00,
    0x80, 0x40, 0x02, 0xFF, 0x84, 0x0B, 0x00, 0xFE, 0xFF, 0x0B, 0x08, 0x00, 0x80, 0x40, 0x02, 0xFF,
    0x80, 0x03, 0x07, 0x00, 0x82, 0xFE, 0xFF, 0x1F, 0x1E, 0x00, 0x80, 0x80, 0x02, 0xFF, 0x84, 0x03,
    0x00, 0xFE, 0xFF, 0x0B, 0x08, 0x00, 0x80, 0x40, 0x02, 0xFF, 0x80, 0x03, 0x07, 0x00, 0x82, 0xFD,
    0xFF, 0x2F, 0x1E, 0x00, 0x80, 0xC0, 0x02, 0xFF, 0x84, 0x02, 0x00, 0xFE, 0xFF, 0x0B, 0x08, 0x00,
    0x80, 0x40, 0x02, 0xFF, 0x80, 0x03, 0x02, 0x00, 0x80, 0xD0, 0x02, 0xFF, 0x84, 0x1F, 0x00, 0xFC,
    0xFF, 0x3F, 0x1E, 0x00, 0x80, 0xD0, 0x02, 0xFF, 0x84, 0x01, 0x00, 0xFE, 0xFF, 0x0B, 0x08, 0x00,
    0x80, 0x40, 0x02, 0xFF, 0x80, 0x03, 0x02, 0x00, 0x80, 0xF4, 0x02, 0xFF, 0x84, 0x0B, 0x00, 0xF8,
    0xFF, 0x7F, 0x1E, 0x00, 0x80, 0xE0, 0x02, 0xFF, 0x02, 0x00, 0x82, 0xFE, 0xFF, 0x0B, 0x08, 0x00,
    0x80, 0x40, 0x02, 0xFF, 0x80, 0x03, 0x02, 0x00, 0x80, 0xFC, 0x02, 0xFF, 0x84, 0x03, 0x00, 0xF4,
    0xFF, 0x7F, 0x1E, 0x00, 0x82, 0xF0, 0xFF, 0xBF, 0x02, 0x00, 0x82, 0xFE, 0xFF, 0x0B, 0x08, 0x00,
    0x80, 0x40, 0x02, 0xFF, 0x80, 0x03, 0x02, 0x00, 0x80, 0xFE, 0x02, 0xFF, 0x84, 0x01, 0x00, 0xF0,
    0xFF, 0xBF, 0x1E, 0x00, 0x82, 0xF4, 0xFF, 0x7F, 0x02, 0x00, 0x85, 0xFE, 0xFF, 0x0B, 0x00, 0xA5,
    0x5A, 0x05, 0x00, 0x80, 0x40, 0x02, 0xFF, 0x82, 0x03, 0x00, 0x80, 0x02, 0xFF, 0x80, 0x7F, 0x02,
    0x00, 0x80, 0xE0, 0x02, 0xFF, 0x1E, 0x00, 0x82, 0xF8, 0xFF, 0x3F, 0x02, 0x00, 0x83, 0xFE, 0xFF,
    0x0B, 0xF9, 0x02, 0xFF, 0x80, 0x1B, 0x04, 0x00, 0x80, 0x40, 0x02, 0xFF, 0x82, 0x03, 0x00, 0xD0,
    0x02, 0xFF, 0x80, 0x2F, 0x02, 0x00, 0x80, 0xD0, 0x02, 0xFF, 0x80, 0x01, 0x1D, 0x00, 0x82, 0xF8,
    0xFF, 0x2F, 0x02, 0x00, 0x82, 0xFE, 0xFF, 0x9B, 0x04, 0xFF, 0x80, 0x01, 0x03, 0x00, 0x80, 0x40,
    0x02, 0xFF, 0x82, 0x03, 0x00, 0xF4, 0x02, 0xFF, 0x80, 0x0B, 0x02, 0x00, 0x80, 0xC0, 0x02, 0xFF,
    0x80, 0x01, 0x1D, 0x00, 0x82, 0xFC, 0xFF, 0x2F, 0x02, 0x00, 0x80, 0xFE, 0x06, 0xFF, 0x80, 0x1F,
    0x03, 0x00, 0x80, 0x40, 0x02, 0xFF, 0x82, 0x03, 0x00, 0xFC, 0x02, 0xFF, 0x80, 0x03, 0x02, 0x00,
    0x80, 0xC0, 0x02, 0xFF, 0x80, 0x02, 0x1D, 0x00, 0x82, 0xFC, 0xFF, 0x1F, 0x02, 0x00, 0x80, 0xFE,
    0x06, 0xFF, 0x80, 0xBF, 0x03, 0x00, 0x80, 0x40, 0x02, 0xFF, 0x82, 0x03, 0x00, 0xFE, 0x02, 0xFF,
    0x80, 0x01, 0x02, 0x00, 0x80, 0x80, 0x02, 0xFF, 0x80, 0x03, 0x1D, 0x00, 0x82, 0xFD, 0xFF, 0x0F,
    0x02, 0x00, 0x80, 0xFE, 0x07, 0xFF, 0x80, 0x02, 0x02, 0x00, 0x80, 0x40, 0x02, 0xFF, 0x81, 0x03,
    0x80, 0x02, 0xFF, 0x80, 0x7F, 0x03, 0x00, 0x80, 0x40, 0x02, 0xFF, 0x80, 0x03, 0x1D, 0x00, 0x82,
    0xFD, 0xFF, 0x0F, 0x02, 0x00, 0x80, 0xFE, 0x07, 0xFF, 0x80, 0x0B, 0x02, 0x00, 0x80, 0x40, 0x02,
    0xFF, 0x81, 0x03, 0xD0, 0x02, 0xFF, 0x80, 0x2F, 0x03, 0x00, 0x80, 0x40, 0x02, 0xFF, 0x80, 0x07,
    0x1D, 0x00, 0x82, 0xFE, 0xFF, 0x0B, 0x02, 0x00, 0x80, 0xFE, 0x07, 0xFF, 0x80, 0x2F, 0x02, 0x00,
    0x80, 0x40, 0x02, 0xFF, 0x81, 0x03, 0xF4, 0x02, 0xFF, 0x80, 0x0B, 0x04, 0x00, 0x02, 0xFF, 0x80,
    0x07, 0x1D, 0x00, 0x82, 0xFE, 0xFF, 0x0B, 0x02, 0x00, 0x80, 0xFE, 0x07, 0xFF, 0x80, 0x7F, 0x02,
    0x00, 0x80, 0x40, 0x02, 0xFF, 0x81, 0x03, 0xFC, 0x02, 0xFF, 0x80, 0x03, 0x04, 0x00, 0x02, 0xFF,
    0x80, 0x07, 0x1D, 0x00, 0x02, 0xFF, 0x80, 0x0B, 0x02, 0x00, 0x80, 0xFE, 0x03, 0xFF, 0x81, 0xAF,
    0xFE, 0x03, 0xFF, 0x02, 0x00, 0x80, 0x40, 0x02, 0xFF, 0x81, 0x03, 0xFE, 0x02, 0xFF, 0x80, 0x01,
    0x04, 0x00, 0x82, 0xFE, 0xFF, 0x0B, 0x1D, 0x00, 0x02, 0xFF, 0x80, 0x07, 0x02, 0x00, 0x80, 0xFE,
    0x02, 0xFF, 0x82, 0xBF, 0x01, 0x40, 0x03, 0xFF, 0x82, 0x02, 0x00, 0x40, 0x02, 0xFF, 0x80, 0x83,
    0x02, 0xFF, 0x80, 0x7F, 0x05, 0x00, 0x82, 0xFE, 0xFF, 0x0B, 0x1D, 0x00, 0x02, 0xFF, 0x80, 0x07,
    0x02, 0x00, 0x80, 0xFE, 0x02, 0xFF, 0x80, 0x1B, 0x02, 0x00, 0x80, 0xF8, 0x02, 0xFF, 0x82, 0x03,
    0x00, 0x40, 0x02, 0xFF, 0x80, 0xD3, 0x02, 0xFF, 0x80, 0x2F, 0x05, 0x00, 0x82, 0xFE, 0xFF, 0x0B,
    0x1D, 0x00, 0x02, 0xFF, 0x80, 0x07, 0x02, 0x00, 0x80, 0xFE, 0x02, 0xFF, 0x80, 0x02, 0x02, 0x00,
    0x80, 0xD0, 0x02, 0xFF, 0x82, 0x0B, 0x00, 0x40, 0x02, 0xFF, 0x80, 0xF7, 0x02, 0xFF, 0x80, 0x0B,
    0x05, 0x00, 0x82, 0xFE, 0xFF, 0x0B, 0x1D, 0x00, 0x02, 0xFF, 0x80, 0x07, 0x02, 0x00, 0x82, 0xFE,
    0xFF, 0xBF, 0x03, 0x00, 0x80, 0x80, 0x02, 0xFF, 0x82, 0x0F, 0x00, 0x40, 0x05, 0xFF, 0x80, 0x0B,
    0x05, 0x00, 0x82, 0xFD, 0xFF, 0x0B, 0x1D, 0x00, 0x02, 0xFF, 0x80, 0x03, 0x02, 0x00, 0x82, 0xFE,
    0xFF, 0x3F, 0x04, 0x00, 0x02, 0xFF, 0x82, 0x1F, 0x00, 0x40, 0x05, 0xFF, 0x80, 0x1F, 0x05, 0x00,
    0x82, 0xFD, 0xFF, 0x0F, 0x1D, 0x00, 0x02, 0xFF, 0x80, 0x03, 0x02, 0x00, 0x82, 0xFE, 0xFF, 0x2F,
    0x04, 0x00, 0x84, 0xFD, 0xFF, 0x1F, 0x00, 0x40, 0x05, 0xFF, 0x80, 0x2F, 0x05, 0x00, 0x82, 0xFD,
    0xFF, 0x0F, 0x1D, 0x00, 0x02, 0xFF, 0x80, 0x07, 0x02, 0x00, 0x82, 0xFE, 0xFF, 0x1F, 0x04, 0x00,
    0x84, 0xFC, 0xFF, 0x2F, 0x00, 0x40, 0x05, 0xFF, 0x80, 0x7F, 0x05, 0x00, 0x82, 0xFD, 0xFF, 0x0F,
    0x1D, 0x00, 0x02, 0xFF, 0x80, 0x07, 0x02, 0x00, 0x82, 0xFE, 0xFF, 0x0F, 0x04, 0x00, 0x84, 0xF8,
    0xFF, 0x2F, 0x00, 0x40, 0x05, 0xFF, 0x80, 0xBF, 0x05, 0x00, 0x82, 0xFE, 0xFF, 0x0B, 0x1D, 0x00,
    0x02, 0xFF, 0x80, 0x07, 0x02, 0x00, 0x82, 0xFE, 0xFF, 0x0B, 0x04, 0x00, 0x84, 0xF4, 0xFF, 0x3F,
    0x00, 0x40, 0x06, 0xFF, 0x80, 0x01, 0x04, 0x00, 0x82, 0xFE, 0xFF, 0x0B, 0x1D, 0x00, 0x02, 0xFF,
    0x80, 0x07, 0x02, 0x00, 0x82, 0xFE, 0xFF, 0x0B, 0x04, 0x00, 0x84, 0xF4, 0xFF, 0x3F, 0x00, 0x40,
    0x06, 0xFF, 0x80, 0x02, 0x04, 0x00, 0x82, 0xFE, 0xFF, 0x0B, 0x1D, 0x00, 0x02, 0xFF, 0x80, 0x07,
    0x02, 0x00, 0x82, 0xFE, 0xFF, 0x0B, 0x04, 0x00, 0x84, 0xF4, 0xFF, 0x3F, 0x00, 0x40, 0x06, 0xFF,
    0x80, 0x07, 0x04, 0x00, 0x82, 0xFE, 0xFF, 0x0B, 0x1D, 0x00, 0x82, 0xFE, 0xFF, 0x0B, 0x02, 0x00,
    0x82, 0xFE, 0xFF, 0x0F, 0x04, 0x00, 0x84, 0xF8, 0xFF, 0x2F, 0x00, 0x40, 0x03, 0xFF, 0x80, 0xAF,
    0x02, 0xFF, 0x80, 0x0B, 0x04, 0x00, 0x02, 0xFF, 0x80, 0x0B, 0x1D, 0x00, 0x82, 0xFE, 0xFF, 0x0B,
    0x02, 0x00, 0x82, 0xFD, 0xFF, 0x0F, 0x04, 0x00, 0x84, 0xFC, 0xFF, 0x2F, 0x00, 0x40, 0x03, 0xFF,
    0x80, 0x0B, 0x02, 0xFF, 0x80, 0x1F, 0x04, 0x00, 0x02, 0xFF, 0x80, 0x07, 0x1D, 0x00, 0x82, 0xFE,
    0xFF, 0x0F, 0x02, 0x00, 0x82, 0xFD, 0xFF, 0x1F, 0x04, 0x00, 0x84, 0xFD, 0xFF, 0x1F, 0x00, 0x40,
    0x03, 0xFF, 0x83, 0x03, 0xFE, 0xFF, 0x2F, 0x04, 0x00, 0x02, 0xFF, 0x80, 0x07, 0x1D, 0x00, 0x82,
    0xFD, 0xFF, 0x0F, 0x02, 0x00, 0x82, 0xFC, 0xFF, 0x3F, 0x04, 0x00, 0x84, 0xFE, 0xFF, 0x1F, 0x00,
    0x40, 0x03, 0xFF, 0x83, 0x01, 0xFC, 0xFF, 0x7F, 0x03, 0x00, 0x80, 0x40, 0x02, 0xFF, 0x80, 0x03,
    0x1D, 0x00, 0x82, 0xFD, 0xFF, 0x1F, 0x02, 0x00, 0x82, 0xF8, 0xFF, 0xBF, 0x03, 0x00, 0x80, 0x40,
    0x02, 0xFF, 0x82, 0x0F, 0x00, 0x40, 0x02, 0xFF, 0x84, 0x7F, 0x00, 0xF8, 0xFF, 0xBF, 0x03, 0x00,
    0x80, 0x40, 0x02, 0xFF, 0x80, 0x03, 0x1D, 0x00, 0x82, 0xFC, 0xFF, 0x1F, 0x02, 0x00, 0x80, 0xF4,
    0x02, 0xFF, 0x80, 0x01, 0x02, 0x00, 0x80, 0xD0, 0x02, 0xFF, 0x82, 0x0B, 0x00, 0x40, 0x02, 0xFF,
    0x82, 0x2F, 0x00, 0xF0, 0x02, 0xFF, 0x80, 0x01, 0x02, 0x00, 0x80, 0x80, 0x02, 0xFF, 0x80, 0x02,
    0x1D, 0x00, 0x82, 0xFC, 0xFF, 0x2F, 0x02, 0x00, 0x80, 0xF0, 0x02, 0xFF, 0x80, 0x0B, 0x02, 0x00,
    0x80, 0xF4, 0x02, 0xFF, 0x82, 0x07, 0x00, 0x40, 0x02, 0xFF, 0x82, 0x0B, 0x00, 0xE0, 0x02, 0xFF,
    0x80, 0x02, 0x02, 0x00, 0x80, 0xC0, 0x02, 0xFF, 0x80, 0x02, 0x1D, 0x00, 0x82, 0xF8, 0xFF, 0x3F,
    0x02, 0x00, 0x80, 0xD0, 0x02, 0xFF, 0x83, 0x6F, 0x00, 0x40, 0xFE, 0x02, 0xFF, 0x82, 0x02, 0x00,
    0x40, 0x02, 0xFF, 0x82, 0x07, 0x00, 0xC0, 0x02, 0xFF, 0x80, 0x07, 0x02, 0x00, 0x80, 0xC0, 0x02,
    0xFF, 0x80, 0x01, 0x1D, 0x00, 0x82, 0xF4, 0xFF, 0x3F, 0x02, 0x00, 0x80, 0xC0, 0x03, 0xFF, 0x81,
    0x5B, 0xF9, 0x03, 0xFF, 0x82, 0x01, 0x00, 0x40, 0x02, 0xFF, 0x82, 0x03, 0x00, 0x80, 0x02, 0xFF,
    0x80, 0x0B, 0x02, 0x00, 0x80, 0xD0, 0x02, 0xFF, 0x80, 0x01, 0x1D, 0x00, 0x82, 0xF4, 0xFF, 0x7F,
    0x02, 0x00, 0x80, 0x40, 0x07, 0xFF, 0x80, 0xBF, 0x02, 0x00, 0x80, 0x40, 0x02, 0xFF, 0x80, 0x03,
    0x02, 0x00, 0x02, 0xFF, 0x80, 0x1F, 0x02, 0x00, 0x80, 0xE0, 0x02, 0xFF, 0x1E, 0x00, 0x82, 0xF0,
    0xFF, 0xBF, 0x03, 0x00, 0x80, 0xFE, 0x06, 0xFF, 0x80, 0x2F, 0x02, 0x00, 0x80, 0x40, 0x02, 0xFF,
    0x80, 0x03, 0x02, 0x00, 0x82, 0xFE, 0xFF, 0x2F, 0x02, 0x00, 0x82, 0xF0, 0xFF, 0xBF, 0x1E, 0x00,
    0x80, 0xE0, 0x02, 0xFF, 0x03, 0x00, 0x80, 0xF8, 0x06, 0xFF, 0x80, 0x0F, 0x02, 0x00, 0x80, 0x40,
    0x02, 0xFF, 0x80, 0x03, 0x02, 0x00, 0x82, 0xFC, 0xFF, 0x7F, 0x02, 0x00, 0x82, 0xF4, 0xFF, 0x7F,
    0x1E, 0x00, 0x80, 0xD0, 0x02, 0xFF, 0x80, 0x01, 0x02, 0x00, 0x80, 0xE0, 0x06, 0xFF, 0x80, 0x03,
    0x02, 0x00, 0x80, 0x40, 0x02, 0xFF, 0x80, 0x03, 0x02, 0x00, 0x82, 0xF8, 0xFF, 0xBF, 0x02, 0x00,
    0x82, 0xF8, 0xFF, 0x3F, 0x1E, 0x00, 0x80, 0xC0, 0x02, 0xFF, 0x80, 0x03, 0x02, 0x00, 0x80, 0x80,
    0x05, 0xFF, 0x80, 0xBF, 0x03, 0x00, 0x80, 0x40, 0x02, 0xFF, 0x80, 0x03, 0x02, 0x00, 0x80, 0xF0,
    0x02, 0xFF, 0x84, 0x01, 0x00, 0xFC, 0xFF, 0x2F, 0x1E, 0x00, 0x80, 0x80, 0x02, 0xFF, 0x80, 0x07,
    0x03, 0x00, 0x80, 0xFD, 0x04, 0xFF, 0x80, 0x2F, 0x03, 0x00, 0x80, 0x40, 0x02, 0xFF, 0x80, 0x03,
    0x02, 0x00, 0x80, 0xE0, 0x02, 0xFF, 0x84, 0x02, 0x00, 0xFE, 0xFF, 0x1F, 0x1E, 0x00, 0x80, 0x40,
    0x02, 0xFF, 0x80, 0x0B, 0x03, 0x00, 0x80, 0xE0, 0x04, 0xFF, 0x80, 0x06, 0x03, 0x00, 0x80, 0x40,
    0x02, 0xFF, 0x80, 0x03, 0x02, 0x00, 0x80, 0xD0, 0x02, 0xFF, 0x81, 0x07, 0x00, 0x02, 0xFF, 0x80,
    0x0F, 0x1F, 0x00, 0x02, 0xFF, 0x80, 0x1F, 0x04, 0x00, 0x80, 0xFE, 0x02, 0xFF, 0x80, 0x6F, 0x04,
    0x00, 0x80, 0x40, 0x02, 0xFF, 0x80, 0x03, 0x02, 0x00, 0x80, 0x80, 0x02, 0xFF, 0x81, 0x0B, 0x40,
    0x02, 0xFF, 0x80, 0x0B, 0x1F, 0x00, 0x82, 0xFE, 0xFF, 0x2F, 0x04, 0x00, 0x83, 0x50, 0xFA, 0x6B,
    0x01, 0x05, 0x00, 0x02, 0x55, 0x80, 0x01, 0x02, 0x00, 0x80, 0x40, 0x02, 0xFF, 0x81, 0x1F, 0xC0,
    0x02, 0xFF, 0x80, 0x07, 0x1F, 0x00, 0x82, 0xFC, 0xFF, 0x7F, 0x13, 0x00, 0x83, 0xFE, 0xFF, 0x2F,
    0xD0, 0x02, 0xFF, 0x80, 0x03, 0x1F, 0x00, 0x82, 0xF8, 0xFF, 0xBF, 0x13, 0x00, 0x83, 0xFD, 0xFF,
    0x7F, 0xF0, 0x02, 0xFF, 0x80, 0x01, 0x1F, 0x00, 0x80, 0xF4, 0x02, 0xFF, 0x80, 0x01, 0x12, 0x00,
    0x83, 0xF8, 0xFF, 0xBF, 0xF8, 0x02, 0xFF, 0x20, 0x00, 0x80, 0xE0, 0x02, 0xFF, 0x80, 0x03, 0x12,
    0x00, 0x80, 0xF4, 0x02, 0xFF, 0x82, 0xFD, 0xFF, 0x7F, 0x20, 0x00, 0x80, 0xD0, 0x02, 0xFF, 0x80,
    0x0B, 0x12, 0x00, 0x80, 0xE0, 0x04, 0xFF, 0x80, 0x3F, 0x20, 0x00, 0x80, 0x80, 0x02, 0xFF, 0x80,
    0x1F, 0x12, 0x00, 0x80, 0xD0, 0x04, 0xFF, 0x80, 0x1F, 0x21, 0x00, 0x02, 0xFF, 0x80, 0x3F, 0x12,
    0x00, 0x80, 0x80, 0x04, 0xFF, 0x80, 0x0B, 0x21, 0x00, 0x82, 0xFE, 0xFF, 0xBF, 0x12, 0x00, 0x80,
    0x40, 0x04, 0xFF, 0x80, 0x07, 0x21, 0x00, 0x80, 0xFC, 0x02, 0xFF, 0x80, 0x01, 0x12, 0x00, 0x80,
    0xFE, 0x03, 0xFF, 0x80, 0x02, 0x21, 0x00, 0x80, 0xF4, 0x02, 0xFF, 0x80, 0x07, 0x12, 0x00, 0x80,
    0xFD, 0x03, 0xFF, 0x22, 0x00, 0x80, 0xE0, 0x02, 0xFF, 0x80, 0x1F, 0x12, 0x00, 0x80, 0xF8, 0x02,
    0xFF, 0x80, 0x7F, 0x22, 0x00, 0x80, 0xC0, 0x02, 0xFF, 0x80, 0x3F, 0x12, 0x00, 0x80, 0xF4, 0x02,
    0xFF, 0x80, 0x2F, 0x22, 0x00, 0x80, 0x40, 0x03, 0xFF, 0x12, 0x00, 0x80, 0xF4, 0x02, 0xFF, 0x80,
    0x0F, 0x23, 0x00, 0x80, 0xFD, 0x02, 0xFF, 0x80, 0x03, 0x11, 0x00, 0x80, 0xFD, 0x02, 0xFF, 0x80,
    0x07, 0x23, 0x00, 0x80, 0xF8, 0x02, 0xFF, 0x80, 0x0F, 0x10, 0x00, 0x80, 0x40, 0x03, 0xFF, 0x80,
    0x01, 0x23, 0x00, 0x80, 0xE0, 0x02, 0xFF, 0x80, 0x7F, 0x10, 0x00, 0x80, 0xD0, 0x02, 0xFF, 0x80,
    0xBF, 0x24, 0x00, 0x80, 0xC0, 0x03, 0xFF, 0x80, 0x01, 0x0F, 0x00, 0x80, 0xF8, 0x02, 0xFF, 0x80,
    0x2F, 0x24, 0x00, 0x80, 0x40, 0x03, 0xFF, 0x80, 0x0B, 0x0F, 0x00, 0x80, 0xFE, 0x02, 0xFF, 0x80,
    0x0B, 0x25, 0x00, 0x80, 0xFD, 0x02, 0xFF, 0x80, 0x6F, 0x0E, 0x00, 0x80, 0xD0, 0x03, 0xFF, 0x80,
    0x02, 0x25, 0x00, 0x80, 0xF4, 0x03, 0xFF, 0x80, 0x01, 0x0D, 0x00, 0x80, 0xF8, 0x02, 0xFF, 0x80,
    0xBF, 0x26, 0x00, 0x80, 0xD0, 0x03, 0xFF, 0x80, 0x1B, 0x0C, 0x00, 0x80, 0x40, 0x03, 0xFF, 0x80,
    0x2F, 0x26, 0x00, 0x80, 0x40, 0x03, 0xFF, 0x80, 0xBF, 0x0C, 0x00, 0x80, 0xE4, 0x03, 0xFF, 0x80,
    0x0B, 0x27, 0x00, 0x80, 0xFC, 0x03, 0xFF, 0x80, 0x0B, 0x0A, 0x00, 0x81, 0x40, 0xFE, 0x03, 0xFF,
    0x80, 0x02, 0x27, 0x00, 0x80, 0xE0, 0x03, 0xFF, 0x81, 0xBF, 0x01, 0x09, 0x00, 0x80, 0xE4, 0x03,
    0xFF, 0x80, 0xBF, 0x28, 0x00, 0x80, 0x80, 0x04, 0xFF, 0x80, 0x1B, 0x08, 0x00, 0x80, 0x40, 0x04,
    0xFF, 0x80, 0x1F, 0x29, 0x00, 0x80, 0xFD, 0x04, 0xFF, 0x80, 0x06, 0x07, 0x00, 0x80, 0xF9, 0x04,
    0xFF, 0x80, 0x02, 0x29, 0x00, 0x80, 0xE0, 0x04, 0xFF, 0x81, 0xBF, 0x05, 0x05, 0x00, 0x80, 0xE9,
    0x04, 0xFF, 0x80, 0xBF, 0x2A, 0x00, 0x80, 0x40, 0x06, 0xFF, 0x80, 0x5A, 0x02, 0x00, 0x81, 0x54,
    0xFA, 0x05, 0xFF, 0x80, 0x1B, 0x2B, 0x00, 0x80, 0xF8, 0x0F, 0xFF, 0x80, 0x01, 0x2B, 0x00, 0x80,
    0x90, 0x0E, 0xFF, 0x80, 0x2F, 0x2D, 0x00, 0x80, 0xF9, 0x0D, 0xFF, 0x80, 0x06, 0x2D, 0x00, 0x80,
    0x90, 0x0C, 0xFF, 0x80, 0x6F, 0x2F, 0x00, 0x80, 0xF9, 0x0B, 0xFF, 0x80, 0x02, 0x2F, 0x00, 0x81,
    0x40, 0xFE, 0x09, 0xFF, 0x80, 0x1B, 0x31, 0x00, 0x80, 0xA4, 0x08, 0xFF, 0x80, 0x6F, 0x33, 0x00,
    0x80, 0xE4, 0x06, 0xFF, 0x81, 0xAF, 0x01, 0x34, 0x00, 0x81, 0x94, 0xFE, 0x03, 0xFF, 0x81, 0x6B,
    0x01, 0x37, 0x00, 0x82, 0x54, 0x55, 0x01, 0x7F, 0x00, 0x7F, 0x00, 0x7F, 0x00, 0x7F, 0x00, 0x7A,
    0x00, 0x02, 0xFD, 0x06, 0x00, 0x00, 0x01, 0x00, 0x01, 0xFF, 0x32, 0x00, 0x05, 0xFA, 0xD2, 0x0A,
    0x00, 0x7F, 0x00, 0x13, 0x00, 0x80, 0x54, 0x02, 0xAA, 0x81, 0x5A, 0x01, 0x35, 0x00, 0x81, 0x40,
    0xE9, 0x04, 0xFF, 0x81, 0xBF, 0x06, 0x34, 0x00, 0x80, 0xF9, 0x07, 0xFF, 0x80, 0x06, 0x32, 0x00,
    0x80, 0xF9, 0x08, 0xFF, 0x81, 0xBF, 0x01, 0x30, 0x00, 0x80, 0x90, 0x0A, 0xFF, 0x80, 0x6F, 0x30,
    0x00, 0x80, 0xFE, 0x0B, 0xFF, 0x80, 0x07, 0x2E, 0x00, 0x80, 0xE4, 0x0C, 0xFF, 0x80, 0xBF, 0x2D,
    0x00, 0x81, 0x40, 0xFE, 0x0D, 0xFF, 0x80, 0x0B, 0x2C, 0x00, 0x80, 0xE0, 0x0E, 0xFF, 0x80, 0x7F,
    0x2C, 0x00, 0x80, 0xFD, 0x06, 0xFF, 0x02, 0xAA, 0x80, 0xFE, 0x06, 0xFF, 0x80, 0x06, 0x2A, 0x00,
    0x80, 0x80, 0x05, 0xFF, 0x81, 0x6F, 0x01, 0x03, 0x00, 0x80, 0xA5, 0x05, 0xFF, 0x80, 0x2F, 0x2A,
    0x00, 0x80, 0xF4, 0x04, 0xFF, 0x80, 0x6F, 0x06, 0x00, 0x80, 0x94, 0x05, 0xFF, 0x80, 0x01, 0x29,
    0x00, 0x80, 0xFE, 0x03, 0xFF, 0x81, 0xBF, 0x01, 0x07, 0x00, 0x80, 0xE4, 0x04, 0xFF, 0x80, 0x07,
    0x28, 0x00, 0x80, 0x80, 0x04, 0xFF, 0x80, 0x06, 0x09, 0x00, 0x80, 0xFD, 0x03, 0xFF, 0x80, 0x2F,
    0x28, 0x00, 0x80, 0xF4, 0x03, 0xFF, 0x80, 0x6F, 0x0A, 0x00, 0x80, 0x90, 0x03, 0xFF, 0x80, 0xBF,
    0x28, 0x00, 0x80, 0xFD, 0x03, 0xFF, 0x80, 0x06, 0x0B, 0x00, 0x80, 0xFD, 0x03, 0xFF, 0x80, 0x07,
    0x26, 0x00, 0x80, 0x40, 0x03, 0xFF, 0x80, 0x6F, 0x0C, 0x00, 0x80, 0xD0, 0x03, 0xFF, 0x80, 0x1F,
    0x26, 0x00, 0x80, 0xE0, 0x03, 0xFF, 0x80, 0x07, 0x0D, 0x00, 0x80, 0xFE, 0x02, 0xFF, 0x80, 0x7F,
    0x26, 0x00, 0x80, 0xF8, 0x02, 0xFF, 0x80, 0xBF, 0x0E, 0x00, 0x80, 0xF4, 0x03, 0xFF, 0x80, 0x01,
    0x25, 0x00, 0x80, 0xFE, 0x02, 0xFF, 0x80, 0x1F, 0x0E, 0x00, 0x80, 0x80, 0x03, 0xFF, 0x80, 0x07,
    0x24, 0x00, 0x80, 0x40, 0x03, 0xFF, 0x80, 0x0B, 0x0F, 0x00, 0x80, 0xFD, 0x02, 0xFF, 0x80, 0x1F,
    0x24, 0x00, 0x80, 0xD0, 0x03, 0xFF, 0x80, 0x0B, 0x0F, 0x00, 0x80, 0xF4, 0x02, 0xFF, 0x80, 0x3F,
    0x24, 0x00, 0x80, 0xF4, 0x03, 0xFF, 0x80, 0x0B, 0x0F, 0x00, 0x80, 0xD0, 0x02, 0xFF, 0x80, 0xBF,
    0x24, 0x00, 0x80, 0xFC, 0x03, 0xFF, 0x80, 0x0B, 0x10, 0x00, 0x80, 0xFE, 0x02, 0xFF, 0x80, 0x02,
    0x23, 0x00, 0x80, 0xFE, 0x03, 0xFF, 0x80, 0x0B, 0x10, 0x00, 0x80, 0xF8, 0x02, 0xFF, 0x80, 0x07,
    0x22, 0x00, 0x80, 0x40, 0x04, 0xFF, 0x80, 0x0B, 0x10, 0x00, 0x80, 0xE0, 0x02, 0xFF, 0x80, 0x1F,
    0x22, 0x00, 0x80, 0xD0, 0x04, 0xFF, 0x80, 0x0B, 0x10, 0x00, 0x80, 0xC0, 0x02, 0xFF, 0x80, 0x3F,
    0x22, 0x00, 0x80, 0xF0, 0x04, 0xFF, 0x80, 0x0B, 0x11, 0x00, 0x02, 0xFF, 0x80, 0xBF, 0x22, 0x00,
    0x80, 0xF8, 0x04, 0xFF, 0x80, 0x0B, 0x09, 0x00, 0x02, 0x55, 0x80, 0x01, 0x05, 0x00, 0x80, 0xFD,
    0x02, 0xFF, 0x80, 0x01, 0x21, 0x00, 0x80, 0xFD, 0x02, 0xFF, 0x82, 0xFE, 0xFF, 0x0B, 0x08, 0x00,
    0x80, 0x40, 0x02, 0xFF, 0x80, 0x03, 0x05, 0x00, 0x80, 0xF4, 0x02, 0xFF, 0x80, 0x03, 0x21, 0x00,
    0x85, 0xFE, 0xFF, 0x7F, 0xFE, 0xFF, 0x0B, 0x08, 0x00, 0x80, 0x40, 0x02, 0xFF, 0x80, 0x03, 0x05,
    0x00, 0x80, 0xE0, 0x02, 0xFF, 0x80, 0x07, 0x20, 0x00, 0x80, 0x40, 0x02, 0xFF, 0x83, 0x2F, 0xFE,
    0xFF, 0x0B, 0x08, 0x00, 0x80, 0x40, 0x02, 0xFF, 0x80, 0x03, 0x05, 0x00, 0x80, 0xC0, 0x02, 0xFF,
    0x80, 0x0F, 0x20, 0x00, 0x80, 0xC0, 0x02, 0xFF, 0x83, 0x0F, 0xFE, 0xFF, 0x0B, 0x08, 0x00, 0x80,
    0x40, 0x02, 0xFF, 0x80, 0x03, 0x05, 0x00, 0x80, 0x40, 0x02, 0xFF, 0x80, 0x2F, 0x20, 0x00, 0x80,
    0xD0, 0x02, 0xFF, 0x83, 0x07, 0xFE, 0xFF, 0x0B, 0x08, 0x00, 0x80, 0x40, 0x02, 0xFF, 0x80, 0x03,
    0x06, 0x00, 0x82, 0xFE, 0xFF, 0x3F, 0x20, 0x00, 0x80, 0xF0, 0x02, 0xFF, 0x83, 0x02, 0xFE, 0xFF,
    0x0B, 0x08, 0x00, 0x80, 0x40, 0x02, 0xFF, 0x80, 0x03, 0x06, 0x00, 0x82, 0xFC, 0xFF, 0xBF, 0x20,
    0x00, 0x80, 0xF4, 0x02, 0xFF, 0x83, 0x00, 0xFE, 0xFF, 0x0B, 0x08, 0x00, 0x80, 0x40, 0x02, 0xFF,
    0x80, 0x03, 0x06, 0x00, 0x80, 0xF4, 0x02, 0xFF, 0x20, 0x00, 0x86, 0xFC, 0xFF, 0xBF, 0x00, 0xFE,
    0xFF, 0x0B, 0x08, 0x00, 0x80, 0x40, 0x02, 0xFF, 0x80, 0x03, 0x06, 0x00, 0x80, 0xE0, 0x02, 0xFF,
    0x80, 0x02, 0x1F, 0x00, 0x86, 0xFD, 0xFF, 0x3F, 0x00, 0xFE, 0xFF, 0x0B, 0x08, 0x00, 0x80, 0x40,
    0x02, 0xFF, 0x80, 0x03, 0x06, 0x00, 0x80, 0xD0, 0x02, 0xFF, 0x80, 0x03, 0x1F, 0x00, 0x86, 0xFE,
    0xFF, 0x1F, 0x00, 0xFE, 0xFF, 0x0B, 0x08, 0x00, 0x80, 0x40, 0x02, 0xFF, 0x80, 0x03, 0x06, 0x00,
    0x80, 0x80, 0x02, 0xFF, 0x80, 0x07, 0x1F, 0x00, 0x02, 0xFF, 0x84, 0x0F, 0x00, 0xFE, 0xFF, 0x0B,
    0x08, 0x00, 0x80, 0x40, 0x02, 0xFF, 0x80, 0x03, 0x06, 0x00, 0x80, 0x40, 0x02, 0xFF, 0x80, 0x0B,
    0x1E, 0x00, 0x80, 0x40, 0x02, 0xFF, 0x84, 0x0B, 0x00, 0xFE, 0xFF, 0x0B, 0x08, 0x00, 0x80, 0x40,
    0x02, 0xFF, 0x80, 0x03, 0x07, 0x00, 0x82, 0xFE, 0xFF, 0x1F, 0x1E, 0x00, 0x80, 0x80, 0x02, 0xFF,
    0x84, 0x03, 0x00, 0xFE, 0xFF, 0x0B, 0x08, 0x00, 0x80, 0x40, 0x02, 0xFF, 0x80, 0x03, 0x07, 0x00,
    0x82, 0xFD, 0xFF, 0x2F, 0x1E, 0x00, 0x80, 0xC0, 0x02, 0xFF, 0x84, 0x02, 0x00, 0xFE, 0xFF, 0x0B,
    0x08, 0x00, 0x80, 0x40, 0x02, 0xFF, 0x80, 0x03, 0x02, 0x00, 0x80, 0xD0, 0x02, 0xFF, 0x84, 0x1F,
    0x00, 0xFC, 0xFF, 0x3F, 0x1E, 0x00, 0x80, 0xD0, 0x02, 0xFF, 0x84, 0x01, 0x00, 0xFE, 0xFF, 0x0B,
    0x08, 0x00, 0x80, 0x40, 0x02, 0xFF, 0x80, 0x03, 0x02, 0x00, 0x80, 0xF4, 0x02, 0xFF, 0x84, 0x0B,
    0x00, 0xF8, 0xFF, 0x7F, 0x1E, 0x00, 0x80, 0xE0, 0x02, 0xFF, 0x02, 0x00, 0x82, 0xFE, 0xFF, 0x0B,
    0x08, 0x00, 0x80, 0x40, 0x02, 0xFF, 0x80, 0x03, 0x02, 0x00, 0x80, 0xFC, 0x02, 0xFF, 0x84, 0x03,
    0x00, 0xF4, 0xFF, 0x7F, 0x1E, 0x00, 0x82, 0xF0, 0xFF, 0xBF, 0x02, 0x00, 0x82, 0xFE, 0xFF, 0x0B,
    0x08, 0x00, 0x80, 0x40, 0x02, 0xFF, 0x80, 0x03, 0x02, 0x00, 0x80, 0xFE, 0x02, 0xFF, 0x84, 0x01,
    0x00, 0xF0, 0xFF, 0xBF, 0x1E, 0x00, 0x82, 0xF4, 0xFF, 0x7F, 0x02, 0x00, 0x85, 0xFE, 0xFF, 0x0B,
    0x00, 0xA5, 0x5A, 0x05, 0x00, 0x80, 0x40, 0x02, 0xFF, 0x82, 0x03, 0x00, 0x80, 0x02, 0xFF, 0x80,
    0x7F, 0x02, 0x00, 0x80, 0xE0, 0x02, 0xFF, 0x1E, 0x00, 0x82, 0xF8, 0xFF, 0x3F, 0x02, 0x00, 0x83,
    0xFE, 0xFF, 0x0B, 0xF9, 0x02, 0xFF, 0x80, 0x1B, 0x04, 0x00, 0x80, 0x40, 0x02, 0xFF, 0x82, 0x03,
    0x00, 0xD0, 0x02, 0xFF, 0x80, 0x2F, 0x02, 0x00, 0x80, 0xD0, 0x02, 0xFF, 0x80, 0x01, 0x1D, 0x00,
    0x82, 0xF8, 0xFF, 0x2F, 0x02, 0x00, 0x82, 0xFE, 0xFF, 0x9B, 0x04, 0xFF, 0x80, 0x01, 0x03, 0x00,
    0x80, 0x40, 0x02, 0xFF, 0x82, 0x03, 0x00, 0xF4, 0x02, 0xFF, 0x80, 0x0B, 0x02, 0x00, 0x80, 0xC0,
    0x02, 0xFF, 0x80, 0x01, 0x1D, 0x00, 0x82, 0xFC, 0xFF, 0x2F, 0x02, 0x00, 0x80, 0xFE, 0x06, 0xFF,
    0x80, 0x1F, 0x03, 0x00, 0x80, 0x40, 0x02, 0xFF, 0x82, 0x03, 0x00, 0xFC, 0x02, 0xFF, 0x80, 0x03,
    0x02, 0x00, 0x80, 0xC0, 0x02, 0xFF, 0x80, 0x02, 0x1D, 0x00, 0x82, 0xFC, 0xFF, 0x1F, 0x02, 0x00,
    0x80, 0xFE, 0x06, 0xFF, 0x80, 0xBF, 0x03, 0x00, 0x80, 0x40, 0x02, 0xFF, 0x82, 0x03, 0x00, 0xFE,
    0x02, 0xFF, 0x80, 0x01, 0x02, 0x00, 0x80, 0x80, 0x02, 0xFF, 0x80, 0x03, 0x1D, 0x00, 0x82, 0xFD,
    0xFF, 0x0F, 0x02, 0x00, 0x80, 0xFE, 0x07, 0xFF, 0x80, 0x02, 0x02, 0x00, 0x80, 0x40, 0x02, 0xFF,
    0x81, 0x03, 0x80, 0x02, 0xFF, 0x80, 0x7F, 0x03, 0x00, 0x80, 0x40, 0x02, 0xFF, 0x80, 0x03, 0x1D,
    0x00, 0x82, 0xFD, 0xFF, 0x0F, 0x02, 0x00, 0x80, 0xFE, 0x07, 0xFF, 0x80, 0x0B, 0x02, 0x00, 0x80,
    0x40, 0x02, 0xFF, 0x81, 0x03, 0xD0, 0x02, 0xFF, 0x80, 0x2F, 0x03, 0x00, 0x80, 0x40, 0x02, 0xFF,
    0x80, 0x07, 0x1D, 0x00, 0x82, 0xFE, 0xFF, 0x0B, 0x02, 0x00, 0x80, 0xFE, 0x07, 0xFF, 0x80, 0x2F,
    0x02, 0x00, 0x80, 0x40, 0x02, 0xFF, 0x81, 0x03, 0xF4, 0x02, 0xFF, 0x80, 0x0B, 0x04, 0x00, 0x02,
    0xFF, 0x80, 0x07, 0x1D, 0x00, 0x82, 0xFE, 0xFF, 0x0B, 0x02, 0x00, 0x80, 0xFE, 0x07, 0xFF, 0x80,
    0x7F, 0x02, 0x00, 0x80, 0x40, 0x02, 0xFF, 0x81, 0x03, 0xFC, 0x02, 0xFF, 0x80, 0x03, 0x04, 0x00,
    0x02, 0xFF, 0x80, 0x07, 0x1D, 0x00, 0x02, 0xFF, 0x80, 0x0B, 0x02, 0x00, 0x80, 0xFE, 0x03, 0xFF,
    0x81, 0xAF, 0xFE, 0x03, 0xFF, 0x02, 0x00, 0x80, 0x40, 0x02, 0xFF, 0x81, 0x03, 0xFE, 0x02, 0xFF,
    0x80, 0x01, 0x04, 0x00, 0x82, 0xFE, 0xFF, 0x0B, 0x1D, 0x00, 0x02, 0xFF, 0x80, 0x07, 0x02, 0x00,
    0x80, 0xFE, 0x02, 0xFF, 0x82, 0xBF, 0x01, 0x40, 0x03, 0xFF, 0x82, 0x02, 0x00, 0x40, 0x02, 0xFF,
    0x80, 0x83, 0x02, 0xFF, 0x80, 0x7F, 0x05, 0x00, 0x82, 0xFE, 0xFF, 0x0B, 0x1D, 0x00, 0x02, 0xFF,
    0x80, 0x07, 0x02, 0x00, 0x80, 0xFE, 0x02, 0xFF, 0x80, 0x1B, 0x02, 0x00, 0x80, 0xF8, 0x02, 0xFF,
    0x82, 0x03, 0x00, 0x40, 0x02, 0xFF, 0x80, 0xD3, 0x02, 0xFF, 0x80, 0x2F, 0x05, 0x00, 0x82, 0xFE,
    0xFF, 0x0B, 0x1D, 0x00, 0x02, 0xFF, 0x80, 0x07, 0x02, 0x00, 0x80, 0xFE, 0x02, 0xFF, 0x80, 0x02,
    0x02, 0x00, 0x80, 0xD0, 0x02, 0xFF, 0x82, 0x0B, 0x00, 0x40, 0x02, 0xFF, 0x80, 0xF7, 0x02, 0xFF,
    0x80, 0x0B, 0x05, 0x00, 0x82, 0xFE, 0xFF, 0x0B, 0x1D, 0x00, 0x02, 0xFF, 0x80, 0x07, 0x02, 0x00,
    0x82, 0xFE, 0xFF, 0xBF, 0x03, 0x00, 0x80, 0x80, 0x02, 0xFF, 0x82, 0x0F, 0x00, 0x40, 0x05, 0xFF,
    0x80, 0x0B, 0x05, 0x00, 0x82, 0xFD, 0xFF, 0x0B, 0x1D, 0x00, 0x02, 0xFF, 0x80, 0x03, 0x02, 0x00,
    0x82, 0xFE, 0xFF, 0x3F, 0x04, 0x00, 0x02, 0xFF, 0x82, 0x1F, 0x00, 0x40, 0x05, 0xFF, 0x80, 0x1F,
    0x05, 0x00, 0x82, 0xFD, 0xFF, 0x0F, 0x1D, 0x00, 0x02, 0xFF, 0x80, 0x03, 0x02, 0x00, 0x82, 0xFE,
    0xFF, 0x2F, 0x04, 0x00, 0x84, 0xFD, 0xFF, 0x1F, 0x00, 0x40, 0x05, 0xFF, 0x80, 0x2F, 0x05, 0x00,
    0x82, 0xFD, 0xFF, 0x0F, 0x1D, 0x00, 0x02, 0xFF, 0x80, 0x07, 0x02, 0x00, 0x82, 0xFE, 0xFF, 0x1F,
    0x04, 0x00, 0x84, 0xFC, 0xFF, 0x2F, 0x00, 0x40, 0x05, 0xFF, 0x80, 0x7F, 0x05, 0x00, 0x82, 0xFD,
    0xFF, 0x0F, 0x1D, 0x00, 0x02, 0xFF, 0x80, 0x07, 0x02, 0x00, 0x82, 0xFE, 0xFF, 0x0F, 0x04, 0x00,
    0x84, 0xF8, 0xFF, 0x2F, 0x00, 0x40, 0x05, 0xFF, 0x80, 0xBF, 0x05, 0x00, 0x82, 0xFE, 0xFF, 0x0B,
    0x1D, 0x00, 0x02, 0xFF, 0x80, 0x07, 0x02, 0x00, 0x82, 0xFE, 0xFF, 0x0B, 0x04, 0x00, 0x84, 0xF4,
    0xFF, 0x3F, 0x00, 0x40, 0x06, 0xFF, 0x80, 0x01, 0x04, 0x00, 0x82, 0xFE, 0xFF, 0x0B, 0x1D, 0x00,
    0x02, 0xFF, 0x80, 0x07, 0x02, 0x00, 0x82, 0xFE, 0xFF, 0x0B, 0x04, 0x00, 0x84, 0xF4, 0xFF, 0x3F,
    0x00, 0x40, 0x06, 0xFF, 0x80, 0x02, 0x04, 0x00, 0x82, 0xFE, 0xFF, 0x0B, 0x1D, 0x00, 0x02, 0xFF,
    0x80, 0x07, 0x02, 0x00, 0x82, 0xFE, 0xFF, 0x0B, 0x04, 0x00, 0x84, 0xF4, 0xFF, 0x3F, 0x00, 0x40,
    0x06, 0xFF, 0x80, 0x07, 0x04, 0x00, 0x82, 0xFE, 0xFF, 0x0B, 0x1D, 0x00, 0x82, 0xFE, 0xFF, 0x0B,
    0x02, 0x00, 0x82, 0xFE, 0xFF, 0x0F, 0x04, 0x00, 0x84, 0xF8, 0xFF, 0x2F, 0x00, 0x40, 0x03, 0xFF,
    0x80, 0xAF, 0x02, 0xFF, 0x80, 0x0B, 0x04, 0x00, 0x02, 0xFF, 0x80, 0x0B, 0x1D, 0x00, 0x82, 0xFE,
    0xFF, 0x0B, 0x02, 0x00, 0x82, 0xFD, 0xFF, 0x0F, 0x04, 0x00, 0x84, 0xFC, 0xFF, 0x2F, 0x00, 0x40,
    0x03, 0xFF, 0x80, 0x0B, 0x02, 0xFF, 0x80, 0x1F, 0x04, 0x00, 0x02, 0xFF, 0x80, 0x07, 0x1D, 0x00,
    0x82, 0xFE, 0xFF, 0x0F, 0x02, 0x00, 0x82, 0xFD, 0xFF, 0x1F, 0x04, 0x00, 0x84, 0xFD, 0xFF, 0x1F,
    0x00, 0x40, 0x03, 0xFF, 0x83, 0x03, 0xFE, 0xFF, 0x2F, 0x04, 0x00, 0x02, 0xFF, 0x80, 0x07, 0x1D,
    0x00, 0x82, 0xFD, 0xFF, 0x0F, 0x02, 0x00, 0x82, 0xFC, 0xFF, 0x3F, 0x04, 0x00, 0x84, 0xFE, 0xFF,
    0x1F, 0x00, 0x40, 0x03, 0xFF, 0x83, 0x01, 0xFC, 0xFF, 0x7F, 0x03, 0x00, 0x80, 0x40, 0x02, 0xFF,
    0x80, 0x03, 0x1D, 0x00, 0x82, 0xFD, 0xFF, 0x1F, 0x02, 0x00, 0x82, 0xF8, 0xFF, 0xBF, 0x03, 0x00,
    0x80, 0x40, 0x02, 0xFF, 0x82, 0x0F, 0x00, 0x40, 0x02, 0xFF, 0x84, 0x7F, 0x00, 0xF8, 0xFF, 0xBF,
    0x03, 0x00, 0x80, 0x40, 0x02, 0xFF, 0x80, 0x03, 0x1D, 0x00, 0x82, 0xFC, 0xFF, 0x1F, 0x02, 0x00,
    0x80, 0xF4, 0x02, 0xFF, 0x80, 0x01, 0x02, 0x00, 0x80, 0xD0, 0x02, 0xFF, 0x82, 0x0B, 0x00, 0x40,
    0x02, 0xFF, 0x82, 0x2F, 0x00, 0xF0, 0x02, 0xFF, 0x80, 0x01, 0x02, 0x00, 0x80, 0x80, 0x02, 0xFF,
    0x80, 0x02, 0x1D, 0x00, 0x82, 0xFC, 0xFF, 0x2F, 0x02, 0x00, 0x80, 0xF0, 0x02, 0xFF, 0x80, 0x0B,
    0x02, 0x00, 0x80, 0xF4, 0x02, 0xFF, 0x82, 0x07, 0x00, 0x40, 0x02, 0xFF, 0x82, 0x0B, 0x00, 0xE0,
    0x02, 0xFF, 0x80, 0x02, 0x02, 0x00, 0x80, 0xC0, 0x02, 0xFF, 0x80, 0x02, 0x1D, 0x00, 0x82, 0xF8,
    0xFF, 0x3F, 0x02, 0x00, 0x80, 0xD0, 0x02, 0xFF, 0x83, 0x6F, 0x00, 0x40, 0xFE, 0x02, 0xFF, 0x82,
    0x02, 0x00, 0x40, 0x02, 0xFF, 0x82, 0x07, 0x00, 0xC0, 0x02, 0xFF, 0x80, 0x07, 0x02, 0x00, 0x80,
    0xC0, 0x02, 0xFF, 0x80, 0x01, 0x1D, 0x00, 0x82, 0xF4, 0xFF, 0x3F, 0x02, 0x00, 0x80, 0xC0, 0x03,
    0xFF, 0x81, 0x5B, 0xF9, 0x03, 0xFF, 0x82, 0x01, 0x00, 0x40, 0x02, 0xFF, 0x82, 0x03, 0x00, 0x80,
    0x02, 0xFF, 0x80, 0x0B, 0x02, 0x00, 0x80, 0xD0, 0x02, 0xFF, 0x80, 0x01, 0x1D, 0x00, 0x82, 0xF4,
    0xFF, 0x7F, 0x02, 0x00, 0x80, 0x40, 0x07, 0xFF, 0x80, 0xBF, 0x02, 0x00, 0x80, 0x40, 0x02, 0xFF,
    0x80, 0x03, 0x02, 0x00, 0x02, 0xFF, 0x80, 0x1F, 0x02, 0x00, 0x80, 0xE0, 0x02, 0xFF, 0x1E, 0x00,
    0x82, 0xF0, 0xFF, 0xBF, 0x03, 0x00, 0x80, 0xFE, 0x06, 0xFF, 0x80, 0x2F, 0x02, 0x00, 0x80, 0x40,
    0x02, 0xFF, 0x80, 0x03, 0x02, 0x00, 0x82, 0xFE, 0xFF, 0x2F, 0x02, 0x00, 0x82, 0xF0, 0xFF, 0xBF,
    0x1E, 0x00, 0x80, 0xE0, 0x02, 0xFF, 0x03, 0x00, 0x80, 0xF8, 0x06, 0xFF, 0x80, 0x0F, 0x02, 0x00,
    0x80, 0x40, 0x02, 0xFF, 0x80, 0x03, 0x02, 0x00, 0x82, 0xFC, 0xFF, 0x7F, 0x02, 0x00, 0x82, 0xF4,
    0xFF, 0x7F, 0x1E, 0x00, 0x80, 0xD0, 0x02, 0xFF, 0x80, 0x01, 0x02, 0x00, 0x80, 0xE0, 0x06, 0xFF,
    0x80, 0x03, 0x02, 0x00, 0x80, 0x40, 0x02, 0xFF, 0x80, 0x03, 0x02, 0x00, 0x82, 0xF8, 0xFF, 0xBF,
    0x02, 0x00, 0x82, 0xF8, 0xFF, 0x3F, 0x1E, 0x00, 0x80, 0xC0, 0x02, 0xFF, 0x80, 0x03, 0x02, 0x00,
    0x80, 0x80, 0x05, 0xFF, 0x80, 0xBF, 0x03, 0x00, 0x80, 0x40, 0x02, 0xFF, 0x80, 0x03, 0x02, 0x00,
    0x80, 0xF0, 0x02, 0xFF, 0x84, 0x01, 0x00, 0xFC, 0xFF, 0x2F, 0x1E, 0x00, 0x80, 0x80, 0x02, 0xFF,
    0x80, 0x07, 0x03, 0x00, 0x80, 0xFD, 0x04, 0xFF, 0x80, 0x2F, 0x03, 0x00, 0x80, 0x40, 0x02, 0xFF,
    0x80, 0x03, 0x02, 0x00, 0x80, 0xE0, 0x02, 0xFF, 0x84, 0x02, 0x00, 0xFE, 0xFF, 0x1F, 0x1E, 0x00,
    0x80, 0x40, 0x02, 0xFF, 0x80, 0x0B, 0x03, 0x00, 0x80, 0xE0, 0x04, 0xFF, 0x80, 0x06, 0x03, 0x00,
    0x80, 0x40, 0x02, 0xFF, 0x80, 0x03, 0x02, 0x00, 0x80, 0xD0, 0x02, 0xFF, 0x81, 0x07, 0x00, 0x02,
    0xFF, 0x80, 0x0F, 0x1F, 0x00, 0x02, 0xFF, 0x80, 0x1F, 0x04, 0x00, 0x80, 0xFE, 0x02, 0xFF, 0x80,
    0x6F, 0x04, 0x00, 0x80, 0x40, 0x02, 0xFF, 0x80, 0x03, 0x02, 0x00, 0x80, 0x80, 0x02, 0xFF, 0x81,
    0x0B, 0x40, 0x02, 0xFF, 0x80, 0x0B, 0x1F, 0x00, 0x82, 0xFE, 0xFF, 0x2F, 0x04, 0x00, 0x83, 0x50,
    0xFA, 0x6B, 0x01, 0x05, 0x00, 0x02, 0x55, 0x80, 0x01, 0x02, 0x00, 0x80, 0x40, 0x02, 0xFF, 0x81,
    0x1F, 0xC0, 0x02, 0xFF, 0x80, 0x07, 0x1F, 0x00, 0x82, 0xFC, 0xFF, 0x7F, 0x13, 0x00, 0x83, 0xFE,
    0xFF, 0x2F, 0xD0, 0x02, 0xFF, 0x80, 0x03, 0x1F, 0x00, 0x82, 0xF8, 0xFF, 0xBF, 0x13, 0x00, 0x83,
    0xFD, 0xFF, 0x7F, 0xF0, 0x02, 0xFF, 0x80, 0x01, 0x1F, 0x00, 0x80, 0xF4, 0x02, 0xFF, 0x80, 0x01,
    0x12, 0x00, 0x83, 0xF8, 0xFF, 0xBF, 0xF8, 0x02, 0xFF, 0x20, 0x00, 0x80, 0xE0, 0x02, 0xFF, 0x80,
    0x03, 0x12, 0x00, 0x80, 0xF4, 0x02, 0xFF, 0x82, 0xFD, 0xFF, 0x7F, 0x20, 0x00, 0x80, 0xD0, 0x02,
    0xFF, 0x80, 0x0B, 0x12, 0x00, 0x80, 0xE0, 0x04, 0xFF, 0x80, 0x3F, 0x20, 0x00, 0x80, 0x80, 0x02,
    0xFF, 0x80, 0x1F, 0x12, 0x00, 0x80, 0xD0, 0x04, 0xFF, 0x80, 0x1F, 0x21, 0x00, 0x02, 0xFF, 0x80,
    0x3F, 0x12, 0x00, 0x80, 0x80, 0x04, 0xFF, 0x80, 0x0B, 0x21, 0x00, 0x82, 0xFE, 0xFF, 0xBF, 0x12,
    0x00, 0x80, 0x40, 0x04, 0xFF, 0x80, 0x07, 0x21, 0x00, 0x80, 0xFC, 0x02, 0xFF, 0x80, 0x01, 0x12,
    0x00, 0x80, 0xFE, 0x03, 0xFF, 0x80, 0x02, 0x21, 0x00, 0x80, 0xF4, 0x02, 0xFF, 0x80, 0x07, 0x12,
    0x00, 0x80, 0xFD, 0x03, 0xFF, 0x22, 0x00, 0x80, 0xE0, 0x02, 0xFF, 0x80, 0x1F, 0x12, 0x00, 0x80,
    0xF8, 0x02, 0xFF, 0x80, 0x7F, 0x22, 0x00, 0x80, 0xC0, 0x02, 0xFF, 0x80, 0x3F, 0x12, 0x00, 0x80,
    0xF4, 0x02, 0xFF, 0x80, 0x2F, 0x22, 0x00, 0x80, 0x40, 0x03, 0xFF, 0x12, 0x00, 0x80, 0xF4, 0x02,
    0xFF, 0x80, 0x0F, 0x23, 0x00, 0x80, 0xFD, 0x02, 0xFF, 0x80, 0x03, 0x11, 0x00, 0x80, 0xFD, 0x02,
    0xFF, 0x80, 0x07, 0x23, 0x00, 0x80, 0xF8, 0x02, 0xFF, 0x80, 0x0F, 0x10, 0x00, 0x80, 0x40, 0x03,
    0xFF, 0x80, 0x01, 0x23, 0x00, 0x80, 0xE0, 0x02, 0xFF, 0x80, 0x7F, 0x10, 0x00, 0x80, 0xD0, 0x02,
    0xFF, 0x80, 0xBF, 0x24, 0x00, 0x80, 0xC0, 0x03, 0xFF, 0x80, 0x01, 0x0F, 0x00, 0x80, 0xF8, 0x02,
    0xFF, 0x80, 0x2F, 0x24, 0x00, 0x80, 0x40, 0x03, 0xFF, 0x80, 0x0B, 0x0F, 0x00, 0x80, 0xFE, 0x02,
    0xFF, 0x80, 0x0B, 0x25, 0x00, 0x80, 0xFD, 0x02, 0xFF, 0x80, 0x6F, 0x0E, 0x00, 0x80, 0xD0, 0x03,
    0xFF, 0x80, 0x02, 0x25, 0x00, 0x80, 0xF4, 0x03, 0xFF, 0x80, 0x01, 0x0D, 0x00, 0x80, 0xF8, 0x02,
    0xFF, 0x80, 0xBF, 0x26, 0x00, 0x80, 0xD0, 0x03, 0xFF, 0x80, 0x1B, 0x0C, 0x00, 0x80, 0x40, 0x03,
    0xFF, 0x80, 0x2F, 0x26, 0x00, 0x80, 0x40, 0x03, 0xFF, 0x80, 0xBF, 0x0C, 0x00, 0x80, 0xE4, 0x03,
    0xFF, 0x80, 0x0B, 0x27, 0x00, 0x80, 0xFC, 0x03, 0xFF, 0x80, 0x0B, 0x0A, 0x00, 0x81, 0x40, 0xFE,
    0x03, 0xFF, 0x80, 0x02, 0x27, 0x00, 0x80, 0xE0, 0x03, 0xFF, 0x81, 0xBF, 0x01, 0x09, 0x00, 0x80,
    0xE4, 0x03, 0xFF, 0x80, 0xBF, 0x28, 0x00, 0x80, 0x80, 0x04, 0xFF, 0x80, 0x1B, 0x08, 0x00, 0x80,
    0x40, 0x04, 0xFF, 0x80, 0x1F, 0x29, 0x00, 0x80, 0xFD, 0x04, 0xFF, 0x80, 0x06, 0x07, 0x00, 0x80,
    0xF9, 0x04, 0xFF, 0x80, 0x02, 0x29, 0x00, 0x80, 0xE0, 0x04, 0xFF, 0x81, 0xBF, 0x05, 0x05, 0x00,
    0x80, 0xE9, 0x04, 0xFF, 0x80, 0xBF, 0x2A, 0x00, 0x80, 0x40, 0x06, 0xFF, 0x80, 0x5A, 0x02, 0x00,
    0x81, 0x54, 0xFA, 0x05, 0xFF, 0x80, 0x1B, 0x2B, 0x00, 0x80, 0xF8, 0x0F, 0xFF, 0x80, 0x01, 0x2B,
    0x00, 0x80, 0x90, 0x0E, 0xFF, 0x80, 0x2F, 0x2D, 0x00, 0x80, 0xF9, 0x0D, 0xFF, 0x80, 0x06, 0x2D,
    0x00, 0x80, 0x90, 0x0C, 0xFF, 0x80, 0x6F, 0x2F, 0x00, 0x80, 0xF9, 0x0B, 0xFF, 0x80, 0x02, 0x2F,
    0x00, 0x81, 0x40, 0xFE, 0x09, 0xFF, 0x80, 0x1B, 0x31, 0x00, 0x80, 0xA4, 0x08, 0xFF, 0x80, 0x6F,
    0x33, 0x00, 0x80, 0xE4, 0x06, 0xFF, 0x81, 0xAF, 0x01, 0x34, 0x00, 0x81, 0x94, 0xFE, 0x03, 0xFF,
    0x81, 0x6B, 0x01, 0x37, 0x00, 0x82, 0x54, 0x55, 0x01, 0x7F, 0x00, 0x7F, 0x00, 0x7F, 0x00, 0x7F,
    0x00, 0x7A, 0x00, 0x02, 0xFD, 0x06, 0x00, 0x00, 0x01, 0x02, 0x01, 0xFF, 0x28, 0x00, 0x04, 0xFB,
    0x08, 0x00, 0x00, 0x15, 0x00, 0x02, 0x00, 0xAD, 0x00, 0x7C, 0x00, 0x05, 0xFA, 0xAD, 0x0A, 0x00,
    0x15, 0x00, 0x80, 0x95, 0x02, 0xAA, 0x80, 0x56, 0x20, 0x00, 0x81, 0x40, 0xE9, 0x04, 0xFF, 0x81,
    0xBF, 0x06, 0x1E, 0x00, 0x80, 0xE4, 0x07, 0xFF, 0x80, 0x1B, 0x1C, 0x00, 0x80, 0x80, 0x09, 0xFF,
    0x80, 0x1B, 0x1B, 0x00, 0x80, 0xE0, 0x0A, 0xFF, 0x80, 0x1B, 0x1A, 0x00, 0x80, 0xF4, 0x0B, 0xFF,
    0x80, 0x07, 0x19, 0x00, 0x80, 0xF9, 0x0C, 0xFF, 0x80, 0x02, 0x18, 0x00, 0x80, 0xFE, 0x0C, 0xFF,
    0x80, 0xBF, 0x17, 0x00, 0x80, 0x80, 0x0E, 0xFF, 0x80, 0x1F, 0x16, 0x00, 0x80, 0xD0, 0x06, 0xFF,
    0x02, 0xAA, 0x80, 0xFE, 0x06, 0xFF, 0x80, 0x06, 0x15, 0x00, 0x80, 0xF4, 0x04, 0xFF, 0x81, 0xBF,
    0x05, 0x03, 0x00, 0x81, 0x94, 0xFE, 0x04, 0xFF, 0x80, 0xBF, 0x15, 0x00, 0x80, 0xF9, 0x04, 0xFF,
    0x80, 0x06, 0x05, 0x00, 0x81, 0x40, 0xF9, 0x04, 0xFF, 0x80, 0x1B, 0x14, 0x00, 0x80, 0xFE, 0x03,
    0xFF, 0x80, 0x6F, 0x08, 0x00, 0x80, 0xF9, 0x04, 0xFF, 0x80, 0x01, 0x12, 0x00, 0x80, 0x80, 0x04,
    0xFF, 0x80, 0x06, 0x09, 0x00, 0x80, 0xFD, 0x03, 0xFF, 0x80, 0x2F, 0x12, 0x00, 0x80, 0xD0, 0x03,
    0xFF, 0x81, 0xBF, 0x01, 0x09, 0x00, 0x81, 0x40, 0xFE, 0x03, 0xFF, 0x80, 0x02, 0x11, 0x00, 0x80,
    0xD0, 0x03, 0xFF, 0x80, 0x6F, 0x0B, 0x00, 0x80, 0xD0, 0x03, 0xFF, 0x80, 0x7F, 0x11, 0x00, 0x80,
    0xE0, 0x03, 0xFF, 0x80, 0x1B, 0x0C, 0x00, 0x80, 0xF4, 0x03, 0xFF, 0x80, 0x07, 0x10, 0x00, 0x80,
    0xE0, 0x03, 0xFF, 0x80, 0x07, 0x0D, 0x00, 0x80, 0xFE, 0x02, 0xFF, 0x80, 0x7F, 0x10, 0x00, 0x80,
    0xE0, 0x03, 0xFF, 0x80, 0x02, 0x0D, 0x00, 0x80, 0xD0, 0x03, 0xFF, 0x80, 0x07, 0x0F, 0x00, 0x80,
    0xE0, 0x03, 0xFF, 0x80, 0x01, 0x0E, 0x00, 0x80, 0xF8, 0x02, 0xFF, 0x80, 0x7F, 0x0F, 0x00, 0x80,
    0xD0, 0x03, 0xFF, 0x80, 0x02, 0x0E, 0x00, 0x80, 0x40, 0x03, 0xFF, 0x80, 0x07, 0x0E, 0x00, 0x80,
    0xD0, 0x03, 0xFF, 0x80, 0x0B, 0x0F, 0x00, 0x80, 0xF4, 0x02, 0xFF, 0x80, 0x3F, 0x0E, 0x00, 0x80,
    0xD0, 0x03, 0xFF, 0x80, 0x2F, 0x0F, 0x00, 0x80, 0x40, 0x03, 0xFF, 0x80, 0x02, 0x0D, 0x00, 0x80,
    0xC0, 0x03, 0xFF, 0x80, 0xBF, 0x10, 0x00, 0x80, 0xE0, 0x02, 0xFF, 0x80, 0x2F, 0x0D, 0x00, 0x80,
    0x80, 0x04, 0xFF, 0x80, 0x02, 0x10, 0x00, 0x80, 0xFE, 0x02, 0xFF, 0x80, 0x01, 0x0C, 0x00, 0x80,
    0x40, 0x04, 0xFF, 0x80, 0x0B, 0x10, 0x00, 0x80, 0xE0, 0x02, 0xFF, 0x80, 0x1F, 0x0C, 0x00, 0x80,
    0x40, 0x04, 0xFF, 0x80, 0x2F, 0x11, 0x00, 0x03, 0xFF, 0x0D, 0x00, 0x04, 0xFF, 0x80, 0xBF, 0x11,
    0x00, 0x80, 0xF0, 0x02, 0xFF, 0x80, 0x0B, 0x0C, 0x00, 0x80, 0xFE, 0x04, 0xFF, 0x80, 0x02, 0x08,
    0x00, 0x80, 0x40, 0x02, 0x55, 0x05, 0x00, 0x80, 0x40, 0x02, 0xFF, 0x80, 0x7F, 0x0C, 0x00, 0x80,
    0xFD, 0x02, 0xFF, 0x82, 0xFE, 0xFF, 0x0B, 0x08, 0x00, 0x80, 0x40, 0x02, 0xFF, 0x80, 0x03, 0x05,
    0x00, 0x80, 0xF4, 0x02, 0xFF, 0x80, 0x03, 0x0B, 0x00, 0x80, 0xF8, 0x02, 0xFF, 0x82, 0xF9, 0xFF,
    0x2F, 0x09, 0x00, 0x82, 0xFD, 0xFF, 0x0F, 0x05, 0x00, 0x80, 0x80, 0x02, 0xFF, 0x80, 0x1F, 0x0B,
    0x00, 0x80, 0xF4, 0x02, 0xFF, 0x82, 0xE2, 0xFF, 0xBF, 0x09, 0x00, 0x82, 0xF4, 0xFF, 0x3F, 0x06,
    0x00, 0x80, 0xFC, 0x02, 0xFF, 0x0B, 0x00, 0x80, 0xF0, 0x02, 0xFF, 0x80, 0x83, 0x02, 0xFF, 0x80,
    0x02, 0x08, 0x00, 0x80, 0xD0, 0x02, 0xFF, 0x06, 0x00, 0x80, 0xD0, 0x02, 0xFF, 0x80, 0x0B, 0x0A,
    0x00, 0x80, 0xD0, 0x02, 0xFF, 0x83, 0x07, 0xFE, 0xFF, 0x0B, 0x08, 0x00, 0x80, 0x40, 0x02, 0xFF,
    0x80, 0x03, 0x06, 0x00, 0x82, 0xFE, 0xFF, 0x3F, 0x0A, 0x00, 0x80, 0xC0, 0x02, 0xFF, 0x83, 0x0B,
    0xF8, 0xFF, 0x2F, 0x09, 0x00, 0x82, 0xFD, 0xFF, 0x0F, 0x06, 0x00, 0x80, 0xF0, 0x02, 0xFF, 0x80,
    0x02, 0x09, 0x00, 0x80, 0x40, 0x02, 0xFF, 0x83, 0x0F, 0xE0, 0xFF, 0xBF, 0x09, 0x00, 0x82, 0xF4,
    0xFF, 0x3F, 0x06, 0x00, 0x80, 0x40, 0x02, 0xFF, 0x80, 0x0F, 0x0A, 0x00, 0x02, 0xFF, 0x81, 0x2F,
    0x80, 0x02, 0xFF, 0x80, 0x02, 0x08, 0x00, 0x80, 0xD0, 0x02, 0xFF, 0x07, 0x00, 0x82, 0xF8, 0xFF,
    0xBF, 0x0A, 0x00, 0x86, 0xFD, 0xFF, 0x3F, 0x00, 0xFE, 0xFF, 0x0B, 0x08, 0x00, 0x80, 0x40, 0x02,
    0xFF, 0x80, 0x03, 0x06, 0x00, 0x80, 0xD0, 0x02, 0xFF, 0x80, 0x03, 0x09, 0x00, 0x86, 0xF8, 0xFF,
    0x7F, 0x00, 0xF8, 0xFF, 0x2F, 0x09, 0x00, 0x82, 0xFD, 0xFF, 0x0F, 0x07, 0x00, 0x82, 0xFE, 0xFF,
    0x1F, 0x09, 0x00, 0x80, 0xF0, 0x02, 0xFF, 0x83, 0x00, 0xE0, 0xFF, 0xBF, 0x09, 0x00, 0x82, 0xF4,
    0xFF, 0x3F, 0x07, 0x00, 0x82, 0xF4, 0xFF, 0xBF, 0x09, 0x00, 0x80, 0xD0, 0x02, 0xFF, 0x81, 0x02,
    0x80, 0x02, 0xFF, 0x80, 0x02, 0x08, 0x00, 0x80, 0xD0, 0x02, 0xFF, 0x07, 0x00, 0x80, 0x80, 0x02,
    0xFF, 0x80, 0x07, 0x08, 0x00, 0x80, 0x80, 0x02, 0xFF, 0x84, 0x03, 0x00, 0xFE, 0xFF, 0x0B, 0x08,
    0x00, 0x80, 0x40, 0x02, 0xFF, 0x80, 0x03, 0x07, 0x00, 0x82, 0xFD, 0xFF, 0x2F, 0x09, 0x00, 0x02,
    0xFF, 0x84, 0x0B, 0x00, 0xF8, 0xFF, 0x2F, 0x09, 0x00, 0x82, 0xFD, 0xFF, 0x0F, 0x02, 0x00, 0x80,
    0x40, 0x02, 0xFF, 0x82, 0x7F, 0x00, 0xF0, 0x02, 0xFF, 0x09, 0x00, 0x86, 0xFD, 0xFF, 0x1F, 0x00,
    0xE0, 0xFF, 0xBF, 0x09, 0x00, 0x82, 0xF4, 0xFF, 0x3F, 0x02, 0x00, 0x80, 0x40, 0x02, 0xFF, 0x82,
    0xBF, 0x00, 0x80, 0x02, 0xFF, 0x80, 0x07, 0x08, 0x00, 0x84, 0xF8, 0xFF, 0x3F, 0x00, 0x80, 0x02,
    0xFF, 0x80, 0x02, 0x08, 0x00, 0x80, 0xD0, 0x02, 0xFF, 0x03, 0x00, 0x03, 0xFF, 0x02, 0x00, 0x82,
    0xFD, 0xFF, 0x1F, 0x08, 0x00, 0x82, 0xF0, 0xFF, 0xBF, 0x02, 0x00, 0x82, 0xFE, 0xFF, 0x0B, 0x08,
    0x00, 0x80, 0x40, 0x02, 0xFF, 0x80, 0x03, 0x02, 0x00, 0x80, 0xFE, 0x02, 0xFF, 0x84, 0x01, 0x00,
    0xF0, 0xFF, 0xBF, 0x08, 0x00, 0x80, 0xD0, 0x02, 0xFF, 0x88, 0x01, 0x00, 0xF8, 0xFF, 0x2F, 0x00,
    0x94, 0x6A, 0x01, 0x05, 0x00, 0x82, 0xFD, 0xFF, 0x0F, 0x02, 0x00, 0x80, 0xFE, 0x02, 0xFF, 0x82,
    0x01, 0x00, 0x80, 0x02, 0xFF, 0x80, 0x03, 0x07, 0x00, 0x80, 0x80, 0x02, 0xFF, 0x85, 0x03, 0x00,
    0xE0, 0xFF, 0xBF, 0x90, 0x02, 0xFF, 0x81, 0xBF, 0x01, 0x04, 0x00, 0x82, 0xF4, 0xFF, 0x3F, 0x02,
    0x00, 0x80, 0xFD, 0x02, 0xFF, 0x80, 0x02, 0x02, 0x00, 0x82, 0xFD, 0xFF, 0x1F, 0x08, 0x00, 0x84,
    0xFE, 0xFF, 0x0B, 0x00, 0x80, 0x02, 0xFF, 0x80, 0xE6, 0x03, 0xFF, 0x80, 0x7F, 0x04, 0x00, 0x80,
    0xD0, 0x02, 0xFF, 0x02, 0x00, 0x80, 0xFD, 0x02, 0xFF, 0x80, 0x02, 0x02, 0x00, 0x82, 0xF0, 0xFF,
    0x7F, 0x08, 0x00, 0x82, 0xFC, 0xFF, 0x2F, 0x02, 0x00, 0x80, 0xFE, 0x06, 0xFF, 0x80, 0x1F, 0x03,
    0x00, 0x80, 0x40, 0x02, 0xFF, 0x82, 0x03, 0x00, 0xFC, 0x02, 0xFF, 0x80, 0x03, 0x02, 0x00, 0x80,
    0x80, 0x02, 0xFF, 0x80, 0x02, 0x07, 0x00, 0x82, 0xF0, 0xFF, 0x7F, 0x02, 0x00, 0x80, 0xF8, 0x07,
    0xFF, 0x80, 0x02, 0x03, 0x00, 0x84, 0xFD, 0xFF, 0x0F, 0x00, 0xF8, 0x02, 0xFF, 0x80, 0x07, 0x03,
    0x00, 0x82, 0xFE, 0xFF, 0x0F, 0x07, 0x00, 0x80, 0xD0, 0x02, 0xFF, 0x02, 0x00, 0x80, 0xE0, 0x07,
    0xFF, 0x80, 0x2F, 0x03, 0x00, 0x84, 0xF4, 0xFF, 0x3F, 0x00, 0xF8, 0x02, 0xFF, 0x80, 0x07, 0x03,
    0x00, 0x82, 0xF4, 0xFF, 0x3F, 0x07, 0x00, 0x80, 0x40, 0x02, 0xFF, 0x82, 0x03, 0x00, 0x80, 0x08,
    0xFF, 0x80, 0x02, 0x02, 0x00, 0x80, 0xD0, 0x02, 0xFF, 0x81, 0x00, 0xF4, 0x02, 0xFF, 0x80, 0x0B,
    0x03, 0x00, 0x80, 0xD0, 0x02, 0xFF, 0x80, 0x01, 0x07, 0x00, 0x82, 0xFE, 0xFF, 0x0B, 0x02, 0x00,
    0x80, 0xFE, 0x07, 0xFF, 0x80, 0x2F, 0x02, 0x00, 0x80, 0x40, 0x02, 0xFF, 0x81, 0x03, 0xF4, 0x02,
    0xFF, 0x80, 0x0B, 0x04, 0x00, 0x02, 0xFF, 0x80, 0x07, 0x07, 0x00, 0x82, 0xF8, 0xFF, 0x2F, 0x02,
    0x00, 0x80, 0xF8, 0x08, 0xFF, 0x80, 0x01, 0x02, 0x00, 0x83, 0xFD, 0xFF, 0x0F, 0xF0, 0x02, 0xFF,
    0x80, 0x0F, 0x04, 0x00, 0x82, 0xFC, 0xFF, 0x1F, 0x07, 0x00, 0x82, 0xF0, 0xFF, 0xBF, 0x02, 0x00,
    0x80, 0xE0, 0x04, 0xFF, 0x80, 0xEA, 0x03, 0xFF, 0x80, 0x0F, 0x02, 0x00, 0x83, 0xF4, 0xFF, 0x3F,
    0xE0, 0x02, 0xFF, 0x80, 0x1F, 0x04, 0x00, 0x82, 0xE0, 0xFF, 0xBF, 0x07, 0x00, 0x80, 0xC0, 0x02,
    0xFF, 0x82, 0x01, 0x00, 0x80, 0x03, 0xFF, 0x82, 0x6F, 0x00, 0xD0, 0x02, 0xFF, 0x80, 0xBF, 0x02,
    0x00, 0x80, 0xD0, 0x02, 0xFF, 0x80, 0xE0, 0x02, 0xFF, 0x80, 0x1F, 0x04, 0x00, 0x80, 0x80, 0x02,
    0xFF, 0x80, 0x02, 0x07, 0x00, 0x02, 0xFF, 0x80, 0x07, 0x02, 0x00, 0x80, 0xFE, 0x02, 0xFF, 0x80,
    0x0B, 0x02, 0x00, 0x80, 0xF8, 0x02, 0xFF, 0x82, 0x03, 0x00, 0x40, 0x02, 0xFF, 0x80, 0xD3, 0x02,
    0xFF, 0x80, 0x2F, 0x05, 0x00, 0x82, 0xFE, 0xFF, 0x0B, 0x07, 0x00, 0x82, 0xFC, 0xFF, 0x1F, 0x02,
    0x00, 0x80, 0xF8, 0x02, 0xFF, 0x80, 0x0B, 0x02, 0x00, 0x80, 0x40, 0x02, 0xFF, 0x80, 0x2F, 0x02,
    0x00, 0x82, 0xFD, 0xFF, 0xDF, 0x02, 0xFF, 0x80, 0x2F, 0x05, 0x00, 0x82, 0xF8, 0xFF, 0x2F, 0x07,
    0x00, 0x82, 0xF0, 0xFF, 0x7F, 0x02, 0x00, 0x80, 0xE0, 0x02, 0xFF, 0x80, 0x0B, 0x03, 0x00, 0x80,
    0xF8, 0x02, 0xFF, 0x02, 0x00, 0x80, 0xF4, 0x04, 0xFF, 0x80, 0xBF, 0x05, 0x00, 0x82, 0xD0, 0xFF,
    0xBF, 0x07, 0x00, 0x80, 0xC0, 0x02, 0xFF, 0x02, 0x00, 0x80, 0x80, 0x02, 0xFF, 0x80, 0x0F, 0x03,
    0x00, 0x80, 0xC0, 0x02, 0xFF, 0x82, 0x07, 0x00, 0xD0, 0x05, 0xFF, 0x80, 0x07, 0x04, 0x00, 0x80,
    0x40, 0x02, 0xFF, 0x80, 0x03, 0x07, 0x00, 0x02, 0xFF, 0x80, 0x03, 0x02, 0x00, 0x82, 0xFE, 0xFF,
    0x2F, 0x04, 0x00, 0x84, 0xFD, 0xFF, 0x1F, 0x00, 0x40, 0x05, 0xFF, 0x80, 0x2F, 0x05, 0x00, 0x82,
    0xFD, 0xFF, 0x0F, 0x07, 0x00, 0x82, 0xFC, 0xFF, 0x1F, 0x02, 0x00, 0x82, 0xF8, 0xFF, 0x7F, 0x04,
    0x00, 0x82, 0xF0, 0xFF, 0xBF, 0x02, 0x00, 0x80, 0xFD, 0x05, 0xFF, 0x80, 0x01, 0x04, 0x00, 0x82,
    0xF4, 0xFF, 0x3F, 0x07, 0x00, 0x82, 0xF0, 0xFF, 0x7F, 0x02, 0x00, 0x80, 0xE0, 0x02, 0xFF, 0x04,
    0x00, 0x80, 0x80, 0x02, 0xFF, 0x82, 0x02, 0x00, 0xF4, 0x05, 0xFF, 0x80, 0x0B, 0x04, 0x00, 0x82,
    0xE0, 0xFF, 0xBF, 0x07, 0x00, 0x80, 0xC0, 0x02, 0xFF, 0x82, 0x01, 0x00, 0x80, 0x02, 0xFF, 0x80,
    0x02, 0x04, 0x00, 0x84, 0xFE, 0xFF, 0x0F, 0x00, 0xD0, 0x05, 0xFF, 0x80, 0x7F, 0x04, 0x00, 0x80,
    0x80, 0x02, 0xFF, 0x80, 0x02, 0x07, 0x00, 0x02, 0xFF, 0x80, 0x07, 0x02, 0x00, 0x82, 0xFE, 0xFF,
    0x0B, 0x04, 0x00, 0x84, 0xF4, 0xFF, 0x3F, 0x00, 0x40, 0x06, 0xFF, 0x80, 0x02, 0x04, 0x00, 0x82,
    0xFE, 0xFF, 0x0B, 0x07, 0x00, 0x82, 0xFC, 0xFF, 0x1F, 0x02, 0x00, 0x82, 0xF8, 0xFF, 0x2F, 0x04,
    0x00, 0x80, 0xD0, 0x02, 0xFF, 0x02, 0x00, 0x80, 0xFD, 0x05, 0xFF, 0x80, 0x1F, 0x04, 0x00, 0x82,
    0xF8, 0xFF, 0x2F, 0x07, 0x00, 0x82, 0xE0, 0xFF, 0xBF, 0x02, 0x00, 0x80, 0xE0, 0x02, 0xFF, 0x04,
    0x00, 0x80, 0x80, 0x02, 0xFF, 0x82, 0x02, 0x00, 0xF4, 0x03, 0xFF, 0x82, 0xFA, 0xFF, 0xBF, 0x04,
    0x00, 0x82, 0xF0, 0xFF, 0xBF, 0x07, 0x00, 0x80, 0x80, 0x02, 0xFF, 0x82, 0x02, 0x00, 0x40, 0x02,
    0xFF, 0x80, 0x03, 0x04, 0x00, 0x02, 0xFF, 0x82, 0x0B, 0x00, 0xD0, 0x03, 0xFF, 0x80, 0xC2, 0x02,
    0xFF, 0x80, 0x07, 0x03, 0x00, 0x80, 0xC0, 0x02, 0xFF, 0x80, 0x01, 0x07, 0x00, 0x82, 0xFE, 0xFF,
    0x0F, 0x02, 0x00, 0x82, 0xFD, 0xFF, 0x1F, 0x04, 0x00, 0x84, 0xFD, 0xFF, 0x1F, 0x00, 0x40, 0x03,
    0xFF, 0x83, 0x03, 0xFE, 0xFF, 0x2F, 0x04, 0x00, 0x02, 0xFF, 0x80, 0x07, 0x07, 0x00, 0x82, 0xF4,
    0xFF, 0x3F, 0x02, 0x00, 0x80, 0xF0, 0x02, 0xFF, 0x04, 0x00, 0x82, 0xF8, 0xFF, 0x7F, 0x02, 0x00,
    0x80, 0xFD, 0x02, 0xFF, 0x81, 0x07, 0xF0, 0x02, 0xFF, 0x80, 0x01, 0x03, 0x00, 0x82, 0xFD, 0xFF,
    0x0F, 0x07, 0x00, 0x80, 0xD0, 0x02, 0xFF, 0x82, 0x01, 0x00, 0x80, 0x02, 0xFF, 0x80, 0x0B, 0x03,
    0x00, 0x80, 0xF4, 0x02, 0xFF, 0x02, 0x00, 0x80, 0xF4, 0x02, 0xFF, 0x81, 0x07, 0x80, 0x02, 0xFF,
    0x80, 0x0B, 0x03, 0x00, 0x82, 0xF4, 0xFF, 0x3F, 0x08, 0x00, 0x02, 0xFF, 0x80, 0x07, 0x02, 0x00,
    0x82, 0xFD, 0xFF, 0x7F, 0x03, 0x00, 0x80, 0xF4, 0x02, 0xFF, 0x82, 0x02, 0x00, 0xD0, 0x02, 0xFF,
    0x84, 0x0B, 0x00, 0xFC, 0xFF, 0x7F, 0x03, 0x00, 0x82, 0xE0, 0xFF, 0xBF, 0x08, 0x00, 0x82, 0xFC,
    0xFF, 0x2F, 0x02, 0x00, 0x80, 0xF0, 0x02, 0xFF, 0x80, 0x0B, 0x02, 0x00, 0x80, 0xF4, 0x02, 0xFF,
    0x82, 0x07, 0x00, 0x40, 0x02, 0xFF, 0x82, 0x0B, 0x00, 0xE0, 0x02, 0xFF, 0x80, 0x02, 0x02, 0x00,
    0x80, 0xC0, 0x02, 0xFF, 0x80, 0x02, 0x07, 0x00, 0x80, 0xE0, 0x02, 0xFF, 0x02, 0x00, 0x80, 0x40,
    0x02, 0xFF, 0x83, 0xBF, 0x01, 0x00, 0xF9, 0x02, 0xFF, 0x80, 0x0B, 0x02, 0x00, 0x82, 0xFD, 0xFF,
    0x1F, 0x02, 0x00, 0x02, 0xFF, 0x80, 0x1F, 0x03, 0x00, 0x02, 0xFF, 0x80, 0x07, 0x07, 0x00, 0x80,
    0x40, 0x02, 0xFF, 0x80, 0x03, 0x02, 0x00, 0x80, 0xFC, 0x02, 0xFF, 0x81, 0xBF, 0x95, 0x03, 0xFF,
    0x80, 0x1F, 0x02, 0x00, 0x82, 0xF4, 0xFF, 0x3F, 0x02, 0x00, 0x82, 0xF8, 0xFF, 0xBF, 0x03, 0x00,
    0x82, 0xFD, 0xFF, 0x1F, 0x08, 0x00, 0x82, 0xFD, 0xFF, 0x1F, 0x02, 0x00, 0x80, 0xD0, 0x07, 0xFF,
    0x80, 0x2F, 0x02, 0x00, 0x80, 0xD0, 0x02, 0xFF, 0x02, 0x00, 0x80, 0xC0, 0x02, 0xFF, 0x80, 0x07,
    0x02, 0x00, 0x82, 0xF8, 0xFF, 0x3F, 0x08, 0x00, 0x82, 0xF0, 0xFF, 0xBF, 0x03, 0x00, 0x80, 0xFE,
    0x06, 0xFF, 0x80, 0x2F, 0x02, 0x00, 0x80, 0x40, 0x02, 0xFF, 0x80, 0x03, 0x02, 0x00, 0x82, 0xFE,
    0xFF, 0x2F, 0x02, 0x00, 0x82, 0xF0, 0xFF, 0xBF, 0x08, 0x00, 0x80, 0x80, 0x02, 0xFF, 0x80, 0x03,
    0x02, 0x00, 0x80, 0xE0, 0x06, 0xFF, 0x80, 0x3F, 0x03, 0x00, 0x82, 0xFD, 0xFF, 0x0F, 0x02, 0x00,
    0x80, 0xF0, 0x02, 0xFF, 0x82, 0x01, 0x00, 0xD0, 0x02, 0xFF, 0x80, 0x01, 0x08, 0x00, 0x82, 0xFD,
    0xFF, 0x1F, 0x03, 0x00, 0x80, 0xFE, 0x05, 0xFF, 0x80, 0x3F, 0x03, 0x00, 0x82, 0xF4, 0xFF, 0x3F,
    0x02, 0x00, 0x80, 0x80, 0x02, 0xFF, 0x82, 0x0B, 0x00, 0x80, 0x02, 0xFF, 0x80, 0x03, 0x08, 0x00,
    0x80, 0xF0, 0x02, 0xFF, 0x03, 0x00, 0x80, 0xE0, 0x05, 0xFF, 0x80, 0x2F, 0x03, 0x00, 0x80, 0xD0,
    0x02, 0xFF, 0x03, 0x00, 0x82, 0xFC, 0xFF, 0x7F, 0x02, 0x00, 0x02, 0xFF, 0x80, 0x0B, 0x08, 0x00,
    0x80, 0x80, 0x02, 0xFF, 0x80, 0x07, 0x03, 0x00, 0x80, 0xFD, 0x04, 0xFF, 0x80, 0x2F, 0x03, 0x00,
    0x80, 0x40, 0x02, 0xFF, 0x80, 0x03, 0x02, 0x00, 0x80, 0xE0, 0x02, 0xFF, 0x84, 0x02, 0x00, 0xFE,
    0xFF, 0x1F, 0x09, 0x00, 0x82, 0xFD, 0xFF, 0x2F, 0x03, 0x00, 0x80, 0x80, 0x04, 0xFF, 0x80, 0x1B,
    0x04, 0x00, 0x82, 0xFD, 0xFF, 0x0F, 0x02, 0x00, 0x80, 0x40, 0x02, 0xFF, 0x84, 0x1F, 0x00, 0xFC,
    0xFF, 0x3F, 0x09, 0x00, 0x80, 0xF0, 0x02, 0xFF, 0x80, 0x01, 0x03, 0x00, 0x80, 0xE0, 0x03, 0xFF,
    0x80, 0x06, 0x04, 0x00, 0x82, 0xF4, 0xFF, 0x3F, 0x03, 0x00, 0x86, 0xF8, 0xFF, 0xBF, 0x00, 0xF4,
    0xFF, 0xBF, 0x09, 0x00, 0x80, 0x80, 0x02, 0xFF, 0x80, 0x0B, 0x04, 0x00, 0x82, 0x94, 0xFE, 0x5A,
    0x05, 0x00, 0x80, 0x40, 0x02, 0x55, 0x03, 0x00, 0x80, 0xD0, 0x02, 0xFF, 0x81, 0x07, 0xF0, 0x02,
    0xFF, 0x80, 0x01, 0x09, 0x00, 0x82, 0xFC, 0xFF, 0x7F, 0x13, 0x00, 0x83, 0xFE, 0xFF, 0x2F, 0xD0,
    0x02, 0xFF, 0x80, 0x03, 0x09, 0x00, 0x80, 0xE0, 0x02, 0xFF, 0x80, 0x02, 0x12, 0x00, 0x80, 0xF4,
    0x02, 0xFF, 0x80, 0xC1, 0x02, 0xFF, 0x80, 0x07, 0x09, 0x00, 0x80, 0x40, 0x02, 0xFF, 0x80, 0x1F,
    0x12, 0x00, 0x80, 0x80, 0x02, 0xFF, 0x80, 0x8B, 0x02, 0xFF, 0x80, 0x0F, 0x0A, 0x00, 0x80, 0xF8,
    0x02, 0xFF, 0x13, 0x00, 0x82, 0xFD, 0xFF, 0x7F, 0x02, 0xFF, 0x80, 0x1F, 0x0A, 0x00, 0x80, 0xD0,
    0x02, 0xFF, 0x80, 0x0B, 0x12, 0x00, 0x80, 0xE0, 0x04, 0xFF, 0x80, 0x3F, 0x0B, 0x00, 0x82, 0xFE,
    0xFF, 0x7F, 0x12, 0x00, 0x80, 0x40, 0x04, 0xFF, 0x80, 0x7F, 0x0B, 0x00, 0x80, 0xF0, 0x02, 0xFF,
    0x80, 0x03, 0x12, 0x00, 0x80, 0xF8, 0x03, 0xFF, 0x80, 0xBF, 0x0B, 0x00, 0x80, 0x80, 0x02, 0xFF,
    0x80, 0x2F, 0x12, 0x00, 0x80, 0xD0, 0x04, 0xFF, 0x80, 0x01, 0x0B, 0x00, 0x80, 0xFC, 0x02, 0xFF,
    0x80, 0x01, 0x12, 0x00, 0x80, 0xFE, 0x03, 0xFF, 0x80, 0x02, 0x0B, 0x00, 0x80, 0xD0, 0x02, 0xFF,
    0x80, 0x1F, 0x12, 0x00, 0x80, 0xF4, 0x03, 0xFF, 0x80, 0x03, 0x0C, 0x00, 0x80, 0xFE, 0x02, 0xFF,
    0x80, 0x01, 0x11, 0x00, 0x80, 0x80, 0x03, 0xFF, 0x80, 0x07, 0x0C, 0x00, 0x80, 0xF0, 0x02, 0xFF,
    0x80, 0x0F, 0x12, 0x00, 0x80, 0xFD, 0x02, 0xFF, 0x80, 0x0B, 0x0C, 0x00, 0x80, 0x40, 0x03, 0xFF,
    0x12, 0x00, 0x80, 0xF4, 0x02, 0xFF, 0x80, 0x0F, 0x0D, 0x00, 0x80, 0xF4, 0x02, 0xFF, 0x80, 0x0F,
    0x11, 0x00, 0x80, 0xF4, 0x02, 0xFF, 0x80, 0x1F, 0x0D, 0x00, 0x80, 0x80, 0x03, 0xFF, 0x11, 0x00,
    0x80, 0xF4, 0x02, 0xFF, 0x80, 0x1F, 0x0E, 0x00, 0x80, 0xF8, 0x02, 0xFF, 0x80, 0x1F, 0x10, 0x00,
    0x80, 0xF4, 0x02, 0xFF, 0x80, 0x2F, 0x0E, 0x00, 0x80, 0xC0, 0x03, 0xFF, 0x80, 0x01, 0x0F, 0x00,
    0x80, 0xF8, 0x02, 0xFF, 0x80, 0x2F, 0x0F, 0x00, 0x80, 0xFD, 0x02, 0xFF, 0x80, 0x2F, 0x0F, 0x00,
    0x80, 0xF8, 0x02, 0xFF, 0x80, 0x2F, 0x0F, 0x00, 0x80, 0xD0, 0x03, 0xFF, 0x80, 0x06, 0x0E, 0x00,
    0x80, 0xFD, 0x02, 0xFF, 0x80, 0x2F, 0x10, 0x00, 0x80, 0xFD, 0x02, 0xFF, 0x80, 0x7F, 0x0E, 0x00,
    0x80, 0xFE, 0x02, 0xFF, 0x80, 0x2F, 0x10, 0x00, 0x80, 0xD0, 0x03, 0xFF, 0x80, 0x1B, 0x0C, 0x00,
    0x80, 0x40, 0x03, 0xFF, 0x80, 0x2F, 0x11, 0x00, 0x80, 0xFD, 0x03, 0xFF, 0x80, 0x02, 0x0B, 0x00,
    0x80, 0x90, 0x03, 0xFF, 0x80, 0x2F, 0x11, 0x00, 0x80, 0x80, 0x03, 0xFF, 0x80, 0xBF, 0x0B, 0x00,
    0x80, 0xE4, 0x03, 0xFF, 0x80, 0x2F, 0x12, 0x00, 0x80, 0xF8, 0x03, 0xFF, 0x80, 0x6F, 0x0A, 0x00,
    0x80, 0xF9, 0x03, 0xFF, 0x80, 0x2F, 0x12, 0x00, 0x80, 0x80, 0x04, 0xFF, 0x80, 0x1B, 0x08, 0x00,
    0x80, 0x40, 0x04, 0xFF, 0x80, 0x1F, 0x13, 0x00, 0x80, 0xF4, 0x04, 0xFF, 0x80, 0x1B, 0x07, 0x00,
    0x80, 0xE4, 0x04, 0xFF, 0x80, 0x0B, 0x14, 0x00, 0x80, 0xFE, 0x04, 0xFF, 0x80, 0x5B, 0x05, 0x00,
    0x81, 0x90, 0xFE, 0x04, 0xFF, 0x80, 0x0B, 0x14, 0x00, 0x80, 0xD0, 0x05, 0xFF, 0x81, 0xBF, 0x16,
    0x02, 0x00, 0x81, 0x95, 0xFE, 0x05, 0xFF, 0x80, 0x06, 0x15, 0x00, 0x80, 0xF8, 0x0F, 0xFF, 0x80,
    0x01, 0x15, 0x00, 0x81, 0x40, 0xFE, 0x0D, 0xFF, 0x80, 0xBF, 0x17, 0x00, 0x80, 0x90, 0x0D, 0xFF,
    0x80, 0x6F, 0x18, 0x00, 0x80, 0xE4, 0x0C, 0xFF, 0x80, 0x1B, 0x19, 0x00, 0x80, 0xF9, 0x0B, 0xFF,
    0x80, 0x02, 0x1A, 0x00, 0x80, 0xF9, 0x09, 0xFF, 0x80, 0x6F, 0x1B, 0x00, 0x81, 0x40, 0xFA, 0x08,
    0xFF, 0x80, 0x06, 0x1D, 0x00, 0x80, 0xF9, 0x06, 0xFF, 0x80, 0x6B, 0x1F, 0x00, 0x81, 0x94, 0xFE,
    0x03, 0xFF, 0x81, 0x6B, 0x01, 0x21, 0x00, 0x82, 0x50, 0x55, 0x05, 0x0E, 0x00, 0x02, 0xFD, 0x06,
    0x00, 0x00, 0x01, 0x02, 0x01, 0xFF, 0x28, 0x00, 0x04, 0xFB, 0x08, 0x00, 0x00, 0x25, 0x00, 0x01,
    0x00, 0xAE, 0x00, 0x7C, 0x00, 0x05, 0xFA, 0xBE, 0x09, 0x00, 0x7E, 0x00, 0x80, 0x10, 0x21, 0x00,
    0x81, 0xD0, 0x6F, 0x20, 0x00, 0x83, 0xD0, 0xFF, 0xBF, 0x01, 0x1E, 0x00, 0x80, 0x90, 0x03, 0xFF,
    0x80, 0x01, 0x1D, 0x00, 0x80, 0x80, 0x04, 0xFF, 0x80, 0x02, 0x1C, 0x00, 0x80, 0x80, 0x05, 0xFF,
    0x80, 0x02, 0x1B, 0x00, 0x80, 0x40, 0x06, 0xFF, 0x80, 0x01, 0x1B, 0x00, 0x80, 0xFE, 0x05, 0xFF,
    0x81, 0xBF, 0x01, 0x1B, 0x00, 0x81, 0x90, 0xFE, 0x04, 0xFF, 0x80, 0xBF, 0x1D, 0x00, 0x80, 0xE5,
    0x04, 0xFF, 0x80, 0x6F, 0x1D, 0x00, 0x80, 0x90, 0x04, 0xFF, 0x80, 0x1F, 0x1D, 0x00, 0x80, 0x40,
    0x04, 0xFF, 0x80, 0x0B, 0x1D, 0x00, 0x81, 0x40, 0xFE, 0x03, 0xFF, 0x80, 0x02, 0x1D, 0x00, 0x80,
    0x40, 0x04, 0xFF, 0x80, 0x01, 0x1D, 0x00, 0x80, 0x40, 0x03, 0xFF, 0x80, 0x7F, 0x1E, 0x00, 0x80,
    0x80, 0x03, 0xFF, 0x80, 0x1F, 0x1E, 0x00, 0x80, 0xD0, 0x03, 0xFF, 0x80, 0x07, 0x1E, 0x00, 0x80,
    0xE0, 0x03, 0xFF, 0x80, 0x01, 0x1E, 0x00, 0x80, 0xF4, 0x02, 0xFF, 0x80, 0x7F, 0x1F, 0x00, 0x80,
    0xFD, 0x02, 0xFF, 0x80, 0x0F, 0x1E, 0x00, 0x80, 0x40, 0x03, 0xFF, 0x80, 0x02, 0x1E, 0x00, 0x80,
    0x80, 0x02, 0xFF, 0x80, 0xBF, 0x1F, 0x00, 0x80, 0xE0, 0x02, 0xFF, 0x80, 0x1F, 0x1F, 0x00, 0x80,
    0xF8, 0x02, 0xFF, 0x80, 0x07, 0x1F, 0x00, 0x03, 0xFF, 0x1F, 0x00, 0x80, 0xC0, 0x02, 0xFF, 0x80,
    0x2F, 0x17, 0x00, 0x82, 0x54, 0x55, 0x05, 0x05, 0x00, 0x80, 0xF4, 0x02, 0xFF, 0x80, 0x07, 0x0D,
    0x00, 0x80, 0x01, 0x08, 0x00, 0x80, 0xD0, 0x02, 0xFF, 0x06, 0x00, 0x80, 0xFD, 0x02, 0xFF, 0x0D,
    0x00, 0x80, 0x2D, 0x09, 0x00, 0x82, 0xFD, 0xFF, 0x0F, 0x05, 0x00, 0x80, 0x80, 0x02, 0xFF, 0x80,
    0x1F, 0x0C, 0x00, 0x81, 0xFD, 0x02, 0x08, 0x00, 0x80, 0xD0, 0x02, 0xFF, 0x06, 0x00, 0x80, 0xF0,
    0x02, 0xFF, 0x80, 0x03, 0x0B, 0x00, 0x81, 0xF9, 0x2F, 0x09, 0x00, 0x82, 0xFD, 0xFF, 0x0F, 0x06,
    0x00, 0x82, 0xFD, 0xFF, 0xBF, 0x0B, 0x00, 0x82, 0xF8, 0xFF, 0x02, 0x08, 0x00, 0x80, 0xD0, 0x02,
    0xFF, 0x06, 0x00, 0x80, 0x80, 0x02, 0xFF, 0x80, 0x0F, 0x0A, 0x00, 0x82, 0xF4, 0xFF, 0x2F, 0x09,
    0x00, 0x82, 0xFD, 0xFF, 0x0F, 0x06, 0x00, 0x80, 0xF0, 0x02, 0xFF, 0x80, 0x02, 0x09, 0x00, 0x80,
    0x80, 0x02, 0xFF, 0x80, 0x02, 0x08, 0x00, 0x80, 0xD0, 0x02, 0xFF, 0x07, 0x00, 0x82, 0xFD, 0xFF,
    0x3F, 0x0A, 0x00, 0x82, 0xF8, 0xFF, 0x2F, 0x09, 0x00, 0x82, 0xFD, 0xFF, 0x0F, 0x06, 0x00, 0x80,
    0x80, 0x02, 0xFF, 0x80, 0x0B, 0x09, 0x00, 0x80, 0x80, 0x02, 0xFF, 0x80, 0x02, 0x08, 0x00, 0x80,
    0xD0, 0x02, 0xFF, 0x07, 0x00, 0x80, 0xF4, 0x02, 0xFF, 0x08, 0x00, 0x84, 0x60, 0x00, 0xF8, 0xFF,
    0x2F, 0x09, 0x00, 0x82, 0xFD, 0xFF, 0x0F, 0x07, 0x00, 0x82, 0xFE, 0xFF, 0x1F, 0x07, 0x00, 0x82,
    0xD0, 0x03, 0x80, 0x02, 0xFF, 0x80, 0x02, 0x08, 0x00, 0x80, 0xD0, 0x02, 0xFF, 0x07, 0x00, 0x80,
    0xD0, 0x02, 0xFF, 0x80, 0x02, 0x06, 0x00, 0x85, 0xD0, 0x2F, 0x00, 0xF8, 0xFF, 0x2F, 0x09, 0x00,
    0x82, 0xFD, 0xFF, 0x0F, 0x07, 0x00, 0x82, 0xFC, 0xFF, 0x7F, 0x06, 0x00, 0x83, 0x90, 0xFF, 0x00,
    0x80, 0x02, 0xFF, 0x80, 0x02, 0x08, 0x00, 0x80, 0xD0, 0x02, 0xFF, 0x07, 0x00, 0x80, 0x40, 0x02,
    0xFF, 0x80, 0x0B, 0x05, 0x00, 0x86, 0x80, 0xFF, 0x0B, 0x00, 0xF8, 0xFF, 0x2F, 0x09, 0x00, 0x82,
    0xFD, 0xFF, 0x0F, 0x02, 0x00, 0x80, 0x40, 0x02, 0xFF, 0x82, 0x7F, 0x00, 0xF0, 0x02, 0xFF, 0x05,
    0x00, 0x84, 0x80, 0xFF, 0x7F, 0x00, 0x80, 0x02, 0xFF, 0x80, 0x02, 0x08, 0x00, 0x80, 0xD0, 0x02,
    0xFF, 0x03, 0x00, 0x80, 0xFD, 0x02, 0xFF, 0x84, 0x02, 0x00, 0xFE, 0xFF, 0x1F, 0x04, 0x00, 0x80,
    0x40, 0x02, 0xFF, 0x84, 0x03, 0x00, 0xF8, 0xFF, 0x2F, 0x09, 0x00, 0x82, 0xFD, 0xFF, 0x0F, 0x02,
    0x00, 0x80, 0xF0, 0x02, 0xFF, 0x82, 0x0F, 0x00, 0xD0, 0x02, 0xFF, 0x80, 0x01, 0x04, 0x00, 0x84,
    0xFC, 0xFF, 0x2F, 0x00, 0x80, 0x02, 0xFF, 0x80, 0x02, 0x08, 0x00, 0x80, 0xD0, 0x02, 0xFF, 0x02,
    0x00, 0x80, 0x80, 0x02, 0xFF, 0x80, 0x7F, 0x02, 0x00, 0x82, 0xFC, 0xFF, 0x2F, 0x04, 0x00, 0x80,
    0xD0, 0x02, 0xFF, 0x88, 0x01, 0x00, 0xF8, 0xFF, 0x2F, 0x00, 0x94, 0x6A, 0x01, 0x05, 0x00, 0x82,
    0xFD, 0xFF, 0x0F, 0x02, 0x00, 0x80, 0xFE, 0x02, 0xFF, 0x82, 0x01, 0x00, 0x80, 0x02, 0xFF, 0x80,
    0x03, 0x04, 0x00, 0x84, 0xFE, 0xFF, 0x0F, 0x00, 0x80, 0x02, 0xFF, 0x81, 0x42, 0xFE, 0x02, 0xFF,
    0x80, 0x06, 0x04, 0x00, 0x80, 0xD0, 0x02, 0xFF, 0x02, 0x00, 0x80, 0xF4, 0x02, 0xFF, 0x80, 0x0B,
    0x02, 0x00, 0x82, 0xF4, 0xFF, 0x7F, 0x04, 0x00, 0x82, 0xE0, 0xFF, 0xBF, 0x02, 0x00, 0x83, 0xF8,
    0xFF, 0x6F, 0xFE, 0x03, 0xFF, 0x80, 0x07, 0x04, 0x00, 0x84, 0xFD, 0xFF, 0x0F, 0x00, 0xD0, 0x02,
    0xFF, 0x80, 0x2F, 0x03, 0x00, 0x02, 0xFF, 0x80, 0x07, 0x04, 0x00, 0x02, 0xFF, 0x82, 0x0B, 0x00,
    0x80, 0x07, 0xFF, 0x80, 0x07, 0x03, 0x00, 0x80, 0xD0, 0x02, 0xFF, 0x02, 0x00, 0x03, 0xFF, 0x03,
    0x00, 0x82, 0xE0, 0xFF, 0xBF, 0x04, 0x00, 0x82, 0xF0, 0xFF, 0x7F, 0x02, 0x00, 0x80, 0xF8, 0x07,
    0xFF, 0x80, 0x02, 0x03, 0x00, 0x84, 0xFD, 0xFF, 0x0F, 0x00, 0xF8, 0x02, 0xFF, 0x80, 0x07, 0x03,
    0x00, 0x82, 0xFE, 0xFF, 0x0F, 0x03, 0x00, 0x80, 0x40, 0x02, 0xFF, 0x82, 0x03, 0x00, 0x80, 0x07,
    0xFF, 0x80, 0xBF, 0x03, 0x00, 0x80, 0xD0, 0x02, 0xFF, 0x81, 0x00, 0xE0, 0x02, 0xFF, 0x80, 0x1F,
    0x03, 0x00, 0x80, 0xD0, 0x02, 0xFF, 0x04, 0x00, 0x82, 0xF4, 0xFF, 0x3F, 0x02, 0x00, 0x80, 0xF8,
    0x07, 0xFF, 0x80, 0x2F, 0x03, 0x00, 0x83, 0xFD, 0xFF, 0x0F, 0x40, 0x02, 0xFF, 0x80, 0xBF, 0x04,
    0x00, 0x82, 0xFD, 0xFF, 0x1F, 0x03, 0x00, 0x80, 0x80, 0x02, 0xFF, 0x82, 0x02, 0x00, 0x80, 0x08,
    0xFF, 0x80, 0x0B, 0x02, 0x00, 0x80, 0xD0, 0x02, 0xFF, 0x81, 0x00, 0xFD, 0x02, 0xFF, 0x80, 0x02,
    0x03, 0x00, 0x80, 0xC0, 0x02, 0xFF, 0x80, 0x01, 0x03, 0x00, 0x82, 0xF8, 0xFF, 0x2F, 0x02, 0x00,
    0x80, 0xF8, 0x08, 0xFF, 0x80, 0x01, 0x02, 0x00, 0x83, 0xFD, 0xFF, 0x0F, 0xF0, 0x02, 0xFF, 0x80,
    0x0F, 0x04, 0x00, 0x82, 0xFC, 0xFF, 0x1F, 0x03, 0x00, 0x80, 0xC0, 0x02, 0xFF, 0x82, 0x02, 0x00,
    0x80, 0x04, 0xFF, 0x80, 0xAB, 0x03, 0xFF, 0x80, 0x3F, 0x02, 0x00, 0x80, 0xD0, 0x02, 0xFF, 0x80,
    0x80, 0x02, 0xFF, 0x80, 0x7F, 0x04, 0x00, 0x80, 0x80, 0x02, 0xFF, 0x80, 0x02, 0x03, 0x00, 0x82,
    0xFC, 0xFF, 0x1F, 0x02, 0x00, 0x80, 0xF8, 0x03, 0xFF, 0x82, 0x06, 0x00, 0xFD, 0x02, 0xFF, 0x80,
    0x0B, 0x02, 0x00, 0x83, 0xFD, 0xFF, 0x0F, 0xFE, 0x02, 0xFF, 0x80, 0x01, 0x04, 0x00, 0x82, 0xF8,
    0xFF, 0x2F, 0x03, 0x00, 0x80, 0xC0, 0x02, 0xFF, 0x82, 0x01, 0x00, 0x80, 0x03, 0xFF, 0x80, 0x06,
    0x02, 0x00, 0x80, 0xFE, 0x02, 0xFF, 0x02, 0x00, 0x80, 0xD0, 0x02, 0xFF, 0x80, 0xF4, 0x02, 0xFF,
    0x80, 0x0B, 0x04, 0x00, 0x80, 0x80, 0x02, 0xFF, 0x80, 0x02, 0x03, 0x00, 0x82, 0xFC, 0xFF, 0x1F,
    0x02, 0x00, 0x80, 0xF8, 0x02, 0xFF, 0x80, 0x0B, 0x02, 0x00, 0x80, 0x40, 0x02, 0xFF, 0x80, 0x2F,
    0x02, 0x00, 0x82, 0xFD, 0xFF, 0xDF, 0x02, 0xFF, 0x80, 0x2F, 0x05, 0x00, 0x82, 0xF8, 0xFF, 0x2F,
    0x03, 0x00, 0x80, 0xC0, 0x02, 0xFF, 0x82, 0x01, 0x00, 0x80, 0x02, 0xFF, 0x80, 0x2F, 0x03, 0x00,
    0x80, 0xE0, 0x02, 0xFF, 0x82, 0x03, 0x00, 0xD0, 0x05, 0xFF, 0x80, 0x02, 0x04, 0x00, 0x80, 0x40,
    0x02, 0xFF, 0x80, 0x02, 0x03, 0x00, 0x82, 0xFC, 0xFF, 0x0F, 0x02, 0x00, 0x80, 0xF8, 0x02, 0xFF,
    0x80, 0x01, 0x03, 0x00, 0x82, 0xFC, 0xFF, 0x7F, 0x02, 0x00, 0x80, 0xFD, 0x04, 0xFF, 0x80, 0x7F,
    0x05, 0x00, 0x82, 0xF4, 0xFF, 0x3F, 0x03, 0x00, 0x80, 0xC0, 0x02, 0xFF, 0x02, 0x00, 0x80, 0x80,
    0x02, 0xFF, 0x80, 0x0B, 0x03, 0x00, 0x80, 0x40, 0x02, 0xFF, 0x82, 0x07, 0x00, 0xD0, 0x05, 0xFF,
    0x80, 0x0B, 0x04, 0x00, 0x80, 0x40, 0x02, 0xFF, 0x80, 0x03, 0x03, 0x00, 0x82, 0xFC, 0xFF, 0x1F,
    0x02, 0x00, 0x82, 0xF8, 0xFF, 0x7F, 0x04, 0x00, 0x82, 0xF0, 0xFF, 0xBF, 0x02, 0x00, 0x80, 0xFD,
    0x05, 0xFF, 0x80, 0x01, 0x04, 0x00, 0x82, 0xF4, 0xFF, 0x3F, 0x03, 0x00, 0x80, 0xC0, 0x02, 0xFF,
    0x82, 0x01, 0x00, 0x80, 0x02, 0xFF, 0x80, 0x03, 0x04, 0x00, 0x84, 0xFE, 0xFF, 0x0B, 0x00, 0xD0,
    0x05, 0xFF, 0x80, 0x2F, 0x04, 0x00, 0x80, 0x80, 0x02, 0xFF, 0x80, 0x02, 0x03, 0x00, 0x82, 0xFC,
    0xFF, 0x1F, 0x02, 0x00, 0x82, 0xF8, 0xFF, 0x2F, 0x04, 0x00, 0x80, 0xE0, 0x02, 0xFF, 0x02, 0x00,
    0x80, 0xFD, 0x05, 0xFF, 0x80, 0x07, 0x04, 0x00, 0x82, 0xF8, 0xFF, 0x2F, 0x03, 0x00, 0x80, 0xC0,
    0x02, 0xFF, 0x82, 0x01, 0x00, 0x80, 0x02, 0xFF, 0x80, 0x02, 0x04, 0x00, 0x84, 0xFD, 0xFF, 0x0F,
    0x00, 0xD0, 0x05, 0xFF, 0x80, 0xBF, 0x04, 0x00, 0x80, 0x80, 0x02, 0xFF, 0x80, 0x02, 0x03, 0x00,
    0x82, 0xFC, 0xFF, 0x1F, 0x02, 0x00, 0x82, 0xF8, 0xFF, 0x2F, 0x04, 0x00, 0x80, 0xD0, 0x02, 0xFF,
    0x02, 0x00, 0x80, 0xFD, 0x05, 0xFF, 0x80, 0x1F, 0x04, 0x00, 0x82, 0xF8, 0xFF, 0x2F, 0x03, 0x00,
    0x80, 0x80, 0x02, 0xFF, 0x82, 0x02, 0x00, 0x80, 0x02, 0xFF, 0x80, 0x03, 0x04, 0x00, 0x84, 0xFE,
    0xFF, 0x0B, 0x00, 0xD0, 0x03, 0xFF, 0x80, 0xEB, 0x02, 0xFF, 0x80, 0x02, 0x03, 0x00, 0x80, 0xC0,
    0x02, 0xFF, 0x80, 0x02, 0x03, 0x00, 0x82, 0xF8, 0xFF, 0x2F, 0x02, 0x00, 0x82, 0xF4, 0xFF, 0x3F,
    0x04, 0x00, 0x82, 0xF0, 0xFF, 0xBF, 0x02, 0x00, 0x80, 0xFD, 0x02, 0xFF, 0x83, 0x2F, 0xFC, 0xFF,
    0x7F, 0x04, 0x00, 0x82, 0xFC, 0xFF, 0x1F, 0x03, 0x00, 0x80, 0x80, 0x02, 0xFF, 0x82, 0x03, 0x00,
    0x40, 0x02, 0xFF, 0x80, 0x07, 0x03, 0x00, 0x80, 0x40, 0x02, 0xFF, 0x82, 0x07, 0x00, 0xD0, 0x03,
    0xFF, 0x80, 0x80, 0x02, 0xFF, 0x80, 0x0B, 0x03, 0x00, 0x80, 0xC0, 0x02, 0xFF, 0x80, 0x01, 0x03,
    0x00, 0x82, 0xF4, 0xFF, 0x3F, 0x02, 0x00, 0x80, 0xF0, 0x02, 0xFF, 0x04, 0x00, 0x82, 0xF8, 0xFF,
    0x7F, 0x02, 0x00, 0x80, 0xFD, 0x02, 0xFF, 0x81, 0x07, 0xF0, 0x02, 0xFF, 0x80, 0x01, 0x03, 0x00,
    0x82, 0xFD, 0xFF, 0x0F, 0x03, 0x00, 0x80, 0x40, 0x02, 0xFF, 0x80, 0x07, 0x02, 0x00, 0x82, 0xFE,
    0xFF, 0x2F, 0x03, 0x00, 0x80, 0xD0, 0x02, 0xFF, 0x82, 0x03, 0x00, 0xD0, 0x02, 0xFF, 0x84, 0x1F,
    0x00, 0xFE, 0xFF, 0x2F, 0x03, 0x00, 0x80, 0xD0, 0x02, 0xFF, 0x04, 0x00, 0x82, 0xF0, 0xFF, 0x7F,
    0x02, 0x00, 0x80, 0xD0, 0x02, 0xFF, 0x80, 0x07, 0x02, 0x00, 0x80, 0x40, 0x02, 0xFF, 0x80, 0x2F,
    0x02, 0x00, 0x84, 0xFD, 0xFF, 0xBF, 0x00, 0xC0, 0x02, 0xFF, 0x80, 0x07, 0x03, 0x00, 0x82, 0xFE,
    0xFF, 0x0B, 0x04, 0x00, 0x02, 0xFF, 0x80, 0x0B, 0x02, 0x00, 0x80, 0xFC, 0x02, 0xFF, 0x80, 0x02,
    0x02, 0x00, 0x80, 0xFD, 0x02, 0xFF, 0x82, 0x01, 0x00, 0xD0, 0x02, 0xFF, 0x84, 0x02, 0x00, 0xF8,
    0xFF, 0xBF, 0x03, 0x00, 0x82, 0xF0, 0xFF, 0xBF, 0x04, 0x00, 0x80, 0xE0, 0x02, 0xFF, 0x02, 0x00,
    0x80, 0x40, 0x02, 0xFF, 0x83, 0xBF, 0x01, 0x00, 0xF9, 0x02, 0xFF, 0x80, 0x0B, 0x02, 0x00, 0x82,
    0xFD, 0xFF, 0x1F, 0x02, 0x00, 0x02, 0xFF, 0x80, 0x1F, 0x03, 0x00, 0x02, 0xFF, 0x80, 0x07, 0x04,
    0x00, 0x82, 0xFD, 0xFF, 0x0F, 0x02, 0x00, 0x80, 0xF0, 0x03, 0xFF, 0x81, 0x56, 0xFE, 0x02, 0xFF,
    0x80, 0x7F, 0x02, 0x00, 0x80, 0xD0, 0x02, 0xFF, 0x02, 0x00, 0x80, 0xE0, 0x02, 0xFF, 0x80, 0x02,
    0x02, 0x00, 0x82, 0xF4, 0xFF, 0x7F, 0x04, 0x00, 0x80, 0xD0, 0x02, 0xFF, 0x80, 0x01, 0x02, 0x00,
    0x80, 0xFD, 0x07, 0xFF, 0x80, 0x02, 0x02, 0x00, 0x82, 0xFD, 0xFF, 0x0F, 0x02, 0x00, 0x82, 0xFC,
    0xFF, 0x7F, 0x02, 0x00, 0x80, 0x80, 0x02, 0xFF, 0x80, 0x03, 0x04, 0x00, 0x82, 0xFC, 0xFF, 0x2F,
    0x02, 0x00, 0x80, 0x80, 0x07, 0xFF, 0x80, 0x0B, 0x02, 0x00, 0x80, 0xD0, 0x02, 0xFF, 0x02, 0x00,
    0x80, 0x80, 0x02, 0xFF, 0x80, 0x0B, 0x02, 0x00, 0x82, 0xFC, 0xFF, 0x2F, 0x04, 0x00, 0x80, 0x80,
    0x02, 0xFF, 0x80, 0x03, 0x02, 0x00, 0x80, 0xE0, 0x06, 0xFF, 0x80, 0x3F, 0x03, 0x00, 0x82, 0xFD,
    0xFF, 0x0F, 0x02, 0x00, 0x80, 0xF0, 0x02, 0xFF, 0x82, 0x01, 0x00, 0xD0, 0x02, 0xFF, 0x80, 0x01,
    0x04, 0x00, 0x82, 0xF4, 0xFF, 0x7F, 0x03, 0x00, 0x80, 0xF8, 0x06, 0xFF, 0x03, 0x00, 0x80, 0xD0,
    0x02, 0xFF, 0x03, 0x00, 0x82, 0xFE, 0xFF, 0x2F, 0x02, 0x00, 0x82, 0xFE, 0xFF, 0x0F, 0x05, 0x00,
    0x02, 0xFF, 0x80, 0x0F, 0x03, 0x00, 0x80, 0xFE, 0x05, 0xFF, 0x80, 0x02, 0x03, 0x00, 0x82, 0xFD,
    0xFF, 0x0F, 0x02, 0x00, 0x80, 0xD0, 0x02, 0xFF, 0x84, 0x07, 0x00, 0xF0, 0xFF, 0xBF, 0x05, 0x00,
    0x80, 0xE0, 0x02, 0xFF, 0x80, 0x01, 0x02, 0x00, 0x80, 0x40, 0x05, 0xFF, 0x80, 0x0B, 0x03, 0x00,
    0x80, 0xD0, 0x02, 0xFF, 0x03, 0x00, 0x84, 0xF8, 0xFF, 0xBF, 0x00, 0x80, 0x02, 0xFF, 0x80, 0x07,
    0x05, 0x00, 0x82, 0xFD, 0xFF, 0x2F, 0x03, 0x00, 0x80, 0x80, 0x04, 0xFF, 0x80, 0x1B, 0x04, 0x00,
    0x82, 0xFD, 0xFF, 0x0F, 0x02, 0x00, 0x80, 0x40, 0x02, 0xFF, 0x84, 0x1F, 0x00, 0xFC, 0xFF, 0x3F,
    0x05, 0x00, 0x80, 0xC0, 0x02, 0xFF, 0x80, 0x07, 0x03, 0x00, 0x80, 0x80, 0x03, 0xFF, 0x80, 0x1B,
    0x04, 0x00, 0x80, 0xD0, 0x02, 0xFF, 0x03, 0x00, 0x80, 0xE0, 0x02, 0xFF, 0x81, 0x02, 0xD0, 0x02,
    0xFF, 0x80, 0x02, 0x05, 0x00, 0x82, 0xF8, 0xFF, 0xBF, 0x04, 0x00, 0x83, 0x40, 0xE9, 0xAF, 0x05,
    0x05, 0x00, 0x82, 0x54, 0x55, 0x05, 0x03, 0x00, 0x83, 0xFD, 0xFF, 0x7F, 0x00, 0x02, 0xFF, 0x80,
    0x1F, 0x06, 0x00, 0x02, 0xFF, 0x80, 0x1F, 0x12, 0x00, 0x80, 0x80, 0x02, 0xFF, 0x81, 0x0B, 0xF4,
    0x02, 0xFF, 0x06, 0x00, 0x80, 0xE0, 0x02, 0xFF, 0x80, 0x02, 0x12, 0x00, 0x80, 0xF4, 0x02, 0xFF,
    0x80, 0xC1, 0x02, 0xFF, 0x80, 0x07, 0x06, 0x00, 0x82, 0xFD, 0xFF, 0x7F, 0x13, 0x00, 0x85, 0xFE,
    0xFF, 0x2F, 0xFE, 0xFF, 0x3F, 0x06, 0x00, 0x80, 0x80, 0x02, 0xFF, 0x80, 0x0F, 0x12, 0x00, 0x80,
    0xD0, 0x02, 0xFF, 0x80, 0xF7, 0x02, 0xFF, 0x80, 0x01, 0x06, 0x00, 0x80, 0xF4, 0x02, 0xFF, 0x80,
    0x02, 0x12, 0x00, 0x80, 0xF8, 0x04, 0xFF, 0x80, 0x0F, 0x07, 0x00, 0x82, 0xFE, 0xFF, 0x7F, 0x12,
    0x00, 0x80, 0x40, 0x04, 0xFF, 0x80, 0x7F, 0x07, 0x00, 0x80, 0xC0, 0x02, 0xFF, 0x80, 0x0F, 0x12,
    0x00, 0x80, 0xE0, 0x04, 0xFF, 0x80, 0x02, 0x07, 0x00, 0x80, 0xF8, 0x02, 0xFF, 0x80, 0x02, 0x12,
    0x00, 0x80, 0xFD, 0x03, 0xFF, 0x80, 0x1F, 0x08, 0x00, 0x02, 0xFF, 0x80, 0x7F, 0x12, 0x00, 0x80,
    0x80, 0x03, 0xFF, 0x80, 0xBF, 0x08, 0x00, 0x80, 0xD0, 0x02, 0xFF, 0x80, 0x1F, 0x12, 0x00, 0x80,
    0xF4, 0x03, 0xFF, 0x80, 0x03, 0x08, 0x00, 0x80, 0xF8, 0x02, 0xFF, 0x80, 0x07, 0x12, 0x00, 0x80,
    0xFE, 0x02, 0xFF, 0x80, 0x1F, 0x09, 0x00, 0x03, 0xFF, 0x12, 0x00, 0x80, 0xD0, 0x02, 0xFF, 0x80,
    0xBF, 0x09, 0x00, 0x80, 0xD0, 0x02, 0xFF, 0x80, 0x3F, 0x12, 0x00, 0x80, 0xFD, 0x02, 0xFF, 0x80,
    0x03, 0x09, 0x00, 0x80, 0xF4, 0x02, 0xFF, 0x80, 0x0F, 0x11, 0x00, 0x80, 0xF4, 0x02, 0xFF, 0x80,
    0x1F, 0x0A, 0x00, 0x80, 0xFE, 0x02, 0xFF, 0x80, 0x03, 0x10, 0x00, 0x80, 0xD0, 0x02, 0xFF, 0x80,
    0x7F, 0x0A, 0x00, 0x80, 0x80, 0x03, 0xFF, 0x80, 0x01, 0x0F, 0x00, 0x80, 0x40, 0x03, 0xFF, 0x80,
    0x02, 0x0A, 0x00, 0x80, 0xF0, 0x02, 0xFF, 0x80, 0x7F, 0x10, 0x00, 0x80, 0xFE, 0x02, 0xFF, 0x80,
    0x0B, 0x0B, 0x00, 0x80, 0xFD, 0x02, 0xFF, 0x80, 0x2F, 0x0F, 0x00, 0x80, 0xF8, 0x02, 0xFF, 0x80,
    0x2F, 0x0B, 0x00, 0x80, 0x40, 0x03, 0xFF, 0x80, 0x1B, 0x0E, 0x00, 0x80, 0xF4, 0x02, 0xFF, 0x80,
    0xBF, 0x0C, 0x00, 0x80, 0xD0, 0x03, 0xFF, 0x80, 0x07, 0x0D, 0x00, 0x80, 0xE0, 0x03, 0xFF, 0x80,
    0x02, 0x0C, 0x00, 0x80, 0xF4, 0x03, 0xFF, 0x80, 0x06, 0x0C, 0x00, 0x80, 0xD0, 0x03, 0xFF, 0x80,
    0x0B, 0x0D, 0x00, 0x80, 0xFD, 0x03, 0xFF, 0x80, 0x02, 0x0B, 0x00, 0x80, 0x90, 0x03, 0xFF, 0x80,
    0x2F, 0x0E, 0x00, 0x04, 0xFF, 0x80, 0x02, 0x0A, 0x00, 0x80, 0x90, 0x03, 0xFF, 0x80, 0xBF, 0x0E,
    0x00, 0x80, 0x80, 0x04, 0xFF, 0x80, 0x06, 0x09, 0x00, 0x80, 0x90, 0x04, 0xFF, 0x80, 0x02, 0x0E,
    0x00, 0x80, 0xE0, 0x04, 0xFF, 0x80, 0x06, 0x08, 0x00, 0x80, 0xD0, 0x04, 0xFF, 0x80, 0x07, 0x0F,
    0x00, 0x80, 0xF4, 0x04, 0xFF, 0x80, 0x1B, 0x07, 0x00, 0x80, 0xE4, 0x04, 0xFF, 0x80, 0x0B, 0x10,
    0x00, 0x80, 0xF8, 0x04, 0xFF, 0x81, 0x6F, 0x01, 0x04, 0x00, 0x81, 0x40, 0xFA, 0x04, 0xFF, 0x80,
    0x2F, 0x11, 0x00, 0x80, 0xFD, 0x05, 0xFF, 0x84, 0x6B, 0x01, 0x00, 0x50, 0xE9, 0x05, 0xFF, 0x80,
    0x6F, 0x12, 0x00, 0x80, 0xFE, 0x0E, 0xFF, 0x80, 0x7F, 0x12, 0x00, 0x81, 0x40, 0xFE, 0x0D, 0xFF,
    0x80, 0xBF, 0x13, 0x00, 0x81, 0x40, 0xFE, 0x0C, 0xFF, 0x81, 0xBF, 0x01, 0x13, 0x00, 0x81, 0x40,
    0xFE, 0x0B, 0xFF, 0x81, 0xBF, 0x01, 0x14, 0x00, 0x81, 0x40, 0xFE, 0x0A, 0xFF, 0x80, 0xBF, 0x17,
    0x00, 0x80, 0xF9, 0x09, 0xFF, 0x80, 0x6F, 0x18, 0x00, 0x80, 0xE9, 0x08, 0xFF, 0x80, 0x1B, 0x19,
    0x00, 0x80, 0x90, 0x06, 0xFF, 0x81, 0xBF, 0x06, 0x1B, 0x00, 0x80, 0xA5, 0x04, 0xFF, 0x80, 0x5A,
    0x1E, 0x00, 0x82, 0x50, 0x55, 0x05, 0x0E, 0x00, 0x02, 0xFD, 0x06, 0x00, 0x00, 0x01, 0x02, 0x01,
    0xFF, 0x28, 0x00, 0x04, 0xFB, 0x08, 0x00, 0x00, 0x33, 0x00, 0x04, 0x00, 0xAE, 0x00, 0x7C, 0x00,
    0x05, 0xFA, 0x42, 0x08, 0x00, 0x7F, 0x00, 0x7F, 0x00, 0x31, 0x00, 0x80, 0x05, 0x1D, 0x00, 0x81,
    0xD0, 0x1F, 0x1D, 0x00, 0x81, 0xF9, 0xBF, 0x1C, 0x00, 0x80, 0x80, 0x02, 0xFF, 0x80, 0x02, 0x1B,
    0x00, 0x80, 0xF8, 0x02, 0xFF, 0x80, 0x1F, 0x1B, 0x00, 0x80, 0xFE, 0x02, 0xFF, 0x80, 0x7F, 0x1B,
    0x00, 0x80, 0xF8, 0x03, 0xFF, 0x80, 0x01, 0x1A, 0x00, 0x80, 0xD0, 0x03, 0xFF, 0x80, 0x07, 0x1B,
    0x00, 0x80, 0xFE, 0x02, 0xFF, 0x80, 0x1F, 0x1B, 0x00, 0x80, 0xF4, 0x02, 0xFF, 0x80, 0x7F, 0x1B,
    0x00, 0x80, 0xD0, 0x03, 0xFF, 0x1B, 0x00, 0x80, 0x40, 0x03, 0xFF, 0x80, 0x02, 0x1B, 0x00, 0x80,
    0xF8, 0x02, 0xFF, 0x80, 0x0B, 0x1B, 0x00, 0x80, 0xE0, 0x02, 0xFF, 0x80, 0x1F, 0x1B, 0x00, 0x80,
    0x80, 0x02, 0xFF, 0x80, 0x7F, 0x1C, 0x00, 0x03, 0xFF, 0x1C, 0x00, 0x80, 0xFC, 0x02, 0xFF, 0x80,
    0x02, 0x13, 0x00, 0x82, 0x54, 0x55, 0x05, 0x05, 0x00, 0x80, 0xF4, 0x02, 0xFF, 0x80, 0x07, 0x13,
    0x00, 0x82, 0xFD, 0xFF, 0x0F, 0x05, 0x00, 0x80, 0xD0, 0x02, 0xFF, 0x80, 0x0F, 0x13, 0x00, 0x82,
    0xFD, 0xFF, 0x0F, 0x05, 0x00, 0x80, 0x80, 0x02, 0xFF, 0x80, 0x1F, 0x13, 0x00, 0x82, 0xFD, 0xFF,
    0x0F, 0x06, 0x00, 0x02, 0xFF, 0x80, 0x3F, 0x13, 0x00, 0x82, 0xFD, 0xFF, 0x0F, 0x06, 0x00, 0x82,
    0xFD, 0xFF, 0xBF, 0x13, 0x00, 0x82, 0xFD, 0xFF, 0x0F, 0x06, 0x00, 0x80, 0xF8, 0x02, 0xFF, 0x13,
    0x00, 0x82, 0xFD, 0xFF, 0x0F, 0x06, 0x00, 0x80, 0xF0, 0x02, 0xFF, 0x80, 0x02, 0x12, 0x00, 0x82,
    0xFD, 0xFF, 0x0F, 0x06, 0x00, 0x80, 0xD0, 0x02, 0xFF, 0x80, 0x03, 0x12, 0x00, 0x82, 0xFD, 0xFF,
    0x0F, 0x06, 0x00, 0x80, 0x80, 0x02, 0xFF, 0x80, 0x0B, 0x12, 0x00, 0x82, 0xFD, 0xFF, 0x0F, 0x06,
    0x00, 0x80, 0x40, 0x02, 0xFF, 0x80, 0x0F, 0x12, 0x00, 0x82, 0xFD, 0xFF, 0x0F, 0x07, 0x00, 0x82,
    0xFE, 0xFF, 0x1F, 0x12, 0x00, 0x82, 0xFD, 0xFF, 0x0F, 0x07, 0x00, 0x82, 0xFD, 0xFF, 0x2F, 0x12,
    0x00, 0x82, 0xFD, 0xFF, 0x0F, 0x07, 0x00, 0x82, 0xF8, 0xFF, 0x7F, 0x12, 0x00, 0x82, 0xFD, 0xFF,
    0x0F, 0x07, 0x00, 0x82, 0xF4, 0xFF, 0xBF, 0x12, 0x00, 0x82, 0xFD, 0xFF, 0x0F, 0x02, 0x00, 0x80,
    0x40, 0x02, 0xFF, 0x82, 0x7F, 0x00, 0xF0, 0x02, 0xFF, 0x12, 0x00, 0x82, 0xFD, 0xFF, 0x0F, 0x02,
    0x00, 0x80, 0xD0, 0x02, 0xFF, 0x82, 0x2F, 0x00, 0xE0, 0x02, 0xFF, 0x80, 0x01, 0x11, 0x00, 0x82,
    0xFD, 0xFF, 0x0F, 0x02, 0x00, 0x80, 0xF0, 0x02, 0xFF, 0x82, 0x0F, 0x00, 0xD0, 0x02, 0xFF, 0x80,
    0x01, 0x11, 0x00, 0x82, 0xFD, 0xFF, 0x0F, 0x02, 0x00, 0x80, 0xF8, 0x02, 0xFF, 0x82, 0x07, 0x00,
    0xC0, 0x02, 0xFF, 0x80, 0x02, 0x09, 0x00, 0x82, 0x94, 0x6A, 0x01, 0x05, 0x00, 0x82, 0xFD, 0xFF,
    0x0F, 0x02, 0x00, 0x80, 0xFE, 0x02, 0xFF, 0x82, 0x01, 0x00, 0x80, 0x02, 0xFF, 0x80, 0x03, 0x08,
    0x00, 0x80, 0xE4, 0x02, 0xFF, 0x80, 0x6F, 0x05, 0x00, 0x84, 0xFD, 0xFF, 0x0F, 0x00, 0x40, 0x02,
    0xFF, 0x80, 0xBF, 0x02, 0x00, 0x80, 0x40, 0x02, 0xFF, 0x80, 0x07, 0x07, 0x00, 0x81, 0x50, 0xFE,
    0x03, 0xFF, 0x80, 0x07, 0x04, 0x00, 0x84, 0xFD, 0xFF, 0x0F, 0x00, 0xD0, 0x02, 0xFF, 0x80, 0x2F,
    0x03, 0x00, 0x02, 0xFF, 0x80, 0x07, 0x07, 0x00, 0x80, 0xF9, 0x04, 0xFF, 0x80, 0x7F, 0x04, 0x00,
    0x84, 0xFD, 0xFF, 0x0F, 0x00, 0xF0, 0x02, 0xFF, 0x80, 0x0F, 0x03, 0x00, 0x82, 0xFE, 0xFF, 0x0B,
    0x06, 0x00, 0x80, 0x80, 0x06, 0xFF, 0x80, 0x02, 0x03, 0x00, 0x84, 0xFD, 0xFF, 0x0F, 0x00, 0xF8,
    0x02, 0xFF, 0x80, 0x07, 0x03, 0x00, 0x82, 0xFE, 0xFF, 0x0F, 0x06, 0x00, 0x80, 0xF8, 0x06, 0xFF,
    0x80, 0x0B, 0x03, 0x00, 0x84, 0xFD, 0xFF, 0x0F, 0x00, 0xFE, 0x02, 0xFF, 0x80, 0x01, 0x03, 0x00,
    0x82, 0xFD, 0xFF, 0x0F, 0x05, 0x00, 0x80, 0x40, 0x07, 0xFF, 0x80, 0x2F, 0x03, 0x00, 0x83, 0xFD,
    0xFF, 0x0F, 0x40, 0x02, 0xFF, 0x80, 0xBF, 0x04, 0x00, 0x82, 0xFD, 0xFF, 0x1F, 0x05, 0x00, 0x80,
    0xE4, 0x07, 0xFF, 0x80, 0xBF, 0x03, 0x00, 0x83, 0xFD, 0xFF, 0x0F, 0xD0, 0x02, 0xFF, 0x80, 0x2F,
    0x04, 0x00, 0x82, 0xFC, 0xFF, 0x1F, 0x05, 0x00, 0x80, 0xF8, 0x08, 0xFF, 0x80, 0x01, 0x02, 0x00,
    0x83, 0xFD, 0xFF, 0x0F, 0xF0, 0x02, 0xFF, 0x80, 0x0F, 0x04, 0x00, 0x82, 0xFC, 0xFF, 0x1F, 0x05,
    0x00, 0x80, 0xF8, 0x03, 0xFF, 0x81, 0xBF, 0xFA, 0x03, 0xFF, 0x80, 0x03, 0x02, 0x00, 0x83, 0xFD,
    0xFF, 0x0F, 0xF8, 0x02, 0xFF, 0x80, 0x07, 0x04, 0x00, 0x82, 0xF8, 0xFF, 0x2F, 0x05, 0x00, 0x80,
    0xF8, 0x03, 0xFF, 0x82, 0x06, 0x00, 0xFD, 0x02, 0xFF, 0x80, 0x0B, 0x02, 0x00, 0x83, 0xFD, 0xFF,
    0x0F, 0xFE, 0x02, 0xFF, 0x80, 0x01, 0x04, 0x00, 0x82, 0xF8, 0xFF, 0x2F, 0x05, 0x00, 0x80, 0xF8,
    0x02, 0xFF, 0x80, 0x6F, 0x02, 0x00, 0x80, 0xE0, 0x02, 0xFF, 0x80, 0x0F, 0x02, 0x00, 0x82, 0xFD,
    0xFF, 0x4F, 0x02, 0xFF, 0x80, 0xBF, 0x05, 0x00, 0x82, 0xF8, 0xFF, 0x2F, 0x05, 0x00, 0x80, 0xF8,
    0x02, 0xFF, 0x80, 0x0B, 0x02, 0x00, 0x80, 0x40, 0x02, 0xFF, 0x80, 0x2F, 0x02, 0x00, 0x82, 0xFD,
    0xFF, 0xDF, 0x02, 0xFF, 0x80, 0x2F, 0x05, 0x00, 0x82, 0xF8, 0xFF, 0x2F, 0x05, 0x00, 0x80, 0xF8,
    0x02, 0xFF, 0x80, 0x02, 0x03, 0x00, 0x82, 0xFE, 0xFF, 0x3F, 0x02, 0x00, 0x80, 0xFD, 0x04, 0xFF,
    0x80, 0x2F, 0x05, 0x00, 0x82, 0xF8, 0xFF, 0x2F, 0x02, 0x00, 0x80, 0x04, 0x02, 0x00, 0x80, 0xF8,
    0x02, 0xFF, 0x80, 0x01, 0x03, 0x00, 0x82, 0xFC, 0xFF, 0x7F, 0x02, 0x00, 0x80, 0xFD, 0x04, 0xFF,
    0x80, 0x7F, 0x05, 0x00, 0x85, 0xF4, 0xFF, 0x3F, 0x00, 0x40, 0x0F, 0x02, 0x00, 0x82, 0xF8, 0xFF,
    0xBF, 0x04, 0x00, 0x82, 0xF4, 0xFF, 0x7F, 0x02, 0x00, 0x80, 0xFD, 0x04, 0xFF, 0x80, 0xBF, 0x05,
    0x00, 0x85, 0xF4, 0xFF, 0x3F, 0x00, 0xE4, 0x1F, 0x02, 0x00, 0x82, 0xF8, 0xFF, 0x7F, 0x04, 0x00,
    0x82, 0xF0, 0xFF, 0xBF, 0x02, 0x00, 0x80, 0xFD, 0x05, 0xFF, 0x80, 0x01, 0x04, 0x00, 0x85, 0xF4,
    0xFF, 0x3F, 0x00, 0xFE, 0x1F, 0x02, 0x00, 0x82, 0xF8, 0xFF, 0x3F, 0x04, 0x00, 0x82, 0xE0, 0xFF,
    0xBF, 0x02, 0x00, 0x80, 0xFD, 0x05, 0xFF, 0x80, 0x02, 0x04, 0x00, 0x85, 0xF8, 0xFF, 0x2F, 0xE0,
    0xFF, 0x1F, 0x02, 0x00, 0x82, 0xF8, 0xFF, 0x2F, 0x04, 0x00, 0x80, 0xD0, 0x02, 0xFF, 0x02, 0x00,
    0x80, 0xFD, 0x05, 0xFF, 0x80, 0x07, 0x04, 0x00, 0x85, 0xF8, 0xFF, 0x2F, 0xFC, 0xFF, 0x1F, 0x02,
    0x00, 0x82, 0xF8, 0xFF, 0x2F, 0x04, 0x00, 0x80, 0xD0, 0x02, 0xFF, 0x02, 0x00, 0x80, 0xFD, 0x05,
    0xFF, 0x80, 0x0B, 0x04, 0x00, 0x85, 0xF8, 0xFF, 0x2F, 0xFC, 0xFF, 0x1F, 0x02, 0x00, 0x82, 0xF8,
    0xFF, 0x2F, 0x04, 0x00, 0x80, 0xD0, 0x02, 0xFF, 0x02, 0x00, 0x80, 0xFD, 0x05, 0xFF, 0x80, 0x1F,
    0x04, 0x00, 0x85, 0xF8, 0xFF, 0x2F, 0xF8, 0xFF, 0x2F, 0x02, 0x00, 0x82, 0xF8, 0xFF, 0x3F, 0x04,
    0x00, 0x82, 0xE0, 0xFF, 0xBF, 0x02, 0x00, 0x80, 0xFD, 0x02, 0xFF, 0x83, 0xBF, 0xFE, 0xFF, 0x2F,
    0x04, 0x00, 0x85, 0xFC, 0xFF, 0x2F, 0xF8, 0xFF, 0x2F, 0x02, 0x00, 0x82, 0xF4, 0xFF, 0x3F, 0x04,
    0x00, 0x82, 0xF0, 0xFF, 0xBF, 0x02, 0x00, 0x80, 0xFD, 0x02, 0xFF, 0x83, 0x2F, 0xFC, 0xFF, 0x7F,
    0x04, 0x00, 0x85, 0xFC, 0xFF, 0x1F, 0xF8, 0xFF, 0x3F, 0x02, 0x00, 0x82, 0xF4, 0xFF, 0x7F, 0x04,
    0x00, 0x82, 0xF4, 0xFF, 0x7F, 0x02, 0x00, 0x80, 0xFD, 0x02, 0xFF, 0x83, 0x0F, 0xF8, 0xFF, 0xBF,
    0x04, 0x00, 0x85, 0xFC, 0xFF, 0x1F, 0xF4, 0xFF, 0x3F, 0x02, 0x00, 0x80, 0xF0, 0x02, 0xFF, 0x04,
    0x00, 0x82, 0xF8, 0xFF, 0x7F, 0x02, 0x00, 0x80, 0xFD, 0x02, 0xFF, 0x81, 0x07, 0xF0, 0x02, 0xFF,
    0x80, 0x01, 0x03, 0x00, 0x85, 0xFD, 0xFF, 0x0F, 0xF4, 0xFF, 0x7F, 0x02, 0x00, 0x80, 0xE0, 0x02,
    0xFF, 0x80, 0x02, 0x03, 0x00, 0x82, 0xFD, 0xFF, 0x3F, 0x02, 0x00, 0x80, 0xFD, 0x02, 0xFF, 0x81,
    0x01, 0xE0, 0x02, 0xFF, 0x80, 0x02, 0x03, 0x00, 0x85, 0xFD, 0xFF, 0x0F, 0xF0, 0xFF, 0x7F, 0x02,
    0x00, 0x80, 0xD0, 0x02, 0xFF, 0x80, 0x07, 0x02, 0x00, 0x80, 0x40, 0x02, 0xFF, 0x80, 0x2F, 0x02,
    0x00, 0x84, 0xFD, 0xFF, 0xBF, 0x00, 0xC0, 0x02, 0xFF, 0x80, 0x07, 0x03, 0x00, 0x85, 0xFE, 0xFF,
    0x0B, 0xF0, 0xFF, 0xBF, 0x02, 0x00, 0x80, 0xC0, 0x02, 0xFF, 0x80, 0x2F, 0x02, 0x00, 0x80, 0xD0,
    0x02, 0xFF, 0x80, 0x1F, 0x02, 0x00, 0x84, 0xFD, 0xFF, 0x2F, 0x00, 0x80, 0x02, 0xFF, 0x80, 0x0B,
    0x03, 0x00, 0x02, 0xFF, 0x81, 0x0B, 0xE0, 0x02, 0xFF, 0x02, 0x00, 0x80, 0x40, 0x02, 0xFF, 0x83,
    0xBF, 0x01, 0x00, 0xF9, 0x02, 0xFF, 0x80, 0x0B, 0x02, 0x00, 0x82, 0xFD, 0xFF, 0x1F, 0x02, 0x00,
    0x02, 0xFF, 0x80, 0x1F, 0x03, 0x00, 0x02, 0xFF, 0x81, 0x07, 0xD0, 0x02, 0xFF, 0x03, 0x00, 0x03,
    0xFF, 0x81, 0x6F, 0xE5, 0x03, 0xFF, 0x80, 0x07, 0x02, 0x00, 0x82, 0xFD, 0xFF, 0x0F, 0x02, 0x00,
    0x82, 0xFE, 0xFF, 0x2F, 0x02, 0x00, 0x80, 0x40, 0x02, 0xFF, 0x81, 0x07, 0xD0, 0x02, 0xFF, 0x80,
    0x01, 0x02, 0x00, 0x80, 0xFD, 0x07, 0xFF, 0x80, 0x02, 0x02, 0x00, 0x82, 0xFD, 0xFF, 0x0F, 0x02,
    0x00, 0x82, 0xFC, 0xFF, 0x7F, 0x02, 0x00, 0x80, 0x80, 0x02, 0xFF, 0x81, 0x03, 0xC0, 0x02, 0xFF,
    0x80, 0x02, 0x02, 0x00, 0x80, 0xF8, 0x06, 0xFF, 0x80, 0xBF, 0x03, 0x00, 0x82, 0xFD, 0xFF, 0x0F,
    0x02, 0x00, 0x82, 0xF8, 0xFF, 0xBF, 0x02, 0x00, 0x80, 0xC0, 0x02, 0xFF, 0x81, 0x02, 0x80, 0x02,
    0xFF, 0x80, 0x03, 0x02, 0x00, 0x80, 0xE0, 0x06, 0xFF, 0x80, 0x3F, 0x03, 0x00, 0x82, 0xFD, 0xFF,
    0x0F, 0x02, 0x00, 0x80, 0xF0, 0x02, 0xFF, 0x82, 0x01, 0x00, 0xD0, 0x02, 0xFF, 0x81, 0x01, 0x40,
    0x02, 0xFF, 0x80, 0x07, 0x02, 0x00, 0x80, 0x80, 0x06, 0xFF, 0x80, 0x0F, 0x03, 0x00, 0x82, 0xFD,
    0xFF, 0x0F, 0x02, 0x00, 0x80, 0xE0, 0x02, 0xFF, 0x82, 0x02, 0x00, 0xE0, 0x02, 0xFF, 0x02, 0x00,
    0x02, 0xFF, 0x80, 0x0F, 0x03, 0x00, 0x80, 0xFE, 0x05, 0xFF, 0x80, 0x02, 0x03, 0x00, 0x82, 0xFD,
    0xFF, 0x0F, 0x02, 0x00, 0x80, 0xC0, 0x02, 0xFF, 0x84, 0x07, 0x00, 0xF0, 0xFF, 0xBF, 0x02, 0x00,
    0x82, 0xFE, 0xFF, 0x1F, 0x03, 0x00, 0x80, 0xF4, 0x04, 0xFF, 0x80, 0xBF, 0x04, 0x00, 0x82, 0xFD,
    0xFF, 0x0F, 0x02, 0x00, 0x80, 0x80, 0x02, 0xFF, 0x84, 0x0B, 0x00, 0xF8, 0xFF, 0x7F, 0x02, 0x00,
    0x82, 0xFD, 0xFF, 0x2F, 0x03, 0x00, 0x80, 0x80, 0x04, 0xFF, 0x80, 0x1B, 0x04, 0x00, 0x82, 0xFD,
    0xFF, 0x0F, 0x02, 0x00, 0x80, 0x40, 0x02, 0xFF, 0x84, 0x1F, 0x00, 0xFC, 0xFF, 0x3F, 0x02, 0x00,
    0x82, 0xFC, 0xFF, 0x7F, 0x04, 0x00, 0x80, 0xF8, 0x02, 0xFF, 0x81, 0xBF, 0x01, 0x04, 0x00, 0x82,
    0xFD, 0xFF, 0x0F, 0x03, 0x00, 0x86, 0xFE, 0xFF, 0x2F, 0x00, 0xFD, 0xFF, 0x2F, 0x02, 0x00, 0x82,
    0xF8, 0xFF, 0xBF, 0x04, 0x00, 0x83, 0x40, 0xE9, 0xAF, 0x05, 0x05, 0x00, 0x82, 0x54, 0x55, 0x05,
    0x03, 0x00, 0x83, 0xFD, 0xFF, 0x7F, 0x00, 0x02, 0xFF, 0x80, 0x1F, 0x02, 0x00, 0x80, 0xF0, 0x02,
    0xFF, 0x80, 0x01, 0x12, 0x00, 0x83, 0xF8, 0xFF, 0xBF, 0x40, 0x02, 0xFF, 0x80, 0x0F, 0x02, 0x00,
    0x80, 0xE0, 0x02, 0xFF, 0x80, 0x02, 0x12, 0x00, 0x80, 0xF4, 0x02, 0xFF, 0x80, 0xC1, 0x02, 0xFF,
    0x80, 0x07, 0x02, 0x00, 0x80, 0xD0, 0x02, 0xFF, 0x80, 0x07, 0x12, 0x00, 0x80, 0xE0, 0x02, 0xFF,
    0x80, 0xE2, 0x02, 0xFF, 0x80, 0x03, 0x02, 0x00, 0x80, 0x80, 0x02, 0xFF, 0x80, 0x0F, 0x12, 0x00,
    0x80, 0xD0, 0x02, 0xFF, 0x80, 0xF7, 0x02, 0xFF, 0x80, 0x01, 0x02, 0x00, 0x80, 0x40, 0x02, 0xFF,
    0x80, 0x2F, 0x12, 0x00, 0x80, 0x80, 0x05, 0xFF, 0x04, 0x00, 0x82, 0xFE, 0xFF, 0x7F, 0x12, 0x00,
    0x80, 0x40, 0x04, 0xFF, 0x80, 0x7F, 0x04, 0x00, 0x80, 0xFC, 0x02, 0xFF, 0x13, 0x00, 0x80, 0xFE,
    0x03, 0xFF, 0x80, 0x2F, 0x04, 0x00, 0x80, 0xF8, 0x02, 0xFF, 0x80, 0x02, 0x12, 0x00, 0x80, 0xFD,
    0x03, 0xFF, 0x80, 0x1F, 0x04, 0x00, 0x80, 0xF0, 0x02, 0xFF, 0x80, 0x07, 0x12, 0x00, 0x80, 0xF8,
    0x03, 0xFF, 0x80, 0x0B, 0x04, 0x00, 0x80, 0xD0, 0x02, 0xFF, 0x80, 0x1F, 0x12, 0x00, 0x80, 0xF4,
    0x03, 0xFF, 0x80, 0x03, 0x04, 0x00, 0x80, 0x80, 0x02, 0xFF, 0x80, 0x7F, 0x12, 0x00, 0x80, 0xE0,
    0x03, 0xFF, 0x80, 0x01, 0x05, 0x00, 0x03, 0xFF, 0x12, 0x00, 0x80, 0xD0, 0x02, 0xFF, 0x80, 0xBF,
    0x06, 0x00, 0x80, 0xFD, 0x02, 0xFF, 0x80, 0x03, 0x11, 0x00, 0x80, 0xD0, 0x02, 0xFF, 0x80, 0x3F,
    0x06, 0x00, 0x80, 0xF4, 0x02, 0xFF, 0x80, 0x0F, 0x11, 0x00, 0x80, 0xF4, 0x02, 0xFF, 0x80, 0x1F,
    0x06, 0x00, 0x80, 0xE0, 0x02, 0xFF, 0x80, 0x3F, 0x11, 0x00, 0x80, 0xFD, 0x02, 0xFF, 0x80, 0x07,
    0x06, 0x00, 0x80, 0x80, 0x03, 0xFF, 0x80, 0x01, 0x0F, 0x00, 0x80, 0x40, 0x03, 0xFF, 0x80, 0x02,
    0x07, 0x00, 0x03, 0xFF, 0x80, 0x07, 0x0F, 0x00, 0x80, 0xE0, 0x02, 0xFF, 0x80, 0xBF, 0x08, 0x00,
    0x80, 0xFD, 0x02, 0xFF, 0x80, 0x2F, 0x0F, 0x00, 0x80, 0xF8, 0x02, 0xFF, 0x80, 0x2F, 0x08, 0x00,
    0x80, 0xF4, 0x02, 0xFF, 0x81, 0xBF, 0x01, 0x0D, 0x00, 0x80, 0x40, 0x03, 0xFF, 0x80, 0x0B, 0x08,
    0x00, 0x80, 0xD0, 0x03, 0xFF, 0x80, 0x07, 0x0D, 0x00, 0x80, 0xE0, 0x03, 0xFF, 0x80, 0x02, 0x08,
    0x00, 0x80, 0x40, 0x03, 0xFF, 0x80, 0x6F, 0x0D, 0x00, 0x80, 0xFD, 0x02, 0xFF, 0x80, 0xBF, 0x0A,
    0x00, 0x80, 0xFD, 0x03, 0xFF, 0x80, 0x02, 0x0B, 0x00, 0x80, 0x90, 0x03, 0xFF, 0x80, 0x2F, 0x0A,
    0x00, 0x80, 0xF0, 0x03, 0xFF, 0x80, 0x2F, 0x0B, 0x00, 0x80, 0xF9, 0x03, 0xFF, 0x80, 0x0B, 0x0A,
    0x00, 0x80, 0x80, 0x04, 0xFF, 0x80, 0x06, 0x09, 0x00, 0x80, 0x90, 0x04, 0xFF, 0x80, 0x02, 0x0B,
    0x00, 0x80, 0xFE, 0x03, 0xFF, 0x80, 0x6F, 0x09, 0x00, 0x80, 0xFD, 0x03, 0xFF, 0x80, 0x7F, 0x0C,
    0x00, 0x80, 0xF4, 0x04, 0xFF, 0x80, 0x1B, 0x07, 0x00, 0x80, 0xE4, 0x04, 0xFF, 0x80, 0x0B, 0x0C,
    0x00, 0x80, 0x80, 0x05, 0xFF, 0x80, 0x16, 0x05, 0x00, 0x80, 0xA4, 0x05, 0xFF, 0x80, 0x02, 0x0D,
    0x00, 0x80, 0xFD, 0x05, 0xFF, 0x84, 0x6B, 0x01, 0x00, 0x50, 0xE9, 0x05, 0xFF, 0x80, 0x6F, 0x0E,
    0x00, 0x80, 0xE0, 0x0F, 0xFF, 0x80, 0x07, 0x0E, 0x00, 0x81, 0x40, 0xFE, 0x0D, 0xFF, 0x80, 0xBF,
    0x10, 0x00, 0x80, 0xE4, 0x0D, 0xFF, 0x80, 0x1B, 0x10, 0x00, 0x81, 0x40, 0xFE, 0x0B, 0xFF, 0x81,
    0xBF, 0x01, 0x11, 0x00, 0x80, 0xE4, 0x0B, 0xFF, 0x80, 0x0B, 0x13, 0x00, 0x80, 0xF9, 0x09, 0xFF,
    0x80, 0x6F, 0x14, 0x00, 0x81, 0x90, 0xFE, 0x07, 0xFF, 0x81, 0xBF, 0x01, 0x15, 0x00, 0x80, 0x90,
    0x06, 0xFF, 0x81, 0xBF, 0x06, 0x17, 0x00, 0x81, 0x50, 0xFA, 0x03, 0xFF, 0x81, 0xAF, 0x05, 0x1A,
    0x00, 0x82, 0x50, 0x55, 0x05, 0x0E, 0x00, 0x02, 0xFD, 0x06, 0x00, 0x00, 0x01, 0x02, 0x01, 0xFF,
    0x28, 0x00, 0x04, 0xFB, 0x08, 0x00, 0x00, 0x12, 0x00, 0x0D, 0x00, 0xAE, 0x00, 0x82, 0x00, 0x05,
    0xFA, 0xC2, 0x06, 0x00, 0x7F, 0x00, 0x7F, 0x00, 0x7F, 0x00, 0x7D, 0x00, 0x80, 0x10, 0x26, 0x00,
    0x81, 0xF4, 0x01, 0x25, 0x00, 0x81, 0xF9, 0x1F, 0x25, 0x00, 0x81, 0xFE, 0xFF, 0x24, 0x00, 0x80,
    0x80, 0x02, 0xFF, 0x80, 0x0B, 0x23, 0x00, 0x80, 0x40, 0x02, 0xFF, 0x80, 0x7F, 0x24, 0x00, 0x80,
    0xF4, 0x02, 0xFF, 0x80, 0x03, 0x23, 0x00, 0x80, 0x80, 0x02, 0xFF, 0x80, 0x1F, 0x24, 0x00, 0x80,
    0xFC, 0x02, 0xFF, 0x24, 0x00, 0x80, 0xD0, 0x02, 0xFF, 0x80, 0x0B, 0x24, 0x00, 0x82, 0xFE, 0xFF,
    0x3F, 0x24, 0x00, 0x80, 0xF0, 0x02, 0xFF, 0x80, 0x02, 0x23, 0x00, 0x80, 0x40, 0x02, 0xFF, 0x80,
    0x0F, 0x24, 0x00, 0x82, 0xF8, 0xFF, 0xBF, 0x24, 0x00, 0x80, 0xD0, 0x02, 0xFF, 0x80, 0x03, 0x24,
    0x00, 0x82, 0xFE, 0xFF, 0x1F, 0x24, 0x00, 0x82, 0xF4, 0xFF, 0xBF, 0x24, 0x00, 0x80, 0x80, 0x02,
    0xFF, 0x80, 0x07, 0x1C, 0x00, 0x80, 0x01, 0x07, 0x00, 0x82, 0xFD, 0xFF, 0x2F, 0x1B, 0x00, 0x81,
    0x40, 0x0F, 0x02, 0x00, 0x80, 0x40, 0x02, 0xFF, 0x82, 0x7F, 0x00, 0xF0, 0x02, 0xFF, 0x1B, 0x00,
    0x81, 0x90, 0x3F, 0x02, 0x00, 0x80, 0x40, 0x02, 0xFF, 0x82, 0xBF, 0x00, 0x80, 0x02, 0xFF, 0x80,
    0x07, 0x1A, 0x00, 0x81, 0xE0, 0xFF, 0x03, 0x00, 0x03, 0xFF, 0x02, 0x00, 0x82, 0xFD, 0xFF, 0x1F,
    0x1A, 0x00, 0x82, 0xF8, 0xFF, 0x03, 0x02, 0x00, 0x80, 0xFE, 0x02, 0xFF, 0x84, 0x01, 0x00, 0xF0,
    0xFF, 0xBF, 0x1A, 0x00, 0x82, 0xFC, 0xFF, 0x0F, 0x02, 0x00, 0x80, 0xFE, 0x02, 0xFF, 0x82, 0x01,
    0x00, 0x80, 0x02, 0xFF, 0x80, 0x03, 0x19, 0x00, 0x82, 0xF4, 0xFF, 0x3F, 0x02, 0x00, 0x80, 0xFD,
    0x02, 0xFF, 0x80, 0x02, 0x02, 0x00, 0x82, 0xFD, 0xFF, 0x1F, 0x19, 0x00, 0x80, 0xD0, 0x02, 0xFF,
    0x02, 0x00, 0x80, 0xFD, 0x02, 0xFF, 0x80, 0x02, 0x02, 0x00, 0x82, 0xF0, 0xFF, 0x7F, 0x19, 0x00,
    0x80, 0x40, 0x02, 0xFF, 0x82, 0x03, 0x00, 0xFC, 0x02, 0xFF, 0x80, 0x03, 0x02, 0x00, 0x80, 0x80,
    0x02, 0xFF, 0x80, 0x02, 0x19, 0x00, 0x84, 0xFD, 0xFF, 0x0F, 0x00, 0xF8, 0x02, 0xFF, 0x80, 0x07,
    0x03, 0x00, 0x82, 0xFE, 0xFF, 0x0F, 0x19, 0x00, 0x84, 0xF4, 0xFF, 0x3F, 0x00, 0xF8, 0x02, 0xFF,
    0x80, 0x07, 0x03, 0x00, 0x82, 0xF4, 0xFF, 0x3F, 0x19, 0x00, 0x80, 0xD0, 0x02, 0xFF, 0x81, 0x00,
    0xF4, 0x02, 0xFF, 0x80, 0x0B, 0x03, 0x00, 0x80, 0xD0, 0x02, 0xFF, 0x80, 0x01, 0x18, 0x00, 0x80,
    0x40, 0x02, 0xFF, 0x81, 0x03, 0xF4, 0x02, 0xFF, 0x80, 0x0B, 0x04, 0x00, 0x02, 0xFF, 0x80, 0x07,
    0x15, 0x00, 0x81, 0xE0, 0x01, 0x02, 0x00, 0x83, 0xFD, 0xFF, 0x0F, 0xF0, 0x02, 0xFF, 0x80, 0x0F,
    0x04, 0x00, 0x82, 0xFC, 0xFF, 0x1F, 0x15, 0x00, 0x81, 0xF4, 0x0F, 0x02, 0x00, 0x83, 0xF4, 0xFF,
    0x3F, 0xE0, 0x02, 0xFF, 0x80, 0x1F, 0x04, 0x00, 0x82, 0xE0, 0xFF, 0xBF, 0x15, 0x00, 0x81, 0xF9,
    0xBF, 0x02, 0x00, 0x80, 0xD0, 0x02, 0xFF, 0x80, 0xE0, 0x02, 0xFF, 0x80, 0x1F, 0x04, 0x00, 0x80,
    0x80, 0x02, 0xFF, 0x80, 0x02, 0x13, 0x00, 0x85, 0x40, 0xFE, 0xFF, 0x03, 0x00, 0x40, 0x02, 0xFF,
    0x80, 0xD3, 0x02, 0xFF, 0x80, 0x2F, 0x05, 0x00, 0x82, 0xFE, 0xFF, 0x0B, 0x13, 0x00, 0x80, 0x40,
    0x02, 0xFF, 0x80, 0x2F, 0x02, 0x00, 0x82, 0xFD, 0xFF, 0xDF, 0x02, 0xFF, 0x80, 0x2F, 0x05, 0x00,
    0x82, 0xF8, 0xFF, 0x2F, 0x14, 0x00, 0x80, 0xF8, 0x02, 0xFF, 0x02, 0x00, 0x80, 0xF4, 0x04, 0xFF,
    0x80, 0xBF, 0x05, 0x00, 0x82, 0xD0, 0xFF, 0xBF, 0x14, 0x00, 0x80, 0xC0, 0x02, 0xFF, 0x82, 0x07,
    0x00, 0xD0, 0x05, 0xFF, 0x80, 0x07, 0x04, 0x00, 0x80, 0x40, 0x02, 0xFF, 0x80, 0x03, 0x14, 0x00,
    0x84, 0xFD, 0xFF, 0x1F, 0x00, 0x40, 0x05, 0xFF, 0x80, 0x2F, 0x05, 0x00, 0x82, 0xFD, 0xFF, 0x0F,
    0x14, 0x00, 0x82, 0xF0, 0xFF, 0xBF, 0x02, 0x00, 0x80, 0xFD, 0x05, 0xFF, 0x80, 0x01, 0x04, 0x00,
    0x82, 0xF4, 0xFF, 0x3F, 0x14, 0x00, 0x80, 0x80, 0x02, 0xFF, 0x82, 0x02, 0x00, 0xF4, 0x05, 0xFF,
    0x80, 0x0B, 0x04, 0x00, 0x82, 0xE0, 0xFF, 0xBF, 0x15, 0x00, 0x84, 0xFD, 0xFF, 0x0F, 0x00, 0xD0,
    0x05, 0xFF, 0x80, 0x7F, 0x04, 0x00, 0x80, 0x80, 0x02, 0xFF, 0x80, 0x02, 0x14, 0x00, 0x84, 0xF4,
    0xFF, 0x3F, 0x00, 0x40, 0x06, 0xFF, 0x80, 0x02, 0x04, 0x00, 0x82, 0xFE, 0xFF, 0x0B, 0x14, 0x00,
    0x80, 0xD0, 0x02, 0xFF, 0x02, 0x00, 0x80, 0xFD, 0x05, 0xFF, 0x80, 0x1F, 0x04, 0x00, 0x82, 0xF8,
    0xFF, 0x2F, 0x14, 0x00, 0x80, 0x80, 0x02, 0xFF, 0x82, 0x02, 0x00, 0xF4, 0x03, 0xFF, 0x82, 0xFA,
    0xFF, 0xBF, 0x04, 0x00, 0x82, 0xF0, 0xFF, 0xBF, 0x0F, 0x00, 0x81, 0x40, 0x03, 0x04, 0x00, 0x02,
    0xFF, 0x82, 0x0B, 0x00, 0xD0, 0x03, 0xFF, 0x80, 0xC2, 0x02, 0xFF, 0x80, 0x07, 0x03, 0x00, 0x80,
    0xC0, 0x02, 0xFF, 0x80, 0x01, 0x0E, 0x00, 0x81, 0xD0, 0x1F, 0x04, 0x00, 0x84, 0xFD, 0xFF, 0x1F,
    0x00, 0x40, 0x03, 0xFF, 0x83, 0x03, 0xFE, 0xFF, 0x2F, 0x04, 0x00, 0x02, 0xFF, 0x80, 0x07, 0x0E,
    0x00, 0x81, 0xE4, 0xFF, 0x04, 0x00, 0x82, 0xF8, 0xFF, 0x7F, 0x02, 0x00, 0x80, 0xFD, 0x02, 0xFF,
    0x81, 0x07, 0xF0, 0x02, 0xFF, 0x80, 0x01, 0x03, 0x00, 0x82, 0xFD, 0xFF, 0x0F, 0x0E, 0x00, 0x82,
    0xF8, 0xFF, 0x0B, 0x03, 0x00, 0x80, 0xF4, 0x02, 0xFF, 0x02, 0x00, 0x80, 0xF4, 0x02, 0xFF, 0x81,
    0x07, 0x80, 0x02, 0xFF, 0x80, 0x0B, 0x03, 0x00, 0x82, 0xF4, 0xFF, 0x3F, 0x0E, 0x00, 0x82, 0xFD,
    0xFF, 0x7F, 0x03, 0x00, 0x80, 0xF4, 0x02, 0xFF, 0x82, 0x02, 0x00, 0xD0, 0x02, 0xFF, 0x84, 0x0B,
    0x00, 0xFC, 0xFF, 0x7F, 0x03, 0x00, 0x82, 0xE0, 0xFF, 0xBF, 0x0E, 0x00, 0x80, 0xF0, 0x02, 0xFF,
    0x80, 0x0B, 0x02, 0x00, 0x80, 0xF4, 0x02, 0xFF, 0x82, 0x07, 0x00, 0x40, 0x02, 0xFF, 0x82, 0x0B,
    0x00, 0xE0, 0x02, 0xFF, 0x80, 0x02, 0x02, 0x00, 0x80, 0xC0, 0x02, 0xFF, 0x80, 0x02, 0x0D, 0x00,
    0x80, 0x40, 0x02, 0xFF, 0x83, 0xBF, 0x01, 0x00, 0xF9, 0x02, 0xFF, 0x80, 0x0B, 0x02, 0x00, 0x82,
    0xFD, 0xFF, 0x1F, 0x02, 0x00, 0x02, 0xFF, 0x80, 0x1F, 0x03, 0x00, 0x02, 0xFF, 0x80, 0x07, 0x0E,
    0x00, 0x80, 0xFC, 0x02, 0xFF, 0x81, 0xBF, 0x95, 0x03, 0xFF, 0x80, 0x0F, 0x02, 0x00, 0x82, 0xF4,
    0xFF, 0x3F, 0x02, 0x00, 0x82, 0xF8, 0xFF, 0xBF, 0x03, 0x00, 0x82, 0xFD, 0xFF, 0x1F, 0x0E, 0x00,
    0x80, 0xD0, 0x07, 0xFF, 0x80, 0x2F, 0x02, 0x00, 0x80, 0xD0, 0x02, 0xFF, 0x02, 0x00, 0x80, 0xC0,
    0x02, 0xFF, 0x80, 0x07, 0x02, 0x00, 0x82, 0xF8, 0xFF, 0x3F, 0x0F, 0x00, 0x80, 0xFE, 0x06, 0xFF,
    0x80, 0x2F, 0x02, 0x00, 0x80, 0x40, 0x02, 0xFF, 0x80, 0x03, 0x02, 0x00, 0x82, 0xFE, 0xFF, 0x2F,
    0x02, 0x00, 0x82, 0xF0, 0xFF, 0xBF, 0x0B, 0x00, 0x81, 0x40, 0x03, 0x02, 0x00, 0x80, 0xE0, 0x06,
    0xFF, 0x80, 0x3F, 0x03, 0x00, 0x82, 0xFD, 0xFF, 0x0F, 0x02, 0x00, 0x80, 0xF0, 0x02, 0xFF, 0x82,
    0x01, 0x00, 0xD0, 0x02, 0xFF, 0x80, 0x01, 0x0A, 0x00, 0x81, 0x90, 0x1F, 0x03, 0x00, 0x80, 0xFE,
    0x05, 0xFF, 0x80, 0x3F, 0x03, 0x00, 0x82, 0xF4, 0xFF, 0x3F, 0x02, 0x00, 0x80, 0x80, 0x02, 0xFF,
    0x82, 0x0B, 0x00, 0x80, 0x02, 0xFF, 0x80, 0x03, 0x0A, 0x00, 0x81, 0xE0, 0xFF, 0x03, 0x00, 0x80,
    0xE0, 0x05, 0xFF, 0x80, 0x2F, 0x03, 0x00, 0x80, 0xD0, 0x02, 0xFF, 0x03, 0x00, 0x82, 0xFC, 0xFF,
    0x7F, 0x02, 0x00, 0x02, 0xFF, 0x80, 0x0B, 0x0A, 0x00, 0x82, 0xF8, 0xFF, 0x07, 0x03, 0x00, 0x80,
    0xFD, 0x04, 0xFF, 0x80, 0x2F, 0x03, 0x00, 0x80, 0x40, 0x02, 0xFF, 0x80, 0x03, 0x02, 0x00, 0x80,
    0xE0, 0x02, 0xFF, 0x84, 0x02, 0x00, 0xFE, 0xFF, 0x1F, 0x0A, 0x00, 0x82, 0xFC, 0xFF, 0x2F, 0x03,
    0x00, 0x80, 0x80, 0x04, 0xFF, 0x80, 0x1B, 0x04, 0x00, 0x82, 0xFD, 0xFF, 0x0F, 0x02, 0x00, 0x80,
    0x40, 0x02, 0xFF, 0x84, 0x1F, 0x00, 0xFC, 0xFF, 0x3F, 0x0A, 0x00, 0x80, 0xF0, 0x02, 0xFF, 0x80,
    0x01, 0x03, 0x00, 0x80, 0xE0, 0x03, 0xFF, 0x80, 0x06, 0x04, 0x00, 0x82, 0xF4, 0xFF, 0x3F, 0x03,
    0x00, 0x86, 0xF8, 0xFF, 0xBF, 0x00, 0xF4, 0xFF, 0xBF, 0x0A, 0x00, 0x80, 0x80, 0x02, 0xFF, 0x80,
    0x0B, 0x04, 0x00, 0x82, 0x94, 0xFE, 0x5A, 0x05, 0x00, 0x80, 0x40, 0x02, 0x55, 0x03, 0x00, 0x80,
    0xD0, 0x02, 0xFF, 0x81, 0x07, 0xF0, 0x02, 0xFF, 0x80, 0x01, 0x0A, 0x00, 0x82, 0xFC, 0xFF, 0x7F,
    0x13, 0x00, 0x83, 0xFE, 0xFF, 0x2F, 0xD0, 0x02, 0xFF, 0x80, 0x03, 0x0A, 0x00, 0x80, 0xE0, 0x02,
    0xFF, 0x80, 0x02, 0x12, 0x00, 0x80, 0xF4, 0x02, 0xFF, 0x80, 0xC1, 0x02, 0xFF, 0x80, 0x07, 0x0A,
    0x00, 0x80, 0x40, 0x02, 0xFF, 0x80, 0x1F, 0x12, 0x00, 0x80, 0x80, 0x02, 0xFF, 0x80, 0x8B, 0x02,
    0xFF, 0x80, 0x0F, 0x0B, 0x00, 0x80, 0xF8, 0x02, 0xFF, 0x13, 0x00, 0x82, 0xFD, 0xFF, 0x7F, 0x02,
    0xFF, 0x80, 0x1F, 0x0B, 0x00, 0x80, 0xD0, 0x02, 0xFF, 0x80, 0x0B, 0x12, 0x00, 0x80, 0xE0, 0x04,
    0xFF, 0x80, 0x3F, 0x0C, 0x00, 0x82, 0xFE, 0xFF, 0x7F, 0x12, 0x00, 0x80, 0x40, 0x04, 0xFF, 0x80,
    0x7F, 0x0C, 0x00, 0x80, 0xF0, 0x02, 0xFF, 0x80, 0x03, 0x12, 0x00, 0x80, 0xF8, 0x03, 0xFF, 0x80,
    0xBF, 0x0C, 0x00, 0x80, 0x80, 0x02, 0xFF, 0x80, 0x2F, 0x12, 0x00, 0x80, 0xD0, 0x04, 0xFF, 0x80,
    0x01, 0x0C, 0x00, 0x80, 0xFC, 0x02, 0xFF, 0x80, 0x01, 0x12, 0x00, 0x80, 0xFE, 0x03, 0xFF, 0x80,
    0x02, 0x0C, 0x00, 0x80, 0xD0, 0x02, 0xFF, 0x80, 0x1F, 0x12, 0x00, 0x80, 0xF4, 0x03, 0xFF, 0x80,
    0x03, 0x0D, 0x00, 0x80, 0xFE, 0x02, 0xFF, 0x80, 0x01, 0x11, 0x00, 0x80, 0x80, 0x03, 0xFF, 0x80,
    0x07, 0x0D, 0x00, 0x80, 0xF0, 0x02, 0xFF, 0x80, 0x0F, 0x12, 0x00, 0x80, 0xFD, 0x02, 0xFF, 0x80,
    0x0B, 0x0D, 0x00, 0x80, 0x40, 0x03, 0xFF, 0x12, 0x00, 0x80, 0xF4, 0x02, 0xFF, 0x80, 0x0F, 0x0E,
    0x00, 0x80, 0xF4, 0x02, 0xFF, 0x80, 0x0F, 0x11, 0x00, 0x80, 0xF4, 0x02, 0xFF, 0x80, 0x1F, 0x0E,
    0x00, 0x80, 0x80, 0x03, 0xFF, 0x11, 0x00, 0x80, 0xF4, 0x02, 0xFF, 0x80, 0x1F, 0x0F, 0x00, 0x80,
    0xF8, 0x02, 0xFF, 0x80, 0x1F, 0x10, 0x00, 0x80, 0xF4, 0x02, 0xFF, 0x80, 0x2F, 0x0F, 0x00, 0x80,
    0xC0, 0x03, 0xFF, 0x80, 0x01, 0x0F, 0x00, 0x80, 0xF8, 0x02, 0xFF, 0x80, 0x2F, 0x10, 0x00, 0x80,
    0xFD, 0x02, 0xFF, 0x80, 0x2F, 0x0F, 0x00, 0x80, 0xF8, 0x02, 0xFF, 0x80, 0x2F, 0x10, 0x00, 0x80,
    0xD0, 0x03, 0xFF, 0x80, 0x06, 0x0E, 0x00, 0x80, 0xFD, 0x02, 0xFF, 0x80, 0x2F, 0x11, 0x00, 0x80,
    0xFD, 0x02, 0xFF, 0x80, 0x7F, 0x0E, 0x00, 0x80, 0xFE, 0x02, 0xFF, 0x80, 0x2F, 0x11, 0x00, 0x80,
    0xD0, 0x03, 0xFF, 0x80, 0x1B, 0x0C, 0x00, 0x80, 0x40, 0x03, 0xFF, 0x80, 0x2F, 0x12, 0x00, 0x80,
    0xFD, 0x03, 0xFF, 0x80, 0x02, 0x0B, 0x00, 0x80, 0x90, 0x03, 0xFF, 0x80, 0x2F, 0x12, 0x00, 0x80,
    0xC0, 0x03, 0xFF, 0x80, 0xBF, 0x0B, 0x00, 0x80, 0xE4, 0x03, 0xFF, 0x80, 0x2F, 0x13, 0x00, 0x80,
    0xF8, 0x03, 0xFF, 0x80, 0x6F, 0x0A, 0x00, 0x80, 0xF9, 0x03, 0xFF, 0x80, 0x2F, 0x13, 0x00, 0x80,
    0x80, 0x04, 0xFF, 0x80, 0x1B, 0x08, 0x00, 0x80, 0x40, 0x04, 0xFF, 0x80, 0x1F, 0x14, 0x00, 0x80,
    0xF4, 0x04, 0xFF, 0x80, 0x1B, 0x07, 0x00, 0x80, 0xE4, 0x04, 0xFF, 0x80, 0x0B, 0x15, 0x00, 0x80,
    0xFE, 0x04, 0xFF, 0x80, 0x5B, 0x05, 0x00, 0x81, 0x90, 0xFE, 0x04, 0xFF, 0x80, 0x0B, 0x15, 0x00,
    0x80, 0xD0, 0x05, 0xFF, 0x81, 0xBF, 0x16, 0x02, 0x00, 0x81, 0x95, 0xFE, 0x05, 0xFF, 0x80, 0x06,
    0x16, 0x00, 0x80, 0xF8, 0x0F, 0xFF, 0x80, 0x01, 0x16, 0x00, 0x81, 0x40, 0xFE, 0x0D, 0xFF, 0x80,
    0xBF, 0x18, 0x00, 0x80, 0x90, 0x0D, 0xFF, 0x80, 0x6F, 0x19, 0x00, 0x80, 0xE4, 0x0C, 0xFF, 0x80,
    0x1B, 0x1A, 0x00, 0x80, 0xF9, 0x0B, 0xFF, 0x80, 0x02, 0x1B, 0x00, 0x80, 0xF9, 0x09, 0xFF, 0x80,
    0x6F, 0x1C, 0x00, 0x81, 0x40, 0xFA, 0x08, 0xFF, 0x80, 0x06, 0x1E, 0x00, 0x80, 0xF9, 0x06, 0xFF,
    0x80, 0x6B, 0x20, 0x00, 0x81, 0x94, 0xFE, 0x03, 0xFF, 0x81, 0x6B, 0x01, 0x22, 0x00, 0x82, 0x50,
    0x55, 0x05, 0x7F, 0x00, 0x7B, 0x00, 0x02, 0xFD, 0x06, 0x00, 0x00, 0x01, 0x02, 0x01, 0xFF, 0x28,
    0x00, 0x04, 0xFB, 0x08, 0x00, 0x00, 0x12, 0x00, 0x19, 0x00, 0xAE, 0x00, 0x82, 0x00, 0x05, 0xFA,
    0xAD, 0x04, 0x00, 0x7F, 0x00, 0x7F, 0x00, 0x7F, 0x00, 0x7F, 0x00, 0x76, 0x00, 0x80, 0x18, 0x26,
    0x00, 0x80, 0xBE, 0x25, 0x00, 0x82, 0x40, 0xFF, 0x07, 0x24, 0x00, 0x82, 0xD0, 0xFF, 0x2F, 0x24,
    0x00, 0x80, 0xE0, 0x02, 0xFF, 0x24, 0x00, 0x80, 0x80, 0x02, 0xFF, 0x80, 0x07, 0x24, 0x00, 0x82,
    0xFD, 0xFF, 0x1F, 0x24, 0x00, 0x82, 0xF0, 0xFF, 0xBF, 0x24, 0x00, 0x80, 0x80, 0x02, 0xFF, 0x80,
    0x03, 0x24, 0x00, 0x82, 0xFD, 0xFF, 0x1F, 0x24, 0x00, 0x82, 0xF0, 0xFF, 0x7F, 0x21, 0x00, 0x80,
    0x01, 0x02, 0x00, 0x80, 0x80, 0x02, 0xFF, 0x80, 0x02, 0x1F, 0x00, 0x81, 0x40, 0x06, 0x03, 0x00,
    0x82, 0xFE, 0xFF, 0x0F, 0x1F, 0x00, 0x81, 0x90, 0x07, 0x03, 0x00, 0x82, 0xF4, 0xFF, 0x3F, 0x1F,
    0x00, 0x81, 0xE0, 0x0B, 0x03, 0x00, 0x80, 0xD0, 0x02, 0xFF, 0x80, 0x01, 0x1E, 0x00, 0x81, 0xF8,
    0x0B, 0x04, 0x00, 0x02, 0xFF, 0x80, 0x07, 0x1E, 0x00, 0x81, 0xFD, 0x0F, 0x04, 0x00, 0x82, 0xFC,
    0xFF, 0x1F, 0x1D, 0x00, 0x82, 0x40, 0xFE, 0x1F, 0x04, 0x00, 0x82, 0xE0, 0xFF, 0xBF, 0x1D, 0x00,
    0x82, 0x80, 0xFF, 0x1F, 0x04, 0x00, 0x80, 0x80, 0x02, 0xFF, 0x80, 0x02, 0x1C, 0x00, 0x82, 0xE0,
    0xFF, 0x2F, 0x05, 0x00, 0x82, 0xFE, 0xFF, 0x0B, 0x1C, 0x00, 0x82, 0xF4, 0xFF, 0x2F, 0x05, 0x00,
    0x82, 0xF8, 0xFF, 0x2F, 0x1C, 0x00, 0x82, 0xFD, 0xFF, 0xBF, 0x05, 0x00, 0x82, 0xD0, 0xFF, 0xBF,
    0x1B, 0x00, 0x81, 0x40, 0xFE, 0x02, 0xFF, 0x80, 0x07, 0x04, 0x00, 0x80, 0x40, 0x02, 0xFF, 0x80,
    0x03, 0x1A, 0x00, 0x80, 0x80, 0x03, 0xFF, 0x80, 0x2F, 0x05, 0x00, 0x82, 0xFD, 0xFF, 0x0F, 0x1A,
    0x00, 0x80, 0xE0, 0x04, 0xFF, 0x80, 0x01, 0x04, 0x00, 0x82, 0xF4, 0xFF, 0x3F, 0x1A, 0x00, 0x80,
    0xF4, 0x04, 0xFF, 0x80, 0x0B, 0x04, 0x00, 0x82, 0xE0, 0xFF, 0xBF, 0x1A, 0x00, 0x80, 0xF9, 0x04,
    0xFF, 0x80, 0x7F, 0x04, 0x00, 0x80, 0x80, 0x02, 0xFF, 0x80, 0x02, 0x19, 0x00, 0x80, 0xFE, 0x05,
    0xFF, 0x80, 0x02, 0x04, 0x00, 0x82, 0xFE, 0xFF, 0x0B, 0x19, 0x00, 0x80, 0xFD, 0x05, 0xFF, 0x80,
    0x1F, 0x04, 0x00, 0x82, 0xF8, 0xFF, 0x2F, 0x19, 0x00, 0x80, 0xF4, 0x03, 0xFF, 0x82, 0xFA, 0xFF,
    0xBF, 0x04, 0x00, 0x82, 0xF0, 0xFF, 0xBF, 0x19, 0x00, 0x80, 0xD0, 0x03, 0xFF, 0x80, 0xC2, 0x02,
    0xFF, 0x80, 0x07, 0x03, 0x00, 0x80, 0xC0, 0x02, 0xFF, 0x80, 0x01, 0x18, 0x00, 0x80, 0x40, 0x03,
    0xFF, 0x83, 0x03, 0xFE, 0xFF, 0x2F, 0x04, 0x00, 0x02, 0xFF, 0x80, 0x07, 0x19, 0x00, 0x80, 0xFD,
    0x02, 0xFF, 0x81, 0x07, 0xF0, 0x02, 0xFF, 0x80, 0x01, 0x03, 0x00, 0x82, 0xFD, 0xFF, 0x0F, 0x16,
    0x00, 0x80, 0x40, 0x02, 0x00, 0x80, 0xF4, 0x02, 0xFF, 0x81, 0x07, 0x80, 0x02, 0xFF, 0x80, 0x0B,
    0x03, 0x00, 0x82, 0xF4, 0xFF, 0x3F, 0x16, 0x00, 0x83, 0xD0, 0x02, 0x00, 0xD0, 0x02, 0xFF, 0x84,
    0x0B, 0x00, 0xFC, 0xFF, 0x7F, 0x03, 0x00, 0x82, 0xE0, 0xFF, 0xBF, 0x16, 0x00, 0x83, 0xE4, 0x07,
    0x00, 0x40, 0x02, 0xFF, 0x82, 0x0B, 0x00, 0xE0, 0x02, 0xFF, 0x80, 0x02, 0x02, 0x00, 0x80, 0xC0,
    0x02, 0xFF, 0x80, 0x02, 0x15, 0x00, 0x81, 0xF8, 0x0B, 0x02, 0x00, 0x82, 0xFD, 0xFF, 0x1F, 0x02,
    0x00, 0x02, 0xFF, 0x80, 0x1F, 0x03, 0x00, 0x02, 0xFF, 0x80, 0x07, 0x15, 0x00, 0x81, 0xFE, 0x1F,
    0x02, 0x00, 0x82, 0xF4, 0xFF, 0x3F, 0x02, 0x00, 0x82, 0xF8, 0xFF, 0xBF, 0x03, 0x00, 0x82, 0xFD,
    0xFF, 0x1F, 0x14, 0x00, 0x82, 0x40, 0xFF, 0x2F, 0x02, 0x00, 0x80, 0xD0, 0x02, 0xFF, 0x02, 0x00,
    0x80, 0xC0, 0x02, 0xFF, 0x80, 0x07, 0x02, 0x00, 0x82, 0xF8, 0xFF, 0x3F, 0x14, 0x00, 0x82, 0xD0,
    0xFF, 0x2F, 0x02, 0x00, 0x80, 0x40, 0x02, 0xFF, 0x80, 0x03, 0x02, 0x00, 0x82, 0xFE, 0xFF, 0x2F,
    0x02, 0x00, 0x82, 0xF0, 0xFF, 0xBF, 0x14, 0x00, 0x82, 0xE4, 0xFF, 0x3F, 0x03, 0x00, 0x82, 0xFD,
    0xFF, 0x0F, 0x02, 0x00, 0x80, 0xF0, 0x02, 0xFF, 0x82, 0x01, 0x00, 0xD0, 0x02, 0xFF, 0x80, 0x01,
    0x13, 0x00, 0x82, 0xF8, 0xFF, 0x3F, 0x03, 0x00, 0x82, 0xF4, 0xFF, 0x3F, 0x02, 0x00, 0x80, 0x80,
    0x02, 0xFF, 0x82, 0x0B, 0x00, 0x80, 0x02, 0xFF, 0x80, 0x03, 0x13, 0x00, 0x82, 0xFE, 0xFF, 0x2F,
    0x03, 0x00, 0x80, 0xD0, 0x02, 0xFF, 0x03, 0x00, 0x82, 0xFD, 0xFF, 0x7F, 0x02, 0x00, 0x02, 0xFF,
    0x80, 0x0B, 0x12, 0x00, 0x80, 0x40, 0x02, 0xFF, 0x80, 0x2F, 0x03, 0x00, 0x80, 0x40, 0x02, 0xFF,
    0x80, 0x03, 0x02, 0x00, 0x80, 0xE0, 0x02, 0xFF, 0x84, 0x02, 0x00, 0xFE, 0xFF, 0x1F, 0x12, 0x00,
    0x80, 0x90, 0x02, 0xFF, 0x80, 0x1B, 0x04, 0x00, 0x82, 0xFD, 0xFF, 0x0F, 0x02, 0x00, 0x80, 0x40,
    0x02, 0xFF, 0x84, 0x1F, 0x00, 0xFC, 0xFF, 0x3F, 0x12, 0x00, 0x80, 0xE0, 0x02, 0xFF, 0x80, 0x06,
    0x04, 0x00, 0x82, 0xF4, 0xFF, 0x3F, 0x03, 0x00, 0x86, 0xF8, 0xFF, 0xBF, 0x00, 0xF4, 0xFF, 0xBF,
    0x12, 0x00, 0x82, 0x90, 0xFE, 0x5A, 0x05, 0x00, 0x80, 0x40, 0x02, 0x55, 0x03, 0x00, 0x80, 0xD0,
    0x02, 0xFF, 0x81, 0x07, 0xF0, 0x02, 0xFF, 0x80, 0x01, 0x20, 0x00, 0x83, 0xFE, 0xFF, 0x2F, 0xD0,
    0x02, 0xFF, 0x80, 0x03, 0x20, 0x00, 0x80, 0xF4, 0x02, 0xFF, 0x80, 0xC1, 0x02, 0xFF, 0x80, 0x07,
    0x20, 0x00, 0x80, 0x80, 0x02, 0xFF, 0x80, 0x8B, 0x02, 0xFF, 0x80, 0x0F, 0x21, 0x00, 0x82, 0xFD,
    0xFF, 0x7F, 0x02, 0xFF, 0x80, 0x1F, 0x21, 0x00, 0x80, 0xE0, 0x04, 0xFF, 0x80, 0x3F, 0x21, 0x00,
    0x80, 0x40, 0x04, 0xFF, 0x80, 0x7F, 0x22, 0x00, 0x80, 0xF8, 0x03, 0xFF, 0x80, 0xBF, 0x22, 0x00,
    0x80, 0xD0, 0x04, 0xFF, 0x80, 0x01, 0x0E, 0x00, 0x81, 0xE0, 0x01, 0x12, 0x00, 0x80, 0xFE, 0x03,
    0xFF, 0x80, 0x02, 0x0E, 0x00, 0x81, 0xF4, 0x1F, 0x12, 0x00, 0x80, 0xF4, 0x03, 0xFF, 0x80, 0x03,
    0x0E, 0x00, 0x82, 0xFD, 0xFF, 0x01, 0x11, 0x00, 0x80, 0x80, 0x03, 0xFF, 0x80, 0x07, 0x0D, 0x00,
    0x83, 0x40, 0xFE, 0xFF, 0x0F, 0x12, 0x00, 0x80, 0xFD, 0x02, 0xFF, 0x80, 0x0B, 0x0E, 0x00, 0x03,
    0xFF, 0x12, 0x00, 0x80, 0xF4, 0x02, 0xFF, 0x80, 0x0F, 0x0E, 0x00, 0x80, 0xF4, 0x02, 0xFF, 0x80,
    0x0F, 0x11, 0x00, 0x80, 0xF4, 0x02, 0xFF, 0x80, 0x1F, 0x0E, 0x00, 0x80, 0x80, 0x03, 0xFF, 0x11,
    0x00, 0x80, 0xF4, 0x02, 0xFF, 0x80, 0x1F, 0x0F, 0x00, 0x80, 0xF8, 0x02, 0xFF, 0x80, 0x1F, 0x10,
    0x00, 0x80, 0xF4, 0x02, 0xFF, 0x80, 0x2F, 0x0F, 0x00, 0x80, 0xC0, 0x03, 0xFF, 0x80, 0x01, 0x0F,
    0x00, 0x80, 0xF8, 0x02, 0xFF, 0x80, 0x2F, 0x10, 0x00, 0x80, 0xFD, 0x02, 0xFF, 0x80, 0x2F, 0x0F,
    0x00, 0x80, 0xF8, 0x02, 0xFF, 0x80, 0x2F, 0x10, 0x00, 0x80, 0xD0, 0x03, 0xFF, 0x80, 0x06, 0x0E,
    0x00, 0x80, 0xFD, 0x02, 0xFF, 0x80, 0x2F, 0x11, 0x00, 0x80, 0xFD, 0x02, 0xFF, 0x80, 0x7F, 0x0E,
    0x00, 0x80, 0xFE, 0x02, 0xFF, 0x80, 0x2F, 0x11, 0x00, 0x80, 0xD0, 0x03, 0xFF, 0x80, 0x1B, 0x0C,
    0x00, 0x80, 0x40, 0x03, 0xFF, 0x80, 0x2F, 0x12, 0x00, 0x80, 0xFD, 0x03, 0xFF, 0x80, 0x02, 0x0B,
    0x00, 0x80, 0x90, 0x03, 0xFF, 0x80, 0x2F, 0x12, 0x00, 0x80, 0x80, 0x03, 0xFF, 0x80, 0xBF, 0x0B,
    0x00, 0x80, 0xE4, 0x03, 0xFF, 0x80, 0x2F, 0x13, 0x00, 0x80, 0xF8, 0x03, 0xFF, 0x80, 0x6F, 0x0A,
    0x00, 0x80, 0xF9, 0x03, 0xFF, 0x80, 0x2F, 0x13, 0x00, 0x80, 0x80, 0x04, 0xFF, 0x80, 0x1B, 0x08,
    0x00, 0x80, 0x40, 0x04, 0xFF, 0x80, 0x1F, 0x14, 0x00, 0x80, 0xF4, 0x04, 0xFF, 0x80, 0x1B, 0x07,
    0x00, 0x80, 0xE4, 0x04, 0xFF, 0x80, 0x0B, 0x15, 0x00, 0x80, 0xFE, 0x04, 0xFF, 0x80, 0x5B, 0x05,
    0x00, 0x81, 0x90, 0xFE, 0x04, 0xFF, 0x80, 0x0B, 0x15, 0x00, 0x80, 0xD0, 0x05, 0xFF, 0x81, 0xBF,
    0x16, 0x02, 0x00, 0x81, 0x95, 0xFE, 0x05, 0xFF, 0x80, 0x06, 0x16, 0x00, 0x80, 0xF8, 0x0F, 0xFF,
    0x80, 0x01, 0x16, 0x00, 0x81, 0x40, 0xFE, 0x0D, 0xFF, 0x80, 0xBF, 0x18, 0x00, 0x80, 0x90, 0x0D,
    0xFF, 0x80, 0x6F, 0x19, 0x00, 0x80, 0xE4, 0x0C, 0xFF, 0x80, 0x1B, 0x1A, 0x00, 0x80, 0xF9, 0x0B,
    0xFF, 0x80, 0x02, 0x1B, 0x00, 0x80, 0xF9, 0x09, 0xFF, 0x80, 0x6F, 0x1C, 0x00, 0x81, 0x40, 0xFA,
    0x08, 0xFF, 0x80, 0x06, 0x1E, 0x00, 0x80, 0xF9, 0x06, 0xFF, 0x80, 0x6B, 0x20, 0x00, 0x81, 0x94,
    0xFE, 0x03, 0xFF, 0x81, 0x6B, 0x01, 0x22, 0x00, 0x82, 0x50, 0x55, 0x05, 0x7F, 0x00, 0x7B, 0x00,
    0x02, 0xFD, 0x06, 0x00, 0x00, 0x01, 0x02, 0x01, 0xFF, 0x32, 0x00, 0x04, 0xFB, 0x08, 0x00, 0x00,
    0x3F, 0x00, 0x27, 0x00, 0xAD, 0x00, 0x7C, 0x00, 0x05, 0xFA, 0xB5, 0x02, 0x00, 0x7F, 0x00, 0x7F,
    0x00, 0x7F, 0x00, 0x7F, 0x00, 0x12, 0x00, 0x81, 0x80, 0x02, 0x1A, 0x00, 0x80, 0xBE, 0x1A, 0x00,
    0x81, 0xF4, 0x2F, 0x19, 0x00, 0x82, 0x90, 0xFF, 0x0B, 0x19, 0x00, 0x82, 0xFE, 0xFF, 0x02, 0x18,
    0x00, 0x80, 0xD0, 0x02, 0xFF, 0x19, 0x00, 0x82, 0xF4, 0xFF, 0x3F, 0x19, 0x00, 0x82, 0xFD, 0xFF,
    0x0F, 0x18, 0x00, 0x80, 0x80, 0x02, 0xFF, 0x80, 0x02, 0x18, 0x00, 0x82, 0xE0, 0xFF, 0xBF, 0x19,
    0x00, 0x82, 0xF8, 0xFF, 0x2F, 0x19, 0x00, 0x82, 0xFE, 0xFF, 0x0B, 0x18, 0x00, 0x80, 0xC0, 0x02,
    0xFF, 0x80, 0x02, 0x18, 0x00, 0x82, 0xF0, 0xFF, 0x7F, 0x19, 0x00, 0x82, 0xFC, 0xFF, 0x1F, 0x14,
    0x00, 0x80, 0x74, 0x03, 0x00, 0x80, 0x40, 0x02, 0xFF, 0x80, 0x03, 0x13, 0x00, 0x81, 0xD0, 0x2F,
    0x03, 0x00, 0x80, 0xD0, 0x02, 0xFF, 0x13, 0x00, 0x82, 0x40, 0xFE, 0x1F, 0x03, 0x00, 0x82, 0xF8,
    0xFF, 0x2F, 0x13, 0x00, 0x82, 0xF8, 0xFF, 0x0B, 0x03, 0x00, 0x02, 0xFF, 0x80, 0x0B, 0x12, 0x00,
    0x80, 0xC0, 0x02, 0xFF, 0x80, 0x07, 0x02, 0x00, 0x80, 0xC0, 0x02, 0xFF, 0x80, 0x01, 0x12, 0x00,
    0x80, 0xE0, 0x02, 0xFF, 0x80, 0x02, 0x02, 0x00, 0x82, 0xF4, 0xFF, 0x7F, 0x13, 0x00, 0x80, 0xF0,
    0x02, 0xFF, 0x80, 0x01, 0x02, 0x00, 0x82, 0xFE, 0xFF, 0x0F, 0x13, 0x00, 0x82, 0xF8, 0xFF, 0xBF,
    0x02, 0x00, 0x80, 0xC0, 0x02, 0xFF, 0x80, 0x02, 0x13, 0x00, 0x82, 0xFC, 0xFF, 0x7F, 0x02, 0x00,
    0x82, 0xF4, 0xFF, 0x7F, 0x14, 0x00, 0x82, 0xFE, 0xFF, 0x2F, 0x02, 0x00, 0x82, 0xFE, 0xFF, 0x0F,
    0x10, 0x00, 0x80, 0x24, 0x02, 0x00, 0x80, 0x40, 0x02, 0xFF, 0x82, 0x1F, 0x00, 0xC0, 0x02, 0xFF,
    0x80, 0x02, 0x0F, 0x00, 0x81, 0x90, 0x0F, 0x02, 0x00, 0x80, 0x80, 0x02, 0xFF, 0x84, 0x0B, 0x00,
    0xF8, 0xFF, 0x7F, 0x10, 0x00, 0x81, 0xFE, 0x03, 0x02, 0x00, 0x80, 0xD0, 0x02, 0xFF, 0x81, 0x07,
    0x00, 0x02, 0xFF, 0x80, 0x0F, 0x0F, 0x00, 0x81, 0xF8, 0xFF, 0x03, 0x00, 0x80, 0xE0, 0x02, 0xFF,
    0x81, 0x02, 0xD0, 0x02, 0xFF, 0x80, 0x02, 0x0F, 0x00, 0x81, 0x55, 0x15, 0x03, 0x00, 0x80, 0xF4,
    0x02, 0xFF, 0x83, 0x01, 0xFC, 0xFF, 0x7F, 0x15, 0x00, 0x83, 0xF8, 0xFF, 0xBF, 0x40, 0x02, 0xFF,
    0x80, 0x0F, 0x15, 0x00, 0x83, 0xFD, 0xFF, 0x7F, 0xF0, 0x02, 0xFF, 0x80, 0x01, 0x15, 0x00, 0x85,
    0xFE, 0xFF, 0x2F, 0xFE, 0xFF, 0x3F, 0x15, 0x00, 0x80, 0x40, 0x02, 0xFF, 0x80, 0xDF, 0x02, 0xFF,
    0x80, 0x07, 0x15, 0x00, 0x80, 0x80, 0x05, 0xFF, 0x16, 0x00, 0x80, 0xD0, 0x04, 0xFF, 0x80, 0x1F,
    0x16, 0x00, 0x80, 0xE0, 0x04, 0xFF, 0x80, 0x02, 0x16, 0x00, 0x80, 0xF4, 0x03, 0xFF, 0x80, 0x7F,
    0x17, 0x00, 0x80, 0xF8, 0x03, 0xFF, 0x80, 0x0B, 0x17, 0x00, 0x80, 0xFD, 0x03, 0xFF, 0x18, 0x00,
    0x80, 0xFE, 0x02, 0xFF, 0x80, 0x1F, 0x17, 0x00, 0x80, 0x40, 0x03, 0xFF, 0x80, 0x02, 0x17, 0x00,
    0x80, 0xD0, 0x02, 0xFF, 0x80, 0x3F, 0x18, 0x00, 0x80, 0xFD, 0x02, 0xFF, 0x80, 0x07, 0x17, 0x00,
    0x80, 0xD0, 0x02, 0xFF, 0x80, 0x7F, 0x18, 0x00, 0x80, 0xFD, 0x02, 0xFF, 0x80, 0x0B, 0x17, 0x00,
    0x80, 0xE0, 0x02, 0xFF, 0x80, 0xBF, 0x18, 0x00, 0x80, 0xFE, 0x02, 0xFF, 0x80, 0x0B, 0x17, 0x00,
    0x80, 0xF4, 0x02, 0xFF, 0x80, 0xBF, 0x17, 0x00, 0x80, 0x80, 0x03, 0xFF, 0x80, 0x0B, 0x09, 0x00,
    0x80, 0x6E, 0x0D, 0x00, 0x80, 0xFD, 0x02, 0xFF, 0x80, 0xBF, 0x09, 0x00, 0x81, 0xF4, 0xBF, 0x0C,
    0x00, 0x80, 0xE4, 0x03, 0xFF, 0x80, 0x0B, 0x08, 0x00, 0x80, 0xD0, 0x02, 0xFF, 0x80, 0x02, 0x0A,
    0x00, 0x80, 0x90, 0x03, 0xFF, 0x80, 0xBF, 0x08, 0x00, 0x81, 0x40, 0xFE, 0x02, 0xFF, 0x80, 0x1B,
    0x09, 0x00, 0x81, 0x40, 0xFE, 0x03, 0xFF, 0x80, 0x0B, 0x08, 0x00, 0x80, 0xF8, 0x03, 0xFF, 0x80,
    0x6F, 0x09, 0x00, 0x80, 0xFD, 0x03, 0xFF, 0x80, 0x7F, 0x09, 0x00, 0x80, 0xFD, 0x04, 0xFF, 0x80,
    0x06, 0x07, 0x00, 0x80, 0xF9, 0x04, 0xFF, 0x80, 0x02, 0x09, 0x00, 0x80, 0xF8, 0x04, 0xFF, 0x81,
    0x6F, 0x01, 0x04, 0x00, 0x81, 0x40, 0xFA, 0x04, 0xFF, 0x80, 0x2F, 0x0A, 0x00, 0x80, 0xF4, 0x05,
    0xFF, 0x84, 0xAF, 0x05, 0x00, 0x40, 0xA5, 0x05, 0xFF, 0x81, 0xBF, 0x01, 0x0A, 0x00, 0x80, 0xE0,
    0x0F, 0xFF, 0x80, 0x07, 0x0B, 0x00, 0x80, 0x90, 0x0E, 0xFF, 0x80, 0x2F, 0x0C, 0x00, 0x81, 0x40,
    0xFE, 0x0C, 0xFF, 0x81, 0xBF, 0x01, 0x0D, 0x00, 0x80, 0xF9, 0x0C, 0xFF, 0x80, 0x06, 0x0E, 0x00,
    0x80, 0xE4, 0x0B, 0xFF, 0x80, 0x0B, 0x0F, 0x00, 0x81, 0x40, 0xFE, 0x09, 0xFF, 0x80, 0x1B, 0x11,
    0x00, 0x80, 0xE9, 0x08, 0xFF, 0x80, 0x1B, 0x12, 0x00, 0x81, 0x40, 0xFE, 0x06, 0xFF, 0x80, 0x1A,
    0x14, 0x00, 0x81, 0x50, 0xFA, 0x03, 0xFF, 0x81, 0xAF, 0x05, 0x17, 0x00, 0x82, 0x54, 0x55, 0x01,
    0x0E, 0x00, 0x02, 0xFD, 0x06, 0x00, 0x00, 0x01, 0x02, 0x01, 0xFF, 0x28, 0x00, 0x04, 0xFB, 0x08,
    0x00, 0x00, 0x4B, 0x00, 0x38, 0x00, 0xAE, 0x00, 0x7C, 0x00, 0x05, 0xFA, 0x7E, 0x01, 0x00, 0x7F,
    0x00, 0x7F, 0x00, 0x7F, 0x00, 0x7F, 0x00, 0x28, 0x00, 0x81, 0x40, 0x02, 0x17, 0x00, 0x81, 0xE0,
    0x03, 0x17, 0x00, 0x81, 0xFE, 0x02, 0x16, 0x00, 0x82, 0xD0, 0xFF, 0x01, 0x16, 0x00, 0x81, 0xFD,
    0xFF, 0x16, 0x00, 0x82, 0x90, 0xFF, 0xBF, 0x16, 0x00, 0x82, 0xF4, 0xFF, 0x7F, 0x16, 0x00, 0x82,
    0xFC, 0xFF, 0x3F, 0x16, 0x00, 0x82, 0xFD, 0xFF, 0x2F, 0x16, 0x00, 0x02, 0xFF, 0x80, 0x1F, 0x14,
    0x00, 0x81, 0xA0, 0x40, 0x02, 0xFF, 0x80, 0x0F, 0x14, 0x00, 0x81, 0xFE, 0xC1, 0x02, 0xFF, 0x80,
    0x07, 0x13, 0x00, 0x82, 0xD0, 0xFF, 0xE2, 0x02, 0xFF, 0x80, 0x03, 0x13, 0x00, 0x82, 0xFD, 0xFF,
    0xF7, 0x02, 0xFF, 0x80, 0x01, 0x12, 0x00, 0x80, 0x80, 0x05, 0xFF, 0x13, 0x00, 0x80, 0x40, 0x04,
    0xFF, 0x80, 0x7F, 0x14, 0x00, 0x80, 0xFE, 0x03, 0xFF, 0x80, 0x2F, 0x14, 0x00, 0x80, 0xFD, 0x03,
    0xFF, 0x80, 0x1F, 0x14, 0x00, 0x80, 0xF8, 0x03, 0xFF, 0x80, 0x0B, 0x14, 0x00, 0x80, 0xF4, 0x03,
    0xFF, 0x80, 0x03, 0x14, 0x00, 0x80, 0xE0, 0x03, 0xFF, 0x80, 0x01, 0x14, 0x00, 0x80, 0xD0, 0x02,
    0xFF, 0x80, 0xBF, 0x15, 0x00, 0x80, 0xD0, 0x02, 0xFF, 0x80, 0x3F, 0x15, 0x00, 0x80, 0xF4, 0x02,
    0xFF, 0x80, 0x1F, 0x15, 0x00, 0x80, 0xFD, 0x02, 0xFF, 0x80, 0x07, 0x14, 0x00, 0x80, 0x40, 0x03,
    0xFF, 0x80, 0x02, 0x14, 0x00, 0x80, 0xE0, 0x02, 0xFF, 0x80, 0xBF, 0x15, 0x00, 0x80, 0xF8, 0x02,
    0xFF, 0x80, 0x2F, 0x14, 0x00, 0x80, 0x40, 0x03, 0xFF, 0x80, 0x0B, 0x14, 0x00, 0x80, 0xE0, 0x03,
    0xFF, 0x80, 0x02, 0x14, 0x00, 0x80, 0xFD, 0x02, 0xFF, 0x80, 0xBF, 0x14, 0x00, 0x80, 0x90, 0x03,
    0xFF, 0x80, 0x2F, 0x14, 0x00, 0x80, 0xF9, 0x03, 0xFF, 0x80, 0x0B, 0x13, 0x00, 0x80, 0x90, 0x04,
    0xFF, 0x80, 0x02, 0x13, 0x00, 0x80, 0xFD, 0x03, 0xFF, 0x80, 0x7F, 0x13, 0x00, 0x80, 0xE4, 0x04,
    0xFF, 0x80, 0x0B, 0x12, 0x00, 0x80, 0xA4, 0x05, 0xFF, 0x80, 0x02, 0x0D, 0x00, 0x84, 0x50, 0x01,
    0x00, 0x50, 0xE9, 0x05, 0xFF, 0x80, 0x6F, 0x0E, 0x00, 0x80, 0xFE, 0x09, 0xFF, 0x80, 0x07, 0x0D,
    0x00, 0x80, 0xD0, 0x09, 0xFF, 0x80, 0xBF, 0x0E, 0x00, 0x80, 0xFD, 0x09, 0xFF, 0x80, 0x1B, 0x0D,
    0x00, 0x80, 0x90, 0x09, 0xFF, 0x81, 0xBF, 0x01, 0x0D, 0x00, 0x80, 0xF8, 0x09, 0xFF, 0x80, 0x0B,
    0x0D, 0x00, 0x80, 0x40, 0x09, 0xFF, 0x80, 0x6F, 0x0E, 0x00, 0x81, 0x80, 0xFE, 0x07, 0xFF, 0x81,
    0xBF, 0x01, 0x0F, 0x00, 0x80, 0x90, 0x06, 0xFF, 0x81, 0xBF, 0x06, 0x11, 0x00, 0x81, 0x50, 0xFA,
    0x03, 0xFF, 0x81, 0xAF, 0x05, 0x14, 0x00, 0x82, 0x50, 0x55, 0x05, 0x0E, 0x00, 0x02, 0xFD, 0x06,
    0x00, 0x00, 0x01, 0x02, 0x01, 0xFF, 0x28, 0x00, 0x04, 0xFB, 0x08, 0x00, 0x00, 0x5D, 0x00, 0x4C,
    0x00, 0xAC, 0x00, 0x7C, 0x00, 0x05, 0xFA, 0x6B, 0x00, 0x00, 0x7F, 0x00, 0x7F, 0x00, 0x7F, 0x00,
    0x7F, 0x00, 0x44, 0x00, 0x80, 0x01, 0x12, 0x00, 0x80, 0xA0, 0x13, 0x00, 0x80, 0x2D, 0x12, 0x00,
    0x81, 0x90, 0x0B, 0x12, 0x00, 0x81, 0xF8, 0x02, 0x11, 0x00, 0x81, 0x80, 0xBF, 0x12, 0x00, 0x81,
    0xF4, 0x2F, 0x11, 0x00, 0x82, 0x40, 0xFF, 0x07, 0x11, 0x00, 0x81, 0xE4, 0xBF, 0x12, 0x00, 0x81,
    0xFE, 0x2F, 0x11, 0x00, 0x82, 0xE0, 0xFF, 0x06, 0x11, 0x00, 0x81, 0xFD, 0x7F, 0x11, 0x00, 0x82,
    0x90, 0xFF, 0x0B, 0x11, 0x00, 0x82, 0xF8, 0xBF, 0x01, 0x10, 0x00, 0x82, 0x80, 0xFF, 0x1B, 0x11,
    0x00, 0x81, 0xF4, 0xBF, 0x11, 0x00, 0x82, 0x40, 0xFF, 0x06, 0x11, 0x00, 0x81, 0xE4, 0x1B, 0x12,
    0x00, 0x80, 0x6A, 0x33, 0x00, 0x02, 0xFD, 0x06, 0x00, 0x00, 0x01, 0x02, 0x01, 0xFF, 0x28, 0x00,
    0x04, 0xFB, 0x08, 0x00, 0x00, 0x7B, 0x00, 0x67, 0x00, 0x9E, 0x00, 0x7B, 0x00, 0x05, 0xFA, 0x04,
    0x00, 0x00, 0x7F, 0x00, 0x3E, 0x00, 0x02, 0xFD, 0x06, 0x00, 0x00, 0x01, 0x00, 0x01, 0xFF, 0x28,
    0x00, 0x05, 0xFA, 0x80, 0x00, 0x00, 0x7F, 0x00, 0x7F, 0x00, 0x7F, 0x00, 0x7F, 0x00, 0x7F, 0x00,
    0x7F, 0x00, 0x7F, 0x00, 0x7F, 0x00, 0x7F, 0x00, 0x7F, 0x00, 0x7F, 0x00, 0x7F, 0x00, 0x7F, 0x00,
    0x7F, 0x00, 0x7F, 0x00, 0x7F, 0x00, 0x7F, 0x00, 0x7F, 0x00, 0x7F, 0x00, 0x7F, 0x00, 0x7F, 0x00,
    0x7F, 0x00, 0x7F, 0x00, 0x7F, 0x00, 0x7F, 0x00, 0x7F, 0x00, 0x7F, 0x00, 0x7F, 0x00, 0x7F, 0x00,
    0x7F, 0x00, 0x7F, 0x00, 0x7F, 0x00, 0x7F, 0x00, 0x7F, 0x00, 0x7F, 0x00, 0x7F, 0x00, 0x7F, 0x00,
    0x7F, 0x00, 0x7F, 0x00, 0x7F, 0x00, 0x7F, 0x00, 0x7F, 0x00, 0x7F, 0x00, 0x7F, 0x00, 0x7F, 0x00,
    0x7F, 0x00, 0x7F, 0x00, 0x7F, 0x00, 0x7F, 0x00, 0x7F, 0x00, 0x7F, 0x00, 0x7F, 0x00, 0x7F, 0x00,
    0x7F, 0x00, 0x7F, 0x00, 0x7F, 0x00, 0x7F, 0x00, 0x7F, 0x00, 0x7F, 0x00, 0x7F, 0x00, 0x7F, 0x00,
    0x7F, 0x00, 0x7F, 0x00, 0x63, 0x00, 0x02, 0xFD, 0x06, 0x00, 0x00, 0x01, 0x00, 0x01, 0xFF, 0x00,
    0x00, 0x05, 0xFA, 0x80, 0x00, 0x00, 0x7F, 0x00, 0x7F, 0x00, 0x7F, 0x00, 0x7F, 0x00, 0x7F, 0x00,
    0x7F, 0x00, 0x7F, 0x00, 0x7F, 0x00, 0x7F, 0x00, 0x7F, 0x00, 0x7F, 0x00, 0x7F, 0x00, 0x7F, 0x00,
    0x7F, 0x00, 0x7F, 0x00, 0x7F, 0x00, 0x7F, 0x00, 0x7F, 0x00, 0x7F, 0x00, 0x7F, 0x00, 0x7F, 0x00,
    0x7F, 0x00, 0x7F, 0x00, 0x7F, 0x00, 0x7F, 0x00, 0x7F, 0x00, 0x7F, 0x00, 0x7F, 0x00, 0x7F, 0x00,
    0x7F, 0x00, 0x7F, 0x00, 0x7F, 0x00, 0x7F, 0x00, 0x7F, 0x00, 0x7F, 0x00, 0x7F, 0x00, 0x7F, 0x00,
    0x7F, 0x00, 0x7F, 0x00, 0x7F, 0x00, 0x7F, 0x00, 0x7F, 0x00, 0x7F, 0x00, 0x7F, 0x00, 0x7F, 0x00,
    0x7F, 0x00, 0x7F, 0x00, 0x7F, 0x00, 0x7F, 0x00, 0x7F, 0x00, 0x7F, 0x00, 0x7F, 0x00, 0x7F, 0x00,
    0x7F, 0x00, 0x7F, 0x00, 0x7F, 0x00, 0x7F, 0x00, 0x7F, 0x00, 0x7F, 0x00, 0x7F, 0x00, 0x7F, 0x00,
    0x7F, 0x00, 0x7F, 0x00, 0x63, 0x00,
};
// clang-format on
