// Copyright 2026 QMK -- generated source code only, font retains original copyright
// SPDX-License-Identifier: GPL-2.0-or-later

// This file was auto-generated by `painter-convert-font-image` with arguments:
//    format         | pal16
//    unicode_glyphs | 
//    output         | dilemma screen
//    input          | jostlight20.png

// Font's metadata
// ---------------
// Glyphs:  , !, ", #, $, %, &, ', (, ), *, +, ,, -, ., /, 0, 1, 2, 3, 4, 5, 6, 7, 8, 9, :, ;, <, =, >, ?, @, A, B, C, D, E, F, G, H, I, J, K, L, M, N, O, P, Q, R, S, T, U, V, W, X, Y, Z, [, \, ], ^, _, `, a, b, c, d, e, f, g, h, i, j, k, l, m, n, o, p, q, r, s, t, u, v, w, x, y, z, {, |, }, ~

#include <qp.h>

const uint32_t font_jostlight20_length = 17055;

// clang-format off
const uint8_t font_jostlight20[17055] = {
    0x00, 0xFF, 0x14, 0x00, 0x00, 0x51, 0x46, 0x46, 0x01, 0x9F, 0x42, 0x00, 0x00, 0x60, 0xBD, 0xFF,
    0xFF, 0x27, 0x01, 0x00, 0x00, 0x06, 0x00, 0x01, 0xFF, 0x01, 0xFE, 0x1D, 0x01, 0x00, 0x0B, 0x00,
    0x00, 0x8A, 0x01, 0x00, 0xD0, 0x1D, 0x00, 0x15, 0x38, 0x00, 0x95, 0x79, 0x00, 0x9A, 0xB9, 0x00,
    0x18, 0x08, 0x01, 0x09, 0x4D, 0x01, 0x8A, 0x5C, 0x01, 0x4A, 0x8C, 0x01, 0x15, 0xBB, 0x01, 0x15,
    0xD7, 0x01, 0xCB, 0xF2, 0x01, 0xC8, 0x00, 0x02, 0x8A, 0x04, 0x02, 0xD2, 0x0A, 0x02, 0x95, 0x33,
    0x02, 0x10, 0x70, 0x02, 0xD4, 0x93, 0x02, 0x54, 0xC3, 0x02, 0x55, 0xFA, 0x02, 0x14, 0x2B, 0x03,
    0x14, 0x5F, 0x03, 0x93, 0x94, 0x03, 0x93, 0xB8, 0x03, 0x94, 0xF8, 0x03, 0x4B, 0x2C, 0x04, 0x8B,
    0x37, 0x04, 0x17, 0x4A, 0x04, 0x16, 0x68, 0x04, 0x17, 0x75, 0x04, 0x14, 0x93, 0x04, 0x5C, 0xBA,
    0x04, 0x97, 0x11, 0x05, 0x93, 0x48, 0x05, 0xD9, 0x88, 0x05, 0x98, 0xBE, 0x05, 0x53, 0x00, 0x06,
    0x11, 0x26, 0x06, 0x5C, 0x49, 0x06, 0x59, 0x8B, 0x06, 0x88, 0xC9, 0x06, 0x88, 0xEA, 0x06, 0x93,
    0xF0, 0x06, 0x10, 0x2B, 0x07, 0x5D, 0x4D, 0x07, 0xDB, 0xA4, 0x07, 0xDC, 0xF6, 0x07, 0x53, 0x39,
    0x08, 0xDC, 0x6B, 0x08, 0x93, 0xB6, 0x08, 0x13, 0xF5, 0x08, 0xD0, 0x29, 0x09, 0xD6, 0x4C, 0x09,
    0xD7, 0x8F, 0x09, 0xA3, 0xC8, 0x09, 0x13, 0x2C, 0x0A, 0x54, 0x63, 0x0A, 0xD3, 0x91, 0x0A, 0xCA,
    0xB6, 0x0A, 0xD1, 0xE6, 0x0A, 0x8A, 0x09, 0x0B, 0x92, 0x39, 0x0B, 0x12, 0x4E, 0x0B, 0x0D, 0x51,
    0x0B, 0x11, 0x5D, 0x0B, 0xD4, 0x83, 0x0B, 0x51, 0xBD, 0x0B, 0x14, 0xDD, 0x0B, 0x92, 0x16, 0x0C,
    0x0B, 0x3A, 0x0C, 0x94, 0x60, 0x0C, 0x52, 0x9E, 0x0C, 0x48, 0xD8, 0x0C, 0x08, 0xF3, 0x0C, 0x4F,
    0x16, 0x0D, 0x08, 0x48, 0x0D, 0xDB, 0x6C, 0x0D, 0x92, 0xAC, 0x0D, 0x94, 0xD7, 0x0D, 0x14, 0x00,
    0x0E, 0x94, 0x34, 0x0E, 0x0C, 0x69, 0x0E, 0x8F, 0x7F, 0x0E, 0x08, 0xA1, 0x0E, 0x92, 0xBD, 0x0E,
    0x10, 0xEA, 0x0E, 0x18, 0x0C, 0x0F, 0x0F, 0x44, 0x0F, 0x50, 0x65, 0x0F, 0x50, 0x90, 0x0F, 0x0B,
    0xA9, 0x0F, 0x89, 0xD7, 0x0F, 0xCB, 0x06, 0x10, 0x15, 0x37, 0x10, 0x03, 0xFC, 0x30, 0x00, 0x00,
    0x00, 0x00, 0xFF, 0x00, 0x00, 0xFE, 0x00, 0x00, 0xF9, 0x00, 0x00, 0xEC, 0x00, 0x00, 0xD8, 0x00,
    0x00, 0xBF, 0x00, 0x00, 0xA5, 0x00, 0x00, 0x87, 0x00, 0x00, 0x6E, 0x00, 0x00, 0x55, 0x00, 0x00,
    0x3C, 0x00, 0x00, 0x27, 0x00, 0x00, 0x14, 0x00, 0x00, 0x04, 0xD4, 0xFF, 0xFF, 0x00, 0x00, 0x00,
    0x04, 0xFB, 0x2A, 0x41, 0x00, 0x7F, 0xFF, 0x57, 0xFF, 0x80, 0x0F, 0x15, 0xFF, 0x82, 0xDF, 0xAA,
    0xFC, 0x02, 0xFF, 0x82, 0xDF, 0x00, 0xFA, 0x03, 0xFF, 0x81, 0x00, 0xFA, 0x03, 0xFF, 0x81, 0x02,
    0xFA, 0x03, 0xFF, 0x81, 0x02, 0xFA, 0x03, 0xFF, 0x81, 0x03, 0xFB, 0x03, 0xFF, 0x81, 0x03, 0xFB,
    0x03, 0xFF, 0x81, 0x04, 0xFB, 0x03, 0xFF, 0x81, 0x04, 0xFC, 0x03, 0xFF, 0x81, 0x04, 0xFC, 0x03,
    0xFF, 0x81, 0x05, 0xFD, 0x03, 0xFF, 0x81, 0x05, 0xFD, 0x03, 0xFF, 0x80, 0x15, 0x04, 0xFF, 0x80,
    0x25, 0x04, 0xFF, 0x80, 0x36, 0x04, 0xFF, 0x80, 0x36, 0x04, 0xFF, 0x80, 0x36, 0x04, 0xFF, 0x80,
    0x46, 0x04, 0xFF, 0x80, 0x68, 0x18, 0xFF, 0x80, 0xBC, 0x03, 0xFF, 0x82, 0xCF, 0x03, 0xF9, 0x02,
    0xFF, 0x82, 0xBF, 0x01, 0xF8, 0x03, 0xFF, 0x81, 0x9A, 0xFD, 0x29, 0xFF, 0x22, 0xFF, 0x84, 0xAD,
    0xDA, 0xFF, 0xBF, 0xCA, 0x03, 0xFF, 0x84, 0x09, 0xF4, 0xFF, 0x4F, 0x90, 0x03, 0xFF, 0x84, 0x08,
    0xF6, 0xFF, 0x2D, 0xC0, 0x03, 0xFF, 0x84, 0x06, 0xF9, 0xFF, 0x0B, 0xF4, 0x03, 0xFF, 0x84, 0x04,
    0xFC, 0xFF, 0x09, 0xF7, 0x02, 0xFF, 0x81, 0xDF, 0x42, 0x02, 0xFF, 0x81, 0x07, 0xF9, 0x02, 0xFF,
    0x81, 0xBF, 0x70, 0x02, 0xFF, 0x81, 0x16, 0xFC, 0x02, 0xFF, 0x81, 0x9F, 0x90, 0x02, 0xFF, 0x80,
    0x54, 0x03, 0xFF, 0x84, 0x7F, 0xC1, 0xFF, 0xDF, 0x71, 0x03, 0xFF, 0x84, 0x6F, 0xF5, 0xFF, 0xAF,
    0xA0, 0x03, 0xFF, 0x84, 0x4F, 0xF7, 0xFF, 0x9F, 0xD2, 0x03, 0xFF, 0x84, 0x9F, 0xFC, 0xFF, 0xBF,
    0xFA, 0x7F, 0xFF, 0x3B, 0xFF, 0x2E, 0xFF, 0x81, 0xAF, 0xFB, 0x02, 0xFF, 0x81, 0xAC, 0xFC, 0x04,
    0xFF, 0x81, 0xBF, 0x60, 0x02, 0xFF, 0x81, 0x7F, 0xB0, 0x05, 0xFF, 0x81, 0x09, 0xF9, 0x02, 0xFF,
    0x81, 0x34, 0xFD, 0x04, 0xFF, 0x81, 0x6F, 0xB0, 0x02, 0xFF, 0x81, 0x0C, 0xF5, 0x05, 0xFF, 0x80,
    0x34, 0x02, 0xFF, 0x81, 0x9F, 0x80, 0x05, 0xFF, 0x81, 0x0C, 0xF6, 0x02, 0xFF, 0x81, 0x07, 0xFA,
    0x04, 0xFF, 0x81, 0x9F, 0x80, 0x02, 0xFF, 0x81, 0x4F, 0xD2, 0x05, 0xFF, 0x84, 0x06, 0xFB, 0xFF,
    0xCF, 0x51, 0x03, 0xFF, 0x83, 0x6B, 0x66, 0x36, 0x60, 0x02, 0x66, 0x87, 0x05, 0x64, 0x66, 0xFD,
    0xAF, 0x33, 0x23, 0x10, 0x02, 0x33, 0x83, 0x13, 0x20, 0x33, 0xD3, 0x03, 0xFF, 0x81, 0x09, 0xF8,
    0x02, 0xFF, 0x81, 0x25, 0xFD, 0x04, 0xFF, 0x81, 0x7F, 0xA0, 0x02, 0xFF, 0x81, 0x2D, 0xF5, 0x05,
    0xFF, 0x84, 0x24, 0xFD, 0xFF, 0xAF, 0x70, 0x05, 0xFF, 0x81, 0x1C, 0xF5, 0x02, 0xFF, 0x81, 0x08,
    0xFA, 0x04, 0xFF, 0x81, 0x9F, 0x80, 0x02, 0xFF, 0x81, 0x5F, 0xC2, 0x05, 0xFF, 0x84, 0x07, 0xFA,
    0xFF, 0xDF, 0x52, 0x03, 0xFF, 0x83, 0xAF, 0x99, 0x49, 0x90, 0x02, 0x99, 0x85, 0x08, 0x95, 0x99,
    0xFB, 0xFF, 0x05, 0x07, 0x00, 0x85, 0x70, 0xFF, 0xBF, 0xAA, 0x08, 0xA6, 0x02, 0xAA, 0x80, 0x15,
    0x02, 0xAA, 0x80, 0xFB, 0x02, 0xFF, 0x81, 0x7F, 0xA0, 0x02, 0xFF, 0x81, 0x3D, 0xF4, 0x05, 0xFF,
    0x84, 0x25, 0xFC, 0xFF, 0xBF, 0x70, 0x05, 0xFF, 0x81, 0x2D, 0xF5, 0x02, 0xFF, 0x81, 0x08, 0xF9,
    0x04, 0xFF, 0x81, 0xAF, 0x70, 0x02, 0xFF, 0x81, 0x6F, 0xC0, 0x05, 0xFF, 0x81, 0x08, 0xF9, 0x02,
    0xFF, 0x80, 0x43, 0x05, 0xFF, 0x81, 0x5F, 0xC1, 0x02, 0xFF, 0x81, 0x0B, 0xF6, 0x04, 0xFF, 0x81,
    0xDF, 0x43, 0x02, 0xFF, 0x81, 0x8F, 0x90, 0x62, 0xFF, 0x80, 0x0F, 0x04, 0xFF, 0x81, 0x9F, 0xF8,
    0x09, 0xFF, 0x80, 0x34, 0x09, 0xFF, 0x81, 0x4F, 0xF3, 0x09, 0xFF, 0x80, 0x34, 0x08, 0xFF, 0x83,
    0xBF, 0x38, 0x82, 0xFB, 0x06, 0xFF, 0x80, 0x5B, 0x03, 0x00, 0x80, 0xC6, 0x05, 0xFF, 0x85, 0x29,
    0x40, 0x87, 0x68, 0x03, 0xB3, 0x04, 0xFF, 0x86, 0x2B, 0x70, 0xFD, 0xFF, 0xCF, 0x06, 0xC3, 0x03,
    0xFF, 0x81, 0x7F, 0x60, 0x03, 0xFF, 0x82, 0xDF, 0x05, 0xF6, 0x03, 0xFF, 0x81, 0x04, 0xF9, 0x03,
    0xFF, 0x82, 0xCF, 0x12, 0xFB, 0x02, 0xFF, 0x81, 0x3F, 0xA0, 0x04, 0xFF, 0x81, 0x7F, 0xD7, 0x03,
    0xFF, 0x81, 0x04, 0xF9, 0x08, 0xFF, 0x81, 0x7F, 0x60, 0x09, 0xFF, 0x81, 0x2B, 0x80, 0x09, 0xFF,
    0x82, 0x19, 0x60, 0xFB, 0x08, 0xFF, 0x82, 0x39, 0x20, 0xB6, 0x08, 0xFF, 0x83, 0x6C, 0x02, 0x50,
    0xD9, 0x07, 0xFF, 0x83, 0xBF, 0x37, 0x00, 0xA4, 0x08, 0xFF, 0x82, 0x9D, 0x04, 0x81, 0x08, 0xFF,
    0x82, 0xDF, 0x07, 0x90, 0x09, 0xFF, 0x81, 0x07, 0xD3, 0x08, 0xFF, 0x82, 0xDF, 0x04, 0xF9, 0x02,
    0xFF, 0x80, 0x9B, 0x05, 0xFF, 0x81, 0x6F, 0x70, 0x02, 0xFF, 0x81, 0x2C, 0xC3, 0x05, 0xFF, 0x81,
    0x07, 0xF7, 0x02, 0xFF, 0x81, 0x05, 0xF7, 0x04, 0xFF, 0x81, 0x7F, 0x80, 0x02, 0xFF, 0x82, 0xAF,
    0x20, 0xFB, 0x04, 0xFF, 0x81, 0x05, 0xF9, 0x02, 0xFF, 0x82, 0x6F, 0x40, 0xFC, 0x03, 0xFF, 0x81,
    0x0A, 0xD3, 0x03, 0xFF, 0x82, 0x5D, 0x40, 0xFA, 0x02, 0xFF, 0x81, 0x39, 0x80, 0x04, 0xFF, 0x85,
    0x5C, 0x00, 0x64, 0x67, 0x04, 0x60, 0x05, 0xFF, 0x81, 0x9F, 0x04, 0x02, 0x00, 0x80, 0x94, 0x07,
    0xFF, 0x82, 0x4B, 0xA2, 0xFC, 0x08, 0xFF, 0x80, 0x34, 0x09, 0xFF, 0x81, 0x4F, 0xF3, 0x09, 0xFF,
    0x80, 0x34, 0x09, 0xFF, 0x81, 0xDF, 0xFD, 0x2E, 0xFF, 0x80, 0x0F, 0x36, 0xFF, 0x82, 0x8B, 0x77,
    0xD9, 0x05, 0xFF, 0x81, 0xAB, 0xFD, 0x02, 0xFF, 0x84, 0x7D, 0x02, 0x00, 0x30, 0xFA, 0x03, 0xFF,
    0x82, 0xCF, 0x53, 0xFD, 0x02, 0xFF, 0x84, 0x07, 0xA5, 0xCD, 0x39, 0xA2, 0x03, 0xFF, 0x81, 0x6F,
    0xB2, 0x02, 0xFF, 0x85, 0xBF, 0x50, 0xFD, 0xFF, 0xBF, 0x42, 0x03, 0xFF, 0x81, 0x09, 0xF8, 0x02,
    0xFF, 0x81, 0x7F, 0xA0, 0x03, 0xFF, 0x85, 0x06, 0xFB, 0xFF, 0xCF, 0x43, 0xFD, 0x02, 0xFF, 0x81,
    0x5F, 0xD1, 0x03, 0xFF, 0x84, 0x08, 0xF9, 0xFF, 0x6F, 0xB1, 0x03, 0xFF, 0x81, 0x5F, 0xD2, 0x03,
    0xFF, 0x84, 0x09, 0xF9, 0xFF, 0x0A, 0xF7, 0x03, 0xFF, 0x81, 0x7F, 0xA0, 0x03, 0xFF, 0x84, 0x06,
    0xFB, 0xCF, 0x44, 0xFD, 0x03, 0xFF, 0x81, 0xAF, 0x60, 0x02, 0xFF, 0x84, 0xBF, 0x42, 0xFF, 0x7F,
    0xA1, 0x05, 0xFF, 0x87, 0x06, 0xC6, 0xFF, 0x4A, 0xA1, 0xFF, 0x1A, 0xF6, 0x05, 0xFF, 0x87, 0x6D,
    0x00, 0x33, 0x20, 0xF9, 0xDF, 0x44, 0xFC, 0x06, 0xFF, 0x85, 0x7A, 0x66, 0xC8, 0xFF, 0x7F, 0x90,
    0x0B, 0xFF, 0x81, 0x2B, 0xF6, 0x0A, 0xFF, 0x82, 0xDF, 0x34, 0xFC, 0x0A, 0xFF, 0x81, 0x8F, 0x90,
    0x0B, 0xFF, 0x86, 0x2B, 0xF5, 0xFF, 0x7C, 0x45, 0x75, 0xFC, 0x06, 0xFF, 0x86, 0x35, 0xFC, 0xAF,
    0x03, 0x64, 0x04, 0x93, 0x05, 0xFF, 0x88, 0x8F, 0x80, 0xFF, 0x2B, 0xA3, 0xFF, 0xAF, 0x23, 0xFB,
    0x04, 0xFF, 0x84, 0x3C, 0xF5, 0xFF, 0x06, 0xFA, 0x02, 0xFF, 0x81, 0x0A, 0xF6, 0x04, 0xFF, 0x83,
    0x26, 0xFB, 0xFF, 0x43, 0x03, 0xFF, 0x81, 0x4F, 0xF3, 0x03, 0xFF, 0x84, 0x9F, 0x80, 0xFF, 0xDF,
    0x60, 0x03, 0xFF, 0x81, 0x6F, 0xC0, 0x03, 0xFF, 0x81, 0x3C, 0xD4, 0x02, 0xFF, 0x80, 0x52, 0x03,
    0xFF, 0x81, 0x5F, 0xD1, 0x03, 0xFF, 0x81, 0x26, 0xFB, 0x02, 0xFF, 0x81, 0x25, 0xFC, 0x02, 0xFF,
    0x81, 0x2C, 0xF4, 0x02, 0xFF, 0x81, 0xAF, 0x70, 0x03, 0xFF, 0x81, 0x09, 0xF6, 0x02, 0xFF, 0x81,
    0x06, 0xF8, 0x02, 0xFF, 0x81, 0x4D, 0xD4, 0x03, 0xFF, 0x85, 0x6F, 0x50, 0xA9, 0x59, 0x50, 0xFD,
    0x02, 0xFF, 0x81, 0x17, 0xFA, 0x03, 0xFF, 0x84, 0xDF, 0x27, 0x00, 0x20, 0xD7, 0x09, 0xFF, 0x82,
    0xCF, 0x9A, 0xCA, 0x6A, 0xFF, 0x33, 0xFF, 0x83, 0xBF, 0x78, 0x87, 0xFB, 0x07, 0xFF, 0x81, 0xDF,
    0x16, 0x02, 0x00, 0x81, 0x71, 0xFD, 0x06, 0xFF, 0x85, 0x5D, 0x40, 0xB9, 0x9B, 0x04, 0xF6, 0x06,
    0xFF, 0x81, 0x09, 0xD4, 0x02, 0xFF, 0x81, 0x4C, 0xA0, 0x06, 0xFF, 0x81, 0x06, 0xF9, 0x02, 0xFF,
    0x81, 0x8F, 0x70, 0x06, 0xFF, 0x81, 0x05, 0xFB, 0x02, 0xFF, 0x81, 0xAF, 0x60, 0x06, 0xFF, 0x81,
    0x05, 0xFA, 0x02, 0xFF, 0x81, 0x9F, 0x60, 0x06, 0xFF, 0x81, 0x08, 0xF7, 0x02, 0xFF, 0x81, 0x5F,
    0x90, 0x06, 0xFF, 0x81, 0x3C, 0xA2, 0x02, 0xFF, 0x81, 0x08, 0xD5, 0x06, 0xFF, 0x85, 0x9F, 0x30,
    0xFC, 0x7D, 0x30, 0xFB, 0x07, 0xFF, 0x83, 0x08, 0xB4, 0x05, 0xB4, 0x08, 0xFF, 0x83, 0x6F, 0x00,
    0x71, 0xFD, 0x07, 0xFF, 0x83, 0xDF, 0x37, 0x00, 0xF6, 0x08, 0xFF, 0x83, 0x4A, 0x40, 0x49, 0x80,
    0x07, 0xFF, 0x85, 0x9F, 0x12, 0xD7, 0xCF, 0x14, 0xF9, 0x03, 0xFF, 0x84, 0xBF, 0xFD, 0xFF, 0x1A,
    0xA2, 0x02, 0xFF, 0x81, 0x3B, 0xA2, 0x03, 0xFF, 0x84, 0x3C, 0xD4, 0xDF, 0x04, 0xF9, 0x02, 0xFF,
    0x82, 0xAF, 0x32, 0xFB, 0x02, 0xFF, 0x83, 0x06, 0xF8, 0xAF, 0x50, 0x04, 0xFF, 0x87, 0x19, 0xC4,
    0xFF, 0x8F, 0x60, 0xFF, 0x7F, 0x70, 0x04, 0xFF, 0x87, 0x8F, 0x50, 0xFD, 0x2A, 0xD4, 0xFF, 0x7F,
    0x80, 0x05, 0xFF, 0x86, 0x07, 0xB6, 0x23, 0xFB, 0xFF, 0x7F, 0x70, 0x05, 0xFF, 0x82, 0x6D, 0x20,
    0x90, 0x02, 0xFF, 0x81, 0x9F, 0x40, 0x05, 0xFF, 0x82, 0xBF, 0x00, 0xF6, 0x02, 0xFF, 0x82, 0xDF,
    0x04, 0xF8, 0x04, 0xFF, 0x82, 0x4A, 0x30, 0x91, 0x03, 0xFF, 0x82, 0x2A, 0x71, 0xFD, 0x02, 0xFF,
    0x84, 0x7C, 0x12, 0xB8, 0x23, 0xFA, 0x02, 0xFF, 0x89, 0x9F, 0x03, 0x63, 0x88, 0x68, 0x02, 0xA4,
    0xFF, 0x2A, 0xB3, 0x03, 0xFF, 0x81, 0x7C, 0x03, 0x02, 0x00, 0x85, 0x84, 0xFD, 0xFF, 0x9F, 0x41,
    0xFC, 0x03, 0xFF, 0x82, 0xBD, 0x99, 0xCA, 0x66, 0xFF, 0x14, 0xFF, 0x81, 0xAD, 0xDA, 0x02, 0xFF,
    0x81, 0x9F, 0x40, 0x03, 0xFF, 0x81, 0x08, 0xF6, 0x02, 0xFF, 0x81, 0x6F, 0x90, 0x03, 0xFF, 0x81,
    0x04, 0xFC, 0x02, 0xFF, 0x81, 0x2D, 0xF4, 0x02, 0xFF, 0x81, 0xBF, 0x70, 0x03, 0xFF, 0x81, 0x09,
    0xF9, 0x02, 0xFF, 0x81, 0x7F, 0xC1, 0x03, 0xFF, 0x80, 0x56, 0x03, 0xFF, 0x81, 0x4F, 0xF7, 0x03,
    0xFF, 0x80, 0xC9, 0x69, 0xFF, 0x80, 0x0F, 0x08, 0xFF, 0x81, 0xCF, 0xFC, 0x03, 0xFF, 0x81, 0x3D,
    0xF4, 0x03, 0xFF, 0x81, 0x08, 0xF9, 0x02, 0xFF, 0x82, 0xDF, 0x34, 0xFD, 0x02, 0xFF, 0x81, 0xAF,
    0x60, 0x03, 0xFF, 0x81, 0x6F, 0xA0, 0x03, 0xFF, 0x81, 0x2D, 0xD2, 0x03, 0xFF, 0x81, 0x0A, 0xF6,
    0x03, 0xFF, 0x81, 0x07, 0xF8, 0x03, 0xFF, 0x81, 0x05, 0xFA, 0x02, 0xFF, 0x82, 0xDF, 0x02, 0xFC,
    0x02, 0xFF, 0x81, 0xBF, 0x40, 0x03, 0xFF, 0x81, 0x9F, 0x50, 0x03, 0xFF, 0x81, 0x8F, 0x60, 0x03,
    0xFF, 0x81, 0x7F, 0x70, 0x03, 0xFF, 0x81, 0x6F, 0x80, 0x03, 0xFF, 0x81, 0x5F, 0x90, 0x03, 0xFF,
    0x81, 0x5F, 0x90, 0x03, 0xFF, 0x81, 0x5F, 0x90, 0x03, 0xFF, 0x81, 0x5F, 0x90, 0x03, 0xFF, 0x81,
    0x5F, 0x90, 0x03, 0xFF, 0x81, 0x6F, 0x80, 0x03, 0xFF, 0x81, 0x7F, 0x70, 0x03, 0xFF, 0x81, 0x8F,
    0x60, 0x03, 0xFF, 0x81, 0x9F, 0x50, 0x03, 0xFF, 0x81, 0xBF, 0x40, 0x03, 0xFF, 0x82, 0xDF, 0x12,
    0xFC, 0x03, 0xFF, 0x81, 0x04, 0xFA, 0x03, 0xFF, 0x81, 0x07, 0xF8, 0x03, 0xFF, 0x81, 0x09, 0xF6,
    0x03, 0xFF, 0x81, 0x2D, 0xD3, 0x03, 0xFF, 0x81, 0x6F, 0xA0, 0x03, 0xFF, 0x81, 0x9F, 0x70, 0x03,
    0xFF, 0x82, 0xDF, 0x33, 0xFD, 0x03, 0xFF, 0x81, 0x08, 0xF9, 0x03, 0xFF, 0x81, 0x3C, 0xF5, 0x03,
    0xFF, 0x81, 0xBF, 0xDA, 0x05, 0xFF, 0x05, 0xFF, 0x81, 0xCF, 0xFC, 0x03, 0xFF, 0x81, 0x6F, 0xC2,
    0x03, 0xFF, 0x81, 0xAF, 0x70, 0x04, 0xFF, 0x81, 0x24, 0xFC, 0x03, 0xFF, 0x81, 0x08, 0xF8, 0x03,
    0xFF, 0x81, 0x0B, 0xF5, 0x03, 0xFF, 0x81, 0x4F, 0xB0, 0x03, 0xFF, 0x81, 0x7F, 0x80, 0x03, 0xFF,
    0x81, 0x9F, 0x60, 0x03, 0xFF, 0x81, 0xCF, 0x30, 0x04, 0xFF, 0x81, 0x03, 0xFB, 0x03, 0xFF, 0x81,
    0x05, 0xF9, 0x03, 0xFF, 0x81, 0x07, 0xF8, 0x03, 0xFF, 0x81, 0x08, 0xF6, 0x03, 0xFF, 0x81, 0x09,
    0xF5, 0x03, 0xFF, 0x81, 0x09, 0xF5, 0x03, 0xFF, 0x81, 0x0A, 0xF4, 0x03, 0xFF, 0x81, 0x0A, 0xF4,
    0x03, 0xFF, 0x81, 0x0B, 0xF3, 0x03, 0xFF, 0x81, 0x0A, 0xF4, 0x03, 0xFF, 0x81, 0x0A, 0xF4, 0x03,
    0xFF, 0x81, 0x0A, 0xF5, 0x03, 0xFF, 0x81, 0x09, 0xF5, 0x03, 0xFF, 0x81, 0x08, 0xF6, 0x03, 0xFF,
    0x81, 0x07, 0xF8, 0x03, 0xFF, 0x81, 0x05, 0xF9, 0x03, 0xFF, 0x81, 0x04, 0xFB, 0x02, 0xFF, 0x81,
    0xCF, 0x30, 0x03, 0xFF, 0x81, 0xAF, 0x50, 0x03, 0xFF, 0x81, 0x7F, 0x80, 0x03, 0xFF, 0x81, 0x5F,
    0xB0, 0x03, 0xFF, 0x81, 0x1C, 0xF4, 0x03, 0xFF, 0x81, 0x08, 0xF8, 0x03, 0xFF, 0x81, 0x25, 0xFC,
    0x02, 0xFF, 0x81, 0xBF, 0x60, 0x03, 0xFF, 0x81, 0x6F, 0xB1, 0x03, 0xFF, 0x81, 0xBF, 0xFB, 0x08,
    0xFF, 0x2E, 0xFF, 0x81, 0xDF, 0xCA, 0x09, 0xFF, 0x81, 0x0B, 0xF8, 0x08, 0xFF, 0x81, 0xCF, 0x80,
    0x09, 0xFF, 0x81, 0x0C, 0xF8, 0x06, 0xFF, 0x83, 0xDB, 0xFF, 0xDF, 0x90, 0x02, 0xFF, 0x80, 0xFB,
    0x03, 0xFF, 0x87, 0x5F, 0x63, 0xDA, 0x0F, 0xF9, 0x7B, 0x14, 0xFC, 0x03, 0xFF, 0x86, 0x68, 0x02,
    0x73, 0x61, 0x05, 0x51, 0xC7, 0x04, 0xFF, 0x84, 0xDF, 0x7A, 0x04, 0x62, 0xC9, 0x07, 0xFF, 0x82,
    0x4D, 0x23, 0xFA, 0x07, 0xFF, 0x83, 0x6F, 0xC3, 0x45, 0xFC, 0x06, 0xFF, 0x84, 0x8F, 0x90, 0xBF,
    0x53, 0xFD, 0x05, 0xFF, 0x84, 0xAF, 0x62, 0xFF, 0x8F, 0x70, 0x06, 0xFF, 0x84, 0x35, 0xFC, 0xFF,
    0x5F, 0xC3, 0x05, 0xFF, 0x81, 0xDF, 0xFA, 0x02, 0xFF, 0x80, 0xBC, 0x7F, 0xFF, 0x60, 0xFF, 0x80,
    0x0F, 0x7F, 0xFF, 0x03, 0xFF, 0x81, 0x9F, 0x95, 0x09, 0xFF, 0x81, 0x08, 0xF7, 0x08, 0xFF, 0x81,
    0x8F, 0x70, 0x09, 0xFF, 0x81, 0x08, 0xF7, 0x08, 0xFF, 0x81, 0x8F, 0x70, 0x09, 0xFF, 0x81, 0x08,
    0xF7, 0x08, 0xFF, 0x81, 0x8F, 0x70, 0x05, 0xFF, 0x80, 0xCF, 0x03, 0xCC, 0x81, 0x07, 0xC7, 0x03,
    0xCC, 0x02, 0xFF, 0x80, 0x06, 0x07, 0x00, 0x82, 0xF5, 0xFF, 0x7F, 0x03, 0x55, 0x81, 0x04, 0x54,
    0x02, 0x55, 0x80, 0x75, 0x05, 0xFF, 0x81, 0x8F, 0x70, 0x09, 0xFF, 0x81, 0x08, 0xF7, 0x08, 0xFF,
    0x81, 0x8F, 0x70, 0x09, 0xFF, 0x81, 0x08, 0xF7, 0x08, 0xFF, 0x81, 0x8F, 0x70, 0x09, 0xFF, 0x81,
    0x08, 0xF7, 0x08, 0xFF, 0x81, 0x8F, 0x70, 0x09, 0xFF, 0x81, 0x9B, 0xFB, 0x62, 0xFF, 0x80, 0x0F,
    0x7F, 0xFF, 0x12, 0xFF, 0x81, 0x9F, 0xC8, 0x04, 0xFF, 0x81, 0x05, 0xF9, 0x03, 0xFF, 0x81, 0x1B,
    0xD3, 0x03, 0xFF, 0x81, 0x7F, 0x80, 0x04, 0xFF, 0x81, 0x24, 0xFC, 0x03, 0xFF, 0x81, 0x0A, 0xF6,
    0x03, 0xFF, 0x81, 0x6F, 0xB0, 0x03, 0xFF, 0x81, 0xDF, 0x53, 0x04, 0xFF, 0x81, 0x09, 0xF9, 0x03,
    0xFF, 0x81, 0x8F, 0xF5, 0x13, 0xFF, 0x80, 0x0F, 0x50, 0xFF, 0x80, 0x35, 0x02, 0x33, 0x81, 0x93,
    0x45, 0x02, 0x44, 0x80, 0x94, 0x44, 0xFF, 0x7F, 0xFF, 0x0A, 0xFF, 0x80, 0xBC, 0x03, 0xFF, 0x82,
    0xCF, 0x13, 0xFA, 0x02, 0xFF, 0x82, 0xBF, 0x01, 0xF9, 0x03, 0xFF, 0x81, 0x9A, 0xFD, 0x29, 0xFF,
    0x2B, 0xFF, 0x81, 0xCF, 0xCA, 0x07, 0xFF, 0x81, 0x4F, 0xC2, 0x07, 0xFF, 0x81, 0x09, 0xF6, 0x07,
    0xFF, 0x81, 0x24, 0xFB, 0x06, 0xFF, 0x81, 0x9F, 0x60, 0x07, 0xFF, 0x81, 0x5F, 0xB1, 0x07, 0xFF,
    0x81, 0x0A, 0xF6, 0x07, 0xFF, 0x81, 0x15, 0xFB, 0x06, 0xFF, 0x81, 0xAF, 0x60, 0x07, 0xFF, 0x81,
    0x5F, 0xB1, 0x07, 0xFF, 0x81, 0x0A, 0xF6, 0x07, 0xFF, 0x81, 0x05, 0xFB, 0x06, 0xFF, 0x81, 0xAF,
    0x60, 0x07, 0xFF, 0x81, 0x6F, 0xA0, 0x07, 0xFF, 0x81, 0x0B, 0xF5, 0x07, 0xFF, 0x81, 0x06, 0xFA,
    0x06, 0xFF, 0x81, 0xBF, 0x51, 0x07, 0xFF, 0x81, 0x6F, 0xA0, 0x07, 0xFF, 0x81, 0x1B, 0xF5, 0x07,
    0xFF, 0x81, 0x06, 0xFA, 0x06, 0xFF, 0x81, 0xBF, 0x51, 0x07, 0xFF, 0x81, 0x6F, 0x90, 0x07, 0xFF,
    0x81, 0x2B, 0xF4, 0x07, 0xFF, 0x81, 0x06, 0xF9, 0x06, 0xFF, 0x81, 0xCF, 0x42, 0x07, 0xFF, 0x81,
    0x7F, 0x90, 0x07, 0xFF, 0x81, 0x2C, 0xD4, 0x07, 0xFF, 0x81, 0x07, 0xF9, 0x06, 0xFF, 0x82, 0xCF,
    0x42, 0xFD, 0x06, 0xFF, 0x81, 0x7F, 0x80, 0x07, 0xFF, 0x81, 0x3C, 0xD4, 0x07, 0xFF, 0x81, 0x8B,
    0xFA, 0x22, 0xFF, 0x2D, 0xFF, 0x83, 0xDF, 0x79, 0x77, 0xDA, 0x06, 0xFF, 0x81, 0x9F, 0x03, 0x02,
    0x00, 0x80, 0x94, 0x05, 0xFF, 0x85, 0x7F, 0x00, 0x86, 0x89, 0x05, 0x80, 0x04, 0xFF, 0x82, 0x8F,
    0x30, 0xFA, 0x02, 0xFF, 0x81, 0x29, 0x90, 0x03, 0xFF, 0x82, 0xBF, 0x21, 0xFA, 0x03, 0xFF, 0x81,
    0x19, 0xC3, 0x03, 0xFF, 0x81, 0x05, 0xF7, 0x04, 0xFF, 0x81, 0x06, 0xF6, 0x02, 0xFF, 0x81, 0x0B,
    0xD3, 0x04, 0xFF, 0x85, 0xCF, 0x22, 0xFC, 0xFF, 0x7F, 0x70, 0x05, 0xFF, 0x81, 0x6F, 0x90, 0x02,
    0xFF, 0x81, 0x05, 0xFA, 0x05, 0xFF, 0x84, 0x09, 0xF6, 0xFF, 0x2D, 0xD2, 0x05, 0xFF, 0x84, 0xBF,
    0x40, 0xFF, 0xBF, 0x40, 0x06, 0xFF, 0x84, 0x2F, 0xD0, 0xFF, 0x0A, 0xF5, 0x06, 0xFF, 0x83, 0x04,
    0xFB, 0x9F, 0x60, 0x06, 0xFF, 0x84, 0x5F, 0xA0, 0xFF, 0x09, 0xF6, 0x06, 0xFF, 0x83, 0x05, 0xFA,
    0x9F, 0x60, 0x06, 0xFF, 0x84, 0x5F, 0xB0, 0xFF, 0x0A, 0xF5, 0x06, 0xFF, 0x83, 0x04, 0xFB, 0xBF,
    0x40, 0x06, 0xFF, 0x84, 0x2D, 0xD1, 0xFF, 0x2D, 0xC0, 0x05, 0xFF, 0x81, 0xBF, 0x40, 0x02, 0xFF,
    0x81, 0x05, 0xF9, 0x05, 0xFF, 0x84, 0x08, 0xF6, 0xFF, 0x8F, 0x60, 0x05, 0xFF, 0x81, 0x5F, 0x90,
    0x02, 0xFF, 0x81, 0x2C, 0xC2, 0x04, 0xFF, 0x82, 0xBF, 0x30, 0xFD, 0x02, 0xFF, 0x81, 0x06, 0xF6,
    0x04, 0xFF, 0x81, 0x05, 0xF7, 0x02, 0xFF, 0x82, 0xCF, 0x03, 0xF9, 0x03, 0xFF, 0x81, 0x08, 0xD4,
    0x03, 0xFF, 0x86, 0x9F, 0x11, 0xD8, 0xFF, 0xDF, 0x07, 0xA2, 0x04, 0xFF, 0x85, 0x9F, 0x02, 0x64,
    0x67, 0x03, 0xA2, 0x05, 0xFF, 0x84, 0xAF, 0x05, 0x00, 0x10, 0xB6, 0x07, 0xFF, 0x82, 0x9C, 0xA9,
    0xFC, 0x57, 0xFF, 0x80, 0x0F, 0x24, 0xFF, 0x81, 0xBF, 0xF9, 0x04, 0xFF, 0x83, 0xBD, 0x68, 0x03,
    0xF4, 0x03, 0xFF, 0x84, 0x6F, 0x03, 0x00, 0x01, 0xF4, 0x03, 0xFF, 0x84, 0x3F, 0x41, 0x97, 0x0B,
    0xF4, 0x03, 0xFF, 0x84, 0x9F, 0xFC, 0xFF, 0x0C, 0xF4, 0x06, 0xFF, 0x81, 0x0C, 0xF4, 0x06, 0xFF,
    0x81, 0x0C, 0xF4, 0x06, 0xFF, 0x81, 0x0C, 0xF4, 0x06, 0xFF, 0x81, 0x0C, 0xF4, 0x06, 0xFF, 0x81,
    0x0C, 0xF4, 0x06, 0xFF, 0x81, 0x0C, 0xF4, 0x06, 0xFF, 0x81, 0x0C, 0xF4, 0x06, 0xFF, 0x81, 0x0C,
    0xF4, 0x06, 0xFF, 0x81, 0x0C, 0xF4, 0x06, 0xFF, 0x81, 0x0C, 0xF4, 0x06, 0xFF, 0x81, 0x0C, 0xF4,
    0x06, 0xFF, 0x81, 0x0C, 0xF4, 0x06, 0xFF, 0x81, 0x0C, 0xF4, 0x06, 0xFF, 0x81, 0x0C, 0xF4, 0x06,
    0xFF, 0x81, 0x0C, 0xF4, 0x06, 0xFF, 0x81, 0x0C, 0xF4, 0x06, 0xFF, 0x81, 0x0C, 0xF4, 0x06, 0xFF,
    0x81, 0x0C, 0xF4, 0x06, 0xFF, 0x81, 0x0C, 0xF4, 0x06, 0xFF, 0x81, 0x0C, 0xF4, 0x06, 0xFF, 0x81,
    0x0C, 0xF4, 0x4A, 0xFF, 0x2B, 0xFF, 0x83, 0xAF, 0x78, 0x87, 0xDA, 0x05, 0xFF, 0x81, 0xAF, 0x04,
    0x02, 0x00, 0x81, 0x40, 0xFA, 0x04, 0xFF, 0x85, 0x18, 0x40, 0x98, 0x89, 0x04, 0x81, 0x03, 0xFF,
    0x82, 0xAF, 0x11, 0xF8, 0x02, 0xFF, 0x82, 0x8F, 0x11, 0xFA, 0x02, 0xFF, 0x81, 0x4D, 0x70, 0x04,
    0xFF, 0x81, 0x07, 0xF4, 0x02, 0xFF, 0x81, 0x0A, 0xD4, 0x04, 0xFF, 0x81, 0x3D, 0xA0, 0x02, 0xFF,
    0x81, 0x07, 0xF7, 0x04, 0xFF, 0x81, 0x6F, 0x80, 0x02, 0xFF, 0x81, 0x05, 0xFA, 0x04, 0xFF, 0x81,
    0x7F, 0x70, 0x02, 0xFF, 0x81, 0x04, 0xFC, 0x04, 0xFF, 0x81, 0x7F, 0x80, 0x02, 0xFF, 0x81, 0x88,
    0xFD, 0x04, 0xFF, 0x81, 0x4F, 0xA0, 0x08, 0xFF, 0x81, 0x0A, 0xD3, 0x07, 0xFF, 0x82, 0xDF, 0x05,
    0xF8, 0x07, 0xFF, 0x82, 0x7F, 0x40, 0xFD, 0x07, 0xFF, 0x81, 0x08, 0xB2, 0x07, 0xFF, 0x82, 0x9F,
    0x21, 0xFA, 0x07, 0xFF, 0x81, 0x2A, 0x92, 0x07, 0xFF, 0x82, 0xAF, 0x12, 0xF9, 0x07, 0xFF, 0x81,
    0x3A, 0x91, 0x07, 0xFF, 0x82, 0xBF, 0x03, 0xF8, 0x07, 0xFF, 0x81, 0x3B, 0x80, 0x07, 0xFF, 0x82,
    0xCF, 0x04, 0xF8, 0x07, 0xFF, 0x81, 0x4C, 0x70, 0x07, 0xFF, 0x82, 0xCF, 0x04, 0xF7, 0x07, 0xFF,
    0x81, 0x5C, 0x70, 0x07, 0xFF, 0x82, 0xDF, 0x05, 0x40, 0x06, 0x44, 0x81, 0xFF, 0x5D, 0x08, 0x00,
    0x5B, 0xFF, 0x2B, 0xFF, 0x83, 0xCF, 0x79, 0x87, 0xDA, 0x05, 0xFF, 0x81, 0xCF, 0x16, 0x02, 0x00,
    0x81, 0x40, 0xFA, 0x04, 0xFF, 0x85, 0x4C, 0x30, 0x97, 0x9A, 0x05, 0x91, 0x04, 0xFF, 0x81, 0x05,
    0xC5, 0x02, 0xFF, 0x82, 0x9F, 0x20, 0xFB, 0x02, 0xFF, 0x82, 0xAF, 0x40, 0xFC, 0x03, 0xFF, 0x81,
    0x06, 0xF6, 0x02, 0xFF, 0x81, 0x7F, 0x80, 0x04, 0xFF, 0x81, 0x0B, 0xF3, 0x02, 0xFF, 0x81, 0x6F,
    0xA0, 0x04, 0xFF, 0x81, 0x2F, 0xC0, 0x02, 0xFF, 0x81, 0xDF, 0xDC, 0x04, 0xFF, 0x81, 0x2F, 0xC0,
    0x08, 0xFF, 0x81, 0x0B, 0xF4, 0x08, 0xFF, 0x81, 0x06, 0xF8, 0x07, 0xFF, 0x82, 0x7D, 0x50, 0xFD,
    0x06, 0xFF, 0x82, 0x8B, 0x04, 0xC6, 0x06, 0xFF, 0x82, 0x2F, 0x00, 0x95, 0x07, 0xFF, 0x83, 0x4F,
    0x03, 0x62, 0xFB, 0x07, 0xFF, 0x82, 0xBF, 0x27, 0x71, 0x08, 0xFF, 0x82, 0xBF, 0x04, 0xF7, 0x08,
    0xFF, 0x81, 0x3C, 0xB1, 0x08, 0xFF, 0x81, 0x7F, 0x70, 0x08, 0xFF, 0x81, 0xAF, 0x50, 0x02, 0xFF,
    0x81, 0x67, 0xFB, 0x04, 0xFF, 0x81, 0xAF, 0x40, 0x02, 0xFF, 0x81, 0x06, 0xF8, 0x04, 0xFF, 0x81,
    0x9F, 0x50, 0x02, 0xFF, 0x81, 0x08, 0xF5, 0x04, 0xFF, 0x81, 0x6F, 0x70, 0x02, 0xFF, 0x81, 0x2C,
    0x90, 0x04, 0xFF, 0x81, 0x19, 0xB1, 0x02, 0xFF, 0x82, 0x8F, 0x20, 0xD7, 0x02, 0xFF, 0x82, 0x8D,
    0x02, 0xF7, 0x03, 0xFF, 0x85, 0x18, 0x30, 0x76, 0x67, 0x03, 0x70, 0x04, 0xFF, 0x81, 0xBF, 0x26,
    0x02, 0x00, 0x81, 0x51, 0xFA, 0x05, 0xFF, 0x83, 0xCF, 0x9A, 0xA9, 0xFC, 0x53, 0xFF, 0x31, 0xFF,
    0x80, 0xCC, 0x09, 0xFF, 0x81, 0x5D, 0xF8, 0x08, 0xFF, 0x81, 0x7F, 0x80, 0x08, 0xFF, 0x82, 0xAF,
    0x02, 0xF8, 0x07, 0xFF, 0x82, 0xDF, 0x04, 0x80, 0x08, 0xFF, 0x82, 0x07, 0x04, 0xF8, 0x07, 0xFF,
    0x82, 0x1A, 0x75, 0x80, 0x07, 0xFF, 0x83, 0x4C, 0xC3, 0x07, 0xF8, 0x06, 0xFF, 0x83, 0x6F, 0x90,
    0x7F, 0x80, 0x06, 0xFF, 0x84, 0x9F, 0x60, 0xFF, 0x07, 0xF8, 0x05, 0xFF, 0x84, 0xCF, 0x33, 0xFC,
    0x7F, 0x80, 0x06, 0xFF, 0x84, 0x06, 0xF9, 0xFF, 0x07, 0xF8, 0x05, 0xFF, 0x84, 0x09, 0xF6, 0xFF,
    0x7F, 0x80, 0x05, 0xFF, 0x81, 0x3B, 0xC3, 0x02, 0xFF, 0x81, 0x07, 0xF8, 0x04, 0xFF, 0x81, 0x5D,
    0x90, 0x02, 0xFF, 0x81, 0x7F, 0x80, 0x04, 0xFF, 0x81, 0x8F, 0x60, 0x03, 0xFF, 0x81, 0x07, 0xF8,
    0x03, 0xFF, 0x82, 0xBF, 0x42, 0xFC, 0x02, 0xFF, 0x81, 0x7F, 0x80, 0x03, 0xFF, 0x82, 0xDF, 0x04,
    0xFA, 0x03, 0xFF, 0x81, 0x07, 0xF8, 0x03, 0xFF, 0x81, 0x07, 0xF6, 0x03, 0xFF, 0x81, 0x7F, 0x80,
    0x03, 0xFF, 0x81, 0x1A, 0x40, 0x04, 0x44, 0x84, 0x03, 0x43, 0x44, 0xF9, 0x4D, 0x05, 0x22, 0x83,
    0x12, 0x20, 0x22, 0x82, 0x07, 0xFF, 0x81, 0x07, 0xF8, 0x08, 0xFF, 0x81, 0x7F, 0x80, 0x09, 0xFF,
    0x81, 0x07, 0xF8, 0x08, 0xFF, 0x81, 0x7F, 0x80, 0x09, 0xFF, 0x81, 0x07, 0xF8, 0x60, 0xFF, 0x80,
    0x0F, 0x2B, 0xFF, 0x80, 0xAC, 0x05, 0xAA, 0x80, 0xFB, 0x03, 0xFF, 0x80, 0x08, 0x05, 0x00, 0x80,
    0xF7, 0x03, 0xFF, 0x81, 0x05, 0x76, 0x04, 0x77, 0x80, 0xF9, 0x02, 0xFF, 0x82, 0xDF, 0x22, 0xFD,
    0x07, 0xFF, 0x81, 0xAF, 0x50, 0x08, 0xFF, 0x81, 0x8F, 0x70, 0x08, 0xFF, 0x81, 0x5F, 0xA0, 0x08,
    0xFF, 0x81, 0x3D, 0xD2, 0x08, 0xFF, 0x81, 0x0A, 0xF5, 0x08, 0xFF, 0x84, 0x08, 0xF7, 0x9C, 0x88,
    0xC9, 0x05, 0xFF, 0x85, 0x06, 0x69, 0x01, 0x00, 0x20, 0xC7, 0x03, 0xFF, 0x87, 0xDF, 0x03, 0x63,
    0x98, 0x89, 0x05, 0x40, 0xFC, 0x02, 0xFF, 0x82, 0xBF, 0x60, 0xFC, 0x02, 0xFF, 0x82, 0xAF, 0x03,
    0xD5, 0x02, 0xFF, 0x81, 0x9F, 0xF9, 0x04, 0xFF, 0x81, 0x2B, 0x80, 0x02, 0xFF, 0x80, 0xDF, 0x05,
    0xFF, 0x81, 0x8F, 0x40, 0x08, 0xFF, 0x82, 0xCF, 0x02, 0xFB, 0x08, 0xFF, 0x81, 0x05, 0xFA, 0x08,
    0xFF, 0x81, 0x05, 0xF9, 0x08, 0xFF, 0x81, 0x05, 0xF9, 0x08, 0xFF, 0x83, 0x04, 0xFA, 0xCF, 0x86,
    0x05, 0xFF, 0x85, 0xBF, 0x20, 0xFD, 0x9F, 0x30, 0xFB, 0x04, 0xFF, 0x81, 0x6F, 0x60, 0x02, 0xFF,
    0x81, 0x06, 0xC4, 0x04, 0xFF, 0x81, 0x19, 0xA1, 0x02, 0xFF, 0x82, 0x4C, 0x30, 0xD9, 0x02, 0xFF,
    0x82, 0x7C, 0x01, 0xF7, 0x02, 0xFF, 0x86, 0xCF, 0x05, 0x30, 0x76, 0x57, 0x02, 0x71, 0x04, 0xFF,
    0x81, 0x8D, 0x04, 0x02, 0x00, 0x81, 0x62, 0xFB, 0x05, 0xFF, 0x83, 0xCF, 0x9A, 0xA9, 0xFD, 0x53,
    0xFF, 0x2D, 0xFF, 0x82, 0xDF, 0xAA, 0xFC, 0x07, 0xFF, 0x82, 0x6F, 0x40, 0xFD, 0x07, 0xFF, 0x81,
    0x09, 0xB2, 0x07, 0xFF, 0x82, 0xBF, 0x03, 0xF8, 0x07, 0xFF, 0x81, 0x5D, 0x60, 0x08, 0xFF, 0x81,
    0x07, 0xC4, 0x07, 0xFF, 0x82, 0xAF, 0x21, 0xFA, 0x07, 0xFF, 0x81, 0x4C, 0x80, 0x08, 0xFF, 0x81,
    0x06, 0xF5, 0x07, 0xFF, 0x84, 0x9F, 0x30, 0xDC, 0xBB, 0xFD, 0x05, 0xFF, 0x85, 0x3B, 0x61, 0x15,
    0x00, 0x62, 0xFB, 0x03, 0xFF, 0x86, 0xDF, 0x05, 0x40, 0x97, 0x89, 0x05, 0x81, 0x03, 0xFF, 0x82,
    0x7F, 0x20, 0xD8, 0x02, 0xFF, 0x82, 0xAF, 0x03, 0xF8, 0x02, 0xFF, 0x81, 0x2C, 0x91, 0x04, 0xFF,
    0x81, 0x3B, 0xB1, 0x02, 0xFF, 0x81, 0x07, 0xF7, 0x04, 0xFF, 0x81, 0x8F, 0x60, 0x02, 0xFF, 0x81,
    0x04, 0xFB, 0x04, 0xFF, 0x84, 0xDF, 0x23, 0xFC, 0xCF, 0x40, 0x06, 0xFF, 0x83, 0x06, 0xFA, 0xBF,
    0x50, 0x06, 0xFF, 0x83, 0x07, 0xF9, 0xBF, 0x50, 0x06, 0xFF, 0x83, 0x06, 0xF9, 0xCF, 0x40, 0x06,
    0xFF, 0x84, 0x05, 0xFA, 0xFF, 0x04, 0xFB, 0x04, 0xFF, 0x85, 0xCF, 0x22, 0xFD, 0xFF, 0x07, 0xF6,
    0x04, 0xFF, 0x81, 0x7F, 0x60, 0x02, 0xFF, 0x81, 0x3C, 0x80, 0x04, 0xFF, 0x81, 0x2A, 0xB2, 0x02,
    0xFF, 0x82, 0x9F, 0x11, 0xD7, 0x02, 0xFF, 0x82, 0x8D, 0x02, 0xF8, 0x03, 0xFF, 0x85, 0x29, 0x30,
    0x86, 0x68, 0x04, 0x81, 0x04, 0xFF, 0x81, 0xBF, 0x26, 0x02, 0x00, 0x81, 0x51, 0xFA, 0x05, 0xFF,
    0x83, 0xDF, 0x9A, 0xA9, 0xFC, 0x53, 0xFF, 0x26, 0xFF, 0x80, 0xBF, 0x08, 0xAA, 0x81, 0xFC, 0x04,
    0x07, 0x00, 0x81, 0xB1, 0x7F, 0x06, 0x66, 0x81, 0x46, 0x60, 0x07, 0xFF, 0x82, 0xDF, 0x14, 0xFB,
    0x07, 0xFF, 0x81, 0x08, 0xF6, 0x07, 0xFF, 0x81, 0x4D, 0xB1, 0x07, 0xFF, 0x81, 0x8F, 0x60, 0x07,
    0xFF, 0x82, 0xDF, 0x14, 0xFB, 0x07, 0xFF, 0x81, 0x08, 0xF6, 0x07, 0xFF, 0x81, 0x4D, 0xB1, 0x07,
    0xFF, 0x81, 0x8F, 0x60, 0x07, 0xFF, 0x82, 0xDF, 0x14, 0xFB, 0x07, 0xFF, 0x81, 0x08, 0xF6, 0x07,
    0xFF, 0x81, 0x4D, 0xB1, 0x07, 0xFF, 0x81, 0x8F, 0x60, 0x07, 0xFF, 0x82, 0xDF, 0x14, 0xFB, 0x07,
    0xFF, 0x81, 0x08, 0xF6, 0x07, 0xFF, 0x81, 0x4D, 0xB0, 0x07, 0xFF, 0x81, 0x8F, 0x60, 0x07, 0xFF,
    0x82, 0xDF, 0x04, 0xFB, 0x07, 0xFF, 0x81, 0x08, 0xF6, 0x07, 0xFF, 0x81, 0x4D, 0xB0, 0x07, 0xFF,
    0x81, 0x8F, 0x60, 0x07, 0xFF, 0x82, 0xDF, 0x04, 0xFB, 0x07, 0xFF, 0x81, 0x08, 0xF6, 0x07, 0xFF,
    0x81, 0x4D, 0xB0, 0x5B, 0xFF, 0x80, 0x0F, 0x29, 0xFF, 0x83, 0xAD, 0x78, 0x97, 0xFD, 0x05, 0xFF,
    0x80, 0x4A, 0x02, 0x00, 0x81, 0x30, 0xF9, 0x04, 0xFF, 0x85, 0x29, 0x60, 0xA9, 0x79, 0x02, 0xF7,
    0x03, 0xFF, 0x81, 0x2B, 0x91, 0x02, 0xFF, 0x82, 0xBF, 0x03, 0xF9, 0x02, 0xFF, 0x81, 0x6F, 0x70,
    0x03, 0xFF, 0x81, 0x9F, 0x40, 0x03, 0xFF, 0x81, 0x03, 0xFC, 0x03, 0xFF, 0x81, 0x4F, 0xB0, 0x02,
    0xFF, 0x81, 0x0D, 0xF3, 0x04, 0xFF, 0x84, 0x06, 0xFA, 0xFF, 0xDF, 0x31, 0x04, 0xFF, 0x81, 0x6F,
    0xA0, 0x02, 0xFF, 0x81, 0x4F, 0xB0, 0x03, 0xFF, 0x82, 0xDF, 0x23, 0xFC, 0x02, 0xFF, 0x81, 0x08,
    0xF6, 0x03, 0xFF, 0x81, 0x08, 0xF6, 0x02, 0xFF, 0x82, 0xDF, 0x04, 0xD7, 0x02, 0xFF, 0x81, 0x29,
    0xB3, 0x03, 0xFF, 0x85, 0xCF, 0x05, 0x84, 0x9A, 0x06, 0xB4, 0x04, 0xFF, 0x81, 0xDF, 0x07, 0x02,
    0x00, 0x80, 0xC5, 0x04, 0xFF, 0x85, 0xCF, 0x06, 0x63, 0x67, 0x04, 0xB4, 0x03, 0xFF, 0x86, 0xBF,
    0x14, 0xD7, 0xFF, 0xDF, 0x29, 0xA2, 0x02, 0xFF, 0x82, 0xDF, 0x04, 0xF8, 0x03, 0xFF, 0x81, 0x2A,
    0xC3, 0x02, 0xFF, 0x81, 0x09, 0xF6, 0x04, 0xFF, 0x84, 0x08, 0xF7, 0xFF, 0x6F, 0xA0, 0x04, 0xFF,
    0x81, 0xCF, 0x42, 0x02, 0xFF, 0x81, 0x04, 0xFC, 0x04, 0xFF, 0x84, 0x4F, 0xC0, 0xFF, 0x4F, 0xC0,
    0x05, 0xFF, 0x84, 0x04, 0xFC, 0xFF, 0x05, 0xFA, 0x04, 0xFF, 0x84, 0x2D, 0xD2, 0xFF, 0x7F, 0x70,
    0x04, 0xFF, 0x81, 0x9F, 0x50, 0x02, 0xFF, 0x81, 0x2B, 0xB2, 0x03, 0xFF, 0x82, 0xCF, 0x04, 0xF9,
    0x02, 0xFF, 0x81, 0x08, 0xA3, 0x02, 0xFF, 0x82, 0xBF, 0x04, 0xF6, 0x03, 0xFF, 0x85, 0x07, 0x50,
    0x87, 0x68, 0x01, 0xD5, 0x04, 0xFF, 0x80, 0x5A, 0x02, 0x00, 0x81, 0x40, 0xD8, 0x05, 0xFF, 0x82,
    0xCF, 0x9A, 0xB9, 0x4F, 0xFF, 0x80, 0x0F, 0x2B, 0xFF, 0x83, 0xAF, 0x78, 0x87, 0xDA, 0x05, 0xFF,
    0x81, 0x9F, 0x04, 0x02, 0x00, 0x81, 0x30, 0xF8, 0x04, 0xFF, 0x86, 0x07, 0x50, 0xA8, 0x8A, 0x16,
    0x60, 0xFD, 0x02, 0xFF, 0x82, 0x8F, 0x30, 0xF9, 0x02, 0xFF, 0x82, 0xAF, 0x04, 0xF6, 0x02, 0xFF,
    0x81, 0x2B, 0xA2, 0x04, 0xFF, 0x81, 0x3B, 0xA0, 0x02, 0xFF, 0x81, 0x06, 0xF7, 0x04, 0xFF, 0x81,
    0x9F, 0x50, 0x02, 0xFF, 0x81, 0x13, 0xFC, 0x04, 0xFF, 0x84, 0xDF, 0x13, 0xFC, 0xCF, 0x40, 0x06,
    0xFF, 0x83, 0x06, 0xFA, 0xBF, 0x50, 0x06, 0xFF, 0x83, 0x07, 0xF9, 0xBF, 0x50, 0x06, 0xFF, 0x83,
    0x06, 0xF9, 0xCF, 0x40, 0x06, 0xFF, 0x84, 0x05, 0xFA, 0xFF, 0x04, 0xFB, 0x04, 0xFF, 0x85, 0xCF,
    0x32, 0xFD, 0xFF, 0x08, 0xF6, 0x04, 0xFF, 0x81, 0x7F, 0x60, 0x02, 0xFF, 0x81, 0x4D, 0x80, 0x04,
    0xFF, 0x81, 0x19, 0xB2, 0x02, 0xFF, 0x82, 0xBF, 0x03, 0xC7, 0x02, 0xFF, 0x82, 0x7C, 0x01, 0xF7,
    0x03, 0xFF, 0x86, 0x4B, 0x20, 0x76, 0x67, 0x23, 0x50, 0xFD, 0x03, 0xFF, 0x85, 0xDF, 0x58, 0x23,
    0x64, 0x17, 0xB3, 0x07, 0xFF, 0x82, 0xCF, 0x03, 0xF9, 0x07, 0xFF, 0x81, 0x5F, 0x60, 0x08, 0xFF,
    0x81, 0x08, 0xC4, 0x07, 0xFF, 0x82, 0xAF, 0x12, 0xFA, 0x07, 0xFF, 0x81, 0x4C, 0x70, 0x08, 0xFF,
    0x81, 0x06, 0xD5, 0x07, 0xFF, 0x82, 0x9F, 0x30, 0xFB, 0x07, 0xFF, 0x81, 0x2B, 0x90, 0x07, 0xFF,
    0x82, 0xDF, 0x04, 0xF6, 0x5F, 0xFF, 0x4F, 0xFF, 0x80, 0x9A, 0x04, 0xFF, 0x81, 0x1B, 0x90, 0x03,
    0xFF, 0x82, 0xCF, 0x03, 0xFA, 0x03, 0xFF, 0x81, 0xCF, 0xFB, 0x35, 0xFF, 0x81, 0xCF, 0xFB, 0x03,
    0xFF, 0x82, 0xCF, 0x13, 0xFA, 0x03, 0xFF, 0x81, 0x1B, 0x90, 0x04, 0xFF, 0x81, 0x9A, 0xFD, 0x2D,
    0xFF, 0x80, 0x0F, 0x4F, 0xFF, 0x81, 0xAF, 0xD9, 0x03, 0xFF, 0x82, 0xCF, 0x02, 0xF8, 0x03, 0xFF,
    0x81, 0x3D, 0x90, 0x04, 0xFF, 0x80, 0xBC, 0x30, 0xFF, 0x81, 0x9F, 0xC8, 0x04, 0xFF, 0x81, 0x05,
    0xF9, 0x03, 0xFF, 0x81, 0x1B, 0xD3, 0x03, 0xFF, 0x81, 0x7F, 0x80, 0x04, 0xFF, 0x81, 0x24, 0xFC,
    0x03, 0xFF, 0x81, 0x0A, 0xF6, 0x03, 0xFF, 0x81, 0x6F, 0xB0, 0x03, 0xFF, 0x81, 0xDF, 0x53, 0x04,
    0xFF, 0x81, 0x09, 0xF9, 0x03, 0xFF, 0x81, 0x8F, 0xF5, 0x13, 0xFF, 0x80, 0x0F, 0x7F, 0xFF, 0x14,
    0xFF, 0x81, 0xCF, 0xF9, 0x09, 0xFF, 0x81, 0x6A, 0x52, 0x08, 0xFF, 0x83, 0x9D, 0x05, 0x40, 0xF9,
    0x06, 0xFF, 0x83, 0xCF, 0x37, 0x20, 0xA6, 0x07, 0xFF, 0x83, 0x6A, 0x01, 0x84, 0xFC, 0x06, 0xFF,
    0x83, 0x8D, 0x04, 0x51, 0xD9, 0x06, 0xFF, 0x83, 0xBF, 0x37, 0x30, 0xB7, 0x06, 0xFF, 0x84, 0xDF,
    0x59, 0x01, 0x95, 0xFD, 0x07, 0xFF, 0x82, 0x06, 0x40, 0xFA, 0x08, 0xFF, 0x83, 0xAF, 0x05, 0x30,
    0xC8, 0x09, 0xFF, 0x83, 0x6B, 0x02, 0x62, 0xFA, 0x08, 0xFF, 0x84, 0xCF, 0x48, 0x00, 0x95, 0xFD,
    0x08, 0xFF, 0x83, 0xAD, 0x15, 0x30, 0xC7, 0x09, 0xFF, 0x83, 0x7B, 0x03, 0x62, 0xFA, 0x08, 0xFF,
    0x84, 0xDF, 0x48, 0x00, 0x95, 0xFD, 0x08, 0xFF, 0x82, 0xAF, 0x16, 0x60, 0x0A, 0xFF, 0x81, 0x7C,
    0xF6, 0x73, 0xFF, 0x80, 0x0F, 0x7F, 0xFF, 0x3D, 0xFF, 0x80, 0x79, 0x07, 0x77, 0x80, 0x87, 0x02,
    0xFF, 0x80, 0x06, 0x07, 0x00, 0x80, 0x40, 0x02, 0xFF, 0x80, 0xAB, 0x08, 0xAA, 0x18, 0xFF, 0x80,
    0x89, 0x07, 0x88, 0x80, 0x98, 0x02, 0xFF, 0x80, 0x06, 0x07, 0x00, 0x80, 0x40, 0x02, 0xFF, 0x80,
    0x9A, 0x07, 0x99, 0x80, 0xA9, 0x7F, 0xFF, 0x1C, 0xFF, 0x7F, 0xFF, 0x0C, 0xFF, 0x80, 0xCA, 0x0A,
    0xFF, 0x82, 0x6F, 0x62, 0xFA, 0x09, 0xFF, 0x83, 0x59, 0x00, 0x84, 0xFD, 0x08, 0xFF, 0x83, 0xAF,
    0x26, 0x30, 0xB7, 0x09, 0xFF, 0x83, 0x7C, 0x03, 0x61, 0xFA, 0x08, 0xFF, 0x84, 0xDF, 0x59, 0x00,
    0x84, 0xFC, 0x08, 0xFF, 0x83, 0xAF, 0x26, 0x30, 0xB7, 0x09, 0xFF, 0x83, 0x7C, 0x03, 0x50, 0xD9,
    0x08, 0xFF, 0x83, 0xDF, 0x49, 0x00, 0xF6, 0x07, 0xFF, 0x83, 0xDF, 0x59, 0x00, 0xA5, 0x07, 0xFF,
    0x83, 0x7C, 0x03, 0x62, 0xFB, 0x06, 0xFF, 0x83, 0xAF, 0x26, 0x40, 0xC8, 0x06, 0xFF, 0x84, 0xCF,
    0x48, 0x00, 0x95, 0xFD, 0x06, 0xFF, 0x83, 0x7B, 0x03, 0x72, 0xFB, 0x06, 0xFF, 0x83, 0x9D, 0x05,
    0x40, 0xC8, 0x07, 0xFF, 0x82, 0x6F, 0x10, 0xA6, 0x09, 0xFF, 0x81, 0x76, 0xFB, 0x7B, 0xFF, 0x80,
    0x0F, 0x2B, 0xFF, 0x83, 0x9C, 0x77, 0x87, 0xFB, 0x05, 0xFF, 0x81, 0x6C, 0x02, 0x02, 0x00, 0x81,
    0x50, 0xFB, 0x03, 0xFF, 0x86, 0xBF, 0x04, 0x73, 0xA9, 0x8A, 0x05, 0xA2, 0x03, 0xFF, 0x82, 0x4C,
    0x60, 0xFD, 0x02, 0xFF, 0x82, 0x9F, 0x22, 0xFB, 0x02, 0xFF, 0x81, 0x07, 0xF6, 0x04, 0xFF, 0x81,
    0x08, 0xF6, 0x02, 0xFF, 0x81, 0x8D, 0xFD, 0x04, 0xFF, 0x81, 0x3D, 0xC1, 0x08, 0xFF, 0x81, 0x6F,
    0x90, 0x08, 0xFF, 0x81, 0x7F, 0x90, 0x08, 0xFF, 0x81, 0x6F, 0x90, 0x08, 0xFF, 0x81, 0x4D, 0xB0,
    0x08, 0xFF, 0x81, 0x08, 0xF5, 0x07, 0xFF, 0x82, 0x9F, 0x22, 0xFB, 0x06, 0xFF, 0x82, 0xCF, 0x17,
    0xA2, 0x05, 0xFF, 0x84, 0xAF, 0x78, 0x25, 0x50, 0xFB, 0x05, 0xFF, 0x83, 0x8F, 0x30, 0x75, 0xFA,
    0x06, 0xFF, 0x81, 0x9F, 0x70, 0x08, 0xFF, 0x81, 0x9F, 0x70, 0x08, 0xFF, 0x81, 0xAF, 0x80, 0x08,
    0xFF, 0x81, 0xBF, 0x80, 0x08, 0xFF, 0x81, 0xCF, 0x94, 0x27, 0xFF, 0x80, 0xDB, 0x08, 0xFF, 0x81,
    0x7F, 0x50, 0x08, 0xFF, 0x81, 0x6F, 0x40, 0x08, 0xFF, 0x81, 0xCF, 0xB8, 0x55, 0xFF, 0x3D, 0xFF,
    0x84, 0xBF, 0x89, 0x77, 0x98, 0xFC, 0x08, 0xFF, 0x81, 0x7C, 0x04, 0x03, 0x00, 0x81, 0x51, 0xFA,
    0x06, 0xFF, 0x88, 0x8D, 0x02, 0x74, 0xCA, 0xCC, 0x9B, 0x36, 0x60, 0xFC, 0x04, 0xFF, 0x82, 0xCF,
    0x05, 0xA5, 0x04, 0xFF, 0x82, 0xCF, 0x07, 0xC4, 0x04, 0xFF, 0x82, 0x4C, 0x81, 0xFD, 0x05, 0xFF,
    0x82, 0x9F, 0x42, 0xFC, 0x02, 0xFF, 0x82, 0xDF, 0x15, 0xF9, 0x07, 0xFF, 0x81, 0x08, 0xF6, 0x02,
    0xFF, 0x81, 0x7F, 0x70, 0x03, 0xFF, 0x80, 0xDF, 0x04, 0xFF, 0x81, 0x6F, 0xB1, 0x02, 0xFF, 0x81,
    0x2C, 0xD5, 0x02, 0xFF, 0x87, 0x6B, 0x03, 0x73, 0xFD, 0x66, 0xFF, 0xBF, 0x60, 0x02, 0xFF, 0x88,
    0x07, 0xFA, 0xFF, 0x9F, 0x02, 0x65, 0x15, 0xD5, 0x51, 0x02, 0xFF, 0x83, 0x35, 0xFD, 0xDF, 0x43,
    0x02, 0xFF, 0x85, 0x19, 0xA3, 0xFF, 0xAF, 0x72, 0x60, 0x02, 0xFF, 0x87, 0x07, 0xFA, 0xAF, 0x80,
    0xFF, 0xCF, 0x33, 0xFB, 0x02, 0xFF, 0x81, 0x28, 0x80, 0x02, 0xFF, 0x86, 0x09, 0xF9, 0x8F, 0xA0,
    0xFF, 0x8F, 0x70, 0x03, 0xFF, 0x81, 0x1C, 0xA0, 0x02, 0xFF, 0x86, 0x0A, 0xF8, 0x6F, 0xC0, 0xFF,
    0x5F, 0xC0, 0x03, 0xFF, 0x81, 0x3F, 0xC0, 0x02, 0xFF, 0x86, 0x0A, 0xF8, 0x6F, 0xF2, 0xFF, 0x4F,
    0xF3, 0x03, 0xFF, 0x81, 0x2F, 0xF4, 0x02, 0xFF, 0x86, 0x09, 0xF9, 0x5F, 0xF3, 0xFF, 0x3F, 0xF4,
    0x03, 0xFF, 0x81, 0x0B, 0xF6, 0x02, 0xFF, 0x86, 0x07, 0xFA, 0x5F, 0xF2, 0xFF, 0x4F, 0xD2, 0x03,
    0xFF, 0x81, 0x08, 0xF7, 0x02, 0xFF, 0x86, 0x34, 0xFD, 0x6F, 0xC0, 0xFF, 0x6F, 0xA0, 0x02, 0xFF,
    0x96, 0xCF, 0x03, 0xF8, 0xFF, 0x9F, 0x60, 0xFF, 0x8F, 0xA0, 0xFF, 0x9F, 0x40, 0xFC, 0xFF, 0x4B,
    0x05, 0xF7, 0xFF, 0x3B, 0xC3, 0xFF, 0xAF, 0x70, 0x02, 0xFF, 0x95, 0x06, 0x63, 0x67, 0x42, 0x4C,
    0xB3, 0x8C, 0x23, 0xF9, 0xFF, 0xDF, 0x33, 0xFD, 0xFF, 0x7D, 0x03, 0x20, 0xC7, 0xAF, 0x02, 0x00,
    0xA4, 0x03, 0xFF, 0x81, 0x08, 0xF8, 0x02, 0xFF, 0x81, 0xBD, 0xDB, 0x02, 0xFF, 0x82, 0x7B, 0x97,
    0xFD, 0x03, 0xFF, 0x81, 0x4D, 0xA2, 0x0C, 0xFF, 0x82, 0xAF, 0x32, 0xFA, 0x06, 0xFF, 0x80, 0xFC,
    0x05, 0xFF, 0x82, 0x29, 0x71, 0xFC, 0x04, 0xFF, 0x81, 0x7C, 0xA3, 0x05, 0xFF, 0x88, 0xBF, 0x05,
    0x52, 0x98, 0xAA, 0x9A, 0x57, 0x01, 0xA5, 0x06, 0xFF, 0x81, 0x9F, 0x36, 0x03, 0x00, 0x81, 0x40,
    0xA7, 0x08, 0xFF, 0x84, 0xDF, 0xAB, 0x99, 0xA9, 0xFC, 0x75, 0xFF, 0x28, 0xFF, 0x80, 0xFD, 0x0A,
    0xFF, 0x80, 0x7F, 0x0A, 0xFF, 0x81, 0xAF, 0xB0, 0x0A, 0xFF, 0x81, 0x06, 0xF6, 0x09, 0xFF, 0x82,
    0x1B, 0x20, 0xFC, 0x08, 0xFF, 0x82, 0x7F, 0x40, 0x80, 0x08, 0xFF, 0x83, 0xDF, 0x23, 0x1B, 0xD4,
    0x08, 0xFF, 0x83, 0x08, 0xF6, 0x06, 0xF9, 0x07, 0xFF, 0x83, 0x4F, 0xB0, 0xAF, 0x50, 0x07, 0xFF,
    0x84, 0xAF, 0x50, 0xFF, 0x4F, 0xB1, 0x07, 0xFF, 0x84, 0x06, 0xF9, 0xFF, 0x08, 0xF7, 0x06, 0xFF,
    0x85, 0x2C, 0xD3, 0xFF, 0xCF, 0x32, 0xFC, 0x05, 0xFF, 0x81, 0x7F, 0x70, 0x02, 0xFF, 0x81, 0x6F,
    0x80, 0x05, 0xFF, 0x82, 0xDF, 0x13, 0xFB, 0x02, 0xFF, 0x81, 0x0A, 0xF4, 0x05, 0xFF, 0x81, 0x09,
    0xF5, 0x03, 0xFF, 0x81, 0x05, 0xFA, 0x04, 0xFF, 0x81, 0x5F, 0x90, 0x03, 0xFF, 0x81, 0x9F, 0x60,
    0x04, 0xFF, 0x81, 0xAF, 0x20, 0x04, 0x99, 0x81, 0x19, 0xB1, 0x04, 0xFF, 0x80, 0x06, 0x06, 0x00,
    0x80, 0xF7, 0x03, 0xFF, 0x81, 0x2C, 0x72, 0x05, 0x77, 0x81, 0x30, 0xFD, 0x02, 0xFF, 0x81, 0x7F,
    0x60, 0x05, 0xFF, 0x81, 0x5F, 0x80, 0x02, 0xFF, 0x82, 0xDF, 0x03, 0xFA, 0x05, 0xFF, 0x81, 0x09,
    0xF4, 0x02, 0xFF, 0x81, 0x09, 0xF4, 0x05, 0xFF, 0x85, 0xDF, 0x03, 0xFA, 0xFF, 0x5F, 0x80, 0x06,
    0xFF, 0x85, 0x7F, 0x60, 0xFF, 0xBF, 0x30, 0xFC, 0x06, 0xFF, 0x84, 0x1C, 0xC1, 0xFF, 0x06, 0xF6,
    0x07, 0xFF, 0x83, 0x06, 0xF7, 0x2C, 0xB0, 0x07, 0xFF, 0x83, 0xAF, 0x30, 0x8D, 0x50, 0x08, 0xFF,
    0x81, 0x4F, 0x90, 0x67, 0xFF, 0x80, 0x0F, 0x27, 0xFF, 0x80, 0xAF, 0x02, 0xAA, 0x81, 0xBA, 0xFC,
    0x05, 0xFF, 0x80, 0x02, 0x02, 0x00, 0x82, 0x10, 0x84, 0xFD, 0x03, 0xFF, 0x86, 0x2F, 0x70, 0x77,
    0x67, 0x04, 0x40, 0xFB, 0x03, 0xFF, 0x80, 0x02, 0x03, 0xFF, 0x82, 0x4B, 0x40, 0xFD, 0x02, 0xFF,
    0x81, 0x2F, 0xF0, 0x03, 0xFF, 0x81, 0x4C, 0x80, 0x03, 0xFF, 0x80, 0x02, 0x04, 0xFF, 0x81, 0x08,
    0xF5, 0x02, 0xFF, 0x81, 0x2F, 0xF0, 0x03, 0xFF, 0x81, 0xBF, 0x40, 0x03, 0xFF, 0x80, 0x02, 0x04,
    0xFF, 0x81, 0x0B, 0xF4, 0x02, 0xFF, 0x81, 0x2F, 0xF0, 0x03, 0xFF, 0x81, 0x8F, 0x60, 0x03, 0xFF,
    0x80, 0x02, 0x03, 0xFF, 0x82, 0xCF, 0x14, 0xFA, 0x02, 0xFF, 0x81, 0x2F, 0xF0, 0x02, 0xFF, 0x82,
    0x9D, 0x04, 0xF8, 0x03, 0xFF, 0x80, 0x02, 0x02, 0x66, 0x82, 0x35, 0x50, 0xFA, 0x03, 0xFF, 0x80,
    0x2F, 0x03, 0x00, 0x81, 0x40, 0xB7, 0x04, 0xFF, 0x80, 0x02, 0x02, 0xCC, 0x83, 0xAC, 0x37, 0x72,
    0xFD, 0x02, 0xFF, 0x81, 0x2F, 0xF0, 0x03, 0xFF, 0x82, 0x6C, 0x60, 0xFD, 0x02, 0xFF, 0x80, 0x02,
    0x04, 0xFF, 0x81, 0x5D, 0x80, 0x02, 0xFF, 0x81, 0x2F, 0xF0, 0x04, 0xFF, 0x81, 0x0B, 0xF3, 0x02,
    0xFF, 0x80, 0x02, 0x05, 0xFF, 0x84, 0x04, 0xFB, 0xFF, 0x2F, 0xF0, 0x04, 0xFF, 0x81, 0x5F, 0xA0,
    0x02, 0xFF, 0x80, 0x02, 0x05, 0xFF, 0x84, 0x04, 0xFA, 0xFF, 0x2F, 0xF0, 0x04, 0xFF, 0x81, 0x2C,
    0xC0, 0x02, 0xFF, 0x80, 0x02, 0x04, 0xFF, 0x81, 0x8F, 0x50, 0x02, 0xFF, 0x81, 0x2F, 0xF0, 0x03,
    0xFF, 0x82, 0xAF, 0x02, 0xF9, 0x02, 0xFF, 0x80, 0x02, 0x03, 0xFF, 0x82, 0x7B, 0x01, 0xF6, 0x02,
    0xFF, 0x81, 0x2F, 0x50, 0x02, 0x55, 0x82, 0x03, 0x20, 0xF8, 0x03, 0xFF, 0x80, 0x02, 0x02, 0x00,
    0x82, 0x32, 0x85, 0xFC, 0x57, 0xFF, 0x80, 0x0F, 0x37, 0xFF, 0x83, 0x9C, 0x78, 0x87, 0xB9, 0x07,
    0xFF, 0x81, 0x9F, 0x15, 0x03, 0x00, 0x81, 0x40, 0xD8, 0x05, 0xFF, 0x82, 0x5B, 0x00, 0x52, 0x02,
    0x77, 0x82, 0x25, 0x00, 0xB4, 0x04, 0xFF, 0x82, 0x2A, 0x30, 0xC8, 0x03, 0xFF, 0x82, 0x9D, 0x04,
    0xF2, 0x03, 0xFF, 0x82, 0x2A, 0x50, 0xFC, 0x04, 0xFF, 0x81, 0xDF, 0x07, 0x03, 0xFF, 0x82, 0x3C,
    0x60, 0xFD, 0x06, 0xFF, 0x80, 0xF8, 0x02, 0xFF, 0x82, 0x6F, 0x40, 0xFD, 0x09, 0xFF, 0x82, 0xBF,
    0x10, 0xFA, 0x0A, 0xFF, 0x81, 0x07, 0xF6, 0x0A, 0xFF, 0x81, 0x3F, 0x90, 0x0A, 0xFF, 0x82, 0xBF,
    0x20, 0xFD, 0x0A, 0xFF, 0x81, 0x09, 0xF4, 0x0A, 0xFF, 0x81, 0x8F, 0x50, 0x0B, 0xFF, 0x81, 0x08,
    0xF5, 0x0A, 0xFF, 0x81, 0x9F, 0x50, 0x0B, 0xFF, 0x81, 0x0A, 0xF4, 0x0A, 0xFF, 0x82, 0xCF, 0x00,
    0xFC, 0x0A, 0xFF, 0x81, 0x4F, 0x90, 0x0B, 0xFF, 0x81, 0x07, 0xF5, 0x0A, 0xFF, 0x82, 0xCF, 0x02,
    0xF9, 0x0A, 0xFF, 0x82, 0x7F, 0x30, 0xFB, 0x06, 0xFF, 0x80, 0xDF, 0x03, 0xFF, 0x82, 0x4D, 0x40,
    0xFC, 0x05, 0xFF, 0x81, 0xDF, 0xF6, 0x03, 0xFF, 0x82, 0x3B, 0x30, 0xFA, 0x04, 0xFF, 0x81, 0xCF,
    0x05, 0x04, 0xFF, 0x83, 0x4B, 0x00, 0xA6, 0xFD, 0x02, 0xFF, 0x82, 0x7B, 0x02, 0xF4, 0x04, 0xFF,
    0x82, 0x6C, 0x01, 0x20, 0x02, 0x55, 0x82, 0x03, 0x00, 0xC6, 0x05, 0xFF, 0x81, 0xBF, 0x47, 0x03,
    0x00, 0x81, 0x63, 0xFA, 0x07, 0xFF, 0x83, 0xCF, 0x9A, 0xA9, 0xFB, 0x67, 0xFF, 0x80, 0x0F, 0x31,
    0xFF, 0x80, 0xAF, 0x03, 0xAA, 0x81, 0xCB, 0xFD, 0x06, 0xFF, 0x80, 0x2F, 0x04, 0x00, 0x81, 0x52,
    0xC8, 0x05, 0xFF, 0x81, 0x2F, 0x50, 0x02, 0x55, 0x83, 0x34, 0x00, 0x20, 0xD7, 0x04, 0xFF, 0x81,
    0x2F, 0xF0, 0x03, 0xFF, 0x83, 0x9C, 0x05, 0x40, 0xFB, 0x03, 0xFF, 0x81, 0x2F, 0xF0, 0x04, 0xFF,
    0x82, 0xAF, 0x04, 0xB4, 0x03, 0xFF, 0x81, 0x2F, 0xF0, 0x05, 0xFF, 0x82, 0x5C, 0x40, 0xFD, 0x02,
    0xFF, 0x81, 0x2F, 0xF0, 0x05, 0xFF, 0x82, 0xCF, 0x04, 0xF7, 0x02, 0xFF, 0x81, 0x2F, 0xF0, 0x06,
    0xFF, 0x81, 0x0A, 0xC2, 0x02, 0xFF, 0x81, 0x2F, 0xF0, 0x06, 0xFF, 0x81, 0x6F, 0x80, 0x02, 0xFF,
    0x81, 0x2F, 0xF0, 0x06, 0xFF, 0x81, 0x9F, 0x50, 0x02, 0xFF, 0x81, 0x2F, 0xF0, 0x06, 0xFF, 0x85,
    0xCF, 0x21, 0xFD, 0xFF, 0x2F, 0xF0, 0x07, 0xFF, 0x84, 0x04, 0xFB, 0xFF, 0x2F, 0xF0, 0x07, 0xFF,
    0x84, 0x05, 0xFA, 0xFF, 0x2F, 0xF0, 0x07, 0xFF, 0x84, 0x05, 0xFA, 0xFF, 0x2F, 0xF0, 0x07, 0xFF,
    0x84, 0x05, 0xFA, 0xFF, 0x2F, 0xF0, 0x07, 0xFF, 0x84, 0x03, 0xFC, 0xFF, 0x2F, 0xF0, 0x06, 0xFF,
    0x81, 0xCF, 0x30, 0x02, 0xFF, 0x81, 0x2F, 0xF0, 0x06, 0xFF, 0x81, 0x8F, 0x50, 0x02, 0xFF, 0x81,
    0x2F, 0xF0, 0x06, 0xFF, 0x81, 0x5F, 0x90, 0x02, 0xFF, 0x81, 0x2F, 0xF0, 0x06, 0xFF, 0x81, 0x09,
    0xD3, 0x02, 0xFF, 0x81, 0x2F, 0xF0, 0x05, 0xFF, 0x82, 0xBF, 0x03, 0xF9, 0x02, 0xFF, 0x81, 0x2F,
    0xF0, 0x05, 0xFF, 0x81, 0x4B, 0x60, 0x03, 0xFF, 0x81, 0x2F, 0xF0, 0x04, 0xFF, 0x82, 0x8D, 0x03,
    0xD5, 0x03, 0xFF, 0x81, 0x2F, 0xF0, 0x02, 0xFF, 0x84, 0xCD, 0x7A, 0x04, 0x60, 0xFD, 0x03, 0xFF,
    0x81, 0x2F, 0x10, 0x02, 0x11, 0x02, 0x00, 0x81, 0x40, 0xF9, 0x04, 0xFF, 0x80, 0x2F, 0x03, 0x00,
    0x82, 0x31, 0x75, 0xFA, 0x70, 0xFF, 0x27, 0xFF, 0x80, 0xAF, 0x06, 0xAA, 0x80, 0xFC, 0x02, 0xFF,
    0x80, 0x02, 0x05, 0x00, 0x80, 0x70, 0x02, 0xFF, 0x81, 0x2F, 0x60, 0x05, 0x66, 0x80, 0xF9, 0x02,
    0xFF, 0x80, 0x02, 0x08, 0xFF, 0x81, 0x2F, 0xF0, 0x08, 0xFF, 0x80, 0x02, 0x08, 0xFF, 0x81, 0x2F,
    0xF0, 0x08, 0xFF, 0x80, 0x02, 0x08, 0xFF, 0x81, 0x2F, 0xF0, 0x08, 0xFF, 0x80, 0x02, 0x08, 0xFF,
    0x81, 0x2F, 0xF0, 0x08, 0xFF, 0x80, 0x02, 0x05, 0x55, 0x80, 0xF6, 0x02, 0xFF, 0x80, 0x2F, 0x05,
    0x00, 0x80, 0x40, 0x03, 0xFF, 0x80, 0x02, 0x05, 0xCC, 0x80, 0xFC, 0x02, 0xFF, 0x81, 0x2F, 0xF0,
    0x08, 0xFF, 0x80, 0x02, 0x08, 0xFF, 0x81, 0x2F, 0xF0, 0x08, 0xFF, 0x80, 0x02, 0x08, 0xFF, 0x81,
    0x2F, 0xF0, 0x08, 0xFF, 0x80, 0x02, 0x08, 0xFF, 0x81, 0x2F, 0xF0, 0x08, 0xFF, 0x80, 0x02, 0x08,
    0xFF, 0x81, 0x2F, 0xF0, 0x08, 0xFF, 0x80, 0x02, 0x08, 0xFF, 0x81, 0x2F, 0x40, 0x05, 0x44, 0x80,
    0xF7, 0x02, 0xFF, 0x80, 0x02, 0x05, 0x00, 0x80, 0x70, 0x56, 0xFF, 0x80, 0x0F, 0x23, 0xFF, 0x80,
    0xAF, 0x05, 0xAA, 0x80, 0xDA, 0x02, 0xFF, 0x80, 0x02, 0x05, 0x00, 0x83, 0xFB, 0xFF, 0x2F, 0x60,
    0x04, 0x66, 0x80, 0xC6, 0x02, 0xFF, 0x80, 0x02, 0x07, 0xFF, 0x81, 0x2F, 0xF0, 0x07, 0xFF, 0x80,
    0x02, 0x07, 0xFF, 0x81, 0x2F, 0xF0, 0x07, 0xFF, 0x80, 0x02, 0x07, 0xFF, 0x81, 0x2F, 0xF0, 0x07,
    0xFF, 0x80, 0x02, 0x07, 0xFF, 0x81, 0x2F, 0xF0, 0x07, 0xFF, 0x80, 0x02, 0x04, 0x77, 0x80, 0x87,
    0x02, 0xFF, 0x80, 0x2F, 0x05, 0x00, 0x80, 0xF5, 0x02, 0xFF, 0x80, 0x02, 0x04, 0x99, 0x80, 0xA9,
    0x02, 0xFF, 0x81, 0x2F, 0xF0, 0x07, 0xFF, 0x80, 0x02, 0x07, 0xFF, 0x81, 0x2F, 0xF0, 0x07, 0xFF,
    0x80, 0x02, 0x07, 0xFF, 0x81, 0x2F, 0xF0, 0x07, 0xFF, 0x80, 0x02, 0x07, 0xFF, 0x81, 0x2F, 0xF0,
    0x07, 0xFF, 0x80, 0x02, 0x07, 0xFF, 0x81, 0x2F, 0xF0, 0x07, 0xFF, 0x80, 0x02, 0x07, 0xFF, 0x81,
    0x2F, 0xF0, 0x07, 0xFF, 0x80, 0x02, 0x52, 0xFF, 0x80, 0x0F, 0x3D, 0xFF, 0x83, 0xAC, 0x78, 0x87,
    0xB9, 0x09, 0xFF, 0x81, 0x6A, 0x02, 0x03, 0x00, 0x81, 0x84, 0xFC, 0x06, 0xFF, 0x87, 0x5C, 0x00,
    0x51, 0x77, 0x78, 0x36, 0x00, 0x93, 0x05, 0xFF, 0x83, 0xAF, 0x03, 0x72, 0xFC, 0x02, 0xFF, 0x83,
    0xDF, 0x5A, 0x10, 0xF8, 0x04, 0xFF, 0x82, 0x2A, 0x50, 0xFB, 0x05, 0xFF, 0x81, 0x28, 0x80, 0x03,
    0xFF, 0x82, 0xCF, 0x03, 0xD5, 0x06, 0xFF, 0x82, 0x9F, 0x22, 0xFB, 0x02, 0xFF, 0x82, 0x6F, 0x40,
    0xFD, 0x07, 0xFF, 0x81, 0x68, 0xFD, 0x02, 0xFF, 0x81, 0x0B, 0xA1, 0x08, 0xFF, 0x80, 0xDD, 0x03,
    0xFF, 0x81, 0x07, 0xF6, 0x0C, 0xFF, 0x81, 0x03, 0xFA, 0x0B, 0xFF, 0x82, 0xBF, 0x20, 0xFD, 0x0B,
    0xFF, 0x81, 0x9F, 0x40, 0x0C, 0xFF, 0x81, 0x8F, 0x50, 0x0C, 0xFF, 0x81, 0x8F, 0x60, 0x05, 0xFF,
    0x80, 0x7C, 0x05, 0x77, 0x82, 0xFF, 0x9F, 0x50, 0x05, 0xFF, 0x80, 0x0A, 0x04, 0x00, 0x83, 0x30,
    0xFF, 0xAF, 0x40, 0x05, 0xFF, 0x80, 0x9C, 0x03, 0x99, 0x85, 0x89, 0x40, 0xFF, 0xCF, 0x10, 0xFC,
    0x08, 0xFF, 0x81, 0x9F, 0x60, 0x02, 0xFF, 0x81, 0x04, 0xF9, 0x08, 0xFF, 0x81, 0x6F, 0x80, 0x02,
    0xFF, 0x81, 0x07, 0xF5, 0x08, 0xFF, 0x81, 0x3C, 0xB1, 0x02, 0xFF, 0x81, 0x2C, 0x90, 0x08, 0xFF,
    0x81, 0x07, 0xF5, 0x02, 0xFF, 0x82, 0x7F, 0x30, 0xFC, 0x06, 0xFF, 0x82, 0xBF, 0x12, 0xFA, 0x02,
    0xFF, 0x82, 0xDF, 0x04, 0xC4, 0x06, 0xFF, 0x81, 0x4C, 0x70, 0x04, 0xFF, 0x82, 0x4C, 0x30, 0xFA,
    0x04, 0xFF, 0x82, 0xAF, 0x04, 0xD5, 0x04, 0xFF, 0x83, 0xCF, 0x04, 0x60, 0xDA, 0x02, 0xFF, 0x83,
    0xAF, 0x16, 0x50, 0xFC, 0x05, 0xFF, 0x87, 0x7D, 0x02, 0x20, 0x65, 0x56, 0x03, 0x20, 0xD7, 0x07,
    0xFF, 0x81, 0x7C, 0x04, 0x02, 0x00, 0x81, 0x40, 0xC7, 0x09, 0xFF, 0x83, 0xCF, 0x9A, 0xA9, 0xFB,
    0x75, 0xFF, 0x33, 0xFF, 0x81, 0xAF, 0xFA, 0x06, 0xFF, 0x81, 0xCF, 0xBA, 0x03, 0xFF, 0x80, 0x02,
    0x07, 0xFF, 0x81, 0x0A, 0xF5, 0x02, 0xFF, 0x81, 0x2F, 0xF0, 0x06, 0xFF, 0x81, 0xAF, 0x50, 0x03,
    0xFF, 0x80, 0x02, 0x07, 0xFF, 0x81, 0x0A, 0xF5, 0x02, 0xFF, 0x81, 0x2F, 0xF0, 0x06, 0xFF, 0x81,
    0xAF, 0x50, 0x03, 0xFF, 0x80, 0x02, 0x07, 0xFF, 0x81, 0x0A, 0xF5, 0x02, 0xFF, 0x81, 0x2F, 0xF0,
    0x06, 0xFF, 0x81, 0xAF, 0x50, 0x03, 0xFF, 0x80, 0x02, 0x07, 0xFF, 0x81, 0x0A, 0xF5, 0x02, 0xFF,
    0x81, 0x2F, 0xF0, 0x06, 0xFF, 0x81, 0xAF, 0x50, 0x03, 0xFF, 0x80, 0x02, 0x07, 0xFF, 0x81, 0x0A,
    0xF5, 0x02, 0xFF, 0x81, 0x2F, 0xF0, 0x06, 0xFF, 0x81, 0xAF, 0x50, 0x03, 0xFF, 0x80, 0x02, 0x07,
    0x66, 0x81, 0x05, 0xF5, 0x02, 0xFF, 0x80, 0x2F, 0x08, 0x00, 0x80, 0x50, 0x03, 0xFF, 0x80, 0x02,
    0x07, 0xAA, 0x81, 0x08, 0xF5, 0x02, 0xFF, 0x81, 0x2F, 0xF0, 0x06, 0xFF, 0x81, 0xAF, 0x50, 0x03,
    0xFF, 0x80, 0x02, 0x07, 0xFF, 0x81, 0x0A, 0xF5, 0x02, 0xFF, 0x81, 0x2F, 0xF0, 0x06, 0xFF, 0x81,
    0xAF, 0x50, 0x03, 0xFF, 0x80, 0x02, 0x07, 0xFF, 0x81, 0x0A, 0xF5, 0x02, 0xFF, 0x81, 0x2F, 0xF0,
    0x06, 0xFF, 0x81, 0xAF, 0x50, 0x03, 0xFF, 0x80, 0x02, 0x07, 0xFF, 0x81, 0x0A, 0xF5, 0x02, 0xFF,
    0x81, 0x2F, 0xF0, 0x06, 0xFF, 0x81, 0xAF, 0x50, 0x03, 0xFF, 0x80, 0x02, 0x07, 0xFF, 0x81, 0x0A,
    0xF5, 0x02, 0xFF, 0x81, 0x2F, 0xF0, 0x06, 0xFF, 0x81, 0xAF, 0x50, 0x03, 0xFF, 0x80, 0x02, 0x07,
    0xFF, 0x81, 0x0A, 0xF5, 0x02, 0xFF, 0x81, 0x2F, 0xF0, 0x06, 0xFF, 0x81, 0xAF, 0x50, 0x03, 0xFF,
    0x80, 0x02, 0x07, 0xFF, 0x81, 0x0A, 0xF5, 0x71, 0xFF, 0x80, 0x0F, 0x11, 0xFF, 0x81, 0xAD, 0xFB,
    0x02, 0xFF, 0x81, 0x0C, 0xF3, 0x02, 0xFF, 0x81, 0x0C, 0xF3, 0x02, 0xFF, 0x81, 0x0C, 0xF3, 0x02,
    0xFF, 0x81, 0x0C, 0xF3, 0x02, 0xFF, 0x81, 0x0C, 0xF3, 0x02, 0xFF, 0x81, 0x0C, 0xF3, 0x02, 0xFF,
    0x81, 0x0C, 0xF3, 0x02, 0xFF, 0x81, 0x0C, 0xF3, 0x02, 0xFF, 0x81, 0x0C, 0xF3, 0x02, 0xFF, 0x81,
    0x0C, 0xF3, 0x02, 0xFF, 0x81, 0x0C, 0xF3, 0x02, 0xFF, 0x81, 0x0C, 0xF3, 0x02, 0xFF, 0x81, 0x0C,
    0xF3, 0x02, 0xFF, 0x81, 0x0C, 0xF3, 0x02, 0xFF, 0x81, 0x0C, 0xF3, 0x02, 0xFF, 0x81, 0x0C, 0xF3,
    0x02, 0xFF, 0x81, 0x0C, 0xF3, 0x02, 0xFF, 0x81, 0x0C, 0xF3, 0x02, 0xFF, 0x81, 0x0C, 0xF3, 0x02,
    0xFF, 0x81, 0x0C, 0xF3, 0x02, 0xFF, 0x81, 0x0C, 0xF3, 0x02, 0xFF, 0x81, 0x0C, 0xF3, 0x02, 0xFF,
    0x81, 0x0C, 0xF3, 0x02, 0xFF, 0x81, 0x0C, 0xF3, 0x02, 0xFF, 0x81, 0x0C, 0xF3, 0x25, 0xFF, 0x7F,
    0xFF, 0x08, 0xFF, 0x90, 0xCF, 0xBF, 0xFD, 0xFF, 0x8F, 0x4C, 0xA5, 0xDD, 0x39, 0x5C, 0x00, 0x12,
    0x00, 0xFF, 0x59, 0x33, 0x85, 0x04, 0xFF, 0x27, 0xFF, 0x81, 0xAD, 0xFB, 0x04, 0xFF, 0x84, 0xBF,
    0xBA, 0xFF, 0xCF, 0x30, 0x04, 0xFF, 0x85, 0x9F, 0x22, 0xFA, 0xFF, 0x0C, 0xF3, 0x03, 0xFF, 0x85,
    0xAF, 0x12, 0xF9, 0xFF, 0xCF, 0x30, 0x03, 0xFF, 0x82, 0xAF, 0x13, 0xF9, 0x02, 0xFF, 0x81, 0x0C,
    0xF3, 0x02, 0xFF, 0x82, 0xBF, 0x03, 0xF8, 0x02, 0xFF, 0x81, 0xCF, 0x30, 0x02, 0xFF, 0x82, 0xCF,
    0x03, 0xF8, 0x03, 0xFF, 0x85, 0x0C, 0xF3, 0xFF, 0xCF, 0x04, 0xF7, 0x03, 0xFF, 0x85, 0xCF, 0x30,
    0xFF, 0xCF, 0x04, 0xF6, 0x04, 0xFF, 0x84, 0x0C, 0xF3, 0xDF, 0x05, 0xD6, 0x04, 0xFF, 0x84, 0xCF,
    0x30, 0xDF, 0x05, 0xD5, 0x05, 0xFF, 0x83, 0x0C, 0xD3, 0x06, 0xD5, 0x05, 0xFF, 0x83, 0xCF, 0x30,
    0x07, 0xC5, 0x06, 0xFF, 0x82, 0x0C, 0x00, 0xC2, 0x06, 0xFF, 0x83, 0xCF, 0x20, 0x04, 0xF7, 0x06,
    0xFF, 0x83, 0x0C, 0xB3, 0x03, 0xF8, 0x05, 0xFF, 0x84, 0xCF, 0x30, 0xAF, 0x12, 0xF9, 0x05, 0xFF,
    0x84, 0x0C, 0xF3, 0x9F, 0x21, 0xFA, 0x04, 0xFF, 0x85, 0xCF, 0x30, 0xFF, 0x8F, 0x30, 0xFB, 0x04,
    0xFF, 0x85, 0x0C, 0xF3, 0xFF, 0x7F, 0x40, 0xFC, 0x03, 0xFF, 0x81, 0xCF, 0x30, 0x02, 0xFF, 0x82,
    0x5D, 0x50, 0xFD, 0x03, 0xFF, 0x81, 0x0C, 0xF3, 0x02, 0xFF, 0x81, 0x4C, 0x60, 0x03, 0xFF, 0x81,
    0xCF, 0x30, 0x03, 0xFF, 0x81, 0x4C, 0x70, 0x03, 0xFF, 0x81, 0x0C, 0xF3, 0x03, 0xFF, 0x81, 0x3B,
    0x80, 0x02, 0xFF, 0x81, 0xCF, 0x30, 0x04, 0xFF, 0x81, 0x2A, 0xA1, 0x02, 0xFF, 0x81, 0x0C, 0xF3,
    0x04, 0xFF, 0x84, 0x08, 0xB2, 0xFF, 0xCF, 0x30, 0x05, 0xFF, 0x81, 0x07, 0xC3, 0x55, 0xFF, 0x80,
    0x0F, 0x21, 0xFF, 0x81, 0xAF, 0xFA, 0x06, 0xFF, 0x81, 0x2F, 0xF0, 0x06, 0xFF, 0x81, 0x2F, 0xF0,
    0x06, 0xFF, 0x81, 0x2F, 0xF0, 0x06, 0xFF, 0x81, 0x2F, 0xF0, 0x06, 0xFF, 0x81, 0x2F, 0xF0, 0x06,
    0xFF, 0x81, 0x2F, 0xF0, 0x06, 0xFF, 0x81, 0x2F, 0xF0, 0x06, 0xFF, 0x81, 0x2F, 0xF0, 0x06, 0xFF,
    0x81, 0x2F, 0xF0, 0x06, 0xFF, 0x81, 0x2F, 0xF0, 0x06, 0xFF, 0x81, 0x2F, 0xF0, 0x06, 0xFF, 0x81,
    0x2F, 0xF0, 0x06, 0xFF, 0x81, 0x2F, 0xF0, 0x06, 0xFF, 0x81, 0x2F, 0xF0, 0x06, 0xFF, 0x81, 0x2F,
    0xF0, 0x06, 0xFF, 0x81, 0x2F, 0xF0, 0x06, 0xFF, 0x81, 0x2F, 0xF0, 0x06, 0xFF, 0x81, 0x2F, 0xF0,
    0x06, 0xFF, 0x81, 0x2F, 0xF0, 0x06, 0xFF, 0x81, 0x2F, 0xF0, 0x06, 0xFF, 0x81, 0x2F, 0xF0, 0x06,
    0xFF, 0x81, 0x2F, 0xF0, 0x06, 0xFF, 0x81, 0x2F, 0xF0, 0x06, 0xFF, 0x81, 0x2F, 0x40, 0x04, 0x44,
    0x82, 0x94, 0xFF, 0x2F, 0x05, 0x00, 0x80, 0x80, 0x48, 0xFF, 0x2D, 0xFF, 0x80, 0xDF, 0x09, 0xFF,
    0x80, 0xDF, 0x04, 0xFF, 0x80, 0xC9, 0x09, 0xFF, 0x80, 0xF8, 0x03, 0xFF, 0x81, 0x7F, 0xF7, 0x08,
    0xFF, 0x81, 0x3C, 0xFD, 0x03, 0xFF, 0x81, 0x26, 0xFC, 0x07, 0xFF, 0x81, 0x6F, 0xC0, 0x03, 0xFF,
    0x81, 0x5F, 0x70, 0x07, 0xFF, 0x82, 0xBF, 0x02, 0xFA, 0x03, 0xFF, 0x81, 0x04, 0xC2, 0x07, 0xFF,
    0x81, 0x06, 0x90, 0x03, 0xFF, 0x82, 0x2D, 0x00, 0xF6, 0x06, 0xFF, 0x82, 0x1B, 0x00, 0xF8, 0x02,
    0xFF, 0x83, 0xCF, 0x40, 0x24, 0xFB, 0x05, 0xFF, 0x82, 0x6F, 0x50, 0x70, 0x03, 0xFF, 0x82, 0x0A,
    0x95, 0x60, 0x05, 0xFF, 0x83, 0xAF, 0x40, 0x0A, 0xF6, 0x02, 0xFF, 0x83, 0x9F, 0x60, 0x4D, 0xB1,
    0x05, 0xFF, 0x82, 0x05, 0xB9, 0x50, 0x03, 0xFF, 0x83, 0x08, 0xF7, 0x09, 0xF6, 0x04, 0xFF, 0x83,
    0x0A, 0xF5, 0x0C, 0xF4, 0x02, 0xFF, 0x84, 0x7F, 0x80, 0xDF, 0x04, 0xFA, 0x03, 0xFF, 0x84, 0x5F,
    0xA0, 0xFF, 0x23, 0xFD, 0x02, 0xFF, 0x83, 0x06, 0xFA, 0x9F, 0x50, 0x03, 0xFF, 0x84, 0xAF, 0x50,
    0xFF, 0x4F, 0xC0, 0x02, 0xFF, 0x84, 0x5F, 0xB0, 0xFF, 0x5F, 0xA0, 0x03, 0xFF, 0x84, 0x05, 0xFA,
    0xFF, 0x05, 0xFA, 0x02, 0xFF, 0x84, 0x04, 0xFC, 0xFF, 0x0A, 0xF5, 0x02, 0xFF, 0x84, 0x09, 0xF5,
    0xFF, 0x6F, 0x90, 0x02, 0xFF, 0x81, 0x2D, 0xF2, 0x02, 0xFF, 0x84, 0x05, 0xFA, 0xFF, 0x4D, 0xB0,
    0x02, 0xFF, 0x84, 0x07, 0xF8, 0xFF, 0xCF, 0x40, 0x02, 0xFF, 0x84, 0xAF, 0x50, 0xFF, 0x9F, 0x60,
    0x02, 0xFF, 0x81, 0x8F, 0x70, 0x02, 0xFF, 0x81, 0x0A, 0xF5, 0x02, 0xFF, 0x84, 0x5F, 0x90, 0xDF,
    0x14, 0xFB, 0x02, 0xFF, 0x84, 0x09, 0xF6, 0xFF, 0x9F, 0x60, 0x03, 0xFF, 0x83, 0x1B, 0xD4, 0x08,
    0xF6, 0x02, 0xFF, 0x81, 0xBF, 0x50, 0x02, 0xFF, 0x81, 0x08, 0xF7, 0x03, 0xFF, 0x82, 0x06, 0x48,
    0xB2, 0x03, 0xFF, 0x84, 0x0C, 0xF4, 0xFF, 0x7F, 0x80, 0x03, 0xFF, 0x82, 0xBF, 0x21, 0x70, 0x04,
    0xFF, 0x84, 0x12, 0xFD, 0xFF, 0x06, 0xF9, 0x03, 0xFF, 0x82, 0x6F, 0x20, 0xFC, 0x03, 0xFF, 0x84,
    0x4F, 0xC0, 0xFF, 0x5F, 0xB0, 0x04, 0xFF, 0x81, 0x2B, 0xF7, 0x04, 0xFF, 0x84, 0x05, 0xFA, 0xFF,
    0x04, 0xFC, 0x04, 0xFF, 0x80, 0xC7, 0x04, 0xFF, 0x84, 0x6F, 0x90, 0xFF, 0x2D, 0xF2, 0x0A, 0xFF,
    0x83, 0x07, 0xF8, 0xCF, 0x40, 0x0A, 0xFF, 0x84, 0x8F, 0x70, 0xFF, 0x0A, 0xF5, 0x0A, 0xFF, 0x81,
    0x09, 0xF6, 0x7F, 0xFF, 0x03, 0xFF, 0x80, 0x0F, 0x2A, 0xFF, 0x80, 0xFD, 0x0C, 0xFF, 0x80, 0x7F,
    0x09, 0xFF, 0x81, 0xAB, 0xFD, 0x02, 0xFF, 0x80, 0x72, 0x08, 0xFF, 0x81, 0x4F, 0xB0, 0x02, 0xFF,
    0x81, 0x2F, 0x90, 0x08, 0xFF, 0x81, 0x04, 0xFB, 0x02, 0xFF, 0x81, 0x02, 0xA2, 0x07, 0xFF, 0x81,
    0x4F, 0xB0, 0x02, 0xFF, 0x82, 0x2F, 0x00, 0xB3, 0x07, 0xFF, 0x81, 0x04, 0xFB, 0x02, 0xFF, 0x82,
    0x02, 0x07, 0xC4, 0x06, 0xFF, 0x81, 0x4F, 0xB0, 0x02, 0xFF, 0x83, 0x2F, 0xD0, 0x06, 0xD5, 0x06,
    0xFF, 0x81, 0x04, 0xFB, 0x02, 0xFF, 0x83, 0x02, 0xDF, 0x05, 0xD6, 0x05, 0xFF, 0x81, 0x4F, 0xB0,
    0x02, 0xFF, 0x84, 0x2F, 0xF0, 0xCF, 0x04, 0xF7, 0x05, 0xFF, 0x81, 0x04, 0xFB, 0x02, 0xFF, 0x84,
    0x02, 0xFF, 0xBF, 0x03, 0xF8, 0x04, 0xFF, 0x81, 0x4F, 0xB0, 0x02, 0xFF, 0x85, 0x2F, 0xF0, 0xFF,
    0xAF, 0x12, 0xF9, 0x04, 0xFF, 0x81, 0x04, 0xFB, 0x02, 0xFF, 0x80, 0x02, 0x02, 0xFF, 0x82, 0x9F,
    0x21, 0xFA, 0x03, 0xFF, 0x81, 0x4F, 0xB0, 0x02, 0xFF, 0x81, 0x2F, 0xF0, 0x02, 0xFF, 0x82, 0x8F,
    0x30, 0xFB, 0x03, 0xFF, 0x81, 0x04, 0xFB, 0x02, 0xFF, 0x80, 0x02, 0x03, 0xFF, 0x82, 0x7F, 0x40,
    0xFC, 0x02, 0xFF, 0x81, 0x4F, 0xB0, 0x02, 0xFF, 0x81, 0x2F, 0xF0, 0x03, 0xFF, 0x82, 0x6D, 0x50,
    0xFD, 0x02, 0xFF, 0x81, 0x04, 0xFB, 0x02, 0xFF, 0x80, 0x02, 0x04, 0xFF, 0x81, 0x5D, 0x60, 0x02,
    0xFF, 0x81, 0x4F, 0xB0, 0x02, 0xFF, 0x81, 0x2F, 0xF0, 0x04, 0xFF, 0x81, 0x4C, 0x70, 0x02, 0xFF,
    0x81, 0x04, 0xFB, 0x02, 0xFF, 0x80, 0x02, 0x05, 0xFF, 0x84, 0x3B, 0x90, 0xFF, 0x4F, 0xB0, 0x02,
    0xFF, 0x81, 0x2F, 0xF0, 0x05, 0xFF, 0x84, 0x2A, 0xA2, 0xFF, 0x04, 0xFB, 0x02, 0xFF, 0x80, 0x02,
    0x06, 0xFF, 0x83, 0x09, 0xB3, 0x4F, 0xB0, 0x02, 0xFF, 0x81, 0x2F, 0xF0, 0x06, 0xFF, 0x83, 0x07,
    0xC4, 0x04, 0xFB, 0x02, 0xFF, 0x80, 0x02, 0x07, 0xFF, 0x82, 0x06, 0x45, 0xB0, 0x02, 0xFF, 0x81,
    0x2F, 0xF0, 0x06, 0xFF, 0x83, 0xDF, 0x05, 0x00, 0xFB, 0x02, 0xFF, 0x80, 0x02, 0x07, 0xFF, 0x82,
    0xCF, 0x04, 0xB0, 0x02, 0xFF, 0x81, 0x2F, 0xF0, 0x07, 0xFF, 0x82, 0xCF, 0x03, 0xFB, 0x02, 0xFF,
    0x80, 0x02, 0x08, 0xFF, 0x81, 0xBF, 0xB3, 0x0C, 0xFF, 0x81, 0xAF, 0xFB, 0x6C, 0xFF, 0x80, 0x0F,
    0x3D, 0xFF, 0x83, 0xAC, 0x78, 0x87, 0xC9, 0x09, 0xFF, 0x81, 0x6A, 0x02, 0x03, 0x00, 0x81, 0x95,
    0xFD, 0x06, 0xFF, 0x87, 0x6C, 0x00, 0x52, 0x87, 0x78, 0x25, 0x00, 0xA4, 0x05, 0xFF, 0x83, 0xAF,
    0x03, 0x83, 0xFC, 0x02, 0xFF, 0x83, 0xDF, 0x49, 0x20, 0xF9, 0x04, 0xFF, 0x82, 0x3B, 0x50, 0xFC,
    0x04, 0xFF, 0x82, 0xDF, 0x07, 0x90, 0x03, 0xFF, 0x82, 0xCF, 0x03, 0xD6, 0x06, 0xFF, 0x82, 0x8F,
    0x20, 0xFA, 0x02, 0xFF, 0x82, 0x6F, 0x40, 0xFD, 0x07, 0xFF, 0x81, 0x06, 0xD4, 0x02, 0xFF, 0x81,
    0x1B, 0xB1, 0x08, 0xFF, 0x81, 0x3C, 0x90, 0x02, 0xFF, 0x81, 0x07, 0xF6, 0x08, 0xFF, 0x81, 0x8F,
    0x50, 0x02, 0xFF, 0x81, 0x03, 0xFA, 0x08, 0xFF, 0x85, 0xCF, 0x01, 0xFC, 0xBF, 0x20, 0xFD, 0x09,
    0xFF, 0x83, 0x04, 0xF9, 0x9F, 0x40, 0x0A, 0xFF, 0x83, 0x06, 0xF7, 0x8F, 0x50, 0x0A, 0xFF, 0x83,
    0x07, 0xF6, 0x8F, 0x60, 0x0A, 0xFF, 0x83, 0x07, 0xF6, 0x9F, 0x50, 0x0A, 0xFF, 0x83, 0x07, 0xF6,
    0xAF, 0x40, 0x0A, 0xFF, 0x84, 0x06, 0xF7, 0xCF, 0x10, 0xFC, 0x09, 0xFF, 0x84, 0x04, 0xF9, 0xFF,
    0x04, 0xF9, 0x08, 0xFF, 0x85, 0xBF, 0x20, 0xFC, 0xFF, 0x07, 0xF5, 0x08, 0xFF, 0x81, 0x7F, 0x50,
    0x02, 0xFF, 0x81, 0x2C, 0x90, 0x08, 0xFF, 0x81, 0x2B, 0xA0, 0x02, 0xFF, 0x82, 0x7F, 0x30, 0xFC,
    0x06, 0xFF, 0x82, 0xDF, 0x05, 0xF5, 0x02, 0xFF, 0x82, 0xDF, 0x05, 0xC4, 0x06, 0xFF, 0x82, 0x6D,
    0x30, 0xFC, 0x03, 0xFF, 0x82, 0x4C, 0x40, 0xFA, 0x04, 0xFF, 0x82, 0xBF, 0x05, 0xA2, 0x04, 0xFF,
    0x83, 0xCF, 0x05, 0x60, 0xDA, 0x02, 0xFF, 0x83, 0xBF, 0x27, 0x30, 0xFA, 0x05, 0xFF, 0x87, 0x7D,
    0x02, 0x30, 0x65, 0x56, 0x03, 0x10, 0xC6, 0x07, 0xFF, 0x81, 0x7C, 0x04, 0x02, 0x00, 0x81, 0x30,
    0xB7, 0x09, 0xFF, 0x83, 0xCF, 0x9A, 0xA9, 0xFC, 0x75, 0xFF, 0x27, 0xFF, 0x80, 0xAF, 0x02, 0xAA,
    0x81, 0xBA, 0xFC, 0x05, 0xFF, 0x80, 0x02, 0x03, 0x00, 0x81, 0x73, 0xFB, 0x03, 0xFF, 0x81, 0x2F,
    0x60, 0x02, 0x66, 0x82, 0x14, 0x20, 0xF8, 0x03, 0xFF, 0x80, 0x02, 0x03, 0xFF, 0x82, 0x7C, 0x02,
    0xF7, 0x02, 0xFF, 0x81, 0x2F, 0xF0, 0x03, 0xFF, 0x82, 0xAF, 0x12, 0xFA, 0x02, 0xFF, 0x80, 0x02,
    0x04, 0xFF, 0x81, 0x8F, 0x50, 0x02, 0xFF, 0x81, 0x2F, 0xF0, 0x04, 0xFF, 0x81, 0x1C, 0xD2, 0x02,
    0xFF, 0x80, 0x02, 0x05, 0xFF, 0x84, 0x03, 0xFB, 0xFF, 0x2F, 0xF0, 0x04, 0xFF, 0x81, 0x4F, 0xB0,
    0x02, 0xFF, 0x80, 0x02, 0x04, 0xFF, 0x85, 0xDF, 0x02, 0xFC, 0xFF, 0x2F, 0xF0, 0x04, 0xFF, 0x81,
    0x0A, 0xF4, 0x02, 0xFF, 0x80, 0x02, 0x04, 0xFF, 0x81, 0x5D, 0x70, 0x02, 0xFF, 0x81, 0x2F, 0xF0,
    0x03, 0xFF, 0x82, 0x6C, 0x40, 0xFC, 0x02, 0xFF, 0x80, 0x02, 0x02, 0xBB, 0x83, 0x9A, 0x37, 0x30,
    0xFB, 0x02, 0xFF, 0x80, 0x2F, 0x04, 0x00, 0x81, 0x61, 0xFC, 0x03, 0xFF, 0x80, 0x02, 0x02, 0x55,
    0x81, 0x66, 0xC8, 0x04, 0xFF, 0x81, 0x2F, 0xF0, 0x08, 0xFF, 0x80, 0x02, 0x08, 0xFF, 0x81, 0x2F,
    0xF0, 0x08, 0xFF, 0x80, 0x02, 0x08, 0xFF, 0x81, 0x2F, 0xF0, 0x08, 0xFF, 0x80, 0x02, 0x08, 0xFF,
    0x81, 0x2F, 0xF0, 0x08, 0xFF, 0x80, 0x02, 0x08, 0xFF, 0x81, 0x2F, 0xF0, 0x08, 0xFF, 0x80, 0x02,
    0x5C, 0xFF, 0x80, 0x0F, 0x3D, 0xFF, 0x83, 0xAC, 0x78, 0x87, 0xC9, 0x09, 0xFF, 0x81, 0x6A, 0x02,
    0x03, 0x00, 0x81, 0x95, 0xFD, 0x06, 0xFF, 0x87, 0x6C, 0x00, 0x52, 0x87, 0x78, 0x25, 0x00, 0xA4,
    0x05, 0xFF, 0x83, 0xAF, 0x03, 0x83, 0xFC, 0x02, 0xFF, 0x83, 0xDF, 0x49, 0x20, 0xF9, 0x04, 0xFF,
    0x82, 0x3B, 0x50, 0xFC, 0x04, 0xFF, 0x82, 0xDF, 0x07, 0x90, 0x03, 0xFF, 0x82, 0xCF, 0x03, 0xD6,
    0x06, 0xFF, 0x82, 0x8F, 0x20, 0xFA, 0x02, 0xFF, 0x82, 0x6F, 0x40, 0xFD, 0x07, 0xFF, 0x81, 0x06,
    0xD4, 0x02, 0xFF, 0x81, 0x1B, 0xB1, 0x08, 0xFF, 0x81, 0x3C, 0x90, 0x02, 0xFF, 0x81, 0x07, 0xF6,
    0x08, 0xFF, 0x81, 0x8F, 0x50, 0x02, 0xFF, 0x81, 0x03, 0xFA, 0x08, 0xFF, 0x85, 0xCF, 0x01, 0xFC,
    0xBF, 0x20, 0xFD, 0x09, 0xFF, 0x83, 0x04, 0xF9, 0x9F, 0x40, 0x0A, 0xFF, 0x83, 0x06, 0xF7, 0x8F,
    0x50, 0x0A, 0xFF, 0x83, 0x07, 0xF6, 0x8F, 0x60, 0x0A, 0xFF, 0x83, 0x07, 0xF6, 0x9F, 0x50, 0x0A,
    0xFF, 0x83, 0x07, 0xF6, 0xAF, 0x40, 0x05, 0xFF, 0x81, 0x47, 0xC5, 0x03, 0xFF, 0x84, 0x06, 0xF7,
    0xCF, 0x10, 0xFC, 0x04, 0xFF, 0x82, 0x5D, 0x40, 0xFC, 0x02, 0xFF, 0x84, 0x04, 0xF9, 0xFF, 0x04,
    0xF9, 0x04, 0xFF, 0x89, 0xDF, 0x06, 0xC4, 0xFF, 0xBF, 0x20, 0xFC, 0xFF, 0x07, 0xF5, 0x05, 0xFF,
    0x84, 0x6D, 0x40, 0xFC, 0x7F, 0x50, 0x02, 0xFF, 0x81, 0x2C, 0x90, 0x05, 0xFF, 0x84, 0xDF, 0x06,
    0xC4, 0x2B, 0xA0, 0x02, 0xFF, 0x82, 0x7F, 0x30, 0xFC, 0x05, 0xFF, 0x83, 0x6D, 0x40, 0x04, 0xF5,
    0x02, 0xFF, 0x82, 0xDF, 0x05, 0xC4, 0x05, 0xFF, 0x83, 0xDF, 0x06, 0x30, 0xFC, 0x03, 0xFF, 0x82,
    0x4C, 0x40, 0xFA, 0x04, 0xFF, 0x83, 0xBF, 0x05, 0x30, 0xFB, 0x03, 0xFF, 0x83, 0xCF, 0x05, 0x60,
    0xDA, 0x02, 0xFF, 0x84, 0xBF, 0x27, 0x30, 0x06, 0xB3, 0x04, 0xFF, 0x8A, 0x7D, 0x02, 0x30, 0x65,
    0x56, 0x03, 0x10, 0xC6, 0x7F, 0x30, 0xFB, 0x04, 0xFF, 0x81, 0x7C, 0x04, 0x02, 0x00, 0x81, 0x30,
    0xB7, 0x02, 0xFF, 0x81, 0x07, 0xA3, 0x05, 0xFF, 0x83, 0xCF, 0x9A, 0xA9, 0xFC, 0x75, 0xFF, 0x27,
    0xFF, 0x80, 0xAF, 0x02, 0xAA, 0x81, 0xBA, 0xFC, 0x05, 0xFF, 0x80, 0x02, 0x03, 0x00, 0x81, 0x73,
    0xFB, 0x03, 0xFF, 0x86, 0x2F, 0x70, 0x77, 0x67, 0x35, 0x10, 0xD7, 0x03, 0xFF, 0x80, 0x02, 0x03,
    0xFF, 0x82, 0x8D, 0x03, 0xF6, 0x02, 0xFF, 0x81, 0x2F, 0xF0, 0x03, 0xFF, 0x82, 0xBF, 0x03, 0xF8,
    0x02, 0xFF, 0x80, 0x02, 0x04, 0xFF, 0x81, 0xAF, 0x40, 0x02, 0xFF, 0x81, 0x2F, 0xF0, 0x04, 0xFF,
    0x81, 0x4F, 0xB0, 0x02, 0xFF, 0x80, 0x02, 0x05, 0xFF, 0x84, 0x05, 0xFA, 0xFF, 0x2F, 0xF0, 0x04,
    0xFF, 0x81, 0x6F, 0x90, 0x02, 0xFF, 0x80, 0x02, 0x05, 0xFF, 0x84, 0x04, 0xFB, 0xFF, 0x2F, 0xF0,
    0x04, 0xFF, 0x81, 0x0B, 0xD3, 0x02, 0xFF, 0x80, 0x02, 0x04, 0xFF, 0x81, 0x5D, 0x70, 0x02, 0xFF,
    0x81, 0x2F, 0xF0, 0x03, 0xFF, 0x82, 0x5B, 0x40, 0xFD, 0x02, 0xFF, 0x80, 0x02, 0x02, 0x99, 0x83,
    0x79, 0x15, 0x50, 0xFC, 0x02, 0xFF, 0x80, 0x2F, 0x04, 0x00, 0x81, 0x84, 0xFD, 0x03, 0xFF, 0x84,
    0x02, 0x88, 0x58, 0x50, 0xFC, 0x04, 0xFF, 0x84, 0x2F, 0xF0, 0xFF, 0x4C, 0x90, 0x05, 0xFF, 0x80,
    0x02, 0x02, 0xFF, 0x81, 0x1A, 0xC3, 0x04, 0xFF, 0x81, 0x2F, 0xF0, 0x02, 0xFF, 0x81, 0x07, 0xD5,
    0x04, 0xFF, 0x80, 0x02, 0x02, 0xFF, 0x82, 0xDF, 0x04, 0xF8, 0x03, 0xFF, 0x81, 0x2F, 0xF0, 0x02,
    0xFF, 0x82, 0xBF, 0x22, 0xFA, 0x03, 0xFF, 0x80, 0x02, 0x03, 0xFF, 0x82, 0x8F, 0x40, 0xFD, 0x02,
    0xFF, 0x81, 0x2F, 0xF0, 0x03, 0xFF, 0x81, 0x5D, 0x60, 0x03, 0xFF, 0x80, 0x02, 0x04, 0xFF, 0x81,
    0x3B, 0x90, 0x02, 0xFF, 0x81, 0x2F, 0xF0, 0x04, 0xFF, 0x81, 0x08, 0xC3, 0x02, 0xFF, 0x80, 0x02,
    0x05, 0xFF, 0x81, 0x06, 0xD5, 0x55, 0xFF, 0x80, 0x0F, 0x29, 0xFF, 0x83, 0xAD, 0x78, 0x98, 0xFC,
    0x05, 0xFF, 0x80, 0x38, 0x02, 0x00, 0x81, 0x30, 0xD7, 0x04, 0xFF, 0x85, 0x06, 0x61, 0x88, 0x58,
    0x01, 0xC5, 0x03, 0xFF, 0x81, 0x08, 0xA3, 0x02, 0xFF, 0x82, 0xAF, 0x04, 0xD5, 0x02, 0xFF, 0x81,
    0x4F, 0x90, 0x03, 0xFF, 0x86, 0xBF, 0x03, 0xF8, 0xFF, 0xBF, 0x30, 0xFD, 0x03, 0xFF, 0x81, 0x9F,
    0x60, 0x02, 0xFF, 0x81, 0x0A, 0xF4, 0x04, 0xFF, 0x80, 0xAF, 0x02, 0xFF, 0x82, 0xBF, 0x20, 0xFD,
    0x07, 0xFF, 0x81, 0x3D, 0x80, 0x08, 0xFF, 0x81, 0x07, 0xA2, 0x07, 0xFF, 0x83, 0xDF, 0x05, 0x72,
    0xFD, 0x06, 0xFF, 0x83, 0xCF, 0x06, 0x30, 0xC8, 0x07, 0xFF, 0x83, 0x49, 0x00, 0x61, 0xFA, 0x06,
    0xFF, 0x83, 0xAF, 0x26, 0x00, 0xB5, 0x07, 0xFF, 0x82, 0x7C, 0x02, 0xA3, 0x07, 0xFF, 0x82, 0xCF,
    0x05, 0xC3, 0x07, 0xFF, 0x82, 0xDF, 0x04, 0xF6, 0x07, 0xFF, 0x84, 0xAF, 0x20, 0xFD, 0xFF, 0xCD,
    0x05, 0xFF, 0x84, 0x3F, 0xB0, 0xFF, 0x4B, 0xF7, 0x05, 0xFF, 0x84, 0x04, 0xFA, 0xBF, 0x31, 0xFC,
    0x04, 0xFF, 0x84, 0x4F, 0xB0, 0xFF, 0x6F, 0x60, 0x04, 0xFF, 0x85, 0xBF, 0x30, 0xFD, 0xFF, 0x3C,
    0x80, 0x04, 0xFF, 0x81, 0x06, 0xF7, 0x02, 0xFF, 0x86, 0x19, 0x70, 0xFC, 0xFF, 0xCF, 0x06, 0xC4,
    0x03, 0xFF, 0x85, 0x29, 0x20, 0x75, 0x57, 0x02, 0xB4, 0x04, 0xFF, 0x84, 0x6B, 0x02, 0x00, 0x30,
    0xC7, 0x05, 0xFF, 0x83, 0xDF, 0x9A, 0xB9, 0xFD, 0x4E, 0xFF, 0x80, 0x0F, 0x20, 0xFF, 0x80, 0xAC,
    0x06, 0xAA, 0x81, 0xBA, 0x07, 0x06, 0x00, 0x81, 0x50, 0x69, 0x02, 0x66, 0x81, 0x26, 0x50, 0x02,
    0x66, 0x80, 0x76, 0x03, 0xFF, 0x81, 0x4F, 0xC0, 0x06, 0xFF, 0x81, 0x4F, 0xC0, 0x06, 0xFF, 0x81,
    0x4F, 0xC0, 0x06, 0xFF, 0x81, 0x4F, 0xC0, 0x06, 0xFF, 0x81, 0x4F, 0xC0, 0x06, 0xFF, 0x81, 0x4F,
    0xC0, 0x06, 0xFF, 0x81, 0x4F, 0xC0, 0x06, 0xFF, 0x81, 0x4F, 0xC0, 0x06, 0xFF, 0x81, 0x4F, 0xC0,
    0x06, 0xFF, 0x81, 0x4F, 0xC0, 0x06, 0xFF, 0x81, 0x4F, 0xC0, 0x06, 0xFF, 0x81, 0x4F, 0xC0, 0x06,
    0xFF, 0x81, 0x4F, 0xC0, 0x06, 0xFF, 0x81, 0x4F, 0xC0, 0x06, 0xFF, 0x81, 0x4F, 0xC0, 0x06, 0xFF,
    0x81, 0x4F, 0xC0, 0x06, 0xFF, 0x81, 0x4F, 0xC0, 0x06, 0xFF, 0x81, 0x4F, 0xC0, 0x06, 0xFF, 0x81,
    0x4F, 0xC0, 0x06, 0xFF, 0x81, 0x4F, 0xC0, 0x06, 0xFF, 0x81, 0x4F, 0xC0, 0x06, 0xFF, 0x81, 0x4F,
    0xC0, 0x06, 0xFF, 0x81, 0x4F, 0xC0, 0x4B, 0xFF, 0x2D, 0xFF, 0x81, 0xAD, 0xFB, 0x05, 0xFF, 0x81,
    0xAF, 0xFA, 0x02, 0xFF, 0x81, 0x0B, 0xF4, 0x05, 0xFF, 0x81, 0x0D, 0xF2, 0x02, 0xFF, 0x81, 0x0B,
    0xF4, 0x05, 0xFF, 0x81, 0x0D, 0xF2, 0x02, 0xFF, 0x81, 0x0B, 0xF4, 0x05, 0xFF, 0x81, 0x0D, 0xF2,
    0x02, 0xFF, 0x81, 0x0B, 0xF4, 0x05, 0xFF, 0x81, 0x0D, 0xF2, 0x02, 0xFF, 0x81, 0x0B, 0xF4, 0x05,
    0xFF, 0x81, 0x0D, 0xF2, 0x02, 0xFF, 0x81, 0x0B, 0xF4, 0x05, 0xFF, 0x81, 0x0D, 0xF2, 0x02, 0xFF,
    0x81, 0x0B, 0xF4, 0x05, 0xFF, 0x81, 0x0D, 0xF2, 0x02, 0xFF, 0x81, 0x0B, 0xF4, 0x05, 0xFF, 0x81,
    0x0D, 0xF2, 0x02, 0xFF, 0x81, 0x0B, 0xF4, 0x05, 0xFF, 0x81, 0x0D, 0xF2, 0x02, 0xFF, 0x81, 0x0B,
    0xF4, 0x05, 0xFF, 0x81, 0x0D, 0xF2, 0x02, 0xFF, 0x81, 0x0B, 0xF4, 0x05, 0xFF, 0x81, 0x0D, 0xF2,
    0x02, 0xFF, 0x81, 0x0B, 0xF4, 0x05, 0xFF, 0x81, 0x0D, 0xF2, 0x02, 0xFF, 0x81, 0x0B, 0xF4, 0x05,
    0xFF, 0x81, 0x0D, 0xF2, 0x02, 0xFF, 0x81, 0x0B, 0xF4, 0x05, 0xFF, 0x81, 0x0D, 0xF2, 0x02, 0xFF,
    0x81, 0x0B, 0xF4, 0x05, 0xFF, 0x81, 0x0D, 0xF2, 0x02, 0xFF, 0x81, 0x0B, 0xF4, 0x05, 0xFF, 0x81,
    0x0D, 0xF2, 0x02, 0xFF, 0x81, 0x0B, 0xF4, 0x05, 0xFF, 0x81, 0x0D, 0xF2, 0x02, 0xFF, 0x81, 0x0B,
    0xF4, 0x05, 0xFF, 0x81, 0x0C, 0xF3, 0x02, 0xFF, 0x81, 0x0D, 0xD2, 0x05, 0xFF, 0x81, 0x0B, 0xF4,
    0x02, 0xFF, 0x81, 0x4F, 0xA0, 0x05, 0xFF, 0x81, 0x08, 0xF6, 0x02, 0xFF, 0x81, 0x7F, 0x60, 0x05,
    0xFF, 0x81, 0x04, 0xF9, 0x02, 0xFF, 0x82, 0xBF, 0x12, 0xFA, 0x03, 0xFF, 0x82, 0x8F, 0x40, 0xFD,
    0x03, 0xFF, 0x86, 0x08, 0x82, 0xFD, 0xFF, 0xDF, 0x07, 0xA1, 0x04, 0xFF, 0x86, 0x8F, 0x01, 0x63,
    0x77, 0x36, 0x20, 0xF9, 0x05, 0xFF, 0x84, 0x5A, 0x01, 0x00, 0x20, 0xB6, 0x07, 0xFF, 0x82, 0xAC,
    0x99, 0xDA, 0x5C, 0xFF, 0x2E, 0xFF, 0x81, 0xAB, 0xFB, 0x08, 0xFF, 0x82, 0xAB, 0x9C, 0x40, 0x08,
    0xFF, 0x83, 0x3D, 0xA0, 0x3D, 0xA0, 0x07, 0xFF, 0x84, 0x9F, 0x40, 0xFF, 0x07, 0xF6, 0x07, 0xFF,
    0x84, 0x05, 0xF8, 0xCF, 0x11, 0xFC, 0x06, 0xFF, 0x84, 0x0B, 0xC2, 0xFF, 0x6F, 0x70, 0x06, 0xFF,
    0x81, 0x6F, 0x70, 0x02, 0xFF, 0x81, 0x0A, 0xD3, 0x05, 0xFF, 0x82, 0xCF, 0x02, 0xFB, 0x02, 0xFF,
    0x81, 0x04, 0xF9, 0x05, 0xFF, 0x81, 0x08, 0xF5, 0x02, 0xFF, 0x81, 0x8F, 0x50, 0x05, 0xFF, 0x81,
    0x4F, 0x90, 0x03, 0xFF, 0x81, 0x3D, 0xB0, 0x04, 0xFF, 0x82, 0xAF, 0x40, 0xFD, 0x03, 0xFF, 0x81,
    0x07, 0xF7, 0x04, 0xFF, 0x81, 0x06, 0xF8, 0x03, 0xFF, 0x82, 0xBF, 0x31, 0xFD, 0x03, 0xFF, 0x81,
    0x2C, 0xC2, 0x04, 0xFF, 0x81, 0x5F, 0x80, 0x03, 0xFF, 0x81, 0x7F, 0x60, 0x05, 0xFF, 0x81, 0x0A,
    0xF4, 0x02, 0xFF, 0x82, 0xDF, 0x03, 0xFB, 0x05, 0xFF, 0x81, 0x04, 0xFA, 0x02, 0xFF, 0x81, 0x09,
    0xF5, 0x05, 0xFF, 0x81, 0x8F, 0x60, 0x02, 0xFF, 0x81, 0x5F, 0x90, 0x06, 0xFF, 0x85, 0x3C, 0xC2,
    0xFF, 0xBF, 0x31, 0xFD, 0x06, 0xFF, 0x84, 0x07, 0xF8, 0xFF, 0x07, 0xF8, 0x06, 0xFF, 0x84, 0xBF,
    0x40, 0xFF, 0x3D, 0xC2, 0x07, 0xFF, 0x83, 0x5F, 0xA0, 0x9F, 0x60, 0x08, 0xFF, 0x83, 0x09, 0xF6,
    0x05, 0xFA, 0x07, 0xFF, 0x83, 0xDF, 0x14, 0x09, 0xF5, 0x08, 0xFF, 0x82, 0x8F, 0x20, 0x90, 0x09,
    0xFF, 0x82, 0x2C, 0x30, 0xFD, 0x09, 0xFF, 0x81, 0x06, 0xF7, 0x09, 0xFF, 0x81, 0xBF, 0xC2, 0x0A,
    0xFF, 0x80, 0x8F, 0x61, 0xFF, 0x80, 0x0F, 0x3D, 0xFF, 0x80, 0xFD, 0x08, 0xFF, 0x81, 0xAC, 0xFB,
    0x06, 0xFF, 0x80, 0x8F, 0x07, 0xFF, 0x83, 0xAB, 0xAC, 0x30, 0xFD, 0x05, 0xFF, 0x81, 0xCF, 0xB2,
    0x06, 0xFF, 0x83, 0x4F, 0x90, 0x3D, 0x90, 0x06, 0xFF, 0x81, 0x08, 0xF8, 0x05, 0xFF, 0x84, 0xAF,
    0x30, 0xFD, 0x07, 0xF6, 0x05, 0xFF, 0x81, 0x5F, 0x40, 0x06, 0xFF, 0x84, 0x07, 0xF6, 0xBF, 0x20,
    0xFD, 0x04, 0xFF, 0x82, 0xCF, 0x01, 0xB0, 0x05, 0xFF, 0x84, 0x3D, 0xA0, 0xFF, 0x4F, 0x90, 0x05,
    0xFF, 0x82, 0x08, 0x04, 0xF7, 0x04, 0xFF, 0x81, 0xAF, 0x40, 0x02, 0xFF, 0x81, 0x08, 0xF6, 0x04,
    0xFF, 0x82, 0x5F, 0xB1, 0x42, 0x05, 0xFF, 0x85, 0x06, 0xF7, 0xFF, 0xBF, 0x21, 0xFC, 0x03, 0xFF,
    0x83, 0xBF, 0x50, 0x6F, 0xA0, 0x04, 0xFF, 0x81, 0x3D, 0xB0, 0x02, 0xFF, 0x81, 0x5F, 0x80, 0x04,
    0xFF, 0x83, 0x08, 0xF8, 0x09, 0xF7, 0x03, 0xFF, 0x81, 0x9F, 0x40, 0x03, 0xFF, 0x81, 0x08, 0xF5,
    0x03, 0xFF, 0x84, 0x4F, 0xC2, 0xDF, 0x33, 0xFD, 0x03, 0xFF, 0x81, 0x06, 0xF8, 0x02, 0xFF, 0x82,
    0xCF, 0x12, 0xFC, 0x02, 0xFF, 0x84, 0xBF, 0x60, 0xFF, 0x6F, 0x90, 0x03, 0xFF, 0x81, 0x3D, 0xC1,
    0x03, 0xFF, 0x81, 0x6F, 0x80, 0x03, 0xFF, 0x84, 0x07, 0xF9, 0xFF, 0x0A, 0xF6, 0x02, 0xFF, 0x81,
    0x9F, 0x50, 0x04, 0xFF, 0x81, 0x09, 0xF5, 0x02, 0xFF, 0x85, 0x4F, 0xD3, 0xFF, 0xDF, 0x23, 0xFD,
    0x02, 0xFF, 0x81, 0x06, 0xF8, 0x03, 0xFF, 0x85, 0xDF, 0x03, 0xFB, 0xFF, 0xAF, 0x60, 0x02, 0xFF,
    0x81, 0x7F, 0x90, 0x02, 0xFF, 0x81, 0x2D, 0xC2, 0x04, 0xFF, 0x81, 0x6F, 0x70, 0x02, 0xFF, 0x81,
    0x07, 0xFA, 0x02, 0xFF, 0x84, 0x0B, 0xF6, 0xFF, 0x9F, 0x60, 0x05, 0xFF, 0x84, 0x0A, 0xF4, 0xFF,
    0x3D, 0xD3, 0x03, 0xFF, 0x84, 0x24, 0xFC, 0xFF, 0x06, 0xF9, 0x04, 0xFF, 0x84, 0xDF, 0x03, 0xFB,
    0xAF, 0x70, 0x03, 0xFF, 0x84, 0x7F, 0x80, 0xFF, 0x2C, 0xD3, 0x05, 0xFF, 0x84, 0x7F, 0x70, 0xFF,
    0x06, 0xFB, 0x03, 0xFF, 0x83, 0x0B, 0xF5, 0x9F, 0x60, 0x06, 0xFF, 0x83, 0x0B, 0xF4, 0x3D, 0xF4,
    0x04, 0xFF, 0x83, 0x15, 0xFC, 0x05, 0xFA, 0x06, 0xFF, 0x82, 0x04, 0x9A, 0x70, 0x04, 0xFF, 0x83,
    0x8F, 0x80, 0x1C, 0xD3, 0x06, 0xFF, 0x83, 0x7F, 0x70, 0x06, 0xFB, 0x04, 0xFF, 0x82, 0x2C, 0x84,
    0x70, 0x07, 0xFF, 0x82, 0x0B, 0x23, 0xF5, 0x05, 0xFF, 0x82, 0x05, 0x04, 0xFB, 0x07, 0xFF, 0x81,
    0x05, 0x80, 0x05, 0xFF, 0x82, 0x9F, 0x00, 0xF4, 0x07, 0xFF, 0x82, 0x8F, 0x20, 0xFC, 0x05, 0xFF,
    0x81, 0x2D, 0x80, 0x08, 0xFF, 0x81, 0x2C, 0xF5, 0x06, 0xFF, 0x81, 0x06, 0xFB, 0x08, 0xFF, 0x80,
    0x96, 0x06, 0xFF, 0x81, 0x9F, 0xF5, 0x08, 0xFF, 0x81, 0x9F, 0xFD, 0x06, 0xFF, 0x80, 0x9D, 0x7F,
    0xFF, 0x11, 0xFF, 0x80, 0x0F, 0x26, 0xFF, 0x81, 0xCF, 0xBA, 0x05, 0xFF, 0x84, 0xCF, 0xAA, 0xFD,
    0x1B, 0xB1, 0x05, 0xFF, 0x84, 0x06, 0xF5, 0xFF, 0x07, 0xF5, 0x04, 0xFF, 0x85, 0x0A, 0xB2, 0xFF,
    0xCF, 0x03, 0xF9, 0x03, 0xFF, 0x81, 0x4D, 0x80, 0x02, 0xFF, 0x82, 0x9F, 0x40, 0xFD, 0x02, 0xFF,
    0x82, 0x8F, 0x40, 0xFD, 0x02, 0xFF, 0x81, 0x5F, 0x70, 0x02, 0xFF, 0x82, 0xCF, 0x13, 0xFA, 0x03,
    0xFF, 0x81, 0x2B, 0xB2, 0x02, 0xFF, 0x81, 0x06, 0xF6, 0x04, 0xFF, 0x84, 0x07, 0xF6, 0xFF, 0x1B,
    0xC3, 0x04, 0xFF, 0x84, 0xDF, 0x04, 0xFA, 0x5F, 0x90, 0x05, 0xFF, 0x83, 0x9F, 0x40, 0x9D, 0x50,
    0x06, 0xFF, 0x83, 0x5F, 0x80, 0x23, 0xFB, 0x06, 0xFF, 0x82, 0x2B, 0x00, 0xF7, 0x07, 0xFF, 0x81,
    0x07, 0xD4, 0x07, 0xFF, 0x82, 0x5F, 0x20, 0xFB, 0x06, 0xFF, 0x82, 0x8F, 0x40, 0x50, 0x06, 0xFF,
    0x83, 0xCF, 0x23, 0x5B, 0x90, 0x06, 0xFF, 0x83, 0x06, 0xF7, 0x1B, 0xC3, 0x05, 0xFF, 0x84, 0x0A,
    0xD3, 0xFF, 0x06, 0xF7, 0x04, 0xFF, 0x85, 0x4D, 0x90, 0xFF, 0xCF, 0x23, 0xFB, 0x03, 0xFF, 0x81,
    0x7F, 0x50, 0x02, 0xFF, 0x81, 0x8F, 0x50, 0x03, 0xFF, 0x82, 0xBF, 0x22, 0xFB, 0x02, 0xFF, 0x81,
    0x4D, 0x90, 0x03, 0xFF, 0x81, 0x05, 0xF7, 0x03, 0xFF, 0x81, 0x09, 0xC3, 0x02, 0xFF, 0x81, 0x09,
    0xC3, 0x04, 0xFF, 0x84, 0x05, 0xF7, 0xFF, 0x3C, 0x90, 0x04, 0xFF, 0x84, 0xBF, 0x12, 0xFB, 0x7F,
    0x50, 0x05, 0xFF, 0x84, 0x7F, 0x50, 0xAF, 0x11, 0xFB, 0x05, 0xFF, 0x81, 0x3C, 0x80, 0x55, 0xFF,
    0x80, 0x0F, 0x28, 0xFF, 0x81, 0xAB, 0xFB, 0x06, 0xFF, 0x83, 0xAD, 0xFA, 0x0A, 0xD3, 0x06, 0xFF,
    0x83, 0x07, 0xF6, 0x5F, 0x70, 0x05, 0xFF, 0x85, 0xBF, 0x22, 0xFB, 0xBF, 0x31, 0xFC, 0x04, 0xFF,
    0x81, 0x6F, 0x70, 0x02, 0xFF, 0x81, 0x06, 0xF7, 0x04, 0xFF, 0x81, 0x0A, 0xC3, 0x02, 0xFF, 0x81,
    0x2C, 0xB2, 0x04, 0xFF, 0x81, 0x05, 0xF8, 0x02, 0xFF, 0x81, 0x7F, 0x60, 0x03, 0xFF, 0x82, 0x9F,
    0x40, 0xFD, 0x02, 0xFF, 0x82, 0xDF, 0x13, 0xFA, 0x02, 0xFF, 0x81, 0x4D, 0xA0, 0x04, 0xFF, 0x81,
    0x09, 0xF5, 0x02, 0xFF, 0x81, 0x08, 0xF6, 0x04, 0xFF, 0x85, 0x4D, 0xA0, 0xFF, 0xCF, 0x23, 0xFB,
    0x04, 0xFF, 0x84, 0xAF, 0x40, 0xFF, 0x7F, 0x70, 0x06, 0xFF, 0x83, 0x06, 0xF9, 0x2B, 0xC3, 0x06,
    0xFF, 0x83, 0x2B, 0xD4, 0x06, 0xF8, 0x06, 0xFF, 0x83, 0x7F, 0x60, 0x40, 0xFD, 0x06, 0xFF, 0x82,
    0xCF, 0x03, 0xA0, 0x08, 0xFF, 0x81, 0x07, 0xF5, 0x08, 0xFF, 0x81, 0x09, 0xF6, 0x08, 0xFF, 0x81,
    0x09, 0xF6, 0x08, 0xFF, 0x81, 0x09, 0xF6, 0x08, 0xFF, 0x81, 0x09, 0xF6, 0x08, 0xFF, 0x81, 0x09,
    0xF6, 0x08, 0xFF, 0x81, 0x09, 0xF6, 0x08, 0xFF, 0x81, 0x09, 0xF6, 0x08, 0xFF, 0x81, 0x09, 0xF6,
    0x08, 0xFF, 0x81, 0x09, 0xF6, 0x08, 0xFF, 0x81, 0x09, 0xF6, 0x5E, 0xFF, 0x26, 0xFF, 0x80, 0xBF,
    0x08, 0xAA, 0x81, 0xFB, 0x06, 0x07, 0x00, 0x81, 0x90, 0x8F, 0x06, 0x66, 0x81, 0x36, 0x50, 0x07,
    0xFF, 0x82, 0xBF, 0x22, 0xFB, 0x07, 0xFF, 0x81, 0x05, 0xF8, 0x07, 0xFF, 0x81, 0x09, 0xD4, 0x07,
    0xFF, 0x81, 0x3C, 0xA1, 0x07, 0xFF, 0x81, 0x6F, 0x70, 0x07, 0xFF, 0x82, 0xAF, 0x40, 0xFC, 0x06,
    0xFF, 0x82, 0xDF, 0x04, 0xF9, 0x07, 0xFF, 0x81, 0x07, 0xF6, 0x07, 0xFF, 0x81, 0x1B, 0xC3, 0x07,
    0xFF, 0x81, 0x4D, 0x80, 0x07, 0xFF, 0x81, 0x8F, 0x50, 0x07, 0xFF, 0x82, 0xBF, 0x22, 0xFB, 0x07,
    0xFF, 0x81, 0x05, 0xF7, 0x07, 0xFF, 0x81, 0x09, 0xD4, 0x07, 0xFF, 0x81, 0x3C, 0xA1, 0x07, 0xFF,
    0x81, 0x6F, 0x70, 0x07, 0xFF, 0x82, 0xAF, 0x30, 0xFC, 0x06, 0xFF, 0x82, 0xDF, 0x04, 0xF9, 0x07,
    0xFF, 0x81, 0x07, 0xF6, 0x07, 0xFF, 0x81, 0x2B, 0xC3, 0x07, 0xFF, 0x81, 0x5D, 0x80, 0x07, 0xFF,
    0x81, 0x8F, 0x00, 0x07, 0x44, 0x81, 0xBA, 0x02, 0x07, 0x00, 0x80, 0xA0, 0x55, 0xFF, 0x80, 0x0F,
    0x06, 0xFF, 0x80, 0xDF, 0x02, 0xCC, 0x82, 0xDC, 0xFF, 0x8F, 0x02, 0x00, 0x88, 0x70, 0xFF, 0x8F,
    0x40, 0x66, 0x96, 0xFF, 0x8F, 0x80, 0x03, 0xFF, 0x81, 0x8F, 0x80, 0x03, 0xFF, 0x81, 0x8F, 0x80,
    0x03, 0xFF, 0x81, 0x8F, 0x80, 0x03, 0xFF, 0x81, 0x8F, 0x80, 0x03, 0xFF, 0x81, 0x8F, 0x80, 0x03,
    0xFF, 0x81, 0x8F, 0x80, 0x03, 0xFF, 0x81, 0x8F, 0x80, 0x03, 0xFF, 0x81, 0x8F, 0x80, 0x03, 0xFF,
    0x81, 0x8F, 0x80, 0x03, 0xFF, 0x81, 0x8F, 0x80, 0x03, 0xFF, 0x81, 0x8F, 0x80, 0x03, 0xFF, 0x81,
    0x8F, 0x80, 0x03, 0xFF, 0x81, 0x8F, 0x80, 0x03, 0xFF, 0x81, 0x8F, 0x80, 0x03, 0xFF, 0x81, 0x8F,
    0x80, 0x03, 0xFF, 0x81, 0x8F, 0x80, 0x03, 0xFF, 0x81, 0x8F, 0x80, 0x03, 0xFF, 0x81, 0x8F, 0x80,
    0x03, 0xFF, 0x81, 0x8F, 0x80, 0x03, 0xFF, 0x81, 0x8F, 0x80, 0x03, 0xFF, 0x81, 0x8F, 0x80, 0x03,
    0xFF, 0x81, 0x8F, 0x80, 0x03, 0xFF, 0x81, 0x8F, 0x80, 0x03, 0xFF, 0x81, 0x8F, 0x80, 0x03, 0xFF,
    0x81, 0x8F, 0x80, 0x03, 0xFF, 0x81, 0x8F, 0x80, 0x03, 0xFF, 0x81, 0x8F, 0x80, 0x03, 0xFF, 0x81,
    0x8F, 0x80, 0x03, 0xFF, 0x81, 0x8F, 0x80, 0x03, 0xFF, 0x81, 0x8F, 0x80, 0x03, 0xFF, 0x81, 0x8F,
    0x80, 0x03, 0xFF, 0x85, 0x8F, 0x30, 0x44, 0x84, 0xFF, 0x9F, 0x02, 0x33, 0x80, 0x83, 0x05, 0xFF,
    0x22, 0xFF, 0x81, 0xAC, 0xFB, 0x06, 0xFF, 0x82, 0xCF, 0x32, 0xFC, 0x06, 0xFF, 0x81, 0x7F, 0x70,
    0x07, 0xFF, 0x81, 0x4D, 0xB2, 0x07, 0xFF, 0x81, 0x09, 0xF6, 0x07, 0xFF, 0x81, 0x05, 0xFA, 0x06,
    0xFF, 0x81, 0xAF, 0x50, 0x07, 0xFF, 0x81, 0x6F, 0x90, 0x07, 0xFF, 0x81, 0x2B, 0xD3, 0x07, 0xFF,
    0x81, 0x07, 0xF7, 0x06, 0xFF, 0x82, 0xCF, 0x23, 0xFC, 0x06, 0xFF, 0x81, 0x8F, 0x60, 0x07, 0xFF,
    0x81, 0x4D, 0xA1, 0x07, 0xFF, 0x81, 0x0A, 0xF5, 0x07, 0xFF, 0x81, 0x06, 0xF9, 0x06, 0xFF, 0x82,
    0xBF, 0x42, 0xFD, 0x06, 0xFF, 0x81, 0x7F, 0x80, 0x07, 0xFF, 0x81, 0x3C, 0xC3, 0x07, 0xFF, 0x81,
    0x08, 0xF6, 0x06, 0xFF, 0x82, 0xDF, 0x14, 0xFB, 0x06, 0xFF, 0x81, 0x9F, 0x50, 0x07, 0xFF, 0x81,
    0x5F, 0x90, 0x07, 0xFF, 0x81, 0x1B, 0xD4, 0x07, 0xFF, 0x81, 0x06, 0xF8, 0x06, 0xFF, 0x82, 0xCF,
    0x33, 0xFC, 0x06, 0xFF, 0x81, 0x8F, 0x70, 0x4C, 0xFF, 0x80, 0x0F, 0x05, 0xFF, 0x80, 0xCD, 0x02,
    0xCC, 0x82, 0xFC, 0xFF, 0x0A, 0x02, 0x00, 0x85, 0xF6, 0xFF, 0x6B, 0x66, 0x05, 0xF6, 0x03, 0xFF,
    0x81, 0x0A, 0xF6, 0x03, 0xFF, 0x81, 0x0A, 0xF6, 0x03, 0xFF, 0x81, 0x0A, 0xF6, 0x03, 0xFF, 0x81,
    0x0A, 0xF6, 0x03, 0xFF, 0x81, 0x0A, 0xF6, 0x03, 0xFF, 0x81, 0x0A, 0xF6, 0x03, 0xFF, 0x81, 0x0A,
    0xF6, 0x03, 0xFF, 0x81, 0x0A, 0xF6, 0x03, 0xFF, 0x81, 0x0A, 0xF6, 0x03, 0xFF, 0x81, 0x0A, 0xF6,
    0x03, 0xFF, 0x81, 0x0A, 0xF6, 0x03, 0xFF, 0x81, 0x0A, 0xF6, 0x03, 0xFF, 0x81, 0x0A, 0xF6, 0x03,
    0xFF, 0x81, 0x0A, 0xF6, 0x03, 0xFF, 0x81, 0x0A, 0xF6, 0x03, 0xFF, 0x81, 0x0A, 0xF6, 0x03, 0xFF,
    0x81, 0x0A, 0xF6, 0x03, 0xFF, 0x81, 0x0A, 0xF6, 0x03, 0xFF, 0x81, 0x0A, 0xF6, 0x03, 0xFF, 0x81,
    0x0A, 0xF6, 0x03, 0xFF, 0x81, 0x0A, 0xF6, 0x03, 0xFF, 0x81, 0x0A, 0xF6, 0x03, 0xFF, 0x81, 0x0A,
    0xF6, 0x03, 0xFF, 0x81, 0x0A, 0xF6, 0x03, 0xFF, 0x81, 0x0A, 0xF6, 0x03, 0xFF, 0x81, 0x0A, 0xF6,
    0x03, 0xFF, 0x81, 0x0A, 0xF6, 0x03, 0xFF, 0x81, 0x0A, 0xF6, 0x03, 0xFF, 0x81, 0x0A, 0xF6, 0x03,
    0xFF, 0x81, 0x0A, 0xF6, 0x03, 0xFF, 0x81, 0x0A, 0xF6, 0x03, 0xFF, 0x88, 0x0A, 0xF6, 0xFF, 0x4A,
    0x44, 0x04, 0xF6, 0xFF, 0x3A, 0x02, 0x33, 0x80, 0xF7, 0x06, 0xFF, 0x28, 0xFF, 0x80, 0x8A, 0x07,
    0xFF, 0x82, 0xCF, 0x03, 0xF9, 0x06, 0xFF, 0x82, 0x5F, 0x31, 0xB3, 0x06, 0xFF, 0x83, 0x08, 0xA7,
    0x52, 0xFD, 0x04, 0xFF, 0x84, 0xBF, 0x42, 0xFD, 0x08, 0xF7, 0x04, 0xFF, 0x84, 0x4D, 0xB2, 0xFF,
    0x5D, 0xA1, 0x04, 0xFF, 0x85, 0x07, 0xF8, 0xFF, 0xCF, 0x43, 0xFC, 0x02, 0xFF, 0x81, 0xAF, 0x60,
    0x03, 0xFF, 0x81, 0x09, 0xF6, 0x02, 0xFF, 0x81, 0x3C, 0xC3, 0x03, 0xFF, 0x81, 0x6F, 0x90, 0x02,
    0xFF, 0x81, 0x8A, 0xFA, 0x03, 0xFF, 0x81, 0xDF, 0x98, 0x7F, 0xFF, 0x63, 0xFF, 0x7F, 0xFF, 0x7F,
    0xFF, 0x2B, 0xFF, 0x09, 0x33, 0x09, 0x88, 0x24, 0xFF, 0x1C, 0xFF, 0x80, 0xFC, 0x05, 0xFF, 0x81,
    0x28, 0xF8, 0x04, 0xFF, 0x82, 0xBF, 0x03, 0xF8, 0x04, 0xFF, 0x82, 0xCF, 0x04, 0xF8, 0x04, 0xFF,
    0x82, 0xCF, 0x05, 0xF8, 0x04, 0xFF, 0x82, 0xDF, 0x06, 0xF8, 0x05, 0xFF, 0x81, 0x18, 0xFB, 0x05,
    0xFF, 0x80, 0xFC, 0x7F, 0xFF, 0x31, 0xFF, 0x80, 0x0F, 0x70, 0xFF, 0x84, 0xBF, 0x57, 0x34, 0x64,
    0xD9, 0x03, 0xFF, 0x85, 0x6B, 0x00, 0x53, 0x45, 0x00, 0xC5, 0x02, 0xFF, 0x86, 0x8F, 0x60, 0xFA,
    0xFF, 0xBF, 0x04, 0xF6, 0x02, 0xFF, 0x80, 0xAD, 0x03, 0xFF, 0x82, 0xCF, 0x13, 0xFC, 0x06, 0xFF,
    0x81, 0x6F, 0x90, 0x07, 0xFF, 0x81, 0x07, 0xF9, 0x03, 0xFF, 0x84, 0xCF, 0xCC, 0xFF, 0x7F, 0x90,
    0x02, 0xFF, 0x92, 0xBF, 0x36, 0x00, 0x30, 0xA6, 0x07, 0xF9, 0xFF, 0x9F, 0x02, 0x75, 0x88, 0x57,
    0x31, 0x90, 0xFF, 0xBF, 0x32, 0xFA, 0x02, 0xFF, 0x85, 0xBF, 0x05, 0xF9, 0xFF, 0x07, 0xF8, 0x03,
    0xFF, 0x84, 0x7F, 0x90, 0xFF, 0x5F, 0xB0, 0x04, 0xFF, 0x84, 0x06, 0xF9, 0xFF, 0x05, 0xFB, 0x03,
    0xFF, 0x84, 0x3D, 0x90, 0xFF, 0x6F, 0x80, 0x03, 0xFF, 0x85, 0x8F, 0x00, 0xF9, 0xFF, 0x0A, 0xB3,
    0x02, 0xFF, 0x82, 0x9F, 0x52, 0x90, 0x02, 0xFF, 0x86, 0x07, 0x72, 0xA9, 0x58, 0x80, 0x07, 0xF9,
    0x02, 0xFF, 0x80, 0x38, 0x02, 0x00, 0x82, 0xA4, 0x7F, 0x90, 0x03, 0xFF, 0x82, 0xAD, 0x99, 0xFB,
    0x47, 0xFF, 0x80, 0x0F, 0x0B, 0xFF, 0x81, 0xCD, 0xFD, 0x08, 0xFF, 0x81, 0x09, 0xF7, 0x08, 0xFF,
    0x81, 0x09, 0xF7, 0x08, 0xFF, 0x81, 0x09, 0xF7, 0x08, 0xFF, 0x81, 0x09, 0xF7, 0x08, 0xFF, 0x81,
    0x09, 0xF7, 0x08, 0xFF, 0x81, 0x09, 0xF7, 0x08, 0xFF, 0x81, 0x09, 0xF7, 0x08, 0xFF, 0x81, 0x09,
    0xF7, 0x08, 0xFF, 0x81, 0x09, 0xF7, 0x08, 0xFF, 0x81, 0x09, 0xF7, 0x08, 0xFF, 0x81, 0x09, 0xF7,
    0x08, 0xFF, 0x86, 0x09, 0xF7, 0xBF, 0x47, 0x43, 0x85, 0xFC, 0x03, 0xFF, 0x86, 0x09, 0xF7, 0x29,
    0x30, 0x34, 0x00, 0x93, 0x03, 0xFF, 0x87, 0x09, 0x97, 0x51, 0xDA, 0xFF, 0x6B, 0x01, 0xF8, 0x02,
    0xFF, 0x82, 0x09, 0x36, 0xD6, 0x03, 0xFF, 0x81, 0x29, 0xA1, 0x02, 0xFF, 0x82, 0x09, 0x52, 0xFD,
    0x03, 0xFF, 0x81, 0x8F, 0x40, 0x02, 0xFF, 0x81, 0x09, 0xA0, 0x05, 0xFF, 0x84, 0x04, 0xFA, 0xFF,
    0x09, 0xF4, 0x05, 0xFF, 0x84, 0x08, 0xF8, 0xFF, 0x09, 0xF6, 0x05, 0xFF, 0x84, 0x0A, 0xF6, 0xFF,
    0x09, 0xF7, 0x05, 0xFF, 0x84, 0x0A, 0xF6, 0xFF, 0x09, 0xF6, 0x05, 0xFF, 0x84, 0x0A, 0xF6, 0xFF,
    0x09, 0xF5, 0x05, 0xFF, 0x84, 0x09, 0xF7, 0xFF, 0x09, 0xC2, 0x05, 0xFF, 0x84, 0x06, 0xF9, 0xFF,
    0x09, 0x70, 0x04, 0xFF, 0x86, 0xBF, 0x22, 0xFC, 0xFF, 0x09, 0x25, 0xFA, 0x03, 0xFF, 0x81, 0x5D,
    0x70, 0x02, 0xFF, 0x82, 0x09, 0x67, 0x92, 0x02, 0xFF, 0x82, 0xBF, 0x04, 0xD5, 0x02, 0xFF, 0x87,
    0x09, 0xD7, 0x05, 0x74, 0x78, 0x15, 0x50, 0xFC, 0x02, 0xFF, 0x86, 0x09, 0xF7, 0x7D, 0x02, 0x00,
    0x40, 0xD8, 0x06, 0xFF, 0x82, 0xAD, 0x99, 0xFB, 0x53, 0xFF, 0x71, 0xFF, 0x84, 0x9D, 0x46, 0x43,
    0x75, 0xFB, 0x03, 0xFF, 0x85, 0x4A, 0x00, 0x42, 0x13, 0x20, 0xD7, 0x02, 0xFF, 0x89, 0x29, 0x60,
    0xDA, 0xFF, 0x9C, 0x04, 0xF8, 0xFF, 0x2B, 0x92, 0x03, 0xFF, 0x84, 0xDF, 0x87, 0xFF, 0x5F, 0x80,
    0x05, 0xFF, 0x83, 0xFC, 0xAF, 0x40, 0xFD, 0x06, 0xFF, 0x81, 0x07, 0xF8, 0x06, 0xFF, 0x81, 0x5F,
    0xA0, 0x07, 0xFF, 0x81, 0x05, 0xFB, 0x06, 0xFF, 0x81, 0x5F, 0xB0, 0x07, 0xFF, 0x81, 0x06, 0xF9,
    0x06, 0xFF, 0x81, 0x9F, 0x60, 0x07, 0xFF, 0x81, 0x3C, 0xB2, 0x07, 0xFF, 0x81, 0x08, 0xC4, 0x04,
    0xFF, 0x84, 0x9B, 0xFF, 0xDF, 0x06, 0xA4, 0x02, 0xFF, 0x8A, 0xDF, 0x38, 0xF8, 0xFF, 0xDF, 0x06,
    0x50, 0x87, 0x68, 0x03, 0xB3, 0x03, 0xFF, 0x80, 0x59, 0x02, 0x00, 0x81, 0x30, 0xC7, 0x04, 0xFF,
    0x83, 0xCF, 0x9A, 0xB9, 0xFD, 0x45, 0xFF, 0x80, 0x0F, 0x11, 0xFF, 0x81, 0xDF, 0xDC, 0x08, 0xFF,
    0x81, 0x8F, 0x80, 0x08, 0xFF, 0x81, 0x8F, 0x80, 0x08, 0xFF, 0x81, 0x8F, 0x80, 0x08, 0xFF, 0x81,
    0x8F, 0x80, 0x08, 0xFF, 0x81, 0x8F, 0x80, 0x08, 0xFF, 0x81, 0x8F, 0x80, 0x08, 0xFF, 0x81, 0x8F,
    0x80, 0x08, 0xFF, 0x81, 0x8F, 0x80, 0x08, 0xFF, 0x81, 0x8F, 0x80, 0x08, 0xFF, 0x81, 0x8F, 0x80,
    0x08, 0xFF, 0x81, 0x8F, 0x80, 0x03, 0xFF, 0x86, 0xDF, 0x58, 0x34, 0x64, 0xFB, 0x8F, 0x80, 0x03,
    0xFF, 0x86, 0x3A, 0x00, 0x43, 0x03, 0x81, 0x8F, 0x80, 0x02, 0xFF, 0x87, 0x9F, 0x01, 0xA6, 0xFF,
    0xAF, 0x05, 0x88, 0x80, 0x02, 0xFF, 0x81, 0x2B, 0x91, 0x03, 0xFF, 0x82, 0x7F, 0x62, 0x80, 0x02,
    0xFF, 0x81, 0x05, 0xF7, 0x04, 0xFF, 0x85, 0x25, 0x80, 0xFF, 0xBF, 0x30, 0xFD, 0x04, 0xFF, 0x84,
    0x1B, 0x80, 0xFF, 0x9F, 0x60, 0x05, 0xFF, 0x84, 0x5F, 0x80, 0xFF, 0x7F, 0x80, 0x05, 0xFF, 0x84,
    0x7F, 0x80, 0xFF, 0x6F, 0x90, 0x05, 0xFF, 0x84, 0x7F, 0x80, 0xFF, 0x7F, 0x90, 0x05, 0xFF, 0x84,
    0x7F, 0x80, 0xFF, 0x8F, 0x70, 0x05, 0xFF, 0x84, 0x6F, 0x80, 0xFF, 0xAF, 0x50, 0x05, 0xFF, 0x85,
    0x3D, 0x80, 0xFF, 0xDF, 0x03, 0xFA, 0x04, 0xFF, 0x81, 0x08, 0x80, 0x02, 0xFF, 0x81, 0x08, 0xC4,
    0x03, 0xFF, 0x82, 0xBF, 0x42, 0x80, 0x02, 0xFF, 0x82, 0x5F, 0x40, 0xFA, 0x02, 0xFF, 0x82, 0x39,
    0x85, 0x80, 0x02, 0xFF, 0x87, 0xDF, 0x06, 0x50, 0x87, 0x57, 0x40, 0x8C, 0x80, 0x03, 0xFF, 0x86,
    0x9F, 0x04, 0x00, 0x20, 0xC6, 0x8F, 0x80, 0x04, 0xFF, 0x82, 0xBF, 0x99, 0xCA, 0x54, 0xFF, 0x77,
    0xFF, 0x84, 0xCF, 0x58, 0x34, 0x64, 0xF9, 0x04, 0xFF, 0x85, 0x39, 0x20, 0x54, 0x04, 0x50, 0xFC,
    0x02, 0xFF, 0x86, 0x9F, 0x31, 0xD8, 0xFF, 0xBF, 0x05, 0xC4, 0x02, 0xFF, 0x81, 0x2B, 0xB3, 0x03,
    0xFF, 0x81, 0x6F, 0x60, 0x02, 0xFF, 0x81, 0x05, 0xF9, 0x03, 0xFF, 0x84, 0xDF, 0x04, 0xFA, 0xCF,
    0x40, 0x05, 0xFF, 0x83, 0x08, 0xF7, 0x9F, 0x70, 0x05, 0xFF, 0x83, 0x0B, 0xF5, 0x7F, 0x60, 0x05,
    0x88, 0x82, 0x07, 0xF3, 0x7F, 0x07, 0x00, 0x82, 0xF3, 0x7F, 0x70, 0x06, 0xBB, 0x82, 0xFB, 0x8F,
    0x70, 0x07, 0xFF, 0x81, 0xAF, 0x50, 0x07, 0xFF, 0x82, 0xDF, 0x04, 0xFB, 0x04, 0xFF, 0x84, 0x7B,
    0xFC, 0xFF, 0x08, 0xD5, 0x03, 0xFF, 0x86, 0xCF, 0x04, 0xF8, 0xFF, 0x5D, 0x50, 0xFC, 0x02, 0xFF,
    0x81, 0x4B, 0x60, 0x02, 0xFF, 0x86, 0xCF, 0x05, 0x62, 0x88, 0x57, 0x00, 0xD6, 0x03, 0xFF, 0x84,
    0x8D, 0x03, 0x00, 0x10, 0xA5, 0x05, 0xFF, 0x82, 0xAD, 0x99, 0xCA, 0x4B, 0xFF, 0x08, 0xFF, 0x82,
    0xAD, 0x98, 0xFD, 0x02, 0xFF, 0x91, 0x3A, 0x00, 0x30, 0xFA, 0xFF, 0x3C, 0x50, 0x67, 0x70, 0xFF,
    0x8F, 0x60, 0xFF, 0x9F, 0xFD, 0xFF, 0x06, 0xFA, 0x03, 0xFF, 0x81, 0x5F, 0xB0, 0x04, 0xFF, 0x81,
    0x04, 0xFC, 0x03, 0xFF, 0x81, 0x4F, 0xC0, 0x04, 0xFF, 0x81, 0x04, 0xFC, 0x03, 0xFF, 0x81, 0x4F,
    0xC0, 0x04, 0xFF, 0x81, 0x04, 0xFC, 0x03, 0xFF, 0x81, 0x4F, 0xC0, 0x03, 0xFF, 0x85, 0x7A, 0x03,
    0x76, 0x77, 0xFA, 0x8F, 0x03, 0x00, 0x83, 0x90, 0xFF, 0xAC, 0x04, 0x02, 0xAA, 0x83, 0xFC, 0xFF,
    0x4F, 0xC0, 0x04, 0xFF, 0x81, 0x04, 0xFC, 0x03, 0xFF, 0x81, 0x4F, 0xC0, 0x04, 0xFF, 0x81, 0x04,
    0xFC, 0x03, 0xFF, 0x81, 0x4F, 0xC0, 0x04, 0xFF, 0x81, 0x04, 0xFC, 0x03, 0xFF, 0x81, 0x4F, 0xC0,
    0x04, 0xFF, 0x81, 0x04, 0xFC, 0x03, 0xFF, 0x81, 0x4F, 0xC0, 0x04, 0xFF, 0x81, 0x04, 0xFC, 0x03,
    0xFF, 0x81, 0x4F, 0xC0, 0x04, 0xFF, 0x81, 0x04, 0xFC, 0x03, 0xFF, 0x81, 0x4F, 0xC0, 0x04, 0xFF,
    0x81, 0x04, 0xFC, 0x33, 0xFF, 0x80, 0x0F, 0x7F, 0xFF, 0x05, 0xFF, 0x86, 0xDF, 0x58, 0x34, 0x64,
    0xFB, 0xAF, 0xA7, 0x03, 0xFF, 0x86, 0x3A, 0x00, 0x43, 0x03, 0x81, 0x8F, 0x80, 0x02, 0xFF, 0x87,
    0x9F, 0x01, 0xA6, 0xFF, 0xAF, 0x05, 0x88, 0x80, 0x02, 0xFF, 0x81, 0x2B, 0x91, 0x03, 0xFF, 0x82,
    0x7D, 0x62, 0x80, 0x02, 0xFF, 0x81, 0x05, 0xF7, 0x04, 0xFF, 0x85, 0x25, 0x80, 0xFF, 0xBF, 0x30,
    0xFD, 0x04, 0xFF, 0x84, 0x1B, 0x80, 0xFF, 0x9F, 0x60, 0x05, 0xFF, 0x84, 0x5F, 0x80, 0xFF, 0x7F,
    0x80, 0x05, 0xFF, 0x84, 0x7F, 0x80, 0xFF, 0x6F, 0x90, 0x05, 0xFF, 0x84, 0x7F, 0x80, 0xFF, 0x7F,
    0x90, 0x05, 0xFF, 0x84, 0x7F, 0x80, 0xFF, 0x8F, 0x70, 0x05, 0xFF, 0x84, 0x6F, 0x80, 0xFF, 0xAF,
    0x50, 0x05, 0xFF, 0x85, 0x3D, 0x80, 0xFF, 0xDF, 0x03, 0xFA, 0x04, 0xFF, 0x81, 0x08, 0x80, 0x02,
    0xFF, 0x81, 0x08, 0xC4, 0x03, 0xFF, 0x82, 0xAF, 0x42, 0x80, 0x02, 0xFF, 0x82, 0x5F, 0x40, 0xFA,
    0x02, 0xFF, 0x82, 0x39, 0x85, 0x80, 0x02, 0xFF, 0x87, 0xDF, 0x06, 0x50, 0x87, 0x57, 0x40, 0x8C,
    0x80, 0x03, 0xFF, 0x86, 0x9F, 0x04, 0x00, 0x20, 0xC6, 0x8F, 0x80, 0x04, 0xFF, 0x88, 0xBF, 0x99,
    0xCA, 0xFF, 0x7F, 0x80, 0xFF, 0xBF, 0x63, 0x05, 0xFF, 0x84, 0x6F, 0xA0, 0xFF, 0xCF, 0x40, 0x05,
    0xFF, 0x81, 0x4D, 0xC1, 0x02, 0xFF, 0x81, 0x04, 0xFA, 0x04, 0xFF, 0x81, 0x09, 0xF5, 0x02, 0xFF,
    0x81, 0x08, 0xC4, 0x03, 0xFF, 0x82, 0xBF, 0x03, 0xFA, 0x02, 0xFF, 0x82, 0x5D, 0x40, 0xFA, 0x02,
    0xFF, 0x81, 0x3A, 0x70, 0x03, 0xFF, 0x86, 0xCF, 0x05, 0x50, 0x77, 0x47, 0x00, 0xD7, 0x04, 0xFF,
    0x84, 0x9D, 0x04, 0x00, 0x20, 0xA5, 0x06, 0xFF, 0x82, 0xCF, 0xAA, 0xCA, 0x04, 0xFF, 0x0A, 0xFF,
    0x81, 0xCD, 0xFC, 0x07, 0xFF, 0x81, 0x0B, 0xF5, 0x07, 0xFF, 0x81, 0x0B, 0xF5, 0x07, 0xFF, 0x81,
    0x0B, 0xF5, 0x07, 0xFF, 0x81, 0x0B, 0xF5, 0x07, 0xFF, 0x81, 0x0B, 0xF5, 0x07, 0xFF, 0x81, 0x0B,
    0xF5, 0x07, 0xFF, 0x81, 0x0B, 0xF5, 0x07, 0xFF, 0x81, 0x0B, 0xF5, 0x07, 0xFF, 0x81, 0x0B, 0xF5,
    0x07, 0xFF, 0x81, 0x0B, 0xF5, 0x07, 0xFF, 0x81, 0x0B, 0xF5, 0x07, 0xFF, 0x85, 0x0B, 0xF5, 0x9F,
    0x45, 0x53, 0xD8, 0x03, 0xFF, 0x86, 0x0B, 0xD5, 0x06, 0x42, 0x03, 0x50, 0xFD, 0x02, 0xFF, 0x86,
    0x0B, 0x65, 0x94, 0xFD, 0xAF, 0x04, 0xF7, 0x02, 0xFF, 0x82, 0x0B, 0x43, 0xFC, 0x02, 0xFF, 0x81,
    0x1B, 0xD3, 0x02, 0xFF, 0x81, 0x0B, 0x90, 0x03, 0xFF, 0x81, 0x5F, 0xA0, 0x02, 0xFF, 0x81, 0x0B,
    0xF3, 0x03, 0xFF, 0x81, 0x6F, 0x90, 0x02, 0xFF, 0x81, 0x0B, 0xF5, 0x03, 0xFF, 0x81, 0x7F, 0x90,
    0x02, 0xFF, 0x81, 0x0B, 0xF5, 0x03, 0xFF, 0x81, 0x7F, 0x90, 0x02, 0xFF, 0x81, 0x0B, 0xF5, 0x03,
    0xFF, 0x81, 0x7F, 0x90, 0x02, 0xFF, 0x81, 0x0B, 0xF5, 0x03, 0xFF, 0x81, 0x7F, 0x90, 0x02, 0xFF,
    0x81, 0x0B, 0xF5, 0x03, 0xFF, 0x81, 0x7F, 0x90, 0x02, 0xFF, 0x81, 0x0B, 0xF5, 0x03, 0xFF, 0x81,
    0x7F, 0x90, 0x02, 0xFF, 0x81, 0x0B, 0xF5, 0x03, 0xFF, 0x81, 0x7F, 0x90, 0x02, 0xFF, 0x81, 0x0B,
    0xF5, 0x03, 0xFF, 0x81, 0x7F, 0x90, 0x02, 0xFF, 0x81, 0x0B, 0xF5, 0x03, 0xFF, 0x81, 0x7F, 0x90,
    0x02, 0xFF, 0x81, 0x0B, 0xF5, 0x03, 0xFF, 0x81, 0x7F, 0x90, 0x02, 0xFF, 0x81, 0x0B, 0xF5, 0x03,
    0xFF, 0x81, 0x7F, 0x90, 0x52, 0xFF, 0x11, 0xFF, 0x81, 0xBF, 0xD9, 0x02, 0xFF, 0x81, 0x2C, 0x80,
    0x02, 0xFF, 0x81, 0x3C, 0x90, 0x02, 0xFF, 0x81, 0xCF, 0xFA, 0x16, 0xFF, 0x81, 0x8F, 0xC7, 0x02,
    0xFF, 0x81, 0x5F, 0xC0, 0x02, 0xFF, 0x81, 0x5F, 0xC0, 0x02, 0xFF, 0x81, 0x5F, 0xC0, 0x02, 0xFF,
    0x81, 0x5F, 0xC0, 0x02, 0xFF, 0x81, 0x5F, 0xC0, 0x02, 0xFF, 0x81, 0x5F, 0xC0, 0x02, 0xFF, 0x81,
    0x5F, 0xC0, 0x02, 0xFF, 0x81, 0x5F, 0xC0, 0x02, 0xFF, 0x81, 0x5F, 0xC0, 0x02, 0xFF, 0x81, 0x5F,
    0xC0, 0x02, 0xFF, 0x81, 0x5F, 0xC0, 0x02, 0xFF, 0x81, 0x5F, 0xC0, 0x02, 0xFF, 0x81, 0x5F, 0xC0,
    0x02, 0xFF, 0x81, 0x5F, 0xC0, 0x02, 0xFF, 0x81, 0x5F, 0xC0, 0x02, 0xFF, 0x81, 0x5F, 0xC0, 0x25,
    0xFF, 0x12, 0xFF, 0x81, 0xDF, 0xB9, 0x02, 0xFF, 0x81, 0x7F, 0x30, 0x02, 0xFF, 0x81, 0x8F, 0x40,
    0x03, 0xFF, 0x80, 0xCA, 0x16, 0xFF, 0x81, 0xCF, 0x87, 0x02, 0xFF, 0x81, 0xBF, 0x50, 0x02, 0xFF,
    0x81, 0xBF, 0x50, 0x02, 0xFF, 0x81, 0xBF, 0x50, 0x02, 0xFF, 0x81, 0xBF, 0x50, 0x02, 0xFF, 0x81,
    0xBF, 0x50, 0x02, 0xFF, 0x81, 0xBF, 0x50, 0x02, 0xFF, 0x81, 0xBF, 0x50, 0x02, 0xFF, 0x81, 0xBF,
    0x50, 0x02, 0xFF, 0x81, 0xBF, 0x50, 0x02, 0xFF, 0x81, 0xBF, 0x50, 0x02, 0xFF, 0x81, 0xBF, 0x50,
    0x02, 0xFF, 0x81, 0xBF, 0x50, 0x02, 0xFF, 0x81, 0xBF, 0x50, 0x02, 0xFF, 0x81, 0xBF, 0x50, 0x02,
    0xFF, 0x81, 0xBF, 0x50, 0x02, 0xFF, 0x81, 0xBF, 0x50, 0x02, 0xFF, 0x81, 0xBF, 0x50, 0x02, 0xFF,
    0x81, 0xBF, 0x50, 0x02, 0xFF, 0x81, 0xBF, 0x50, 0x02, 0xFF, 0x90, 0xAF, 0x60, 0xDF, 0xFF, 0x8F,
    0x70, 0x5A, 0xFB, 0x3A, 0xB0, 0x06, 0x20, 0x00, 0xF7, 0x8D, 0x34, 0x85, 0x05, 0xFF, 0x08, 0xFF,
    0x81, 0xDF, 0xDC, 0x06, 0xFF, 0x81, 0x09, 0xF7, 0x05, 0xFF, 0x81, 0x9F, 0x70, 0x06, 0xFF, 0x81,
    0x09, 0xF7, 0x05, 0xFF, 0x81, 0x9F, 0x70, 0x06, 0xFF, 0x81, 0x09, 0xF7, 0x05, 0xFF, 0x81, 0x9F,
    0x70, 0x06, 0xFF, 0x81, 0x09, 0xF7, 0x05, 0xFF, 0x81, 0x9F, 0x70, 0x06, 0xFF, 0x81, 0x09, 0xF7,
    0x05, 0xFF, 0x81, 0x9F, 0x70, 0x06, 0xFF, 0x81, 0x09, 0xF7, 0x05, 0xFF, 0x81, 0x9F, 0x70, 0x03,
    0xFF, 0x8F, 0x78, 0xF8, 0xFF, 0x09, 0xF7, 0xFF, 0xDF, 0x07, 0xC5, 0xFF, 0x9F, 0x70, 0xFF, 0xDF,
    0x06, 0xD6, 0x02, 0xFF, 0x84, 0x09, 0xF7, 0xCF, 0x05, 0xD7, 0x02, 0xFF, 0x84, 0x9F, 0x70, 0xBF,
    0x14, 0xF8, 0x03, 0xFF, 0x83, 0x09, 0xA7, 0x23, 0xF9, 0x03, 0xFF, 0x83, 0x9F, 0x50, 0x32, 0xFA,
    0x04, 0xFF, 0x82, 0x09, 0x00, 0xF7, 0x04, 0xFF, 0x83, 0x9F, 0x60, 0x13, 0xF9, 0x04, 0xFF, 0x83,
    0x09, 0xA7, 0x22, 0xFA, 0x03, 0xFF, 0x84, 0x9F, 0x70, 0x9F, 0x31, 0xFB, 0x03, 0xFF, 0x84, 0x09,
    0xF7, 0x8F, 0x40, 0xFC, 0x02, 0xFF, 0x85, 0x9F, 0x70, 0xFF, 0x7F, 0x50, 0xFD, 0x02, 0xFF, 0x84,
    0x09, 0xF7, 0xFF, 0x5D, 0x60, 0x02, 0xFF, 0x81, 0x9F, 0x70, 0x02, 0xFF, 0x81, 0x4D, 0x70, 0x02,
    0xFF, 0x81, 0x09, 0xF7, 0x02, 0xFF, 0x84, 0x4C, 0x80, 0xFF, 0x9F, 0x70, 0x03, 0xFF, 0x81, 0x3B,
    0x91, 0x43, 0xFF, 0x80, 0x0F, 0x05, 0xFF, 0x81, 0xCD, 0xFC, 0x02, 0xFF, 0x81, 0x0B, 0xF5, 0x02,
    0xFF, 0x81, 0x0B, 0xF5, 0x02, 0xFF, 0x81, 0x0B, 0xF5, 0x02, 0xFF, 0x81, 0x0B, 0xF5, 0x02, 0xFF,
    0x81, 0x0B, 0xF5, 0x02, 0xFF, 0x81, 0x0B, 0xF5, 0x02, 0xFF, 0x81, 0x0B, 0xF5, 0x02, 0xFF, 0x81,
    0x0B, 0xF5, 0x02, 0xFF, 0x81, 0x0B, 0xF5, 0x02, 0xFF, 0x81, 0x0B, 0xF5, 0x02, 0xFF, 0x81, 0x0B,
    0xF5, 0x02, 0xFF, 0x81, 0x0B, 0xF5, 0x02, 0xFF, 0x81, 0x0B, 0xF5, 0x02, 0xFF, 0x81, 0x0B, 0xF5,
    0x02, 0xFF, 0x81, 0x0B, 0xF5, 0x02, 0xFF, 0x81, 0x0B, 0xF5, 0x02, 0xFF, 0x81, 0x0B, 0xF5, 0x02,
    0xFF, 0x81, 0x0B, 0xF5, 0x02, 0xFF, 0x81, 0x0B, 0xF5, 0x02, 0xFF, 0x81, 0x0B, 0xF5, 0x02, 0xFF,
    0x81, 0x0B, 0xF5, 0x02, 0xFF, 0x81, 0x0B, 0xF5, 0x02, 0xFF, 0x81, 0x0B, 0xF5, 0x02, 0xFF, 0x81,
    0x0B, 0xF5, 0x02, 0xFF, 0x81, 0x0B, 0xF5, 0x02, 0xFF, 0x81, 0x0B, 0xF5, 0x02, 0xFF, 0x81, 0x0B,
    0xF5, 0x02, 0xFF, 0x81, 0x0B, 0xF5, 0x25, 0xFF, 0x7F, 0xFF, 0x31, 0xFF, 0x8A, 0xCF, 0x87, 0xDF,
    0x48, 0x43, 0xD7, 0xFF, 0xBF, 0x46, 0x53, 0xF9, 0x03, 0xFF, 0x8A, 0x0B, 0xC5, 0x05, 0x43, 0x00,
    0xD5, 0x8F, 0x21, 0x34, 0x00, 0xF7, 0x02, 0xFF, 0x8B, 0xBF, 0x50, 0x56, 0xFB, 0xBF, 0x05, 0xA7,
    0x72, 0xFC, 0x9F, 0x12, 0xFA, 0x02, 0xFF, 0x86, 0x0B, 0x54, 0xFD, 0xFF, 0xBF, 0x41, 0x84, 0x02,
    0xFF, 0x81, 0x7F, 0x70, 0x02, 0xFF, 0x82, 0xBF, 0x00, 0xFA, 0x02, 0xFF, 0x81, 0x5F, 0x40, 0x03,
    0xFF, 0x81, 0x0B, 0xF4, 0x02, 0xFF, 0x81, 0x0B, 0xF4, 0x03, 0xFF, 0x81, 0x06, 0xF7, 0x02, 0xFF,
    0x81, 0xDF, 0x32, 0x02, 0xFF, 0x81, 0xBF, 0x50, 0x03, 0xFF, 0x81, 0x7F, 0x90, 0x03, 0xFF, 0x81,
    0x3F, 0xF3, 0x02, 0xFF, 0x81, 0x0B, 0xF5, 0x03, 0xFF, 0x81, 0x07, 0xF9, 0x03, 0xFF, 0x80, 0x33,
    0x02, 0xFF, 0x81, 0xBF, 0x50, 0x03, 0xFF, 0x81, 0x7F, 0x90, 0x03, 0xFF, 0x81, 0x3F, 0xF3, 0x02,
    0xFF, 0x81, 0x0B, 0xF5, 0x03, 0xFF, 0x81, 0x07, 0xF9, 0x03, 0xFF, 0x80, 0x33, 0x02, 0xFF, 0x81,
    0xBF, 0x50, 0x03, 0xFF, 0x81, 0x7F, 0x90, 0x03, 0xFF, 0x81, 0x3F, 0xF3, 0x02, 0xFF, 0x81, 0x0B,
    0xF5, 0x03, 0xFF, 0x81, 0x07, 0xF9, 0x03, 0xFF, 0x80, 0x33, 0x02, 0xFF, 0x81, 0xBF, 0x50, 0x03,
    0xFF, 0x81, 0x7F, 0x90, 0x03, 0xFF, 0x81, 0x3F, 0xF3, 0x02, 0xFF, 0x81, 0x0B, 0xF5, 0x03, 0xFF,
    0x81, 0x07, 0xF9, 0x03, 0xFF, 0x80, 0x33, 0x02, 0xFF, 0x81, 0xBF, 0x50, 0x03, 0xFF, 0x81, 0x7F,
    0x90, 0x03, 0xFF, 0x81, 0x3F, 0xF3, 0x02, 0xFF, 0x81, 0x0B, 0xF5, 0x03, 0xFF, 0x81, 0x07, 0xF9,
    0x03, 0xFF, 0x80, 0x33, 0x02, 0xFF, 0x81, 0xBF, 0x50, 0x03, 0xFF, 0x81, 0x7F, 0x90, 0x03, 0xFF,
    0x81, 0x3F, 0xF3, 0x7A, 0xFF, 0x80, 0x0F, 0x76, 0xFF, 0x85, 0x7C, 0xF8, 0x9F, 0x45, 0x53, 0xD8,
    0x03, 0xFF, 0x86, 0x0B, 0xD5, 0x06, 0x42, 0x03, 0x50, 0xFD, 0x02, 0xFF, 0x86, 0x0B, 0x75, 0x94,
    0xFD, 0xAF, 0x04, 0xF7, 0x02, 0xFF, 0x82, 0x0B, 0x44, 0xFC, 0x02, 0xFF, 0x81, 0x0B, 0xD3, 0x02,
    0xFF, 0x81, 0x0B, 0xA0, 0x03, 0xFF, 0x81, 0x5F, 0xA0, 0x02, 0xFF, 0x81, 0x0B, 0xF3, 0x03, 0xFF,
    0x81, 0x6F, 0x90, 0x02, 0xFF, 0x81, 0x0B, 0xF5, 0x03, 0xFF, 0x81, 0x7F, 0x90, 0x02, 0xFF, 0x81,
    0x0B, 0xF5, 0x03, 0xFF, 0x81, 0x7F, 0x90, 0x02, 0xFF, 0x81, 0x0B, 0xF5, 0x03, 0xFF, 0x81, 0x7F,
    0x90, 0x02, 0xFF, 0x81, 0x0B, 0xF5, 0x03, 0xFF, 0x81, 0x7F, 0x90, 0x02, 0xFF, 0x81, 0x0B, 0xF5,
    0x03, 0xFF, 0x81, 0x7F, 0x90, 0x02, 0xFF, 0x81, 0x0B, 0xF5, 0x03, 0xFF, 0x81, 0x7F, 0x90, 0x02,
    0xFF, 0x81, 0x0B, 0xF5, 0x03, 0xFF, 0x81, 0x7F, 0x90, 0x02, 0xFF, 0x81, 0x0B, 0xF5, 0x03, 0xFF,
    0x81, 0x7F, 0x90, 0x02, 0xFF, 0x81, 0x0B, 0xF5, 0x03, 0xFF, 0x81, 0x7F, 0x90, 0x02, 0xFF, 0x81,
    0x0B, 0xF5, 0x03, 0xFF, 0x81, 0x7F, 0x90, 0x02, 0xFF, 0x81, 0x0B, 0xF5, 0x03, 0xFF, 0x81, 0x7F,
    0x90, 0x52, 0xFF, 0x7F, 0xFF, 0x06, 0xFF, 0x83, 0x6A, 0x34, 0x53, 0xB7, 0x05, 0xFF, 0x85, 0x5B,
    0x00, 0x42, 0x14, 0x00, 0xC6, 0x03, 0xFF, 0x87, 0xBF, 0x03, 0x95, 0xFD, 0xCF, 0x49, 0x40, 0xFC,
    0x02, 0xFF, 0x82, 0x3C, 0x70, 0xFD, 0x02, 0xFF, 0x82, 0xDF, 0x06, 0xD5, 0x02, 0xFF, 0x81, 0x06,
    0xF6, 0x04, 0xFF, 0x85, 0x4D, 0x80, 0xFF, 0xCF, 0x22, 0xFC, 0x04, 0xFF, 0x84, 0xAF, 0x40, 0xFF,
    0x9F, 0x60, 0x06, 0xFF, 0x83, 0x04, 0xFB, 0x7F, 0x80, 0x06, 0xFF, 0x83, 0x06, 0xF9, 0x6F, 0x90,
    0x06, 0xFF, 0x83, 0x07, 0xF8, 0x7F, 0x90, 0x06, 0xFF, 0x83, 0x07, 0xF9, 0x8F, 0x70, 0x06, 0xFF,
    0x83, 0x05, 0xFA, 0xBF, 0x40, 0x05, 0xFF, 0x85, 0xCF, 0x22, 0xFD, 0xFF, 0x04, 0xF9, 0x04, 0xFF,
    0x81, 0x7F, 0x60, 0x02, 0xFF, 0x81, 0x0A, 0xB3, 0x04, 0xFF, 0x81, 0x19, 0xC3, 0x02, 0xFF, 0x82,
    0x7F, 0x30, 0xF9, 0x02, 0xFF, 0x82, 0x8D, 0x12, 0xF9, 0x03, 0xFF, 0x85, 0x17, 0x40, 0x87, 0x68,
    0x03, 0x93, 0x04, 0xFF, 0x81, 0xAF, 0x15, 0x02, 0x00, 0x81, 0x62, 0xFC, 0x05, 0xFF, 0x83, 0xCF,
    0x9A, 0xA9, 0xFD, 0x53, 0xFF, 0x7F, 0xFF, 0x04, 0xFF, 0x86, 0x7B, 0xF9, 0xBF, 0x47, 0x43, 0x85,
    0xFC, 0x03, 0xFF, 0x86, 0x09, 0xF7, 0x29, 0x30, 0x34, 0x00, 0x93, 0x03, 0xFF, 0x87, 0x09, 0x97,
    0x51, 0xDA, 0xFF, 0x6B, 0x01, 0xF8, 0x02, 0xFF, 0x82, 0x09, 0x36, 0xD6, 0x03, 0xFF, 0x81, 0x29,
    0xA1, 0x02, 0xFF, 0x82, 0x09, 0x52, 0xFD, 0x03, 0xFF, 0x81, 0x8F, 0x40, 0x02, 0xFF, 0x81, 0x09,
    0xA0, 0x05, 0xFF, 0x84, 0x04, 0xFA, 0xFF, 0x09, 0xF4, 0x05, 0xFF, 0x84, 0x08, 0xF8, 0xFF, 0x09,
    0xF6, 0x05, 0xFF, 0x84, 0x0A, 0xF6, 0xFF, 0x09, 0xF7, 0x05, 0xFF, 0x84, 0x0A, 0xF6, 0xFF, 0x09,
    0xF6, 0x05, 0xFF, 0x84, 0x0A, 0xF6, 0xFF, 0x09, 0xF5, 0x05, 0xFF, 0x84, 0x09, 0xF7, 0xFF, 0x09,
    0xC2, 0x05, 0xFF, 0x84, 0x06, 0xF9, 0xFF, 0x09, 0x70, 0x04, 0xFF, 0x86, 0xBF, 0x22, 0xFC, 0xFF,
    0x09, 0x25, 0xFA, 0x03, 0xFF, 0x81, 0x5D, 0x70, 0x02, 0xFF, 0x82, 0x09, 0x67, 0x92, 0x02, 0xFF,
    0x82, 0xBF, 0x04, 0xD5, 0x02, 0xFF, 0x87, 0x09, 0xD7, 0x05, 0x74, 0x78, 0x15, 0x50, 0xFC, 0x02,
    0xFF, 0x86, 0x09, 0xF7, 0x7D, 0x02, 0x00, 0x40, 0xD8, 0x03, 0xFF, 0x85, 0x09, 0xF7, 0xFF, 0xAD,
    0x99, 0xFB, 0x04, 0xFF, 0x81, 0x09, 0xF7, 0x08, 0xFF, 0x81, 0x09, 0xF7, 0x08, 0xFF, 0x81, 0x09,
    0xF7, 0x08, 0xFF, 0x81, 0x09, 0xF7, 0x08, 0xFF, 0x81, 0x09, 0xF7, 0x08, 0xFF, 0x81, 0x09, 0xF7,
    0x08, 0xFF, 0x81, 0x39, 0xF7, 0x11, 0xFF, 0x7F, 0xFF, 0x05, 0xFF, 0x86, 0xDF, 0x58, 0x34, 0x64,
    0xFB, 0xAF, 0xA7, 0x03, 0xFF, 0x86, 0x3A, 0x00, 0x43, 0x03, 0x81, 0x8F, 0x80, 0x02, 0xFF, 0x87,
    0x9F, 0x01, 0xA6, 0xFF, 0xAF, 0x05, 0x88, 0x80, 0x02, 0xFF, 0x81, 0x2B, 0x91, 0x03, 0xFF, 0x82,
    0x7F, 0x62, 0x80, 0x02, 0xFF, 0x81, 0x05, 0xF7, 0x04, 0xFF, 0x85, 0x25, 0x80, 0xFF, 0xBF, 0x30,
    0xFD, 0x04, 0xFF, 0x84, 0x1B, 0x80, 0xFF, 0x9F, 0x60, 0x05, 0xFF, 0x84, 0x5F, 0x80, 0xFF, 0x7F,
    0x80, 0x05, 0xFF, 0x84, 0x7F, 0x80, 0xFF, 0x6F, 0x90, 0x05, 0xFF, 0x84, 0x7F, 0x80, 0xFF, 0x7F,
    0x90, 0x05, 0xFF, 0x84, 0x7F, 0x80, 0xFF, 0x8F, 0x70, 0x05, 0xFF, 0x84, 0x6F, 0x80, 0xFF, 0xAF,
    0x50, 0x05, 0xFF, 0x85, 0x3D, 0x80, 0xFF, 0xDF, 0x03, 0xFA, 0x04, 0xFF, 0x81, 0x08, 0x80, 0x02,
    0xFF, 0x81, 0x08, 0xC4, 0x03, 0xFF, 0x82, 0xBF, 0x42, 0x80, 0x02, 0xFF, 0x82, 0x5F, 0x40, 0xFA,
    0x02, 0xFF, 0x82, 0x39, 0x85, 0x80, 0x02, 0xFF, 0x87, 0xDF, 0x06, 0x50, 0x87, 0x57, 0x40, 0x8C,
    0x80, 0x03, 0xFF, 0x86, 0x9F, 0x04, 0x00, 0x20, 0xC6, 0x8F, 0x80, 0x04, 0xFF, 0x85, 0xBF, 0x99,
    0xCA, 0xFF, 0x8F, 0x80, 0x08, 0xFF, 0x81, 0x8F, 0x80, 0x08, 0xFF, 0x81, 0x8F, 0x80, 0x08, 0xFF,
    0x81, 0x8F, 0x80, 0x08, 0xFF, 0x81, 0x8F, 0x80, 0x08, 0xFF, 0x81, 0x8F, 0x80, 0x08, 0xFF, 0x81,
    0x8F, 0x80, 0x08, 0xFF, 0x81, 0x8F, 0x83, 0x0B, 0xFF, 0x4F, 0xFF, 0x93, 0x7C, 0xF8, 0x5A, 0x43,
    0xD8, 0xFF, 0x0B, 0x95, 0x31, 0x03, 0xC3, 0xFF, 0x0B, 0x34, 0xFA, 0xAF, 0xFA, 0xFF, 0x0B, 0x80,
    0x04, 0xFF, 0x81, 0x0B, 0xD2, 0x04, 0xFF, 0x81, 0x0B, 0xF4, 0x04, 0xFF, 0x81, 0x0B, 0xF5, 0x04,
    0xFF, 0x81, 0x0B, 0xF5, 0x04, 0xFF, 0x81, 0x0B, 0xF5, 0x04, 0xFF, 0x81, 0x0B, 0xF5, 0x04, 0xFF,
    0x81, 0x0B, 0xF5, 0x04, 0xFF, 0x81, 0x0B, 0xF5, 0x04, 0xFF, 0x81, 0x0B, 0xF5, 0x04, 0xFF, 0x81,
    0x0B, 0xF5, 0x04, 0xFF, 0x81, 0x0B, 0xF5, 0x04, 0xFF, 0x81, 0x0B, 0xF5, 0x04, 0xFF, 0x81, 0x0B,
    0xF5, 0x39, 0xFF, 0x63, 0xFF, 0x83, 0x9D, 0x46, 0x54, 0xC8, 0x03, 0xFF, 0x84, 0x5D, 0x20, 0x44,
    0x02, 0xA3, 0x02, 0xFF, 0x85, 0x8F, 0x60, 0xFC, 0xCF, 0x07, 0xB2, 0x02, 0xFF, 0x81, 0x05, 0xFC,
    0x02, 0xFF, 0x84, 0x08, 0xF7, 0xFF, 0x4F, 0xD2, 0x03, 0xFF, 0x80, 0xFA, 0x02, 0xFF, 0x81, 0x05,
    0xF9, 0x05, 0xFF, 0x82, 0xAF, 0x20, 0xD8, 0x05, 0xFF, 0x83, 0x8F, 0x02, 0x73, 0xFB, 0x04, 0xFF,
    0x83, 0xBF, 0x37, 0x00, 0xA5, 0x05, 0xFF, 0x82, 0x9D, 0x05, 0x81, 0x06, 0xFF, 0x81, 0x39, 0x90,
    0x06, 0xFF, 0x84, 0x09, 0xF5, 0xFF, 0x7C, 0xFD, 0x02, 0xFF, 0x84, 0xCF, 0x40, 0xFF, 0x7F, 0x70,
    0x03, 0xFF, 0x84, 0x0B, 0xF5, 0xFF, 0x3C, 0x91, 0x02, 0xFF, 0x81, 0x6D, 0x80, 0x02, 0xFF, 0x85,
    0x2A, 0x50, 0x87, 0x48, 0x50, 0xFD, 0x02, 0xFF, 0x80, 0x5B, 0x02, 0x00, 0x81, 0x62, 0xFC, 0x03,
    0xFF, 0x82, 0xCF, 0x99, 0xCA, 0x3E, 0xFF, 0x80, 0x0F, 0x1D, 0xFF, 0x81, 0x9F, 0xFA, 0x02, 0xFF,
    0x81, 0x2F, 0xF3, 0x02, 0xFF, 0x81, 0x2F, 0xF3, 0x02, 0xFF, 0x81, 0x2F, 0xF3, 0x02, 0xFF, 0x81,
    0x2F, 0xF3, 0x02, 0xFF, 0x87, 0x2F, 0xF3, 0xFF, 0x79, 0x17, 0x72, 0x97, 0x06, 0x02, 0x00, 0x87,
    0x60, 0xAB, 0x2A, 0xA3, 0xBA, 0xFF, 0x2F, 0xF3, 0x02, 0xFF, 0x81, 0x2F, 0xF3, 0x02, 0xFF, 0x81,
    0x2F, 0xF3, 0x02, 0xFF, 0x81, 0x2F, 0xF3, 0x02, 0xFF, 0x81, 0x2F, 0xF3, 0x02, 0xFF, 0x81, 0x2F,
    0xF3, 0x02, 0xFF, 0x81, 0x2F, 0xF3, 0x02, 0xFF, 0x81, 0x2F, 0xF3, 0x02, 0xFF, 0x81, 0x2F, 0xF3,
    0x02, 0xFF, 0x81, 0x2F, 0xF3, 0x02, 0xFF, 0x81, 0x2F, 0xF3, 0x02, 0xFF, 0x81, 0x2F, 0xF3, 0x02,
    0xFF, 0x81, 0x2F, 0xF3, 0x02, 0xFF, 0x81, 0x2F, 0xF3, 0x25, 0xFF, 0x76, 0xFF, 0x81, 0x7C, 0xF8,
    0x03, 0xFF, 0x81, 0x9F, 0xB7, 0x02, 0xFF, 0x81, 0x0B, 0xF5, 0x03, 0xFF, 0x81, 0x7F, 0x90, 0x02,
    0xFF, 0x81, 0x0B, 0xF5, 0x03, 0xFF, 0x81, 0x7F, 0x90, 0x02, 0xFF, 0x81, 0x0B, 0xF5, 0x03, 0xFF,
    0x81, 0x7F, 0x90, 0x02, 0xFF, 0x81, 0x0B, 0xF5, 0x03, 0xFF, 0x81, 0x7F, 0x90, 0x02, 0xFF, 0x81,
    0x0B, 0xF5, 0x03, 0xFF, 0x81, 0x7F, 0x90, 0x02, 0xFF, 0x81, 0x0B, 0xF5, 0x03, 0xFF, 0x81, 0x7F,
    0x90, 0x02, 0xFF, 0x81, 0x0B, 0xF5, 0x03, 0xFF, 0x81, 0x7F, 0x90, 0x02, 0xFF, 0x81, 0x0B, 0xF5,
    0x03, 0xFF, 0x81, 0x7F, 0x90, 0x02, 0xFF, 0x81, 0x0B, 0xF5, 0x03, 0xFF, 0x81, 0x7F, 0x90, 0x02,
    0xFF, 0x81, 0x0B, 0xF5, 0x03, 0xFF, 0x81, 0x7F, 0x90, 0x02, 0xFF, 0x81, 0x0B, 0xF5, 0x03, 0xFF,
    0x81, 0x6F, 0x90, 0x02, 0xFF, 0x81, 0x0C, 0xF4, 0x03, 0xFF, 0x81, 0x3D, 0x90, 0x02, 0xFF, 0x81,
    0x4F, 0xA0, 0x03, 0xFF, 0x81, 0x28, 0x90, 0x02, 0xFF, 0x86, 0x7F, 0x50, 0xFD, 0xFF, 0x9F, 0x63,
    0x90, 0x02, 0xFF, 0x86, 0xCF, 0x04, 0x74, 0x78, 0x15, 0x79, 0x90, 0x03, 0xFF, 0x80, 0x5B, 0x02,
    0x00, 0x82, 0xA4, 0x7F, 0x90, 0x04, 0xFF, 0x82, 0x9B, 0xA9, 0xFD, 0x4B, 0xFF, 0x68, 0xFF, 0x81,
    0x78, 0xFA, 0x04, 0xFF, 0x83, 0x8F, 0xB7, 0x08, 0xF5, 0x04, 0xFF, 0x83, 0x0B, 0xD3, 0x3D, 0xB1,
    0x04, 0xFF, 0x83, 0x07, 0xF7, 0x7F, 0x70, 0x03, 0xFF, 0x85, 0xDF, 0x23, 0xFC, 0xCF, 0x32, 0xFD,
    0x02, 0xFF, 0x81, 0x9F, 0x60, 0x02, 0xFF, 0x81, 0x06, 0xF9, 0x02, 0xFF, 0x81, 0x5F, 0xA0, 0x02,
    0xFF, 0x81, 0x0A, 0xF5, 0x02, 0xFF, 0x81, 0x0B, 0xF5, 0x02, 0xFF, 0x81, 0x5F, 0xB0, 0x02, 0xFF,
    0x81, 0x06, 0xF9, 0x02, 0xFF, 0x85, 0x9F, 0x70, 0xFF, 0xCF, 0x42, 0xFD, 0x02, 0xFF, 0x84, 0xDF,
    0x33, 0xFD, 0x8F, 0x80, 0x04, 0xFF, 0x83, 0x08, 0xF9, 0x4F, 0xC2, 0x04, 0xFF, 0x83, 0x2C, 0xF5,
    0x0A, 0xF6, 0x04, 0xFF, 0x83, 0x6F, 0xA0, 0x06, 0xFB, 0x04, 0xFF, 0x82, 0xBF, 0x60, 0x52, 0x06,
    0xFF, 0x81, 0x05, 0x90, 0x06, 0xFF, 0x81, 0x09, 0xD4, 0x06, 0xFF, 0x81, 0x4D, 0xF8, 0x06, 0xFF,
    0x81, 0x9F, 0xFC, 0x43, 0xFF, 0x7F, 0xFF, 0x16, 0xFF, 0x80, 0xCF, 0x06, 0xFF, 0x81, 0x79, 0xF9,
    0x03, 0xFF, 0x81, 0x6F, 0xFC, 0x03, 0xFF, 0x83, 0x7F, 0xC7, 0x0A, 0xF5, 0x03, 0xFF, 0x81, 0x1C,
    0xF9, 0x03, 0xFF, 0x83, 0x0B, 0xD3, 0x3D, 0xB0, 0x03, 0xFF, 0x81, 0x08, 0xF5, 0x03, 0xFF, 0x83,
    0x07, 0xF7, 0x7F, 0x80, 0x03, 0xFF, 0x81, 0x05, 0xB1, 0x03, 0xFF, 0x83, 0x04, 0xFB, 0xBF, 0x40,
    0x02, 0xFF, 0x82, 0xCF, 0x50, 0x70, 0x02, 0xFF, 0x81, 0xAF, 0x40, 0x02, 0xFF, 0x85, 0x04, 0xFB,
    0xFF, 0x8F, 0xB0, 0x44, 0x02, 0xFF, 0x81, 0x7F, 0x80, 0x02, 0xFF, 0x89, 0x08, 0xF7, 0xFF, 0x4F,
    0xF4, 0x08, 0xFA, 0xFF, 0x3D, 0xC2, 0x02, 0xFF, 0x89, 0x1C, 0xF4, 0xFF, 0x0B, 0xF7, 0x1C, 0xF6,
    0xFF, 0x0A, 0xF5, 0x02, 0xFF, 0x89, 0x5F, 0xA0, 0xFF, 0x07, 0xFB, 0x5F, 0xD3, 0xFF, 0x06, 0xF9,
    0x02, 0xFF, 0x89, 0x9F, 0x70, 0xFF, 0x54, 0xFF, 0x9F, 0x90, 0xDF, 0x33, 0xFD, 0x02, 0xFF, 0x88,
    0xDF, 0x33, 0xBD, 0x80, 0xFF, 0xDF, 0x53, 0x9F, 0x60, 0x04, 0xFF, 0x82, 0x06, 0x7A, 0xC2, 0x02,
    0xFF, 0x82, 0x16, 0x6C, 0xA0, 0x04, 0xFF, 0x82, 0x0A, 0x46, 0xF5, 0x02, 0xFF, 0x82, 0x0A, 0x28,
    0xF4, 0x04, 0xFF, 0x82, 0x4F, 0x02, 0xF9, 0x02, 0xFF, 0x82, 0x4F, 0x02, 0xF7, 0x04, 0xFF, 0x82,
    0x7F, 0x20, 0xFD, 0x02, 0xFF, 0x82, 0x8F, 0x00, 0xFB, 0x04, 0xFF, 0x81, 0xBF, 0x60, 0x03, 0xFF,
    0x81, 0xCF, 0x51, 0x06, 0xFF, 0x80, 0x95, 0x04, 0xFF, 0x80, 0x85, 0x06, 0xFF, 0x80, 0xD9, 0x04,
    0xFF, 0x80, 0xC9, 0x63, 0xFF, 0x61, 0xFF, 0x81, 0xBF, 0x77, 0x04, 0xFF, 0x83, 0x7B, 0xF8, 0x5D,
    0x80, 0x03, 0xFF, 0x84, 0x4D, 0x90, 0xFF, 0x3C, 0xB2, 0x02, 0xFF, 0x81, 0x7F, 0x70, 0x02, 0xFF,
    0x85, 0x09, 0xD4, 0xFF, 0x9F, 0x40, 0xFD, 0x02, 0xFF, 0x84, 0x06, 0xF7, 0xCF, 0x23, 0xFB, 0x02,
    0xFF, 0x84, 0xDF, 0x14, 0xFA, 0x06, 0xF8, 0x03, 0xFF, 0x83, 0xAF, 0x42, 0x08, 0xF5, 0x04, 0xFF,
    0x82, 0x8F, 0x00, 0xC3, 0x05, 0xFF, 0x81, 0x3D, 0x70, 0x05, 0xFF, 0x82, 0x7F, 0x00, 0xC3, 0x04,
    0xFF, 0x83, 0xAF, 0x41, 0x09, 0xD5, 0x03, 0xFF, 0x84, 0xCF, 0x24, 0xFB, 0x06, 0xF8, 0x03, 0xFF,
    0x84, 0x06, 0xF8, 0xCF, 0x24, 0xFA, 0x02, 0xFF, 0x88, 0x09, 0xD5, 0xFF, 0xAF, 0x41, 0xFC, 0xFF,
    0x3B, 0xB3, 0x02, 0xFF, 0x84, 0x7F, 0x60, 0xFF, 0x5D, 0x90, 0x03, 0xFF, 0x83, 0x4D, 0x90, 0x7F,
    0x60, 0x04, 0xFF, 0x81, 0x2B, 0xC3, 0x43, 0xFF, 0x80, 0x0F, 0x68, 0xFF, 0x81, 0x78, 0xFA, 0x04,
    0xFF, 0x83, 0x8F, 0xA7, 0x09, 0xF4, 0x04, 0xFF, 0x83, 0x2C, 0xC2, 0x3D, 0xA0, 0x04, 0xFF, 0x83,
    0x08, 0xF7, 0x7F, 0x60, 0x03, 0xFF, 0x85, 0xDF, 0x14, 0xFB, 0xCF, 0x12, 0xFB, 0x02, 0xFF, 0x81,
    0x9F, 0x60, 0x02, 0xFF, 0x81, 0x07, 0xF7, 0x02, 0xFF, 0x81, 0x5F, 0xA0, 0x02, 0xFF, 0x81, 0x1B,
    0xD3, 0x02, 0xFF, 0x81, 0x1B, 0xF4, 0x02, 0xFF, 0x81, 0x6F, 0x80, 0x02, 0xFF, 0x81, 0x07, 0xF9,
    0x02, 0xFF, 0x85, 0xAF, 0x40, 0xFF, 0xDF, 0x33, 0xFD, 0x03, 0xFF, 0x83, 0x05, 0xFA, 0x8F, 0x70,
    0x04, 0xFF, 0x83, 0x09, 0xF6, 0x4F, 0xC2, 0x04, 0xFF, 0x83, 0x4D, 0xC1, 0x0A, 0xF6, 0x04, 0xFF,
    0x83, 0x8F, 0x70, 0x06, 0xFB, 0x04, 0xFF, 0x82, 0xDF, 0x33, 0x52, 0x06, 0xFF, 0x81, 0x07, 0x90,
    0x06, 0xFF, 0x81, 0x09, 0xF4, 0x06, 0xFF, 0x81, 0x06, 0xF8, 0x05, 0xFF, 0x82, 0xBF, 0x31, 0xFD,
    0x05, 0xFF, 0x81, 0x7F, 0x70, 0x06, 0xFF, 0x81, 0x2C, 0xC2, 0x06, 0xFF, 0x81, 0x08, 0xF6, 0x05,
    0xFF, 0x82, 0xDF, 0x04, 0xFA, 0x05, 0xFF, 0x81, 0x9F, 0x50, 0x06, 0xFF, 0x81, 0x5F, 0x90, 0x06,
    0xFF, 0x81, 0x3B, 0xD4, 0x0D, 0xFF, 0x68, 0xFF, 0x80, 0xAF, 0x06, 0x77, 0x81, 0xC7, 0x8F, 0x06,
    0x00, 0x81, 0xF7, 0xCF, 0x04, 0xAA, 0x82, 0x7A, 0x50, 0xFD, 0x05, 0xFF, 0x81, 0x3B, 0xC3, 0x05,
    0xFF, 0x82, 0xDF, 0x15, 0xFA, 0x05, 0xFF, 0x81, 0x7F, 0x70, 0x06, 0xFF, 0x81, 0x09, 0xD5, 0x05,
    0xFF, 0x82, 0xBF, 0x42, 0xFC, 0x05, 0xFF, 0x81, 0x4D, 0xA2, 0x06, 0xFF, 0x81, 0x06, 0xF8, 0x05,
    0xFF, 0x81, 0x8F, 0x60, 0x06, 0xFF, 0x81, 0x2A, 0xC4, 0x05, 0xFF, 0x82, 0xCF, 0x24, 0xFB, 0x05,
    0xFF, 0x81, 0x5F, 0x90, 0x06, 0xFF, 0x81, 0x08, 0xF6, 0x05, 0xFF, 0x81, 0xAF, 0x01, 0x05, 0x55,
    0x81, 0xC5, 0x3C, 0x06, 0x00, 0x80, 0xC0, 0x48, 0xFF, 0x09, 0xFF, 0x81, 0xCC, 0xFD, 0x02, 0xFF,
    0x82, 0xAF, 0x04, 0xA0, 0x02, 0xFF, 0x83, 0xBF, 0x12, 0x76, 0xFB, 0x02, 0xFF, 0x81, 0x07, 0xF8,
    0x03, 0xFF, 0x81, 0x5F, 0xC0, 0x04, 0xFF, 0x80, 0x24, 0x04, 0xFF, 0x81, 0x3F, 0xF2, 0x04, 0xFF,
    0x80, 0x23, 0x04, 0xFF, 0x81, 0x3F, 0xF2, 0x04, 0xFF, 0x80, 0x23, 0x04, 0xFF, 0x81, 0x3F, 0xF2,
    0x04, 0xFF, 0x80, 0x23, 0x04, 0xFF, 0x81, 0x3F, 0xF2, 0x04, 0xFF, 0x80, 0x33, 0x04, 0xFF, 0x81,
    0x3F, 0xF4, 0x03, 0xFF, 0x81, 0xCF, 0x60, 0x04, 0xFF, 0x81, 0x08, 0xF9, 0x03, 0xFF, 0x81, 0x3A,
    0xD4, 0x03, 0xFF, 0x81, 0x5F, 0xB2, 0x04, 0xFF, 0x81, 0x29, 0xD5, 0x04, 0xFF, 0x81, 0x08, 0xF9,
    0x03, 0xFF, 0x81, 0xCF, 0x60, 0x04, 0xFF, 0x81, 0x3F, 0xF4, 0x04, 0xFF, 0x80, 0x33, 0x04, 0xFF,
    0x81, 0x3F, 0xF2, 0x04, 0xFF, 0x80, 0x23, 0x04, 0xFF, 0x81, 0x3F, 0xF2, 0x04, 0xFF, 0x80, 0x23,
    0x04, 0xFF, 0x81, 0x3F, 0xF2, 0x04, 0xFF, 0x80, 0x23, 0x04, 0xFF, 0x81, 0x3F, 0xF2, 0x04, 0xFF,
    0x80, 0x24, 0x04, 0xFF, 0x81, 0x4F, 0xC0, 0x04, 0xFF, 0x81, 0x06, 0xF9, 0x03, 0xFF, 0x83, 0xBF,
    0x21, 0x87, 0xFC, 0x02, 0xFF, 0x82, 0x9F, 0x03, 0xA0, 0x03, 0xFF, 0x82, 0xDF, 0xAB, 0xFC, 0x05,
    0xFF, 0x80, 0x0F, 0x06, 0xFF, 0x81, 0xAC, 0xFC, 0x02, 0xFF, 0x81, 0x8F, 0x90, 0x03, 0xFF, 0x81,
    0x08, 0xF9, 0x02, 0xFF, 0x81, 0x8F, 0x90, 0x03, 0xFF, 0x81, 0x08, 0xF9, 0x02, 0xFF, 0x81, 0x8F,
    0x90, 0x03, 0xFF, 0x81, 0x08, 0xF9, 0x02, 0xFF, 0x81, 0x8F, 0x90, 0x03, 0xFF, 0x81, 0x08, 0xF9,
    0x02, 0xFF, 0x81, 0x8F, 0x90, 0x03, 0xFF, 0x81, 0x08, 0xF9, 0x02, 0xFF, 0x81, 0x8F, 0x90, 0x03,
    0xFF, 0x81, 0x08, 0xF9, 0x02, 0xFF, 0x81, 0x8F, 0x90, 0x03, 0xFF, 0x81, 0x08, 0xF9, 0x02, 0xFF,
    0x81, 0x8F, 0x90, 0x03, 0xFF, 0x81, 0x08, 0xF9, 0x02, 0xFF, 0x81, 0x8F, 0x90, 0x03, 0xFF, 0x81,
    0x08, 0xF9, 0x02, 0xFF, 0x81, 0x8F, 0x90, 0x03, 0xFF, 0x81, 0x08, 0xF9, 0x02, 0xFF, 0x81, 0x8F,
    0x90, 0x03, 0xFF, 0x81, 0x08, 0xF9, 0x02, 0xFF, 0x81, 0x8F, 0x90, 0x03, 0xFF, 0x81, 0x08, 0xF9,
    0x02, 0xFF, 0x81, 0x8F, 0x90, 0x03, 0xFF, 0x81, 0x08, 0xF9, 0x02, 0xFF, 0x81, 0x8F, 0x90, 0x03,
    0xFF, 0x81, 0x08, 0xF9, 0x02, 0xFF, 0x81, 0x8F, 0x90, 0x03, 0xFF, 0x81, 0x08, 0xF9, 0x02, 0xFF,
    0x81, 0x8F, 0x90, 0x03, 0xFF, 0x81, 0x08, 0xF9, 0x02, 0xFF, 0x81, 0x8F, 0x90, 0x03, 0xFF, 0x81,
    0x08, 0xF9, 0x02, 0xFF, 0x81, 0x8F, 0x90, 0x03, 0xFF, 0x81, 0x59, 0xFA, 0x05, 0xFF, 0x80, 0x0F,
    0x06, 0xFF, 0x81, 0xCD, 0xFC, 0x03, 0xFF, 0x82, 0x9F, 0x00, 0xA4, 0x03, 0xFF, 0x82, 0x7B, 0x15,
    0xC2, 0x04, 0xFF, 0x81, 0x08, 0xF7, 0x03, 0xFF, 0x81, 0xBF, 0x50, 0x04, 0xFF, 0x81, 0x0D, 0xF4,
    0x03, 0xFF, 0x81, 0xDF, 0x40, 0x04, 0xFF, 0x81, 0x0D, 0xF4, 0x03, 0xFF, 0x81, 0xDF, 0x40, 0x04,
    0xFF, 0x81, 0x0D, 0xF4, 0x03, 0xFF, 0x81, 0xDF, 0x40, 0x04, 0xFF, 0x81, 0x0D, 0xF4, 0x03, 0xFF,
    0x81, 0xDF, 0x40, 0x04, 0xFF, 0x81, 0x2F, 0xF4, 0x04, 0xFF, 0x80, 0x34, 0x04, 0xFF, 0x81, 0x6F,
    0xD1, 0x04, 0xFF, 0x81, 0x08, 0xF9, 0x03, 0xFF, 0x82, 0xCF, 0x34, 0xFA, 0x03, 0xFF, 0x81, 0xAF,
    0x51, 0x03, 0xFF, 0x82, 0xDF, 0x24, 0xF9, 0x03, 0xFF, 0x81, 0x09, 0xF8, 0x03, 0xFF, 0x81, 0x6F,
    0xC1, 0x04, 0xFF, 0x80, 0x34, 0x04, 0xFF, 0x81, 0x2F, 0xF4, 0x03, 0xFF, 0x81, 0xDF, 0x40, 0x04,
    0xFF, 0x81, 0x0D, 0xF4, 0x03, 0xFF, 0x81, 0xDF, 0x40, 0x04, 0xFF, 0x81, 0x0D, 0xF4, 0x03, 0xFF,
    0x81, 0xDF, 0x40, 0x04, 0xFF, 0x81, 0x0D, 0xF4, 0x03, 0xFF, 0x81, 0xDF, 0x40, 0x04, 0xFF, 0x81,
    0x0D, 0xF4, 0x03, 0xFF, 0x81, 0xCF, 0x50, 0x04, 0xFF, 0x81, 0x08, 0xF7, 0x02, 0xFF, 0x82, 0x8B,
    0x27, 0xB2, 0x02, 0xFF, 0x82, 0x9F, 0x00, 0x93, 0x03, 0xFF, 0x81, 0xAC, 0xDB, 0x08, 0xFF, 0x80,
    0x0F, 0x7F, 0xFF, 0x40, 0xFF, 0x82, 0x7B, 0x55, 0xD8, 0x03, 0xFF, 0x81, 0x79, 0xFC, 0x02, 0xFF,
    0x83, 0x2A, 0x20, 0x01, 0xA4, 0x02, 0xFF, 0x81, 0x6F, 0xA0, 0x02, 0xFF, 0x84, 0x3C, 0xA3, 0xCD,
    0x28, 0x92, 0x02, 0xFF, 0x84, 0x05, 0xFB, 0xFF, 0x9F, 0x80, 0x02, 0xFF, 0x84, 0x4B, 0x70, 0xDC,
    0x09, 0xF4, 0x02, 0xFF, 0x81, 0x07, 0xFA, 0x02, 0xFF, 0x83, 0x5C, 0x00, 0x02, 0xA2, 0x02, 0xFF,
    0x81, 0xAF, 0xB7, 0x03, 0xFF, 0x82, 0x9F, 0x45, 0xB6, 0x7F, 0xFF, 0x20, 0xFF, 0x80, 0x0F,
};
// clang-format on
