// Copyright 2026 QMK -- generated source code only, font retains original copyright
// SPDX-License-Identifier: GPL-2.0-or-later

// This file was auto-generated by `painter-convert-font-image` with arguments:
//    format         | mono16
//    unicode_glyphs | 
//    output         | dilemma screen
//    input          | jostbold36.png

// Font's metadata
// ---------------
// Glyphs:  , !, ", #, $, %, &, ', (, ), *, +, ,, -, ., /, 0, 1, 2, 3, 4, 5, 6, 7, 8, 9, :, ;, <, =, >, ?, @, A, B, C, D, E, F, G, H, I, J, K, L, M, N, O, P, Q, R, S, T, U, V, W, X, Y, Z, [, \, ], ^, _, `, a, b, c, d, e, f, g, h, i, j, k, l, m, n, o, p, q, r, s, t, u, v, w, x, y, z, {, |, }, ~

#include <qp.h>

const uint32_t font_jostbold36_length = 22167;

// clang-format off
const uint8_t font_jostbold36[22167] = {
    0x00, 0xFF, 0x14, 0x00, 0x00, 0x51, 0x46, 0x46, 0x01, 0x97, 0x56, 0x00, 0x00, 0x68, 0xA9, 0xFF,
    0xFF, 0x27, 0x01, 0x00, 0x00, 0x02, 0x00, 0x01, 0xFF, 0x01, 0xFE, 0x1D, 0x01, 0x00, 0x0B, 0x00,
    0x00, 0x0C, 0x01, 0x00, 0x93, 0x31, 0x00, 0x58, 0x55, 0x00, 0x16, 0x9B, 0x00, 0x21, 0xE9, 0x00,
    0x1B, 0x55, 0x01, 0x8B, 0xA5, 0x01, 0x4C, 0xBB, 0x01, 0x0C, 0xFC, 0x01, 0x55, 0x3B, 0x02, 0x18,
    0x64, 0x02, 0x8C, 0x92, 0x02, 0x88, 0xA6, 0x02, 0x0C, 0xAE, 0x02, 0x16, 0xBC, 0x02, 0xD8, 0xF6,
    0x02, 0xD2, 0x47, 0x03, 0x98, 0x7D, 0x03, 0x16, 0xBB, 0x03, 0x99, 0xFC, 0x03, 0x57, 0x39, 0x04,
    0x18, 0x78, 0x04, 0xD6, 0xBD, 0x04, 0x97, 0xEF, 0x04, 0x58, 0x3D, 0x05, 0x4C, 0x81, 0x05, 0xCE,
    0x9C, 0x05, 0x57, 0xBC, 0x05, 0x57, 0xE3, 0x05, 0xD7, 0xF5, 0x05, 0xD7, 0x1D, 0x06, 0xDC, 0x56,
    0x06, 0x1B, 0xAF, 0x06, 0x18, 0xF1, 0x06, 0xD9, 0x3B, 0x07, 0x5A, 0x7C, 0x07, 0x16, 0xCB, 0x07,
    0x14, 0x03, 0x08, 0x1D, 0x36, 0x08, 0xDC, 0x84, 0x08, 0x4C, 0xE3, 0x08, 0xCC, 0x17, 0x09, 0x1A,
    0x44, 0x09, 0x13, 0x9C, 0x09, 0x60, 0xCE, 0x09, 0x9D, 0x36, 0x0A, 0xDE, 0x99, 0x0A, 0x56, 0xEA,
    0x0A, 0xA0, 0x2A, 0x0B, 0xD8, 0x88, 0x0B, 0x97, 0xDB, 0x0B, 0x55, 0x1F, 0x0C, 0x99, 0x4F, 0x0C,
    0x1B, 0xAF, 0x0C, 0x67, 0xFB, 0x0C, 0x59, 0x74, 0x0D, 0xD8, 0xC1, 0x0D, 0xD6, 0xFE, 0x0D, 0x0D,
    0x30, 0x0E, 0x14, 0x6F, 0x0E, 0x0D, 0x9F, 0x0E, 0x12, 0xDE, 0x0E, 0x14, 0xF5, 0x0E, 0x0E, 0xFB,
    0x0E, 0xD3, 0x08, 0x0F, 0x56, 0x33, 0x0F, 0x92, 0x77, 0x0F, 0xD6, 0x9C, 0x0F, 0x55, 0xE7, 0x0F,
    0x8E, 0x13, 0x10, 0x56, 0x42, 0x10, 0x14, 0x8A, 0x10, 0xCA, 0xCE, 0x10, 0x0A, 0xF2, 0x10, 0x55,
    0x1B, 0x11, 0x8A, 0x63, 0x11, 0x1E, 0x8F, 0x11, 0x55, 0xDB, 0x11, 0x15, 0x12, 0x12, 0x16, 0x41,
    0x12, 0x56, 0x80, 0x12, 0x8F, 0xC3, 0x12, 0x50, 0xE3, 0x12, 0x0C, 0x09, 0x13, 0x95, 0x34, 0x13,
    0x94, 0x6C, 0x13, 0xDC, 0x98, 0x13, 0x94, 0xDA, 0x13, 0x14, 0x09, 0x14, 0xD3, 0x44, 0x14, 0x0E,
    0x65, 0x14, 0x4D, 0xAE, 0x14, 0x4E, 0xF8, 0x14, 0x55, 0x40, 0x15, 0x04, 0xFB, 0x57, 0x55, 0x00,
    0x7F, 0x00, 0x58, 0x00, 0x19, 0x00, 0x80, 0x31, 0x02, 0x33, 0x80, 0x23, 0x02, 0x00, 0x80, 0xF2,
    0x02, 0xFF, 0x80, 0x7F, 0x02, 0x00, 0x80, 0xF1, 0x02, 0xFF, 0x80, 0x6F, 0x02, 0x00, 0x80, 0xF0,
    0x02, 0xFF, 0x80, 0x5F, 0x02, 0x00, 0x80, 0xE0, 0x02, 0xFF, 0x80, 0x4F, 0x02, 0x00, 0x80, 0xD0,
    0x02, 0xFF, 0x80, 0x3F, 0x02, 0x00, 0x80, 0xC0, 0x02, 0xFF, 0x80, 0x2F, 0x02, 0x00, 0x80, 0xB0,
    0x02, 0xFF, 0x80, 0x1F, 0x02, 0x00, 0x80, 0xA0, 0x02, 0xFF, 0x80, 0x0F, 0x02, 0x00, 0x80, 0x90,
    0x02, 0xFF, 0x80, 0x0E, 0x02, 0x00, 0x80, 0x80, 0x02, 0xFF, 0x80, 0x0D, 0x02, 0x00, 0x80, 0x70,
    0x02, 0xFF, 0x80, 0x0C, 0x02, 0x00, 0x80, 0x60, 0x02, 0xFF, 0x80, 0x0B, 0x02, 0x00, 0x80, 0x40,
    0x02, 0xFF, 0x80, 0x0A, 0x02, 0x00, 0x80, 0x30, 0x02, 0xFF, 0x80, 0x09, 0x02, 0x00, 0x80, 0x20,
    0x02, 0xFF, 0x80, 0x08, 0x02, 0x00, 0x80, 0x10, 0x02, 0xFF, 0x80, 0x07, 0x03, 0x00, 0x02, 0xAA,
    0x80, 0x04, 0x0F, 0x00, 0x81, 0x40, 0x25, 0x03, 0x00, 0x83, 0x30, 0xFE, 0xFF, 0x08, 0x02, 0x00,
    0x80, 0xD0, 0x02, 0xFF, 0x80, 0x4F, 0x02, 0x00, 0x80, 0xF2, 0x02, 0xFF, 0x80, 0x8F, 0x02, 0x00,
    0x80, 0xF1, 0x02, 0xFF, 0x80, 0x7F, 0x02, 0x00, 0x80, 0xA0, 0x02, 0xFF, 0x80, 0x2E, 0x03, 0x00,
    0x82, 0xC7, 0xAD, 0x02, 0x31, 0x00, 0x27, 0x00, 0x80, 0x10, 0x02, 0x33, 0x81, 0x23, 0x20, 0x02,
    0x33, 0x80, 0x03, 0x02, 0x00, 0x80, 0xF5, 0x02, 0xFF, 0x83, 0x05, 0xFB, 0xFF, 0xEF, 0x02, 0x00,
    0x80, 0x70, 0x02, 0xFF, 0x81, 0x1E, 0xD0, 0x02, 0xFF, 0x80, 0x09, 0x02, 0x00, 0x83, 0xF9, 0xFF,
    0xAF, 0x00, 0x02, 0xFF, 0x80, 0x4F, 0x02, 0x00, 0x80, 0xB0, 0x02, 0xFF, 0x83, 0x05, 0xF2, 0xFF,
    0xEF, 0x03, 0x00, 0x83, 0xFD, 0xFF, 0x1E, 0x40, 0x02, 0xFF, 0x80, 0x09, 0x02, 0x00, 0x86, 0xF0,
    0xFF, 0xAF, 0x00, 0xF6, 0xFF, 0x4F, 0x02, 0x00, 0x80, 0x20, 0x02, 0xFF, 0x83, 0x05, 0x80, 0xFF,
    0xEF, 0x03, 0x00, 0x86, 0xF4, 0xFF, 0x1F, 0x00, 0xFA, 0xFF, 0x09, 0x02, 0x00, 0x86, 0x60, 0xFF,
    0xAF, 0x00, 0xC0, 0xFF, 0x4F, 0x03, 0x00, 0x85, 0xF8, 0xFF, 0x05, 0x00, 0xFE, 0xEF, 0x03, 0x00,
    0x86, 0xA0, 0xFF, 0x1F, 0x00, 0xF1, 0xFF, 0x09, 0x03, 0x00, 0x85, 0x43, 0x34, 0x00, 0x10, 0x44,
    0x24, 0x7F, 0x00, 0x55, 0x00, 0x34, 0x00, 0x86, 0x32, 0x33, 0x03, 0x00, 0x30, 0x33, 0x23, 0x05,
    0x00, 0x86, 0xFC, 0xFF, 0x0E, 0x00, 0xF2, 0xFF, 0x9F, 0x04, 0x00, 0x80, 0x10, 0x02, 0xFF, 0x84,
    0x0A, 0x00, 0xF5, 0xFF, 0x6F, 0x04, 0x00, 0x80, 0x40, 0x02, 0xFF, 0x84, 0x07, 0x00, 0xF9, 0xFF,
    0x2F, 0x04, 0x00, 0x80, 0x80, 0x02, 0xFF, 0x84, 0x03, 0x00, 0xFD, 0xFF, 0x0D, 0x04, 0x00, 0x84,
    0xB0, 0xFF, 0xEF, 0x00, 0x10, 0x02, 0xFF, 0x80, 0x0A, 0x02, 0x00, 0x86, 0x31, 0x33, 0xF3, 0xFF,
    0xCF, 0x33, 0x73, 0x02, 0xFF, 0x83, 0x38, 0x02, 0x00, 0xF4, 0x09, 0xFF, 0x82, 0x0B, 0x00, 0xF4,
    0x09, 0xFF, 0x82, 0x0B, 0x00, 0xF4, 0x09, 0xFF, 0x82, 0x0B, 0x00, 0xF4, 0x03, 0xFF, 0x81, 0xEF,
    0xEE, 0x04, 0xFF, 0x83, 0x0B, 0x00, 0x31, 0x63, 0x02, 0xFF, 0x86, 0x04, 0x00, 0xF5, 0xFF, 0x5F,
    0x33, 0x02, 0x02, 0x00, 0x80, 0x70, 0x02, 0xFF, 0x84, 0x01, 0x00, 0xF8, 0xFF, 0x0E, 0x04, 0x00,
    0x82, 0xB0, 0xFF, 0xCF, 0x02, 0x00, 0x82, 0xFC, 0xFF, 0x0A, 0x04, 0x00, 0x84, 0xE0, 0xFF, 0x8F,
    0x00, 0x10, 0x02, 0xFF, 0x80, 0x07, 0x02, 0x00, 0x86, 0x60, 0x88, 0xF9, 0xFF, 0x8F, 0x55, 0x85,
    0x02, 0xFF, 0x83, 0x8A, 0x38, 0x00, 0xB0, 0x09, 0xFF, 0x82, 0x5F, 0x00, 0xB0, 0x09, 0xFF, 0x82,
    0x5F, 0x00, 0xB0, 0x09, 0xFF, 0x83, 0x5F, 0x00, 0x90, 0xDC, 0x02, 0xFF, 0x86, 0xCE, 0xCC, 0xFE,
    0xFF, 0xDF, 0xCC, 0x4C, 0x02, 0x00, 0x80, 0x60, 0x02, 0xFF, 0x84, 0x05, 0x00, 0xFB, 0xFF, 0x0F,
    0x04, 0x00, 0x80, 0xA0, 0x02, 0xFF, 0x84, 0x01, 0x00, 0xFE, 0xFF, 0x0B, 0x04, 0x00, 0x84, 0xD0,
    0xFF, 0xDF, 0x00, 0x30, 0x02, 0xFF, 0x80, 0x08, 0x04, 0x00, 0x84, 0xF2, 0xFF, 0x9F, 0x00, 0x70,
    0x02, 0xFF, 0x80, 0x04, 0x04, 0x00, 0x84, 0xF6, 0xFF, 0x5F, 0x00, 0xB0, 0x02, 0xFF, 0x80, 0x01,
    0x04, 0x00, 0x86, 0xF9, 0xFF, 0x2F, 0x00, 0xE0, 0xFF, 0xCF, 0x70, 0x00, 0x04, 0x00, 0x82, 0x40,
    0x77, 0x67, 0x08, 0x00, 0x82, 0x80, 0xFF, 0xDF, 0x08, 0x00, 0x82, 0x80, 0xFF, 0xCF, 0x08, 0x00,
    0x82, 0x70, 0xFF, 0xCF, 0x08, 0x00, 0x83, 0xA3, 0xFF, 0xDF, 0x04, 0x06, 0x00, 0x80, 0xD6, 0x03,
    0xFF, 0x81, 0xEF, 0x18, 0x04, 0x00, 0x80, 0xC1, 0x05, 0xFF, 0x81, 0xDF, 0x03, 0x02, 0x00, 0x81,
    0x10, 0xFD, 0x06, 0xFF, 0x80, 0x3E, 0x02, 0x00, 0x80, 0x90, 0x03, 0xFF, 0x80, 0xEF, 0x03, 0xFF,
    0x83, 0xDF, 0x01, 0x00, 0xF1, 0x02, 0xFF, 0x83, 0xAF, 0x02, 0x61, 0xFE, 0x02, 0xFF, 0x82, 0x08,
    0x00, 0xF4, 0x02, 0xFF, 0x80, 0x1F, 0x02, 0x00, 0x82, 0xE3, 0xFF, 0x7E, 0x02, 0x00, 0x80, 0xF5,
    0x02, 0xFF, 0x80, 0x0E, 0x02, 0x00, 0x82, 0x60, 0x9F, 0x01, 0x02, 0x00, 0x80, 0xF4, 0x02, 0xFF,
    0x80, 0x5F, 0x03, 0x00, 0x80, 0x03, 0x03, 0x00, 0x80, 0xE1, 0x03, 0xFF, 0x80, 0x18, 0x06, 0x00,
    0x80, 0x80, 0x04, 0xFF, 0x80, 0x5A, 0x05, 0x00, 0x81, 0x10, 0xFD, 0x04, 0xFF, 0x81, 0x8E, 0x01,
    0x04, 0x00, 0x80, 0xD2, 0x05, 0xFF, 0x80, 0x7E, 0x04, 0x00, 0x81, 0x10, 0xFA, 0x05, 0xFF, 0x80,
    0x1B, 0x04, 0x00, 0x81, 0x40, 0xFB, 0x04, 0xFF, 0x80, 0xAF, 0x05, 0x00, 0x81, 0x20, 0xD8, 0x04,
    0xFF, 0x80, 0x05, 0x06, 0x00, 0x80, 0xD5, 0x03, 0xFF, 0x80, 0x0B, 0x02, 0x00, 0x80, 0xB5, 0x03,
    0x00, 0x81, 0x10, 0xFD, 0x02, 0xFF, 0x84, 0x0F, 0x00, 0xA1, 0xFF, 0x07, 0x03, 0x00, 0x80, 0xF6,
    0x02, 0xFF, 0x84, 0x1F, 0x40, 0xFD, 0xFF, 0x5F, 0x03, 0x00, 0x80, 0xF5, 0x02, 0xFF, 0x81, 0x1F,
    0x80, 0x03, 0xFF, 0x80, 0x07, 0x02, 0x00, 0x80, 0xFC, 0x02, 0xFF, 0x82, 0x0E, 0x10, 0xFD, 0x02,
    0xFF, 0x82, 0xDF, 0x89, 0xD9, 0x03, 0xFF, 0x82, 0x0A, 0x00, 0xE3, 0x08, 0xFF, 0x83, 0x03, 0x00,
    0x30, 0xFD, 0x06, 0xFF, 0x80, 0x7F, 0x03, 0x00, 0x80, 0xA1, 0x05, 0xFF, 0x81, 0xEF, 0x06, 0x04,
    0x00, 0x81, 0x93, 0xFE, 0x02, 0xFF, 0x81, 0xDF, 0x18, 0x06, 0x00, 0x83, 0x80, 0xFF, 0xCF, 0x01,
    0x07, 0x00, 0x82, 0x70, 0xFF, 0xCF, 0x08, 0x00, 0x82, 0x80, 0xFF, 0xCF, 0x08, 0x00, 0x82, 0x80,
    0xFF, 0xDF, 0x3B, 0x00, 0x44, 0x00, 0x83, 0x92, 0xDC, 0xAC, 0x04, 0x05, 0x00, 0x80, 0x20, 0x02,
    0x33, 0x80, 0x03, 0x03, 0x00, 0x80, 0xF8, 0x03, 0xFF, 0x80, 0x1B, 0x04, 0x00, 0x83, 0x30, 0xFE,
    0xFF, 0x7F, 0x03, 0x00, 0x80, 0xF9, 0x04, 0xFF, 0x80, 0x1C, 0x03, 0x00, 0x83, 0x10, 0xFD, 0xFF,
    0xBF, 0x03, 0x00, 0x80, 0xF5, 0x05, 0xFF, 0x80, 0x09, 0x03, 0x00, 0x83, 0xFA, 0xFF, 0xDF, 0x01,
    0x02, 0x00, 0x80, 0xC0, 0x02, 0xFF, 0x81, 0x6A, 0xF8, 0x02, 0xFF, 0x80, 0x01, 0x02, 0x00, 0x80,
    0xF7, 0x02, 0xFF, 0x80, 0x03, 0x02, 0x00, 0x80, 0x10, 0x02, 0xFF, 0x84, 0x0A, 0x00, 0xF6, 0xFF,
    0x5F, 0x02, 0x00, 0x80, 0xF3, 0x02, 0xFF, 0x80, 0x06, 0x03, 0x00, 0x84, 0xF2, 0xFF, 0x5F, 0x00,
    0x10, 0x02, 0xFF, 0x82, 0x06, 0x00, 0xD1, 0x02, 0xFF, 0x80, 0x0A, 0x03, 0x00, 0x80, 0x20, 0x02,
    0xFF, 0x86, 0x06, 0x00, 0xF3, 0xFF, 0x6F, 0x00, 0xB0, 0x02, 0xFF, 0x80, 0x1D, 0x04, 0x00, 0x84,
    0xE0, 0xFF, 0xEF, 0x03, 0xB1, 0x02, 0xFF, 0x81, 0x03, 0x80, 0x02, 0xFF, 0x80, 0x2E, 0x05, 0x00,
    0x80, 0xF9, 0x02, 0xFF, 0x80, 0xFD, 0x02, 0xFF, 0x81, 0x0D, 0x40, 0x02, 0xFF, 0x80, 0x5F, 0x05,
    0x00, 0x81, 0x10, 0xFE, 0x04, 0xFF, 0x84, 0x4F, 0x20, 0xFE, 0xFF, 0x9F, 0x06, 0x00, 0x81, 0x40,
    0xFE, 0x03, 0xFF, 0x84, 0x6F, 0x00, 0xFC, 0xFF, 0xCF, 0x07, 0x00, 0x81, 0x20, 0xFA, 0x02, 0xFF,
    0x85, 0x4C, 0x00, 0xF9, 0xFF, 0xEF, 0x02, 0x08, 0x00, 0x84, 0x51, 0x56, 0x02, 0x00, 0xF5, 0x02,
    0xFF, 0x84, 0x04, 0x10, 0x95, 0x89, 0x15, 0x08, 0x00, 0x80, 0xE2, 0x02, 0xFF, 0x82, 0x08, 0x60,
    0xFE, 0x02, 0xFF, 0x80, 0x5E, 0x07, 0x00, 0x80, 0xD1, 0x02, 0xFF, 0x81, 0x0B, 0x80, 0x04, 0xFF,
    0x80, 0x7F, 0x06, 0x00, 0x80, 0xA0, 0x02, 0xFF, 0x81, 0x1D, 0x50, 0x05, 0xFF, 0x80, 0x4F, 0x05,
    0x00, 0x80, 0x60, 0x02, 0xFF, 0x85, 0x3F, 0x00, 0xFD, 0xFF, 0xCF, 0xD9, 0x02, 0xFF, 0x80, 0x0B,
    0x04, 0x00, 0x80, 0x30, 0x02, 0xFF, 0x86, 0x7F, 0x00, 0xF3, 0xFF, 0xAF, 0x00, 0xB0, 0x02, 0xFF,
    0x80, 0x01, 0x03, 0x00, 0x85, 0x10, 0xFD, 0xFF, 0xAF, 0x00, 0x50, 0x02, 0xFF, 0x84, 0x03, 0x00,
    0xF4, 0xFF, 0x3F, 0x04, 0x00, 0x89, 0xFB, 0xFF, 0xDF, 0x01, 0x00, 0xF5, 0xFF, 0x3F, 0x00, 0x40,
    0x02, 0xFF, 0x80, 0x03, 0x03, 0x00, 0x85, 0xF7, 0xFF, 0xEF, 0x03, 0x00, 0x30, 0x02, 0xFF, 0x84,
    0x0A, 0x00, 0xFB, 0xFF, 0x1F, 0x03, 0x00, 0x80, 0xF4, 0x02, 0xFF, 0x80, 0x06, 0x02, 0x00, 0x80,
    0xD0, 0x02, 0xFF, 0x83, 0x9C, 0xFD, 0xFF, 0xCF, 0x03, 0x00, 0x80, 0xE2, 0x02, 0xFF, 0x80, 0x09,
    0x03, 0x00, 0x80, 0xF5, 0x05, 0xFF, 0x80, 0x04, 0x02, 0x00, 0x80, 0xB0, 0x02, 0xFF, 0x80, 0x0C,
    0x04, 0x00, 0x80, 0xF9, 0x04, 0xFF, 0x80, 0x08, 0x02, 0x00, 0x80, 0x80, 0x02, 0xFF, 0x80, 0x2E,
    0x05, 0x00, 0x80, 0xE7, 0x02, 0xFF, 0x81, 0xEF, 0x06, 0x0C, 0x00, 0x83, 0x61, 0xA9, 0x69, 0x01,
    0x7F, 0x00, 0x07, 0x00, 0x3A, 0x00, 0x83, 0x61, 0xCA, 0xBC, 0x49, 0x09, 0x00, 0x80, 0xF8, 0x03,
    0xFF, 0x81, 0xBF, 0x02, 0x07, 0x00, 0x80, 0xFB, 0x04, 0xFF, 0x81, 0xEF, 0x02, 0x06, 0x00, 0x80,
    0xF8, 0x05, 0xFF, 0x80, 0xCF, 0x06, 0x00, 0x80, 0xF1, 0x02, 0xFF, 0x81, 0xAE, 0xD9, 0x02, 0xFF,
    0x80, 0x3F, 0x05, 0x00, 0x80, 0x50, 0x02, 0xFF, 0x82, 0x4F, 0x00, 0xC1, 0x02, 0xFF, 0x80, 0x07,
    0x05, 0x00, 0x82, 0xF7, 0xFF, 0xDF, 0x02, 0x00, 0x82, 0xF6, 0xFF, 0x8F, 0x05, 0x00, 0x80, 0x50,
    0x02, 0xFF, 0x82, 0x0E, 0x00, 0x80, 0x02, 0xFF, 0x80, 0x06, 0x05, 0x00, 0x80, 0xF1, 0x02, 0xFF,
    0x81, 0x07, 0x30, 0x02, 0xFF, 0x80, 0x2F, 0x06, 0x00, 0x80, 0xF8, 0x02, 0xFF, 0x83, 0x54, 0xFE,
    0xFF, 0x8F, 0x07, 0x00, 0x80, 0xFC, 0x04, 0xFF, 0x80, 0x9F, 0x07, 0x00, 0x81, 0x10, 0xFD, 0x03,
    0xFF, 0x80, 0x7F, 0x07, 0x00, 0x81, 0x10, 0xD6, 0x03, 0xFF, 0x80, 0x3D, 0x07, 0x00, 0x81, 0x40,
    0xFD, 0x03, 0xFF, 0x81, 0xDF, 0x01, 0x02, 0x00, 0x80, 0x01, 0x03, 0x00, 0x80, 0x70, 0x05, 0xFF,
    0x84, 0xCF, 0x01, 0x00, 0xA0, 0x2C, 0x02, 0x00, 0x80, 0x50, 0x03, 0xFF, 0x80, 0x79, 0x02, 0xFF,
    0x8B, 0xBF, 0x00, 0x60, 0xFF, 0x4E, 0x00, 0x10, 0xFE, 0xFF, 0xEF, 0x04, 0x60, 0x02, 0xFF, 0x81,
    0xAF, 0x30, 0x02, 0xFF, 0x82, 0x4F, 0x00, 0xF5, 0x02, 0xFF, 0x82, 0x06, 0x00, 0x80, 0x02, 0xFF,
    0x85, 0xAF, 0xFD, 0xFF, 0xCF, 0x00, 0x80, 0x02, 0xFF, 0x80, 0x2F, 0x02, 0x00, 0x80, 0x90, 0x04,
    0xFF, 0x83, 0xEF, 0x02, 0x00, 0xF8, 0x02, 0xFF, 0x80, 0x04, 0x02, 0x00, 0x80, 0xA0, 0x04, 0xFF,
    0x82, 0x04, 0x00, 0x70, 0x02, 0xFF, 0x80, 0xBF, 0x03, 0x00, 0x80, 0xE1, 0x03, 0xFF, 0x80, 0x05,
    0x02, 0x00, 0x80, 0xF3, 0x02, 0xFF, 0x83, 0xCF, 0x25, 0x42, 0xE9, 0x03, 0xFF, 0x80, 0x5F, 0x03,
    0x00, 0x80, 0xFB, 0x09, 0xFF, 0x80, 0x4F, 0x02, 0x00, 0x81, 0x20, 0xFE, 0x09, 0xFF, 0x80, 0x3E,
    0x02, 0x00, 0x81, 0x20, 0xFD, 0x05, 0xFF, 0x81, 0x6E, 0xE3, 0x02, 0xFF, 0x80, 0x2E, 0x03, 0x00,
    0x80, 0xD7, 0x03, 0xFF, 0x83, 0xCF, 0x16, 0x00, 0xF4, 0x02, 0xFF, 0x80, 0x2D, 0x03, 0x00, 0x83,
    0x20, 0x75, 0x67, 0x14, 0x73, 0x00, 0x17, 0x00, 0x80, 0x10, 0x02, 0x33, 0x80, 0x23, 0x02, 0x00,
    0x80, 0xF5, 0x02, 0xFF, 0x82, 0x05, 0x00, 0x70, 0x02, 0xFF, 0x80, 0x1E, 0x02, 0x00, 0x82, 0xF9,
    0xFF, 0xAF, 0x02, 0x00, 0x80, 0xB0, 0x02, 0xFF, 0x80, 0x05, 0x02, 0x00, 0x82, 0xFD, 0xFF, 0x1E,
    0x02, 0x00, 0x82, 0xF0, 0xFF, 0xAF, 0x02, 0x00, 0x80, 0x20, 0x02, 0xFF, 0x80, 0x05, 0x02, 0x00,
    0x82, 0xF4, 0xFF, 0x1F, 0x02, 0x00, 0x82, 0x60, 0xFF, 0xAF, 0x03, 0x00, 0x82, 0xF8, 0xFF, 0x05,
    0x02, 0x00, 0x82, 0xA0, 0xFF, 0x1F, 0x03, 0x00, 0x81, 0x43, 0x34, 0x7C, 0x00, 0x09, 0x00, 0x80,
    0x10, 0x02, 0x11, 0x03, 0x00, 0x82, 0xF8, 0xFF, 0x8F, 0x02, 0x00, 0x83, 0x10, 0xFE, 0xFF, 0x2F,
    0x02, 0x00, 0x80, 0x70, 0x02, 0xFF, 0x80, 0x0A, 0x02, 0x00, 0x80, 0xD0, 0x02, 0xFF, 0x80, 0x05,
    0x02, 0x00, 0x82, 0xF4, 0xFF, 0xEF, 0x03, 0x00, 0x82, 0xF9, 0xFF, 0xAF, 0x03, 0x00, 0x82, 0xFE,
    0xFF, 0x5F, 0x02, 0x00, 0x80, 0x30, 0x02, 0xFF, 0x80, 0x2F, 0x02, 0x00, 0x80, 0x70, 0x02, 0xFF,
    0x80, 0x0D, 0x02, 0x00, 0x80, 0xA0, 0x02, 0xFF, 0x80, 0x0A, 0x02, 0x00, 0x80, 0xD0, 0x02, 0xFF,
    0x80, 0x07, 0x02, 0x00, 0x80, 0xF1, 0x02, 0xFF, 0x80, 0x04, 0x02, 0x00, 0x80, 0xF3, 0x02, 0xFF,
    0x80, 0x02, 0x02, 0x00, 0x80, 0xF5, 0x02, 0xFF, 0x03, 0x00, 0x82, 0xF6, 0xFF, 0xEF, 0x03, 0x00,
    0x82, 0xF7, 0xFF, 0xDF, 0x03, 0x00, 0x82, 0xF8, 0xFF, 0xDF, 0x03, 0x00, 0x82, 0xF8, 0xFF, 0xCF,
    0x03, 0x00, 0x82, 0xF8, 0xFF, 0xCF, 0x03, 0x00, 0x82, 0xF7, 0xFF, 0xDF, 0x03, 0x00, 0x82, 0xF6,
    0xFF, 0xEF, 0x03, 0x00, 0x80, 0xF5, 0x02, 0xFF, 0x03, 0x00, 0x80, 0xF3, 0x02, 0xFF, 0x80, 0x02,
    0x02, 0x00, 0x80, 0xF1, 0x02, 0xFF, 0x80, 0x04, 0x02, 0x00, 0x80, 0xE0, 0x02, 0xFF, 0x80, 0x06,
    0x02, 0x00, 0x80, 0xB0, 0x02, 0xFF, 0x80, 0x09, 0x02, 0x00, 0x80, 0x70, 0x02, 0xFF, 0x80, 0x0D,
    0x02, 0x00, 0x80, 0x30, 0x02, 0xFF, 0x80, 0x1F, 0x03, 0x00, 0x82, 0xFE, 0xFF, 0x5F, 0x03, 0x00,
    0x82, 0xF9, 0xFF, 0xAF, 0x03, 0x00, 0x82, 0xF4, 0xFF, 0xEF, 0x03, 0x00, 0x80, 0xD0, 0x02, 0xFF,
    0x80, 0x04, 0x02, 0x00, 0x80, 0x70, 0x02, 0xFF, 0x80, 0x0A, 0x02, 0x00, 0x80, 0x10, 0x02, 0xFF,
    0x80, 0x1F, 0x03, 0x00, 0x82, 0xF8, 0xFF, 0x7F, 0x03, 0x00, 0x82, 0x31, 0x33, 0x23, 0x06, 0x00,
    0x06, 0x00, 0x03, 0x11, 0x03, 0x00, 0x82, 0xF4, 0xFF, 0xCF, 0x03, 0x00, 0x80, 0xC0, 0x02, 0xFF,
    0x80, 0x04, 0x02, 0x00, 0x80, 0x60, 0x02, 0xFF, 0x80, 0x0B, 0x02, 0x00, 0x80, 0x10, 0x02, 0xFF,
    0x80, 0x2F, 0x03, 0x00, 0x82, 0xFA, 0xFF, 0x8F, 0x03, 0x00, 0x82, 0xF5, 0xFF, 0xDF, 0x03, 0x00,
    0x80, 0xF1, 0x02, 0xFF, 0x80, 0x03, 0x02, 0x00, 0x80, 0xC0, 0x02, 0xFF, 0x80, 0x07, 0x02, 0x00,
    0x80, 0x80, 0x02, 0xFF, 0x80, 0x0B, 0x02, 0x00, 0x80, 0x50, 0x02, 0xFF, 0x80, 0x0E, 0x02, 0x00,
    0x80, 0x20, 0x02, 0xFF, 0x80, 0x2F, 0x03, 0x00, 0x02, 0xFF, 0x80, 0x5F, 0x03, 0x00, 0x82, 0xFD,
    0xFF, 0x7F, 0x03, 0x00, 0x82, 0xFB, 0xFF, 0x9F, 0x03, 0x00, 0x82, 0xFA, 0xFF, 0xBF, 0x03, 0x00,
    0x82, 0xF9, 0xFF, 0xCF, 0x03, 0x00, 0x82, 0xF8, 0xFF, 0xCF, 0x03, 0x00, 0x82, 0xF8, 0xFF, 0xCF,
    0x03, 0x00, 0x82, 0xF8, 0xFF, 0xCF, 0x03, 0x00, 0x82, 0xF9, 0xFF, 0xCF, 0x03, 0x00, 0x82, 0xFA,
    0xFF, 0xBF, 0x03, 0x00, 0x82, 0xFB, 0xFF, 0x9F, 0x03, 0x00, 0x82, 0xFD, 0xFF, 0x8F, 0x03, 0x00,
    0x02, 0xFF, 0x80, 0x5F, 0x02, 0x00, 0x80, 0x20, 0x02, 0xFF, 0x80, 0x3F, 0x02, 0x00, 0x80, 0x50,
    0x02, 0xFF, 0x80, 0x0E, 0x02, 0x00, 0x80, 0x80, 0x02, 0xFF, 0x80, 0x0B, 0x02, 0x00, 0x80, 0xC0,
    0x02, 0xFF, 0x80, 0x07, 0x02, 0x00, 0x80, 0xF1, 0x02, 0xFF, 0x80, 0x03, 0x02, 0x00, 0x82, 0xF5,
    0xFF, 0xDF, 0x03, 0x00, 0x82, 0xFA, 0xFF, 0x8F, 0x02, 0x00, 0x83, 0x10, 0xFE, 0xFF, 0x3F, 0x02,
    0x00, 0x80, 0x50, 0x02, 0xFF, 0x80, 0x0B, 0x02, 0x00, 0x80, 0xB0, 0x02, 0xFF, 0x80, 0x05, 0x02,
    0x00, 0x82, 0xF3, 0xFF, 0xCF, 0x03, 0x00, 0x82, 0x31, 0x33, 0x23, 0x09, 0x00, 0x2E, 0x00, 0x82,
    0x32, 0x33, 0x03, 0x07, 0x00, 0x80, 0xB0, 0x02, 0xFF, 0x80, 0x01, 0x07, 0x00, 0x82, 0xF9, 0xFF,
    0x0E, 0x07, 0x00, 0x82, 0x70, 0xFF, 0xCF, 0x05, 0x00, 0x92, 0x60, 0x03, 0x00, 0xF5, 0xFF, 0x0A,
    0x00, 0x71, 0x01, 0x00, 0x10, 0xFE, 0x3A, 0x30, 0xFF, 0x8F, 0x10, 0xE8, 0x5F, 0x02, 0x00, 0x85,
    0xF5, 0xFF, 0xBF, 0xF4, 0xFF, 0x97, 0x02, 0xFF, 0x82, 0x0A, 0x00, 0xA0, 0x07, 0xFF, 0x83, 0xEF,
    0x00, 0x10, 0xFE, 0x07, 0xFF, 0x84, 0x5F, 0x00, 0x20, 0x85, 0xDA, 0x03, 0xFF, 0x82, 0xEF, 0x9B,
    0x36, 0x04, 0x00, 0x80, 0x60, 0x02, 0xFF, 0x80, 0xBF, 0x06, 0x00, 0x80, 0x50, 0x03, 0xFF, 0x80,
    0x9F, 0x05, 0x00, 0x80, 0x50, 0x02, 0xFF, 0x82, 0xF8, 0xFF, 0x9F, 0x04, 0x00, 0x80, 0x40, 0x02,
    0xFF, 0x83, 0x0D, 0xF9, 0xFF, 0x8F, 0x03, 0x00, 0x87, 0x20, 0xFE, 0xFF, 0x5F, 0x10, 0xFE, 0xFF,
    0x6F, 0x03, 0x00, 0x86, 0x40, 0xFE, 0xCF, 0x00, 0x80, 0xFF, 0x8F, 0x04, 0x00, 0x85, 0x10, 0xFB,
    0x04, 0x00, 0xE1, 0x3D, 0x06, 0x00, 0x80, 0x05, 0x02, 0x00, 0x80, 0x14, 0x7F, 0x00, 0x37, 0x00,
    0x7C, 0x00, 0x80, 0x40, 0x02, 0x77, 0x80, 0x06, 0x08, 0x00, 0x80, 0xA0, 0x02, 0xFF, 0x80, 0x0E,
    0x08, 0x00, 0x80, 0xA0, 0x02, 0xFF, 0x80, 0x0E, 0x08, 0x00, 0x80, 0xA0, 0x02, 0xFF, 0x80, 0x0E,
    0x08, 0x00, 0x80, 0xA0, 0x02, 0xFF, 0x80, 0x0E, 0x08, 0x00, 0x80, 0xA0, 0x02, 0xFF, 0x80, 0x0E,
    0x08, 0x00, 0x80, 0xA0, 0x02, 0xFF, 0x80, 0x0E, 0x05, 0x00, 0x80, 0x53, 0x02, 0x55, 0x80, 0xC5,
    0x02, 0xFF, 0x80, 0x5F, 0x02, 0x55, 0x80, 0x45, 0x02, 0x00, 0x80, 0xFA, 0x08, 0xFF, 0x80, 0xEF,
    0x02, 0x00, 0x80, 0xFA, 0x08, 0xFF, 0x80, 0xEF, 0x02, 0x00, 0x80, 0xFA, 0x08, 0xFF, 0x80, 0xEF,
    0x02, 0x00, 0x80, 0xFA, 0x08, 0xFF, 0x80, 0xEF, 0x02, 0x00, 0x80, 0xE9, 0x02, 0xEE, 0x80, 0xFE,
    0x02, 0xFF, 0x80, 0xEF, 0x02, 0xEE, 0x80, 0xDE, 0x05, 0x00, 0x80, 0xA0, 0x02, 0xFF, 0x80, 0x0E,
    0x08, 0x00, 0x80, 0xA0, 0x02, 0xFF, 0x80, 0x0E, 0x08, 0x00, 0x80, 0xA0, 0x02, 0xFF, 0x80, 0x0E,
    0x08, 0x00, 0x80, 0xA0, 0x02, 0xFF, 0x80, 0x0E, 0x08, 0x00, 0x80, 0xA0, 0x02, 0xFF, 0x80, 0x0E,
    0x08, 0x00, 0x80, 0xA0, 0x02, 0xFF, 0x80, 0x0E, 0x08, 0x00, 0x80, 0xA0, 0x02, 0xFF, 0x80, 0x0E,
    0x08, 0x00, 0x80, 0x10, 0x02, 0x11, 0x80, 0x01, 0x64, 0x00, 0x7F, 0x00, 0x1F, 0x00, 0x82, 0xBB,
    0x48, 0x01, 0x02, 0x00, 0x80, 0x30, 0x02, 0xFF, 0x80, 0x8F, 0x02, 0x00, 0x80, 0x80, 0x02, 0xFF,
    0x80, 0x2F, 0x02, 0x00, 0x80, 0xD0, 0x02, 0xFF, 0x80, 0x09, 0x02, 0x00, 0x80, 0xF3, 0x02, 0xFF,
    0x80, 0x02, 0x02, 0x00, 0x82, 0xF8, 0xFF, 0x9F, 0x03, 0x00, 0x82, 0xFD, 0xFF, 0x2F, 0x02, 0x00,
    0x80, 0x30, 0x02, 0xFF, 0x80, 0x09, 0x02, 0x00, 0x80, 0x80, 0x02, 0xFF, 0x80, 0x02, 0x02, 0x00,
    0x82, 0x50, 0xDA, 0x9F, 0x05, 0x00, 0x80, 0x11, 0x0F, 0x00, 0x4C, 0x00, 0x80, 0xEB, 0x02, 0xEE,
    0x81, 0xBE, 0xFC, 0x02, 0xFF, 0x81, 0xCF, 0xFC, 0x02, 0xFF, 0x81, 0xCF, 0xFC, 0x02, 0xFF, 0x81,
    0xCF, 0xCA, 0x02, 0xCC, 0x80, 0xAC, 0x3C, 0x00, 0x7F, 0x00, 0x12, 0x00, 0x82, 0x10, 0xB8, 0x5A,
    0x03, 0x00, 0x80, 0xC1, 0x02, 0xFF, 0x80, 0x07, 0x02, 0x00, 0x80, 0xF6, 0x02, 0xFF, 0x80, 0x1F,
    0x02, 0x00, 0x80, 0xF9, 0x02, 0xFF, 0x80, 0x2F, 0x02, 0x00, 0x80, 0xF7, 0x02, 0xFF, 0x80, 0x1F,
    0x02, 0x00, 0x80, 0xD1, 0x02, 0xFF, 0x80, 0x08, 0x02, 0x00, 0x82, 0x10, 0xD9, 0x6C, 0x32, 0x00,
    0x34, 0x00, 0x02, 0x33, 0x80, 0x13, 0x07, 0x00, 0x80, 0x40, 0x02, 0xFF, 0x80, 0x1E, 0x07, 0x00,
    0x80, 0xB0, 0x02, 0xFF, 0x80, 0x07, 0x07, 0x00, 0x83, 0xF4, 0xFF, 0xEF, 0x01, 0x07, 0x00, 0x82,
    0xFB, 0xFF, 0x7F, 0x07, 0x00, 0x80, 0x40, 0x02, 0xFF, 0x80, 0x1E, 0x07, 0x00, 0x80, 0xC0, 0x02,
    0xFF, 0x80, 0x07, 0x07, 0x00, 0x83, 0xF4, 0xFF, 0xEF, 0x01, 0x07, 0x00, 0x82, 0xFC, 0xFF, 0x7F,
    0x07, 0x00, 0x80, 0x50, 0x02, 0xFF, 0x80, 0x1E, 0x07, 0x00, 0x80, 0xC0, 0x02, 0xFF, 0x80, 0x07,
    0x07, 0x00, 0x83, 0xF5, 0xFF, 0xEF, 0x01, 0x07, 0x00, 0x82, 0xFC, 0xFF, 0x7F, 0x07, 0x00, 0x80,
    0x50, 0x02, 0xFF, 0x80, 0x1E, 0x07, 0x00, 0x80, 0xD0, 0x02, 0xFF, 0x80, 0x07, 0x07, 0x00, 0x83,
    0xF5, 0xFF, 0xEF, 0x01, 0x07, 0x00, 0x82, 0xFD, 0xFF, 0x7F, 0x07, 0x00, 0x80, 0x60, 0x02, 0xFF,
    0x80, 0x1E, 0x07, 0x00, 0x80, 0xD0, 0x02, 0xFF, 0x80, 0x07, 0x07, 0x00, 0x83, 0xF6, 0xFF, 0xEF,
    0x01, 0x07, 0x00, 0x82, 0xFD, 0xFF, 0x7F, 0x07, 0x00, 0x80, 0x60, 0x02, 0xFF, 0x80, 0x1E, 0x07,
    0x00, 0x80, 0xD0, 0x02, 0xFF, 0x80, 0x07, 0x07, 0x00, 0x83, 0xF7, 0xFF, 0xEF, 0x01, 0x06, 0x00,
    0x83, 0x10, 0xFE, 0xFF, 0x7F, 0x07, 0x00, 0x80, 0x70, 0x02, 0xFF, 0x80, 0x1E, 0x07, 0x00, 0x80,
    0xE1, 0x02, 0xFF, 0x80, 0x07, 0x07, 0x00, 0x83, 0xF7, 0xFF, 0xEF, 0x01, 0x06, 0x00, 0x83, 0x10,
    0xFE, 0xFF, 0x6F, 0x07, 0x00, 0x80, 0x70, 0x02, 0xFF, 0x80, 0x0E, 0x07, 0x00, 0x80, 0xE1, 0x02,
    0xFF, 0x80, 0x06, 0x07, 0x00, 0x80, 0x62, 0x02, 0x66, 0x29, 0x00, 0x34, 0x00, 0x83, 0x62, 0xA9,
    0x8A, 0x26, 0x07, 0x00, 0x80, 0xA2, 0x04, 0xFF, 0x80, 0x2A, 0x05, 0x00, 0x80, 0x60, 0x05, 0xFF,
    0x81, 0xEF, 0x05, 0x04, 0x00, 0x80, 0xF6, 0x06, 0xFF, 0x80, 0x5F, 0x03, 0x00, 0x80, 0x30, 0x07,
    0xFF, 0x81, 0xEF, 0x02, 0x02, 0x00, 0x80, 0xC0, 0x03, 0xFF, 0x81, 0x9D, 0xE9, 0x03, 0xFF, 0x80,
    0x0A, 0x02, 0x00, 0x80, 0xF4, 0x02, 0xFF, 0x83, 0x8F, 0x00, 0x10, 0xFA, 0x02, 0xFF, 0x80, 0x2F,
    0x02, 0x00, 0x80, 0xFA, 0x02, 0xFF, 0x80, 0x0B, 0x02, 0x00, 0x80, 0xD0, 0x02, 0xFF, 0x80, 0x8F,
    0x02, 0x00, 0x80, 0xFE, 0x02, 0xFF, 0x80, 0x03, 0x02, 0x00, 0x80, 0x50, 0x02, 0xFF, 0x82, 0xCF,
    0x00, 0x30, 0x02, 0xFF, 0x80, 0xCF, 0x04, 0x00, 0x80, 0xFE, 0x02, 0xFF, 0x81, 0x01, 0x60, 0x02,
    0xFF, 0x80, 0x9F, 0x04, 0x00, 0x80, 0xFB, 0x02, 0xFF, 0x81, 0x03, 0x70, 0x02, 0xFF, 0x80, 0x6F,
    0x04, 0x00, 0x80, 0xF9, 0x02, 0xFF, 0x81, 0x05, 0x80, 0x02, 0xFF, 0x80, 0x5F, 0x04, 0x00, 0x80,
    0xF7, 0x02, 0xFF, 0x81, 0x06, 0x80, 0x02, 0xFF, 0x80, 0x5F, 0x04, 0x00, 0x80, 0xF7, 0x02, 0xFF,
    0x81, 0x06, 0x80, 0x02, 0xFF, 0x80, 0x5F, 0x04, 0x00, 0x80, 0xF8, 0x02, 0xFF, 0x81, 0x05, 0x70,
    0x02, 0xFF, 0x80, 0x7F, 0x04, 0x00, 0x80, 0xF9, 0x02, 0xFF, 0x81, 0x04, 0x50, 0x02, 0xFF, 0x80,
    0x9F, 0x04, 0x00, 0x80, 0xFC, 0x02, 0xFF, 0x81, 0x03, 0x30, 0x02, 0xFF, 0x80, 0xDF, 0x03, 0x00,
    0x80, 0x10, 0x03, 0xFF, 0x02, 0x00, 0x80, 0xFE, 0x02, 0xFF, 0x80, 0x04, 0x02, 0x00, 0x80, 0x60,
    0x02, 0xFF, 0x80, 0xCF, 0x02, 0x00, 0x80, 0xF9, 0x02, 0xFF, 0x80, 0x0C, 0x02, 0x00, 0x80, 0xE1,
    0x02, 0xFF, 0x80, 0x7F, 0x02, 0x00, 0x80, 0xF3, 0x02, 0xFF, 0x83, 0xBF, 0x01, 0x20, 0xFD, 0x02,
    0xFF, 0x80, 0x2F, 0x02, 0x00, 0x80, 0xA0, 0x03, 0xFF, 0x81, 0xCF, 0xFC, 0x03, 0xFF, 0x80, 0x09,
    0x02, 0x00, 0x81, 0x20, 0xFE, 0x06, 0xFF, 0x81, 0xDF, 0x01, 0x03, 0x00, 0x80, 0xF4, 0x06, 0xFF,
    0x80, 0x3E, 0x04, 0x00, 0x81, 0x30, 0xFD, 0x04, 0xFF, 0x81, 0xDF, 0x03, 0x05, 0x00, 0x81, 0x71,
    0xFE, 0x02, 0xFF, 0x81, 0xDF, 0x17, 0x07, 0x00, 0x83, 0x30, 0x76, 0x57, 0x03, 0x64, 0x00, 0x29,
    0x00, 0x82, 0x10, 0x74, 0x05, 0x04, 0x00, 0x84, 0x41, 0xA7, 0xFD, 0xFF, 0x08, 0x02, 0x00, 0x81,
    0x72, 0xDA, 0x04, 0xFF, 0x80, 0x08, 0x02, 0x00, 0x80, 0xF8, 0x05, 0xFF, 0x80, 0x08, 0x02, 0x00,
    0x80, 0xF8, 0x05, 0xFF, 0x80, 0x08, 0x02, 0x00, 0x80, 0xF8, 0x05, 0xFF, 0x80, 0x08, 0x02, 0x00,
    0x83, 0xF8, 0xFF, 0xCF, 0xFB, 0x02, 0xFF, 0x80, 0x08, 0x02, 0x00, 0x83, 0xC8, 0x58, 0x01, 0xF5,
    0x02, 0xFF, 0x80, 0x08, 0x05, 0x00, 0x80, 0xF5, 0x02, 0xFF, 0x80, 0x08, 0x05, 0x00, 0x80, 0xF5,
    0x02, 0xFF, 0x80, 0x08, 0x05, 0x00, 0x80, 0xF5, 0x02, 0xFF, 0x80, 0x08, 0x05, 0x00, 0x80, 0xF5,
    0x02, 0xFF, 0x80, 0x08, 0x05, 0x00, 0x80, 0xF5, 0x02, 0xFF, 0x80, 0x08, 0x05, 0x00, 0x80, 0xF5,
    0x02, 0xFF, 0x80, 0x08, 0x05, 0x00, 0x80, 0xF5, 0x02, 0xFF, 0x80, 0x08, 0x05, 0x00, 0x80, 0xF5,
    0x02, 0xFF, 0x80, 0x08, 0x05, 0x00, 0x80, 0xF5, 0x02, 0xFF, 0x80, 0x08, 0x05, 0x00, 0x80, 0xF5,
    0x02, 0xFF, 0x80, 0x08, 0x05, 0x00, 0x80, 0xF5, 0x02, 0xFF, 0x80, 0x08, 0x05, 0x00, 0x80, 0xF5,
    0x02, 0xFF, 0x80, 0x08, 0x05, 0x00, 0x80, 0xF5, 0x02, 0xFF, 0x80, 0x08, 0x05, 0x00, 0x80, 0xF5,
    0x02, 0xFF, 0x80, 0x08, 0x05, 0x00, 0x80, 0xF5, 0x02, 0xFF, 0x80, 0x08, 0x05, 0x00, 0x80, 0xF5,
    0x02, 0xFF, 0x80, 0x08, 0x05, 0x00, 0x80, 0xF5, 0x02, 0xFF, 0x80, 0x08, 0x05, 0x00, 0x80, 0xF5,
    0x02, 0xFF, 0x80, 0x08, 0x52, 0x00, 0x34, 0x00, 0x83, 0x74, 0xA9, 0x9A, 0x37, 0x07, 0x00, 0x80,
    0xD6, 0x04, 0xFF, 0x80, 0x4C, 0x05, 0x00, 0x80, 0xB1, 0x06, 0xFF, 0x80, 0x09, 0x04, 0x00, 0x80,
    0xFC, 0x06, 0xFF, 0x80, 0x9F, 0x03, 0x00, 0x80, 0x80, 0x08, 0xFF, 0x80, 0x05, 0x02, 0x00, 0x80,
    0xF2, 0x03, 0xFF, 0x81, 0x8B, 0xE9, 0x03, 0xFF, 0x80, 0x0D, 0x02, 0x00, 0x80, 0xF7, 0x02, 0xFF,
    0x83, 0x4F, 0x00, 0x10, 0xFB, 0x02, 0xFF, 0x80, 0x3F, 0x02, 0x00, 0x80, 0xFB, 0x02, 0xFF, 0x80,
    0x07, 0x02, 0x00, 0x80, 0xF1, 0x02, 0xFF, 0x80, 0x6F, 0x02, 0x00, 0x80, 0xFE, 0x02, 0xFF, 0x80,
    0x02, 0x02, 0x00, 0x80, 0xD0, 0x02, 0xFF, 0x82, 0x7F, 0x00, 0x10, 0x02, 0xFF, 0x80, 0xEF, 0x03,
    0x00, 0x80, 0xD0, 0x02, 0xFF, 0x80, 0x6F, 0x02, 0x00, 0x03, 0x22, 0x03, 0x00, 0x80, 0xF3, 0x02,
    0xFF, 0x80, 0x2F, 0x08, 0x00, 0x80, 0xFA, 0x02, 0xFF, 0x80, 0x0B, 0x07, 0x00, 0x80, 0x60, 0x03,
    0xFF, 0x80, 0x03, 0x07, 0x00, 0x80, 0xF4, 0x02, 0xFF, 0x80, 0x7F, 0x07, 0x00, 0x81, 0x30, 0xFE,
    0x02, 0xFF, 0x80, 0x08, 0x07, 0x00, 0x80, 0xE3, 0x02, 0xFF, 0x80, 0x7F, 0x07, 0x00, 0x81, 0x30,
    0xFE, 0x02, 0xFF, 0x80, 0x06, 0x07, 0x00, 0x80, 0xE2, 0x02, 0xFF, 0x80, 0x4E, 0x07, 0x00, 0x84,
    0x20, 0xFD, 0xFF, 0xEF, 0x03, 0x07, 0x00, 0x80, 0xD2, 0x02, 0xFF, 0x80, 0x2D, 0x07, 0x00, 0x81,
    0x20, 0xFD, 0x02, 0xFF, 0x80, 0x9A, 0x04, 0x99, 0x80, 0x01, 0x02, 0x00, 0x80, 0xD1, 0x08, 0xFF,
    0x83, 0x01, 0x00, 0x10, 0xFC, 0x08, 0xFF, 0x82, 0x01, 0x00, 0xC1, 0x09, 0xFF, 0x82, 0x01, 0x10,
    0xFC, 0x09, 0xFF, 0x81, 0x01, 0xB1, 0x0A, 0xFF, 0x80, 0x01, 0x6C, 0x00, 0x30, 0x00, 0x83, 0x73,
    0xA9, 0x8A, 0x26, 0x06, 0x00, 0x80, 0xD5, 0x04, 0xFF, 0x80, 0x3B, 0x04, 0x00, 0x80, 0x90, 0x06,
    0xFF, 0x80, 0x06, 0x03, 0x00, 0x80, 0xF9, 0x06, 0xFF, 0x80, 0x5F, 0x02, 0x00, 0x80, 0x40, 0x07,
    0xFF, 0x80, 0xDF, 0x02, 0x00, 0x80, 0xB0, 0x02, 0xFF, 0x82, 0xDF, 0x36, 0xA4, 0x03, 0xFF, 0x82,
    0x05, 0x00, 0xF0, 0x02, 0xFF, 0x80, 0x1D, 0x02, 0x00, 0x80, 0xFB, 0x02, 0xFF, 0x82, 0x08, 0x00,
    0xF2, 0x02, 0xFF, 0x80, 0x07, 0x02, 0x00, 0x80, 0xF7, 0x02, 0xFF, 0x82, 0x08, 0x00, 0x31, 0x02,
    0x33, 0x80, 0x01, 0x02, 0x00, 0x80, 0xF9, 0x02, 0xFF, 0x80, 0x06, 0x06, 0x00, 0x80, 0x30, 0x03,
    0xFF, 0x80, 0x02, 0x05, 0x00, 0x81, 0x20, 0xE8, 0x02, 0xFF, 0x80, 0x7F, 0x05, 0x00, 0x80, 0x20,
    0x04, 0xFF, 0x80, 0x07, 0x05, 0x00, 0x80, 0x30, 0x03, 0xFF, 0x80, 0x2B, 0x06, 0x00, 0x80, 0x30,
    0x03, 0xFF, 0x81, 0xAF, 0x02, 0x05, 0x00, 0x80, 0x10, 0x04, 0xFF, 0x80, 0x5F, 0x06, 0x00, 0x81,
    0x10, 0xB5, 0x03, 0xFF, 0x80, 0x03, 0x07, 0x00, 0x80, 0xF8, 0x02, 0xFF, 0x80, 0x0C, 0x07, 0x00,
    0x80, 0xE0, 0x02, 0xFF, 0x81, 0x1F, 0x40, 0x02, 0xFF, 0x80, 0xBF, 0x03, 0x00, 0x80, 0xB0, 0x02,
    0xFF, 0x81, 0x4F, 0x20, 0x02, 0xFF, 0x81, 0xEF, 0x01, 0x02, 0x00, 0x80, 0xD0, 0x02, 0xFF, 0x82,
    0x4F, 0x00, 0xFD, 0x02, 0xFF, 0x80, 0x09, 0x02, 0x00, 0x80, 0xF6, 0x02, 0xFF, 0x82, 0x2F, 0x00,
    0xF7, 0x02, 0xFF, 0x82, 0xCF, 0x57, 0xA6, 0x03, 0xFF, 0x82, 0x0D, 0x00, 0xD1, 0x08, 0xFF, 0x83,
    0x06, 0x00, 0x30, 0xFE, 0x06, 0xFF, 0x80, 0xAF, 0x03, 0x00, 0x80, 0xD3, 0x06, 0xFF, 0x80, 0x09,
    0x03, 0x00, 0x81, 0x10, 0xE8, 0x04, 0xFF, 0x80, 0x3B, 0x06, 0x00, 0x83, 0x74, 0x98, 0x78, 0x14,
    0x5B, 0x00, 0x39, 0x00, 0x82, 0x30, 0x33, 0x23, 0x09, 0x00, 0x80, 0x60, 0x02, 0xFF, 0x80, 0x0A,
    0x08, 0x00, 0x83, 0x20, 0xFE, 0xFF, 0xAF, 0x09, 0x00, 0x80, 0xFC, 0x02, 0xFF, 0x80, 0x0A, 0x08,
    0x00, 0x80, 0xF7, 0x02, 0xFF, 0x80, 0xAF, 0x08, 0x00, 0x80, 0xF3, 0x03, 0xFF, 0x80, 0x0A, 0x07,
    0x00, 0x80, 0xD1, 0x03, 0xFF, 0x80, 0xAF, 0x07, 0x00, 0x80, 0x90, 0x04, 0xFF, 0x80, 0x0A, 0x06,
    0x00, 0x80, 0x50, 0x04, 0xFF, 0x80, 0xAF, 0x06, 0x00, 0x83, 0x10, 0xFE, 0xFF, 0xFE, 0x02, 0xFF,
    0x80, 0x0A, 0x06, 0x00, 0x82, 0xFB, 0xFF, 0x5F, 0x02, 0xFF, 0x80, 0xAF, 0x06, 0x00, 0x83, 0xF6,
    0xFF, 0xAF, 0xF0, 0x02, 0xFF, 0x80, 0x0A, 0x05, 0x00, 0x83, 0xF2, 0xFF, 0xDF, 0x01, 0x02, 0xFF,
    0x80, 0xAF, 0x05, 0x00, 0x80, 0xC0, 0x02, 0xFF, 0x81, 0x03, 0xF0, 0x02, 0xFF, 0x80, 0x0A, 0x04,
    0x00, 0x80, 0x80, 0x02, 0xFF, 0x81, 0x07, 0x00, 0x02, 0xFF, 0x80, 0xAF, 0x04, 0x00, 0x80, 0x40,
    0x02, 0xFF, 0x82, 0x0B, 0x00, 0xF0, 0x02, 0xFF, 0x80, 0x0A, 0x03, 0x00, 0x83, 0x10, 0xFD, 0xFF,
    0x2E, 0x02, 0x00, 0x02, 0xFF, 0x82, 0xDF, 0xAA, 0x6A, 0x02, 0x00, 0x82, 0xFA, 0xFF, 0xEF, 0x02,
    0xDD, 0x80, 0xFD, 0x04, 0xFF, 0x82, 0x09, 0x00, 0xF5, 0x09, 0xFF, 0x82, 0x9F, 0x00, 0xE2, 0x0A,
    0xFF, 0x81, 0x09, 0xC0, 0x0A, 0xFF, 0x81, 0x9F, 0x20, 0x06, 0x88, 0x80, 0xFD, 0x02, 0xFF, 0x82,
    0x8D, 0x88, 0x05, 0x06, 0x00, 0x80, 0xA0, 0x02, 0xFF, 0x80, 0xAF, 0x09, 0x00, 0x80, 0xFA, 0x02,
    0xFF, 0x80, 0x0A, 0x08, 0x00, 0x80, 0xA0, 0x02, 0xFF, 0x80, 0xAF, 0x09, 0x00, 0x80, 0xFA, 0x02,
    0xFF, 0x80, 0x0A, 0x73, 0x00, 0x31, 0x00, 0x80, 0x31, 0x06, 0x33, 0x80, 0x13, 0x03, 0x00, 0x80,
    0x70, 0x07, 0xFF, 0x80, 0x04, 0x03, 0x00, 0x80, 0xFB, 0x06, 0xFF, 0x80, 0x4F, 0x03, 0x00, 0x80,
    0xE0, 0x07, 0xFF, 0x80, 0x04, 0x02, 0x00, 0x80, 0x30, 0x07, 0xFF, 0x80, 0x4F, 0x03, 0x00, 0x80,
    0xF7, 0x07, 0xFF, 0x80, 0x04, 0x02, 0x00, 0x80, 0xA0, 0x02, 0xFF, 0x80, 0x2F, 0x04, 0x11, 0x80,
    0x01, 0x03, 0x00, 0x82, 0xFE, 0xFF, 0xAF, 0x08, 0x00, 0x80, 0xF3, 0x02, 0xFF, 0x80, 0x06, 0x07,
    0x00, 0x80, 0x60, 0x02, 0xFF, 0x83, 0x1F, 0x31, 0x44, 0x03, 0x05, 0x00, 0x83, 0xFA, 0xFF, 0xEF,
    0xFB, 0x02, 0xFF, 0x81, 0x8E, 0x01, 0x03, 0x00, 0x80, 0xD0, 0x06, 0xFF, 0x81, 0xDF, 0x02, 0x02,
    0x00, 0x80, 0x20, 0x07, 0xFF, 0x81, 0xEF, 0x02, 0x02, 0x00, 0x84, 0xF6, 0xFF, 0xDF, 0xCC, 0xFD,
    0x03, 0xFF, 0x80, 0xBF, 0x02, 0x00, 0x82, 0x90, 0x6C, 0x03, 0x02, 0x00, 0x80, 0x82, 0x03, 0xFF,
    0x80, 0x3F, 0x02, 0x00, 0x80, 0x02, 0x04, 0x00, 0x80, 0x60, 0x03, 0xFF, 0x80, 0x08, 0x07, 0x00,
    0x80, 0xE0, 0x02, 0xFF, 0x80, 0xAF, 0x08, 0x00, 0x80, 0xFD, 0x02, 0xFF, 0x83, 0x0C, 0x00, 0x40,
    0x05, 0x04, 0x00, 0x80, 0xF1, 0x02, 0xFF, 0x80, 0xBF, 0x02, 0x00, 0x81, 0xFB, 0x2A, 0x03, 0x00,
    0x80, 0xA0, 0x03, 0xFF, 0x87, 0x0A, 0x00, 0xF3, 0xFF, 0xAF, 0x25, 0x21, 0xC5, 0x03, 0xFF, 0x82,
    0x6F, 0x00, 0xA0, 0x08, 0xFF, 0x82, 0xEF, 0x01, 0x20, 0x09, 0xFF, 0x82, 0x07, 0x00, 0xD2, 0x08,
    0xFF, 0x80, 0x09, 0x02, 0x00, 0x81, 0x70, 0xFE, 0x06, 0xFF, 0x80, 0x07, 0x03, 0x00, 0x81, 0x10,
    0xB6, 0x04, 0xFF, 0x81, 0x8D, 0x02, 0x05, 0x00, 0x84, 0x10, 0x53, 0x77, 0x57, 0x02, 0x60, 0x00,
    0x36, 0x00, 0x04, 0x11, 0x07, 0x00, 0x80, 0x70, 0x03, 0xFF, 0x80, 0x3E, 0x07, 0x00, 0x80, 0xF4,
    0x03, 0xFF, 0x80, 0x04, 0x06, 0x00, 0x81, 0x20, 0xFE, 0x02, 0xFF, 0x80, 0x6F, 0x07, 0x00, 0x80,
    0xC1, 0x03, 0xFF, 0x80, 0x07, 0x07, 0x00, 0x80, 0xF9, 0x02, 0xFF, 0x80, 0x9F, 0x07, 0x00, 0x80,
    0x60, 0x03, 0xFF, 0x80, 0x0A, 0x07, 0x00, 0x80, 0xF3, 0x02, 0xFF, 0x81, 0xCF, 0x01, 0x06, 0x00,
    0x81, 0x10, 0xFD, 0x02, 0xFF, 0x80, 0x1D, 0x07, 0x00, 0x80, 0xB0, 0x03, 0xFF, 0x82, 0xFE, 0xEF,
    0x6B, 0x05, 0x00, 0x80, 0xF8, 0x06, 0xFF, 0x80, 0x3C, 0x03, 0x00, 0x80, 0x40, 0x07, 0xFF, 0x81,
    0xEF, 0x03, 0x02, 0x00, 0x80, 0xD0, 0x03, 0xFF, 0x81, 0xEF, 0xFD, 0x03, 0xFF, 0x80, 0x1D, 0x02,
    0x00, 0x80, 0xF6, 0x02, 0xFF, 0x83, 0xAF, 0x02, 0x20, 0xF9, 0x02, 0xFF, 0x80, 0x7F, 0x02, 0x00,
    0x80, 0xFC, 0x02, 0xFF, 0x80, 0x0A, 0x02, 0x00, 0x80, 0x90, 0x02, 0xFF, 0x82, 0xDF, 0x00, 0x10,
    0x03, 0xFF, 0x80, 0x02, 0x02, 0x00, 0x80, 0x10, 0x03, 0xFF, 0x81, 0x02, 0x20, 0x02, 0xFF, 0x80,
    0xDF, 0x04, 0x00, 0x80, 0xFC, 0x02, 0xFF, 0x81, 0x04, 0x30, 0x02, 0xFF, 0x80, 0xDF, 0x04, 0x00,
    0x80, 0xFB, 0x02, 0xFF, 0x81, 0x04, 0x20, 0x03, 0xFF, 0x80, 0x01, 0x03, 0x00, 0x80, 0xFE, 0x02,
    0xFF, 0x82, 0x03, 0x00, 0xFE, 0x02, 0xFF, 0x80, 0x07, 0x02, 0x00, 0x80, 0x60, 0x03, 0xFF, 0x82,
    0x01, 0x00, 0xFA, 0x02, 0xFF, 0x80, 0x6F, 0x02, 0x00, 0x80, 0xE5, 0x02, 0xFF, 0x80, 0xCF, 0x02,
    0x00, 0x80, 0xF4, 0x03, 0xFF, 0x81, 0xAD, 0xDA, 0x03, 0xFF, 0x80, 0x6F, 0x02, 0x00, 0x80, 0xA0,
    0x08, 0xFF, 0x80, 0x0C, 0x02, 0x00, 0x81, 0x10, 0xFC, 0x06, 0xFF, 0x81, 0xDF, 0x02, 0x03, 0x00,
    0x80, 0xB1, 0x06, 0xFF, 0x80, 0x2B, 0x05, 0x00, 0x80, 0xB5, 0x04, 0xFF, 0x80, 0x5C, 0x07, 0x00,
    0x83, 0x52, 0x87, 0x79, 0x25, 0x64, 0x00, 0x2C, 0x00, 0x80, 0x30, 0x09, 0x33, 0x81, 0x23, 0xE0,
    0x09, 0xFF, 0x81, 0x5F, 0xE0, 0x09, 0xFF, 0x81, 0x0C, 0xE0, 0x09, 0xFF, 0x81, 0x05, 0xE0, 0x08,
    0xFF, 0x82, 0xDF, 0x00, 0xE0, 0x08, 0xFF, 0x82, 0x6F, 0x00, 0x70, 0x05, 0x77, 0x80, 0xFB, 0x02,
    0xFF, 0x80, 0x0D, 0x07, 0x00, 0x80, 0xFC, 0x02, 0xFF, 0x80, 0x06, 0x06, 0x00, 0x80, 0x50, 0x02,
    0xFF, 0x80, 0xDF, 0x07, 0x00, 0x80, 0xC0, 0x02, 0xFF, 0x80, 0x7F, 0x07, 0x00, 0x80, 0xF5, 0x02,
    0xFF, 0x80, 0x1E, 0x07, 0x00, 0x80, 0xFC, 0x02, 0xFF, 0x80, 0x07, 0x06, 0x00, 0x80, 0x50, 0x02,
    0xFF, 0x81, 0xEF, 0x01, 0x06, 0x00, 0x80, 0xC0, 0x02, 0xFF, 0x80, 0x8F, 0x07, 0x00, 0x80, 0xF5,
    0x02, 0xFF, 0x80, 0x1E, 0x07, 0x00, 0x80, 0xFD, 0x02, 0xFF, 0x80, 0x08, 0x06, 0x00, 0x80, 0x50,
    0x03, 0xFF, 0x80, 0x01, 0x06, 0x00, 0x80, 0xD0, 0x02, 0xFF, 0x80, 0x9F, 0x07, 0x00, 0x80, 0xF5,
    0x02, 0xFF, 0x80, 0x2F, 0x07, 0x00, 0x80, 0xFD, 0x02, 0xFF, 0x80, 0x09, 0x06, 0x00, 0x80, 0x50,
    0x03, 0xFF, 0x80, 0x02, 0x06, 0x00, 0x80, 0xD0, 0x02, 0xFF, 0x80, 0xAF, 0x07, 0x00, 0x80, 0xF5,
    0x02, 0xFF, 0x80, 0x2F, 0x07, 0x00, 0x80, 0xFD, 0x02, 0xFF, 0x80, 0x0A, 0x06, 0x00, 0x80, 0x60,
    0x03, 0xFF, 0x80, 0x03, 0x06, 0x00, 0x80, 0xD0, 0x02, 0xFF, 0x80, 0xBF, 0x69, 0x00, 0x31, 0x00,
    0x84, 0x20, 0xA7, 0xCB, 0x9B, 0x15, 0x06, 0x00, 0x80, 0xB3, 0x04, 0xFF, 0x81, 0x8E, 0x01, 0x04,
    0x00, 0x80, 0xF5, 0x05, 0xFF, 0x81, 0xCF, 0x01, 0x03, 0x00, 0x80, 0xF3, 0x06, 0xFF, 0x80, 0xCF,
    0x03, 0x00, 0x80, 0xC0, 0x03, 0xFF, 0x81, 0x9A, 0xFC, 0x02, 0xFF, 0x80, 0x5F, 0x02, 0x00, 0x80,
    0x10, 0x03, 0xFF, 0x82, 0x03, 0x00, 0xF9, 0x02, 0xFF, 0x80, 0x0A, 0x02, 0x00, 0x80, 0xF3, 0x02,
    0xFF, 0x82, 0x0A, 0x00, 0x10, 0x02, 0xFF, 0x80, 0xCF, 0x02, 0x00, 0x80, 0x30, 0x02, 0xFF, 0x80,
    0x8F, 0x02, 0x00, 0x80, 0xE0, 0x02, 0xFF, 0x80, 0x0B, 0x02, 0x00, 0x80, 0xF1, 0x02, 0xFF, 0x82,
    0x0A, 0x00, 0x10, 0x02, 0xFF, 0x80, 0x9F, 0x03, 0x00, 0x80, 0xFA, 0x02, 0xFF, 0x82, 0x04, 0x00,
    0xFA, 0x02, 0xFF, 0x80, 0x04, 0x02, 0x00, 0x81, 0x20, 0xFE, 0x02, 0xFF, 0x81, 0xAC, 0xFE, 0x02,
    0xFF, 0x80, 0x0A, 0x03, 0x00, 0x81, 0x30, 0xFE, 0x05, 0xFF, 0x80, 0x1A, 0x04, 0x00, 0x81, 0x20,
    0xFD, 0x04, 0xFF, 0x80, 0x07, 0x04, 0x00, 0x81, 0x30, 0xFC, 0x05, 0xFF, 0x80, 0x08, 0x03, 0x00,
    0x80, 0x40, 0x07, 0xFF, 0x80, 0x1C, 0x02, 0x00, 0x81, 0x20, 0xFE, 0x02, 0xFF, 0x82, 0x17, 0x30,
    0xFB, 0x02, 0xFF, 0x80, 0x0A, 0x02, 0x00, 0x80, 0xF9, 0x02, 0xFF, 0x80, 0x07, 0x02, 0x00, 0x80,
    0xFD, 0x02, 0xFF, 0x82, 0x03, 0x00, 0xE0, 0x02, 0xFF, 0x80, 0x1F, 0x02, 0x00, 0x80, 0x70, 0x02,
    0xFF, 0x82, 0x8F, 0x00, 0x10, 0x02, 0xFF, 0x80, 0xEF, 0x03, 0x00, 0x80, 0xF5, 0x02, 0xFF, 0x82,
    0x0A, 0x00, 0xF2, 0x02, 0xFF, 0x80, 0x2F, 0x02, 0x00, 0x80, 0x80, 0x02, 0xFF, 0x80, 0xAF, 0x02,
    0x00, 0x03, 0xFF, 0x83, 0x0A, 0x00, 0x30, 0xFE, 0x02, 0xFF, 0x82, 0x09, 0x00, 0xB0, 0x03, 0xFF,
    0x82, 0x7C, 0x96, 0xFE, 0x02, 0xFF, 0x80, 0x4F, 0x02, 0x00, 0x80, 0xF3, 0x07, 0xFF, 0x80, 0xCF,
    0x03, 0x00, 0x80, 0xF7, 0x06, 0xFF, 0x81, 0xEF, 0x02, 0x03, 0x00, 0x80, 0xE6, 0x05, 0xFF, 0x81,
    0xCF, 0x02, 0x04, 0x00, 0x81, 0x92, 0xFE, 0x03, 0xFF, 0x80, 0x6D, 0x06, 0x00, 0x84, 0x10, 0x74,
    0x98, 0x68, 0x02, 0x60, 0x00, 0x34, 0x00, 0x84, 0x85, 0xCA, 0xBC, 0x58, 0x01, 0x05, 0x00, 0x81,
    0x10, 0xE8, 0x04, 0xFF, 0x81, 0x8E, 0x01, 0x04, 0x00, 0x80, 0xD3, 0x06, 0xFF, 0x80, 0x3E, 0x03,
    0x00, 0x81, 0x20, 0xFE, 0x06, 0xFF, 0x81, 0xEF, 0x03, 0x02, 0x00, 0x80, 0xC0, 0x08, 0xFF, 0x80,
    0x1D, 0x02, 0x00, 0x80, 0xF6, 0x03, 0xFF, 0x81, 0x7A, 0xA7, 0x03, 0xFF, 0x80, 0x7F, 0x02, 0x00,
    0x80, 0xFC, 0x02, 0xFF, 0x80, 0x3E, 0x02, 0x00, 0x80, 0xD2, 0x02, 0xFF, 0x80, 0xDF, 0x02, 0x00,
    0x03, 0xFF, 0x80, 0x05, 0x02, 0x00, 0x80, 0x40, 0x03, 0xFF, 0x81, 0x01, 0x20, 0x02, 0xFF, 0x80,
    0xEF, 0x04, 0x00, 0x80, 0xFD, 0x02, 0xFF, 0x81, 0x03, 0x30, 0x02, 0xFF, 0x80, 0xCF, 0x04, 0x00,
    0x80, 0xFB, 0x02, 0xFF, 0x81, 0x04, 0x20, 0x02, 0xFF, 0x80, 0xDF, 0x04, 0x00, 0x80, 0xFC, 0x02,
    0xFF, 0x81, 0x03, 0x00, 0x03, 0xFF, 0x80, 0x03, 0x02, 0x00, 0x80, 0x20, 0x03, 0xFF, 0x82, 0x01,
    0x00, 0xFB, 0x02, 0xFF, 0x80, 0x1C, 0x02, 0x00, 0x80, 0xB0, 0x02, 0xFF, 0x80, 0xCF, 0x02, 0x00,
    0x80, 0xF5, 0x02, 0xFF, 0x83, 0xCF, 0x25, 0x51, 0xFC, 0x02, 0xFF, 0x80, 0x6F, 0x02, 0x00, 0x80,
    0xA0, 0x08, 0xFF, 0x80, 0x0C, 0x02, 0x00, 0x81, 0x10, 0xFC, 0x07, 0xFF, 0x80, 0x03, 0x03, 0x00,
    0x80, 0x91, 0x06, 0xFF, 0x80, 0x7F, 0x05, 0x00, 0x82, 0x82, 0xCB, 0xCC, 0x03, 0xFF, 0x80, 0x0A,
    0x07, 0x00, 0x80, 0xD2, 0x02, 0xFF, 0x81, 0xDF, 0x01, 0x06, 0x00, 0x81, 0x10, 0xFC, 0x02, 0xFF,
    0x80, 0x3E, 0x07, 0x00, 0x80, 0xB0, 0x03, 0xFF, 0x80, 0x05, 0x07, 0x00, 0x80, 0xFA, 0x02, 0xFF,
    0x80, 0x8F, 0x07, 0x00, 0x80, 0x90, 0x03, 0xFF, 0x80, 0x0B, 0x07, 0x00, 0x80, 0xF7, 0x02, 0xFF,
    0x81, 0xDF, 0x01, 0x06, 0x00, 0x80, 0x60, 0x03, 0xFF, 0x80, 0x3F, 0x07, 0x00, 0x80, 0xD3, 0x03,
    0xDD, 0x80, 0x06, 0x71, 0x00, 0x3E, 0x00, 0x81, 0x30, 0x02, 0x03, 0x00, 0x83, 0x50, 0xFE, 0xCF,
    0x02, 0x02, 0x00, 0x80, 0xF3, 0x02, 0xFF, 0x80, 0x0C, 0x02, 0x00, 0x80, 0xF8, 0x02, 0xFF, 0x80,
    0x2F, 0x02, 0x00, 0x80, 0xF8, 0x02, 0xFF, 0x80, 0x2F, 0x02, 0x00, 0x80, 0xF4, 0x02, 0xFF, 0x80,
    0x0D, 0x02, 0x00, 0x83, 0x80, 0xFF, 0xEF, 0x03, 0x03, 0x00, 0x81, 0x63, 0x15, 0x27, 0x00, 0x82,
    0x10, 0xB8, 0x5A, 0x03, 0x00, 0x80, 0xC1, 0x02, 0xFF, 0x80, 0x07, 0x02, 0x00, 0x80, 0xF6, 0x02,
    0xFF, 0x80, 0x1F, 0x02, 0x00, 0x80, 0xF9, 0x02, 0xFF, 0x80, 0x2F, 0x02, 0x00, 0x80, 0xF7, 0x02,
    0xFF, 0x80, 0x1F, 0x02, 0x00, 0x80, 0xD1, 0x02, 0xFF, 0x80, 0x08, 0x02, 0x00, 0x82, 0x10, 0xD9,
    0x6C, 0x32, 0x00, 0x4F, 0x00, 0x82, 0x40, 0xFC, 0x7E, 0x04, 0x00, 0x80, 0xF3, 0x02, 0xFF, 0x80,
    0x07, 0x03, 0x00, 0x80, 0xF9, 0x02, 0xFF, 0x80, 0x0E, 0x03, 0x00, 0x80, 0xFA, 0x02, 0xFF, 0x80,
    0x0F, 0x03, 0x00, 0x80, 0xF7, 0x02, 0xFF, 0x80, 0x0C, 0x03, 0x00, 0x80, 0xC1, 0x02, 0xFF, 0x80,
    0x04, 0x03, 0x00, 0x82, 0x10, 0xA7, 0x28, 0x3C, 0x00, 0x82, 0xD1, 0x7A, 0x14, 0x04, 0x00, 0x80,
    0xF6, 0x02, 0xFF, 0x80, 0x05, 0x03, 0x00, 0x82, 0xFB, 0xFF, 0xDF, 0x03, 0x00, 0x80, 0x10, 0x02,
    0xFF, 0x80, 0x6F, 0x03, 0x00, 0x80, 0x60, 0x02, 0xFF, 0x80, 0x0D, 0x03, 0x00, 0x80, 0xB0, 0x02,
    0xFF, 0x80, 0x06, 0x03, 0x00, 0x82, 0xF1, 0xFF, 0xDF, 0x04, 0x00, 0x82, 0xF6, 0xFF, 0x6F, 0x04,
    0x00, 0x82, 0xFC, 0xFF, 0x0D, 0x04, 0x00, 0x82, 0xA7, 0xFD, 0x06, 0x05, 0x00, 0x80, 0x10, 0x12,
    0x00, 0x7F, 0x00, 0x08, 0x00, 0x81, 0x20, 0x98, 0x09, 0x00, 0x82, 0xA4, 0xFF, 0x0B, 0x07, 0x00,
    0x83, 0x61, 0xFC, 0xFF, 0xBF, 0x06, 0x00, 0x81, 0x20, 0xE9, 0x03, 0xFF, 0x80, 0x0B, 0x05, 0x00,
    0x80, 0xB5, 0x04, 0xFF, 0x80, 0xBF, 0x04, 0x00, 0x81, 0x71, 0xFD, 0x04, 0xFF, 0x81, 0xCF, 0x05,
    0x02, 0x00, 0x81, 0x30, 0xF9, 0x04, 0xFF, 0x81, 0xEF, 0x28, 0x03, 0x00, 0x80, 0xC4, 0x05, 0xFF,
    0x80, 0x4A, 0x04, 0x00, 0x80, 0xA0, 0x04, 0xFF, 0x81, 0x7C, 0x01, 0x05, 0x00, 0x80, 0xFA, 0x03,
    0xFF, 0x80, 0x1A, 0x06, 0x00, 0x80, 0xA0, 0x04, 0xFF, 0x81, 0xAF, 0x04, 0x05, 0x00, 0x80, 0xC5,
    0x05, 0xFF, 0x81, 0x7D, 0x01, 0x04, 0x00, 0x81, 0x40, 0xFA, 0x05, 0xFF, 0x80, 0x39, 0x05, 0x00,
    0x81, 0x71, 0xFD, 0x04, 0xFF, 0x81, 0xCF, 0x05, 0x05, 0x00, 0x80, 0xB5, 0x04, 0xFF, 0x80, 0xBF,
    0x06, 0x00, 0x81, 0x30, 0xE9, 0x03, 0xFF, 0x80, 0x0B, 0x07, 0x00, 0x83, 0x61, 0xFD, 0xFF, 0xBF,
    0x09, 0x00, 0x82, 0xA4, 0xFF, 0x0B, 0x09, 0x00, 0x81, 0x20, 0x98, 0x69, 0x00, 0x7F, 0x00, 0x23,
    0x00, 0x09, 0x22, 0x82, 0x01, 0x00, 0xF0, 0x08, 0xFF, 0x80, 0x8F, 0x02, 0x00, 0x09, 0xFF, 0x82,
    0x08, 0x00, 0xF0, 0x08, 0xFF, 0x80, 0x8F, 0x02, 0x00, 0x09, 0xFF, 0x82, 0x08, 0x00, 0x80, 0x08,
    0x88, 0x80, 0x58, 0x19, 0x00, 0x09, 0xBB, 0x82, 0x06, 0x00, 0xF0, 0x08, 0xFF, 0x80, 0x8F, 0x02,
    0x00, 0x09, 0xFF, 0x82, 0x08, 0x00, 0xF0, 0x08, 0xFF, 0x80, 0x8F, 0x02, 0x00, 0x80, 0xFE, 0x08,
    0xFF, 0x80, 0x08, 0x7F, 0x00, 0x0C, 0x00, 0x7F, 0x00, 0x81, 0x90, 0x28, 0x0A, 0x00, 0x82, 0xFA,
    0xAF, 0x04, 0x08, 0x00, 0x80, 0xA0, 0x02, 0xFF, 0x81, 0x6D, 0x01, 0x07, 0x00, 0x80, 0xFA, 0x02,
    0xFF, 0x81, 0xEF, 0x39, 0x06, 0x00, 0x80, 0xA0, 0x04, 0xFF, 0x81, 0xBF, 0x05, 0x05, 0x00, 0x80,
    0xC4, 0x05, 0xFF, 0x81, 0x7D, 0x01, 0x04, 0x00, 0x81, 0x30, 0xE9, 0x05, 0xFF, 0x80, 0x3A, 0x05,
    0x00, 0x81, 0x61, 0xFC, 0x04, 0xFF, 0x81, 0xCF, 0x05, 0x05, 0x00, 0x80, 0xA4, 0x04, 0xFF, 0x80,
    0xBF, 0x06, 0x00, 0x81, 0x10, 0xFA, 0x03, 0xFF, 0x80, 0x0B, 0x05, 0x00, 0x81, 0x61, 0xFC, 0x03,
    0xFF, 0x80, 0xBF, 0x04, 0x00, 0x81, 0x40, 0xFA, 0x04, 0xFF, 0x81, 0xDF, 0x05, 0x02, 0x00, 0x81,
    0x20, 0xD8, 0x05, 0xFF, 0x80, 0x4A, 0x03, 0x00, 0x80, 0xC4, 0x05, 0xFF, 0x81, 0x8E, 0x02, 0x03,
    0x00, 0x80, 0xA0, 0x04, 0xFF, 0x81, 0xCF, 0x05, 0x05, 0x00, 0x80, 0xFA, 0x02, 0xFF, 0x81, 0xEF,
    0x39, 0x06, 0x00, 0x80, 0xA0, 0x02, 0xFF, 0x81, 0x7D, 0x01, 0x07, 0x00, 0x82, 0xFA, 0xBF, 0x04,
    0x08, 0x00, 0x81, 0x90, 0x28, 0x71, 0x00, 0x31, 0x00, 0x84, 0x40, 0xB8, 0xDD, 0xAD, 0x27, 0x06,
    0x00, 0x80, 0xD6, 0x04, 0xFF, 0x81, 0xAF, 0x01, 0x03, 0x00, 0x81, 0x20, 0xFB, 0x05, 0xFF, 0x81,
    0xEF, 0x03, 0x02, 0x00, 0x81, 0x20, 0xFD, 0x06, 0xFF, 0x84, 0xEF, 0x02, 0x00, 0x10, 0xFD, 0x02,
    0xFF, 0x82, 0xEF, 0xBB, 0xFD, 0x02, 0xFF, 0x80, 0xBF, 0x02, 0x00, 0x80, 0x60, 0x02, 0xFF, 0x80,
    0x4C, 0x02, 0x00, 0x80, 0xD3, 0x02, 0xFF, 0x80, 0x3F, 0x02, 0x00, 0x82, 0x40, 0xFE, 0x08, 0x03,
    0x00, 0x80, 0xF3, 0x02, 0xFF, 0x80, 0x07, 0x02, 0x00, 0x81, 0x20, 0x08, 0x04, 0x00, 0x82, 0xFE,
    0xFF, 0x9F, 0x08, 0x00, 0x80, 0xE0, 0x02, 0xFF, 0x80, 0x09, 0x07, 0x00, 0x80, 0x50, 0x02, 0xFF,
    0x80, 0x7F, 0x07, 0x00, 0x81, 0x20, 0xFE, 0x02, 0xFF, 0x80, 0x03, 0x06, 0x00, 0x81, 0x71, 0xFE,
    0x02, 0xFF, 0x80, 0x0A, 0x04, 0x00, 0x82, 0x30, 0xAA, 0xFC, 0x03, 0xFF, 0x80, 0x1D, 0x05, 0x00,
    0x80, 0xF4, 0x04, 0xFF, 0x80, 0x2C, 0x05, 0x00, 0x80, 0x20, 0x03, 0xFF, 0x81, 0xEF, 0x07, 0x06,
    0x00, 0x80, 0xF0, 0x02, 0xFF, 0x80, 0x59, 0x08, 0x00, 0x82, 0xFE, 0xFF, 0x0D, 0x08, 0x00, 0x82,
    0xC0, 0xFF, 0xCF, 0x09, 0x00, 0x82, 0xC8, 0xCC, 0x09, 0x15, 0x00, 0x80, 0x01, 0x09, 0x00, 0x82,
    0x70, 0xFE, 0x9F, 0x08, 0x00, 0x80, 0x60, 0x02, 0xFF, 0x80, 0x8F, 0x08, 0x00, 0x80, 0xFC, 0x02,
    0xFF, 0x80, 0x0E, 0x07, 0x00, 0x80, 0xB0, 0x02, 0xFF, 0x80, 0xDF, 0x08, 0x00, 0x80, 0xF4, 0x02,
    0xFF, 0x80, 0x06, 0x08, 0x00, 0x82, 0xB4, 0xBD, 0x05, 0x61, 0x00, 0x3C, 0x00, 0x85, 0x10, 0x95,
    0xEC, 0xEF, 0xBD, 0x38, 0x07, 0x00, 0x81, 0x10, 0xE8, 0x05, 0xFF, 0x80, 0x3B, 0x06, 0x00, 0x80,
    0xE5, 0x07, 0xFF, 0x80, 0x08, 0x04, 0x00, 0x80, 0x80, 0x03, 0xFF, 0x82, 0xAD, 0x99, 0xEB, 0x02,
    0xFF, 0x80, 0x9F, 0x04, 0x00, 0x83, 0xF8, 0xFF, 0xEF, 0x17, 0x03, 0x00, 0x80, 0xC4, 0x02, 0xFF,
    0x80, 0x07, 0x02, 0x00, 0x80, 0x60, 0x02, 0xFF, 0x80, 0x1A, 0x05, 0x00, 0x82, 0xF9, 0xFF, 0x3F,
    0x02, 0x00, 0x82, 0xE2, 0xFF, 0x9F, 0x02, 0x00, 0x80, 0x01, 0x03, 0x00, 0x82, 0xA0, 0xFF, 0xBF,
    0x02, 0x00, 0x8D, 0xFA, 0xFF, 0x0C, 0x00, 0xC5, 0xFF, 0x2B, 0xB6, 0xBB, 0x17, 0xFE, 0xFF, 0x03,
    0x20, 0x02, 0xFF, 0x81, 0x02, 0x90, 0x02, 0xFF, 0x8B, 0xDF, 0xFB, 0xFF, 0x08, 0xF8, 0xFF, 0x08,
    0x80, 0xFF, 0xAF, 0x00, 0xF7, 0x05, 0xFF, 0x8B, 0x06, 0xF4, 0xFF, 0x0C, 0xC0, 0xFF, 0x4F, 0x10,
    0xFE, 0xFF, 0x8E, 0xF9, 0x02, 0xFF, 0x87, 0x04, 0xF1, 0xFF, 0x0E, 0xF1, 0xFF, 0x0F, 0x70, 0x02,
    0xFF, 0x81, 0x04, 0x90, 0x02, 0xFF, 0x8B, 0x02, 0xF0, 0xFF, 0x0F, 0xF3, 0xFF, 0x0C, 0xB0, 0xFF,
    0xBF, 0x00, 0x60, 0x02, 0xFF, 0xBF, 0x00, 0xF0, 0xFF, 0x0F, 0xF4, 0xFF, 0x0B, 0xD0, 0xFF, 0x7F,
    0x00, 0x60, 0xFF, 0xEF, 0x00, 0xF0, 0xFF, 0x0E, 0xF5, 0xFF, 0x0A, 0xE0, 0xFF, 0x6F, 0x00, 0x90,
    0xFF, 0xCF, 0x00, 0xF3, 0xFF, 0x0C, 0xF4, 0xFF, 0x0B, 0xD0, 0xFF, 0x7F, 0x00, 0xE1, 0xFF, 0xAF,
    0x00, 0xF7, 0xFF, 0x09, 0xF3, 0xFF, 0x0D, 0xB0, 0xFF, 0xDF, 0x33, 0xFC, 0xFF, 0xBF, 0x20, 0xFE,
    0xFF, 0x04, 0xF1, 0xFF, 0x1F, 0x70, 0x06, 0xFF, 0x88, 0xEB, 0xFF, 0xCF, 0x00, 0xC0, 0xFF, 0x6F,
    0x10, 0xFD, 0x02, 0xFF, 0x81, 0xAF, 0xF9, 0x03, 0xFF, 0x86, 0x2E, 0x00, 0x70, 0xFF, 0xDF, 0x00,
    0xD2, 0x02, 0xFF, 0x81, 0x09, 0xD1, 0x02, 0xFF, 0x83, 0xDF, 0x02, 0x00, 0x10, 0x02, 0xFF, 0x88,
    0x08, 0x00, 0x64, 0x26, 0x00, 0x10, 0xB7, 0xAC, 0x05, 0x03, 0x00, 0x82, 0xF8, 0xFF, 0x8F, 0x06,
    0x00, 0x80, 0x01, 0x04, 0x00, 0x80, 0xC0, 0x02, 0xFF, 0x81, 0x5C, 0x01, 0x02, 0x00, 0x82, 0x30,
    0xD8, 0x08, 0x04, 0x00, 0x81, 0x20, 0xFD, 0x02, 0xFF, 0x85, 0xCF, 0xAB, 0xCA, 0xFE, 0xFF, 0x0E,
    0x05, 0x00, 0x80, 0xB1, 0x07, 0xFF, 0x80, 0x5F, 0x06, 0x00, 0x80, 0xD6, 0x05, 0xFF, 0x81, 0xEF,
    0x18, 0x07, 0x00, 0x85, 0x84, 0xDB, 0xEE, 0xCD, 0x8A, 0x04, 0x74, 0x00, 0x2F, 0x00, 0x80, 0x40,
    0x0C, 0x00, 0x81, 0x60, 0x0D, 0x0C, 0x00, 0x81, 0xFD, 0x05, 0x0B, 0x00, 0x81, 0xF6, 0xDF, 0x0B,
    0x00, 0x82, 0xD0, 0xFF, 0x5F, 0x0A, 0x00, 0x80, 0x60, 0x02, 0xFF, 0x80, 0x0D, 0x0A, 0x00, 0x80,
    0xFD, 0x02, 0xFF, 0x80, 0x05, 0x09, 0x00, 0x80, 0xF6, 0x02, 0xFF, 0x80, 0xCF, 0x09, 0x00, 0x80,
    0xD0, 0x03, 0xFF, 0x80, 0x5F, 0x08, 0x00, 0x80, 0x60, 0x04, 0xFF, 0x80, 0x0C, 0x08, 0x00, 0x80,
    0xFD, 0x04, 0xFF, 0x80, 0x05, 0x07, 0x00, 0x85, 0xF5, 0xFF, 0xEF, 0xFA, 0xFF, 0xCF, 0x07, 0x00,
    0x80, 0xD0, 0x02, 0xFF, 0x80, 0x29, 0x02, 0xFF, 0x80, 0x5F, 0x06, 0x00, 0x80, 0x50, 0x02, 0xFF,
    0x81, 0x2F, 0xB0, 0x02, 0xFF, 0x80, 0x0C, 0x06, 0x00, 0x84, 0xFD, 0xFF, 0xBF, 0x00, 0xF4, 0x02,
    0xFF, 0x80, 0x05, 0x05, 0x00, 0x80, 0xF5, 0x02, 0xFF, 0x84, 0x04, 0x00, 0xFD, 0xFF, 0xCF, 0x05,
    0x00, 0x80, 0xD0, 0x02, 0xFF, 0x82, 0x0D, 0x00, 0x60, 0x02, 0xFF, 0x80, 0x4F, 0x04, 0x00, 0x80,
    0x50, 0x02, 0xFF, 0x80, 0xBF, 0x02, 0x88, 0x80, 0xF8, 0x02, 0xFF, 0x80, 0x0C, 0x04, 0x00, 0x80,
    0xFC, 0x08, 0xFF, 0x80, 0x04, 0x03, 0x00, 0x80, 0xF5, 0x08, 0xFF, 0x80, 0xCF, 0x03, 0x00, 0x80,
    0xC0, 0x09, 0xFF, 0x80, 0x4F, 0x02, 0x00, 0x80, 0x50, 0x0A, 0xFF, 0x80, 0x0C, 0x02, 0x00, 0x80,
    0xFC, 0x02, 0xFF, 0x80, 0x3E, 0x03, 0x22, 0x80, 0xA2, 0x03, 0xFF, 0x82, 0x04, 0x00, 0xF5, 0x02,
    0xFF, 0x80, 0x8F, 0x04, 0x00, 0x80, 0xF2, 0x02, 0xFF, 0x82, 0xCF, 0x00, 0xC0, 0x02, 0xFF, 0x81,
    0xEF, 0x01, 0x04, 0x00, 0x80, 0xFA, 0x02, 0xFF, 0x81, 0x4F, 0x40, 0x03, 0xFF, 0x80, 0x09, 0x04,
    0x00, 0x80, 0x20, 0x03, 0xFF, 0x81, 0x0B, 0xFC, 0x02, 0xFF, 0x80, 0x2F, 0x05, 0x00, 0x80, 0xA0,
    0x03, 0xFF, 0x7A, 0x00, 0x31, 0x00, 0x80, 0x31, 0x04, 0x33, 0x80, 0x23, 0x06, 0x00, 0x80, 0xF5,
    0x05, 0xFF, 0x81, 0xCF, 0x28, 0x04, 0x00, 0x80, 0xF5, 0x07, 0xFF, 0x80, 0x07, 0x03, 0x00, 0x80,
    0xF5, 0x07, 0xFF, 0x80, 0x9F, 0x03, 0x00, 0x80, 0xF5, 0x08, 0xFF, 0x80, 0x04, 0x02, 0x00, 0x80,
    0xF5, 0x02, 0xFF, 0x82, 0x8D, 0x88, 0xEA, 0x03, 0xFF, 0x80, 0x0A, 0x02, 0x00, 0x80, 0xF5, 0x02,
    0xFF, 0x83, 0x0B, 0x00, 0x20, 0xFD, 0x02, 0xFF, 0x80, 0x0D, 0x02, 0x00, 0x80, 0xF5, 0x02, 0xFF,
    0x80, 0x0B, 0x02, 0x00, 0x80, 0xF8, 0x02, 0xFF, 0x80, 0x0D, 0x02, 0x00, 0x80, 0xF5, 0x02, 0xFF,
    0x80, 0x0B, 0x02, 0x00, 0x80, 0xF7, 0x02, 0xFF, 0x80, 0x0B, 0x02, 0x00, 0x80, 0xF5, 0x02, 0xFF,
    0x80, 0x0B, 0x02, 0x00, 0x80, 0xFC, 0x02, 0xFF, 0x80, 0x06, 0x02, 0x00, 0x80, 0xF5, 0x02, 0xFF,
    0x82, 0x3C, 0x33, 0xC5, 0x02, 0xFF, 0x80, 0xBF, 0x03, 0x00, 0x80, 0xF5, 0x07, 0xFF, 0x80, 0x1A,
    0x03, 0x00, 0x80, 0xF5, 0x06, 0xFF, 0x81, 0xBF, 0x01, 0x03, 0x00, 0x80, 0xF5, 0x07, 0xFF, 0x80,
    0x6E, 0x03, 0x00, 0x80, 0xF5, 0x08, 0xFF, 0x80, 0x08, 0x02, 0x00, 0x80, 0xF5, 0x02, 0xFF, 0x83,
    0x1C, 0x11, 0x41, 0xF9, 0x02, 0xFF, 0x80, 0x5F, 0x02, 0x00, 0x80, 0xF5, 0x02, 0xFF, 0x80, 0x0B,
    0x02, 0x00, 0x80, 0x70, 0x02, 0xFF, 0x80, 0xDF, 0x02, 0x00, 0x80, 0xF5, 0x02, 0xFF, 0x80, 0x0B,
    0x02, 0x00, 0x80, 0x10, 0x03, 0xFF, 0x82, 0x02, 0x00, 0xF5, 0x02, 0xFF, 0x80, 0x0B, 0x03, 0x00,
    0x03, 0xFF, 0x82, 0x04, 0x00, 0xF5, 0x02, 0xFF, 0x80, 0x0B, 0x02, 0x00, 0x80, 0x40, 0x03, 0xFF,
    0x82, 0x04, 0x00, 0xF5, 0x02, 0xFF, 0x80, 0x0B, 0x02, 0x00, 0x80, 0xE4, 0x03, 0xFF, 0x82, 0x02,
    0x00, 0xF5, 0x02, 0xFF, 0x82, 0xBE, 0xBB, 0xEB, 0x03, 0xFF, 0x80, 0xDF, 0x02, 0x00, 0x80, 0xF5,
    0x08, 0xFF, 0x80, 0x6F, 0x02, 0x00, 0x80, 0xF5, 0x08, 0xFF, 0x80, 0x09, 0x02, 0x00, 0x80, 0xF5,
    0x07, 0xFF, 0x80, 0x6E, 0x03, 0x00, 0x80, 0xF5, 0x05, 0xFF, 0x81, 0xCE, 0x59, 0x6F, 0x00, 0x37,
    0x00, 0x84, 0x62, 0xB9, 0xCB, 0x9B, 0x26, 0x06, 0x00, 0x81, 0x71, 0xFD, 0x04, 0xFF, 0x81, 0xBF,
    0x03, 0x04, 0x00, 0x80, 0xD4, 0x07, 0xFF, 0x80, 0x08, 0x03, 0x00, 0x80, 0xF8, 0x07, 0xFF, 0x80,
    0xEF, 0x03, 0x00, 0x80, 0xF8, 0x08, 0xFF, 0x80, 0x0E, 0x02, 0x00, 0x80, 0xF5, 0x08, 0xFF, 0x80,
    0xEF, 0x02, 0x00, 0x80, 0xE1, 0x03, 0xFF, 0x88, 0xEF, 0x48, 0x01, 0x31, 0xD7, 0xFF, 0x0E, 0x00,
    0x80, 0x03, 0xFF, 0x81, 0xAF, 0x01, 0x03, 0x00, 0x81, 0x50, 0xEE, 0x02, 0x00, 0x80, 0xFE, 0x02,
    0xFF, 0x80, 0x9F, 0x05, 0x00, 0x83, 0x20, 0x0C, 0x00, 0xF4, 0x02, 0xFF, 0x80, 0xCF, 0x06, 0x00,
    0x82, 0x10, 0x00, 0x80, 0x03, 0xFF, 0x80, 0x05, 0x08, 0x00, 0x80, 0xFA, 0x02, 0xFF, 0x80, 0x1F,
    0x08, 0x00, 0x80, 0xB0, 0x02, 0xFF, 0x80, 0xDF, 0x09, 0x00, 0x80, 0xFC, 0x02, 0xFF, 0x80, 0x0D,
    0x08, 0x00, 0x80, 0xB0, 0x02, 0xFF, 0x80, 0xEF, 0x09, 0x00, 0x80, 0xF9, 0x02, 0xFF, 0x80, 0x2F,
    0x08, 0x00, 0x80, 0x70, 0x03, 0xFF, 0x80, 0x07, 0x08, 0x00, 0x80, 0xF3, 0x02, 0xFF, 0x81, 0xEF,
    0x01, 0x05, 0x00, 0x80, 0x20, 0x02, 0x00, 0x80, 0xFD, 0x02, 0xFF, 0x81, 0xBF, 0x01, 0x04, 0x00,
    0x83, 0x40, 0x0D, 0x00, 0x60, 0x03, 0xFF, 0x81, 0xCF, 0x03, 0x03, 0x00, 0x81, 0x91, 0xEF, 0x02,
    0x00, 0x80, 0xD0, 0x04, 0xFF, 0x85, 0x7B, 0x34, 0x64, 0xFA, 0xFF, 0x0E, 0x02, 0x00, 0x80, 0xF3,
    0x08, 0xFF, 0x80, 0xEF, 0x03, 0x00, 0x80, 0xF5, 0x08, 0xFF, 0x80, 0x0E, 0x03, 0x00, 0x80, 0xE5,
    0x07, 0xFF, 0x80, 0xEF, 0x04, 0x00, 0x80, 0xB2, 0x06, 0xFF, 0x81, 0xEF, 0x05, 0x04, 0x00, 0x81,
    0x30, 0xEA, 0x04, 0xFF, 0x81, 0x8E, 0x01, 0x06, 0x00, 0x84, 0x30, 0x86, 0x88, 0x68, 0x03, 0x67,
    0x00, 0x35, 0x00, 0x85, 0x31, 0x33, 0x43, 0x34, 0x33, 0x23, 0x07, 0x00, 0x80, 0xF5, 0x05, 0xFF,
    0x81, 0xCF, 0x49, 0x05, 0x00, 0x80, 0xF5, 0x07, 0xFF, 0x80, 0x4C, 0x04, 0x00, 0x80, 0xF5, 0x08,
    0xFF, 0x80, 0x09, 0x03, 0x00, 0x80, 0xF5, 0x08, 0xFF, 0x81, 0xBF, 0x01, 0x02, 0x00, 0x80, 0xF5,
    0x09, 0xFF, 0x80, 0x0A, 0x02, 0x00, 0x80, 0xF5, 0x02, 0xFF, 0x83, 0x3E, 0x33, 0x64, 0xEA, 0x03,
    0xFF, 0x80, 0x6F, 0x02, 0x00, 0x80, 0xF5, 0x02, 0xFF, 0x80, 0x0E, 0x02, 0x00, 0x81, 0x10, 0xFA,
    0x02, 0xFF, 0x80, 0xDF, 0x02, 0x00, 0x80, 0xF5, 0x02, 0xFF, 0x80, 0x0E, 0x03, 0x00, 0x80, 0xA0,
    0x03, 0xFF, 0x82, 0x05, 0x00, 0xF5, 0x02, 0xFF, 0x80, 0x0E, 0x03, 0x00, 0x81, 0x10, 0xFE, 0x02,
    0xFF, 0x82, 0x0A, 0x00, 0xF5, 0x02, 0xFF, 0x80, 0x0E, 0x04, 0x00, 0x80, 0xF8, 0x02, 0xFF, 0x82,
    0x0D, 0x00, 0xF5, 0x02, 0xFF, 0x80, 0x0E, 0x04, 0x00, 0x80, 0xF5, 0x02, 0xFF, 0x82, 0x1F, 0x00,
    0xF5, 0x02, 0xFF, 0x80, 0x0E, 0x04, 0x00, 0x80, 0xF3, 0x02, 0xFF, 0x82, 0x2F, 0x00, 0xF5, 0x02,
    0xFF, 0x80, 0x0E, 0x04, 0x00, 0x80, 0xF2, 0x02, 0xFF, 0x82, 0x2F, 0x00, 0xF5, 0x02, 0xFF, 0x80,
    0x0E, 0x04, 0x00, 0x80, 0xF3, 0x02, 0xFF, 0x82, 0x2F, 0x00, 0xF5, 0x02, 0xFF, 0x80, 0x0E, 0x04,
    0x00, 0x80, 0xF5, 0x02, 0xFF, 0x82, 0x0F, 0x00, 0xF5, 0x02, 0xFF, 0x80, 0x0E, 0x04, 0x00, 0x80,
    0xF9, 0x02, 0xFF, 0x82, 0x0D, 0x00, 0xF5, 0x02, 0xFF, 0x80, 0x0E, 0x03, 0x00, 0x80, 0x20, 0x03,
    0xFF, 0x82, 0x09, 0x00, 0xF5, 0x02, 0xFF, 0x80, 0x0E, 0x03, 0x00, 0x80, 0xC1, 0x03, 0xFF, 0x82,
    0x04, 0x00, 0xF5, 0x02, 0xFF, 0x80, 0x0E, 0x02, 0x00, 0x81, 0x40, 0xFC, 0x02, 0xFF, 0x80, 0xCF,
    0x02, 0x00, 0x80, 0xF5, 0x02, 0xFF, 0x83, 0x6E, 0x66, 0x97, 0xFD, 0x03, 0xFF, 0x80, 0x4F, 0x02,
    0x00, 0x80, 0xF5, 0x09, 0xFF, 0x80, 0x08, 0x02, 0x00, 0x80, 0xF5, 0x08, 0xFF, 0x80, 0x9F, 0x03,
    0x00, 0x80, 0xF5, 0x07, 0xFF, 0x81, 0xEF, 0x06, 0x03, 0x00, 0x80, 0xF5, 0x07, 0xFF, 0x80, 0x29,
    0x04, 0x00, 0x80, 0xF5, 0x04, 0xFF, 0x82, 0xEF, 0x9C, 0x15, 0x79, 0x00, 0x2D, 0x00, 0x82, 0x31,
    0x33, 0x43, 0x05, 0x33, 0x80, 0x13, 0x02, 0x00, 0x80, 0xF5, 0x07, 0xFF, 0x80, 0x6F, 0x02, 0x00,
    0x80, 0xF5, 0x07, 0xFF, 0x80, 0x6F, 0x02, 0x00, 0x80, 0xF5, 0x07, 0xFF, 0x80, 0x6F, 0x02, 0x00,
    0x80, 0xF5, 0x07, 0xFF, 0x80, 0x6F, 0x02, 0x00, 0x80, 0xF5, 0x02, 0xFF, 0x80, 0xCE, 0x04, 0xCC,
    0x80, 0x5C, 0x02, 0x00, 0x80, 0xF5, 0x02, 0xFF, 0x80, 0x08, 0x07, 0x00, 0x80, 0xF5, 0x02, 0xFF,
    0x80, 0x08, 0x07, 0x00, 0x80, 0xF5, 0x02, 0xFF, 0x80, 0x08, 0x07, 0x00, 0x80, 0xF5, 0x02, 0xFF,
    0x80, 0x08, 0x07, 0x00, 0x80, 0xF5, 0x02, 0xFF, 0x80, 0xBD, 0x04, 0xBB, 0x80, 0x07, 0x02, 0x00,
    0x80, 0xF5, 0x07, 0xFF, 0x80, 0x0A, 0x02, 0x00, 0x80, 0xF5, 0x07, 0xFF, 0x80, 0x0A, 0x02, 0x00,
    0x80, 0xF5, 0x07, 0xFF, 0x80, 0x0A, 0x02, 0x00, 0x80, 0xF5, 0x07, 0xFF, 0x80, 0x0A, 0x02, 0x00,
    0x80, 0xF5, 0x02, 0xFF, 0x80, 0x39, 0x04, 0x33, 0x80, 0x02, 0x02, 0x00, 0x80, 0xF5, 0x02, 0xFF,
    0x80, 0x08, 0x07, 0x00, 0x80, 0xF5, 0x02, 0xFF, 0x80, 0x08, 0x07, 0x00, 0x80, 0xF5, 0x02, 0xFF,
    0x80, 0x08, 0x07, 0x00, 0x80, 0xF5, 0x02, 0xFF, 0x80, 0x08, 0x07, 0x00, 0x80, 0xF5, 0x02, 0xFF,
    0x80, 0x08, 0x07, 0x00, 0x80, 0xF5, 0x07, 0xFF, 0x80, 0x6F, 0x02, 0x00, 0x80, 0xF5, 0x07, 0xFF,
    0x80, 0x6F, 0x02, 0x00, 0x80, 0xF5, 0x07, 0xFF, 0x80, 0x6F, 0x02, 0x00, 0x80, 0xF5, 0x07, 0xFF,
    0x80, 0x6F, 0x02, 0x00, 0x80, 0xF5, 0x07, 0xFF, 0x80, 0x6F, 0x64, 0x00, 0x29, 0x00, 0x82, 0x31,
    0x33, 0x43, 0x05, 0x33, 0x02, 0x00, 0x80, 0xF5, 0x07, 0xFF, 0x02, 0x00, 0x80, 0xF5, 0x07, 0xFF,
    0x02, 0x00, 0x80, 0xF5, 0x07, 0xFF, 0x02, 0x00, 0x80, 0xF5, 0x07, 0xFF, 0x02, 0x00, 0x80, 0xF5,
    0x07, 0xFF, 0x02, 0x00, 0x80, 0xF5, 0x02, 0xFF, 0x80, 0x08, 0x06, 0x00, 0x80, 0xF5, 0x02, 0xFF,
    0x80, 0x08, 0x06, 0x00, 0x80, 0xF5, 0x02, 0xFF, 0x80, 0x08, 0x06, 0x00, 0x80, 0xF5, 0x02, 0xFF,
    0x80, 0x08, 0x06, 0x00, 0x80, 0xF5, 0x02, 0xFF, 0x80, 0x08, 0x06, 0x00, 0x80, 0xF5, 0x06, 0xFF,
    0x80, 0x9F, 0x02, 0x00, 0x80, 0xF5, 0x06, 0xFF, 0x80, 0x9F, 0x02, 0x00, 0x80, 0xF5, 0x06, 0xFF,
    0x80, 0x9F, 0x02, 0x00, 0x80, 0xF5, 0x06, 0xFF, 0x80, 0x9F, 0x02, 0x00, 0x80, 0xF5, 0x02, 0xFF,
    0x80, 0xDE, 0x03, 0xDD, 0x80, 0x8D, 0x02, 0x00, 0x80, 0xF5, 0x02, 0xFF, 0x80, 0x08, 0x06, 0x00,
    0x80, 0xF5, 0x02, 0xFF, 0x80, 0x08, 0x06, 0x00, 0x80, 0xF5, 0x02, 0xFF, 0x80, 0x08, 0x06, 0x00,
    0x80, 0xF5, 0x02, 0xFF, 0x80, 0x08, 0x06, 0x00, 0x80, 0xF5, 0x02, 0xFF, 0x80, 0x08, 0x06, 0x00,
    0x80, 0xF5, 0x02, 0xFF, 0x80, 0x08, 0x06, 0x00, 0x80, 0xF5, 0x02, 0xFF, 0x80, 0x08, 0x06, 0x00,
    0x80, 0xF5, 0x02, 0xFF, 0x80, 0x08, 0x06, 0x00, 0x80, 0xF5, 0x02, 0xFF, 0x80, 0x08, 0x06, 0x00,
    0x80, 0xF5, 0x02, 0xFF, 0x80, 0x08, 0x5F, 0x00, 0x3F, 0x00, 0x84, 0x52, 0xA8, 0xCB, 0x9B, 0x37,
    0x08, 0x00, 0x81, 0x50, 0xFB, 0x04, 0xFF, 0x81, 0xCF, 0x06, 0x06, 0x00, 0x80, 0xC3, 0x07, 0xFF,
    0x80, 0x3C, 0x05, 0x00, 0x80, 0xF6, 0x08, 0xFF, 0x80, 0x4E, 0x04, 0x00, 0x80, 0xF7, 0x09, 0xFF,
    0x80, 0x4F, 0x03, 0x00, 0x80, 0xF4, 0x03, 0xFF, 0x83, 0xEF, 0x8B, 0x98, 0xFD, 0x03, 0xFF, 0x80,
    0x2E, 0x02, 0x00, 0x80, 0xE1, 0x03, 0xFF, 0x81, 0x6E, 0x01, 0x02, 0x00, 0x80, 0xD4, 0x02, 0xFF,
    0x83, 0xCF, 0x03, 0x00, 0x80, 0x03, 0xFF, 0x80, 0x2D, 0x04, 0x00, 0x82, 0xD2, 0xFF, 0x5C, 0x03,
    0x00, 0x80, 0xFE, 0x02, 0xFF, 0x80, 0x2E, 0x05, 0x00, 0x81, 0xC2, 0x05, 0x03, 0x00, 0x80, 0xF4,
    0x02, 0xFF, 0x80, 0x6F, 0x0A, 0x00, 0x80, 0x80, 0x03, 0xFF, 0x80, 0x01, 0x0A, 0x00, 0x80, 0xFA,
    0x02, 0xFF, 0x80, 0x0C, 0x0A, 0x00, 0x80, 0xB0, 0x02, 0xFF, 0x80, 0xAF, 0x03, 0x00, 0x80, 0xA0,
    0x05, 0xCC, 0x82, 0xBC, 0x00, 0xFC, 0x02, 0xFF, 0x80, 0x09, 0x03, 0x00, 0x80, 0xFD, 0x05, 0xFF,
    0x81, 0x0E, 0xB0, 0x02, 0xFF, 0x80, 0xAF, 0x03, 0x00, 0x80, 0xD0, 0x05, 0xFF, 0x82, 0xDF, 0x00,
    0xFA, 0x02, 0xFF, 0x80, 0x0C, 0x03, 0x00, 0x80, 0xFD, 0x05, 0xFF, 0x81, 0x0C, 0x70, 0x03, 0xFF,
    0x80, 0x01, 0x02, 0x00, 0x80, 0xB0, 0x02, 0xDD, 0x80, 0xED, 0x02, 0xFF, 0x82, 0x9F, 0x00, 0xF3,
    0x02, 0xFF, 0x80, 0x8F, 0x06, 0x00, 0x80, 0xF6, 0x02, 0xFF, 0x82, 0x06, 0x00, 0xFD, 0x02, 0xFF,
    0x80, 0x2E, 0x05, 0x00, 0x80, 0xD1, 0x02, 0xFF, 0x82, 0x1F, 0x00, 0x70, 0x03, 0xFF, 0x80, 0x2D,
    0x04, 0x00, 0x80, 0xA0, 0x02, 0xFF, 0x80, 0xAF, 0x02, 0x00, 0x80, 0xD1, 0x03, 0xFF, 0x80, 0x6E,
    0x03, 0x00, 0x80, 0xB2, 0x03, 0xFF, 0x80, 0x03, 0x02, 0x00, 0x80, 0xF4, 0x03, 0xFF, 0x83, 0xEF,
    0x8A, 0x98, 0xFC, 0x03, 0xFF, 0x80, 0x09, 0x03, 0x00, 0x80, 0xF7, 0x09, 0xFF, 0x80, 0x0C, 0x04,
    0x00, 0x80, 0xF7, 0x08, 0xFF, 0x80, 0x1C, 0x05, 0x00, 0x80, 0xD4, 0x07, 0xFF, 0x80, 0x1A, 0x06,
    0x00, 0x81, 0x60, 0xFD, 0x04, 0xFF, 0x81, 0xBF, 0x04, 0x08, 0x00, 0x84, 0x63, 0xB9, 0xCC, 0x9B,
    0x26, 0x79, 0x00, 0x39, 0x00, 0x80, 0x31, 0x02, 0x33, 0x80, 0x02, 0x04, 0x00, 0x80, 0x10, 0x02,
    0x33, 0x80, 0x23, 0x02, 0x00, 0x80, 0xF5, 0x02, 0xFF, 0x80, 0x0B, 0x04, 0x00, 0x80, 0x60, 0x02,
    0xFF, 0x80, 0xAF, 0x02, 0x00, 0x80, 0xF5, 0x02, 0xFF, 0x80, 0x0B, 0x04, 0x00, 0x80, 0x60, 0x02,
    0xFF, 0x80, 0xAF, 0x02, 0x00, 0x80, 0xF5, 0x02, 0xFF, 0x80, 0x0B, 0x04, 0x00, 0x80, 0x60, 0x02,
    0xFF, 0x80, 0xAF, 0x02, 0x00, 0x80, 0xF5, 0x02, 0xFF, 0x80, 0x0B, 0x04, 0x00, 0x80, 0x60, 0x02,
    0xFF, 0x80, 0xAF, 0x02, 0x00, 0x80, 0xF5, 0x02, 0xFF, 0x80, 0x0B, 0x04, 0x00, 0x80, 0x60, 0x02,
    0xFF, 0x80, 0xAF, 0x02, 0x00, 0x80, 0xF5, 0x02, 0xFF, 0x80, 0x0B, 0x04, 0x00, 0x80, 0x60, 0x02,
    0xFF, 0x80, 0xAF, 0x02, 0x00, 0x80, 0xF5, 0x02, 0xFF, 0x80, 0x0B, 0x04, 0x00, 0x80, 0x60, 0x02,
    0xFF, 0x80, 0xAF, 0x02, 0x00, 0x80, 0xF5, 0x02, 0xFF, 0x80, 0x0B, 0x04, 0x00, 0x80, 0x60, 0x02,
    0xFF, 0x80, 0xAF, 0x02, 0x00, 0x80, 0xF5, 0x02, 0xFF, 0x80, 0x0B, 0x04, 0x00, 0x80, 0x70, 0x02,
    0xFF, 0x80, 0xAF, 0x02, 0x00, 0x80, 0xF5, 0x0A, 0xFF, 0x80, 0xAF, 0x02, 0x00, 0x80, 0xF5, 0x0A,
    0xFF, 0x80, 0xAF, 0x02, 0x00, 0x80, 0xF5, 0x0A, 0xFF, 0x80, 0xAF, 0x02, 0x00, 0x80, 0xF5, 0x0A,
    0xFF, 0x80, 0xAF, 0x02, 0x00, 0x80, 0xF5, 0x0A, 0xFF, 0x80, 0xAF, 0x02, 0x00, 0x80, 0xF5, 0x02,
    0xFF, 0x80, 0x7D, 0x04, 0x77, 0x80, 0xA7, 0x02, 0xFF, 0x80, 0xAF, 0x02, 0x00, 0x80, 0xF5, 0x02,
    0xFF, 0x80, 0x0B, 0x04, 0x00, 0x80, 0x60, 0x02, 0xFF, 0x80, 0xAF, 0x02, 0x00, 0x80, 0xF5, 0x02,
    0xFF, 0x80, 0x0B, 0x04, 0x00, 0x80, 0x60, 0x02, 0xFF, 0x80, 0xAF, 0x02, 0x00, 0x80, 0xF5, 0x02,
    0xFF, 0x80, 0x0B, 0x04, 0x00, 0x80, 0x60, 0x02, 0xFF, 0x80, 0xAF, 0x02, 0x00, 0x80, 0xF5, 0x02,
    0xFF, 0x80, 0x0B, 0x04, 0x00, 0x80, 0x60, 0x02, 0xFF, 0x80, 0xAF, 0x02, 0x00, 0x80, 0xF5, 0x02,
    0xFF, 0x80, 0x0B, 0x04, 0x00, 0x80, 0x60, 0x02, 0xFF, 0x80, 0xAF, 0x02, 0x00, 0x80, 0xF5, 0x02,
    0xFF, 0x80, 0x0B, 0x04, 0x00, 0x80, 0x60, 0x02, 0xFF, 0x80, 0xAF, 0x02, 0x00, 0x80, 0xF5, 0x02,
    0xFF, 0x80, 0x0B, 0x04, 0x00, 0x80, 0x60, 0x02, 0xFF, 0x80, 0xAF, 0x02, 0x00, 0x80, 0xF5, 0x02,
    0xFF, 0x80, 0x0B, 0x04, 0x00, 0x80, 0x60, 0x02, 0xFF, 0x80, 0xAF, 0x02, 0x00, 0x80, 0xF5, 0x02,
    0xFF, 0x80, 0x0B, 0x04, 0x00, 0x80, 0x60, 0x02, 0xFF, 0x80, 0xAF, 0x02, 0x00, 0x80, 0xF5, 0x02,
    0xFF, 0x80, 0x0B, 0x04, 0x00, 0x80, 0x60, 0x02, 0xFF, 0x80, 0xAF, 0x7F, 0x00, 0x19, 0x00, 0x80,
    0x31, 0x02, 0x33, 0x80, 0x03, 0x02, 0x00, 0x80, 0xF5, 0x02, 0xFF, 0x80, 0x0D, 0x02, 0x00, 0x80,
    0xF5, 0x02, 0xFF, 0x80, 0x0D, 0x02, 0x00, 0x80, 0xF5, 0x02, 0xFF, 0x80, 0x0D, 0x02, 0x00, 0x80,
    0xF5, 0x02, 0xFF, 0x80, 0x0D, 0x02, 0x00, 0x80, 0xF5, 0x02, 0xFF, 0x80, 0x0D, 0x02, 0x00, 0x80,
    0xF5, 0x02, 0xFF, 0x80, 0x0D, 0x02, 0x00, 0x80, 0xF5, 0x02, 0xFF, 0x80, 0x0D, 0x02, 0x00, 0x80,
    0xF5, 0x02, 0xFF, 0x80, 0x0D, 0x02, 0x00, 0x80, 0xF5, 0x02, 0xFF, 0x80, 0x0D, 0x02, 0x00, 0x80,
    0xF5, 0x02, 0xFF, 0x80, 0x0D, 0x02, 0x00, 0x80, 0xF5, 0x02, 0xFF, 0x80, 0x0D, 0x02, 0x00, 0x80,
    0xF5, 0x02, 0xFF, 0x80, 0x0D, 0x02, 0x00, 0x80, 0xF5, 0x02, 0xFF, 0x80, 0x0D, 0x02, 0x00, 0x80,
    0xF5, 0x02, 0xFF, 0x80, 0x0D, 0x02, 0x00, 0x80, 0xF5, 0x02, 0xFF, 0x80, 0x0D, 0x02, 0x00, 0x80,
    0xF5, 0x02, 0xFF, 0x80, 0x0D, 0x02, 0x00, 0x80, 0xF5, 0x02, 0xFF, 0x80, 0x0D, 0x02, 0x00, 0x80,
    0xF5, 0x02, 0xFF, 0x80, 0x0D, 0x02, 0x00, 0x80, 0xF5, 0x02, 0xFF, 0x80, 0x0D, 0x02, 0x00, 0x80,
    0xF5, 0x02, 0xFF, 0x80, 0x0D, 0x02, 0x00, 0x80, 0xF5, 0x02, 0xFF, 0x80, 0x0D, 0x02, 0x00, 0x80,
    0xF5, 0x02, 0xFF, 0x80, 0x0D, 0x02, 0x00, 0x80, 0xF5, 0x02, 0xFF, 0x80, 0x0D, 0x02, 0x00, 0x80,
    0xF5, 0x02, 0xFF, 0x80, 0x0D, 0x02, 0x00, 0x80, 0xF5, 0x02, 0xFF, 0x80, 0x0D, 0x37, 0x00, 0x1C,
    0x00, 0x81, 0x31, 0x33, 0x04, 0x00, 0x81, 0xF5, 0xFF, 0x04, 0x00, 0x81, 0xF5, 0xFF, 0x04, 0x00,
    0x81, 0xF5, 0xFF, 0x04, 0x00, 0x81, 0xF5, 0xFF, 0x04, 0x00, 0x81, 0xF5, 0xFF, 0x04, 0x00, 0x81,
    0xF5, 0xFF, 0x04, 0x00, 0x81, 0xF5, 0xFF, 0x04, 0x00, 0x81, 0xF5, 0xFF, 0x04, 0x00, 0x81, 0xF5,
    0xFF, 0x04, 0x00, 0x81, 0xF5, 0xFF, 0x04, 0x00, 0x81, 0xF5, 0xFF, 0x04, 0x00, 0x81, 0xF5, 0xFF,
    0x04, 0x00, 0x81, 0xF5, 0xFF, 0x04, 0x00, 0x81, 0xF5, 0xFF, 0x04, 0x00, 0x81, 0xF5, 0xFF, 0x04,
    0x00, 0x81, 0xF5, 0xFF, 0x04, 0x00, 0x81, 0xF5, 0xFF, 0x04, 0x00, 0x81, 0xF5, 0xFF, 0x04, 0x00,
    0x81, 0xF5, 0xFF, 0x04, 0x00, 0x81, 0xF5, 0xFF, 0x04, 0x00, 0x81, 0xF5, 0xFF, 0x04, 0x00, 0x81,
    0xF5, 0xFF, 0x04, 0x00, 0x81, 0xF5, 0xFF, 0x04, 0x00, 0x81, 0xF5, 0xFF, 0x04, 0x00, 0x81, 0xF5,
    0xFF, 0x04, 0x00, 0x81, 0xF5, 0xFF, 0x04, 0x00, 0x8B, 0xF7, 0xFF, 0x00, 0x70, 0x01, 0x10, 0xFC,
    0xFF, 0x00, 0xF8, 0xAE, 0xD9, 0x02, 0xFF, 0x80, 0x50, 0x05, 0xFF, 0x80, 0xE2, 0x05, 0xFF, 0x80,
    0xF9, 0x05, 0xFF, 0x81, 0x50, 0xFB, 0x03, 0xFF, 0x86, 0xBF, 0x00, 0x10, 0x85, 0x99, 0x58, 0x02,
    0x35, 0x00, 0x80, 0x31, 0x02, 0x33, 0x80, 0x03, 0x03, 0x00, 0x80, 0x20, 0x03, 0x33, 0x82, 0x02,
    0x00, 0xF5, 0x02, 0xFF, 0x80, 0x0F, 0x03, 0x00, 0x80, 0xE2, 0x02, 0xFF, 0x83, 0xEF, 0x02, 0x00,
    0xF5, 0x02, 0xFF, 0x80, 0x0F, 0x02, 0x00, 0x81, 0x10, 0xFD, 0x02, 0xFF, 0x80, 0x3F, 0x02, 0x00,
    0x80, 0xF5, 0x02, 0xFF, 0x80, 0x0F, 0x02, 0x00, 0x80, 0xC0, 0x03, 0xFF, 0x80, 0x05, 0x02, 0x00,
    0x80, 0xF5, 0x02, 0xFF, 0x80, 0x0F, 0x02, 0x00, 0x80, 0xFA, 0x02, 0xFF, 0x80, 0x7F, 0x03, 0x00,
    0x80, 0xF5, 0x02, 0xFF, 0x82, 0x0F, 0x00, 0x80, 0x03, 0xFF, 0x80, 0x09, 0x03, 0x00, 0x80, 0xF5,
    0x02, 0xFF, 0x82, 0x0F, 0x00, 0xF6, 0x02, 0xFF, 0x80, 0xBF, 0x04, 0x00, 0x80, 0xF5, 0x02, 0xFF,
    0x81, 0x0F, 0x40, 0x03, 0xFF, 0x80, 0x1C, 0x04, 0x00, 0x80, 0xF5, 0x02, 0xFF, 0x81, 0x0F, 0xE3,
    0x02, 0xFF, 0x81, 0xDF, 0x02, 0x04, 0x00, 0x80, 0xF5, 0x02, 0xFF, 0x81, 0x1F, 0xFD, 0x02, 0xFF,
    0x80, 0x3E, 0x05, 0x00, 0x80, 0xF5, 0x02, 0xFF, 0x80, 0xCF, 0x03, 0xFF, 0x80, 0x04, 0x05, 0x00,
    0x80, 0xF5, 0x05, 0xFF, 0x80, 0x6F, 0x06, 0x00, 0x80, 0xF5, 0x05, 0xFF, 0x80, 0x0A, 0x06, 0x00,
    0x80, 0xF5, 0x05, 0xFF, 0x80, 0x3E, 0x06, 0x00, 0x80, 0xF5, 0x05, 0xFF, 0x81, 0xDF, 0x01, 0x05,
    0x00, 0x80, 0xF5, 0x02, 0xFF, 0x80, 0x9F, 0x03, 0xFF, 0x80, 0x0B, 0x05, 0x00, 0x80, 0xF5, 0x02,
    0xFF, 0x81, 0x0F, 0xFC, 0x02, 0xFF, 0x80, 0x9F, 0x05, 0x00, 0x80, 0xF5, 0x02, 0xFF, 0x81, 0x0F,
    0xE2, 0x03, 0xFF, 0x80, 0x06, 0x04, 0x00, 0x80, 0xF5, 0x02, 0xFF, 0x81, 0x0F, 0x40, 0x03, 0xFF,
    0x80, 0x3F, 0x04, 0x00, 0x80, 0xF5, 0x02, 0xFF, 0x82, 0x0F, 0x00, 0xF6, 0x02, 0xFF, 0x81, 0xDF,
    0x01, 0x03, 0x00, 0x80, 0xF5, 0x02, 0xFF, 0x82, 0x0F, 0x00, 0x90, 0x03, 0xFF, 0x80, 0x0B, 0x03,
    0x00, 0x80, 0xF5, 0x02, 0xFF, 0x80, 0x0F, 0x02, 0x00, 0x80, 0xFC, 0x02, 0xFF, 0x80, 0x9F, 0x03,
    0x00, 0x80, 0xF5, 0x02, 0xFF, 0x80, 0x0F, 0x02, 0x00, 0x80, 0xD2, 0x03, 0xFF, 0x80, 0x06, 0x02,
    0x00, 0x80, 0xF5, 0x02, 0xFF, 0x80, 0x0F, 0x02, 0x00, 0x80, 0x30, 0x03, 0xFF, 0x80, 0x3F, 0x02,
    0x00, 0x80, 0xF5, 0x02, 0xFF, 0x80, 0x0F, 0x03, 0x00, 0x80, 0xF6, 0x02, 0xFF, 0x83, 0xDF, 0x02,
    0x00, 0xF5, 0x02, 0xFF, 0x80, 0x0F, 0x03, 0x00, 0x80, 0x90, 0x03, 0xFF, 0x80, 0x0C, 0x75, 0x00,
    0x27, 0x00, 0x80, 0x31, 0x02, 0x33, 0x80, 0x02, 0x05, 0x00, 0x80, 0x50, 0x02, 0xFF, 0x80, 0xBF,
    0x06, 0x00, 0x80, 0xF5, 0x02, 0xFF, 0x80, 0x0B, 0x05, 0x00, 0x80, 0x50, 0x02, 0xFF, 0x80, 0xBF,
    0x06, 0x00, 0x80, 0xF5, 0x02, 0xFF, 0x80, 0x0B, 0x05, 0x00, 0x80, 0x50, 0x02, 0xFF, 0x80, 0xBF,
    0x06, 0x00, 0x80, 0xF5, 0x02, 0xFF, 0x80, 0x0B, 0x05, 0x00, 0x80, 0x50, 0x02, 0xFF, 0x80, 0xBF,
    0x06, 0x00, 0x80, 0xF5, 0x02, 0xFF, 0x80, 0x0B, 0x05, 0x00, 0x80, 0x50, 0x02, 0xFF, 0x80, 0xBF,
    0x06, 0x00, 0x80, 0xF5, 0x02, 0xFF, 0x80, 0x0B, 0x05, 0x00, 0x80, 0x50, 0x02, 0xFF, 0x80, 0xBF,
    0x06, 0x00, 0x80, 0xF5, 0x02, 0xFF, 0x80, 0x0B, 0x05, 0x00, 0x80, 0x50, 0x02, 0xFF, 0x80, 0xBF,
    0x06, 0x00, 0x80, 0xF5, 0x02, 0xFF, 0x80, 0x0B, 0x05, 0x00, 0x80, 0x50, 0x02, 0xFF, 0x80, 0xBF,
    0x06, 0x00, 0x80, 0xF5, 0x02, 0xFF, 0x80, 0x0B, 0x05, 0x00, 0x80, 0x50, 0x02, 0xFF, 0x80, 0xBF,
    0x06, 0x00, 0x80, 0xF5, 0x02, 0xFF, 0x80, 0x0B, 0x05, 0x00, 0x80, 0x50, 0x02, 0xFF, 0x80, 0xBF,
    0x06, 0x00, 0x80, 0xF5, 0x02, 0xFF, 0x80, 0x3C, 0x04, 0x33, 0x81, 0x03, 0x50, 0x07, 0xFF, 0x82,
    0xDF, 0x00, 0xF5, 0x07, 0xFF, 0x81, 0x0D, 0x50, 0x07, 0xFF, 0x82, 0xDF, 0x00, 0xF5, 0x07, 0xFF,
    0x81, 0x0D, 0x50, 0x07, 0xFF, 0x80, 0xDF, 0x56, 0x00, 0x32, 0x00, 0x80, 0x10, 0x0A, 0x00, 0x80,
    0x01, 0x04, 0x00, 0x81, 0xB0, 0x01, 0x08, 0x00, 0x81, 0x10, 0x0C, 0x04, 0x00, 0x81, 0xF0, 0x0A,
    0x08, 0x00, 0x81, 0x90, 0x1F, 0x04, 0x00, 0x81, 0xF2, 0x5F, 0x08, 0x00, 0x81, 0xF4, 0x4F, 0x04,
    0x00, 0x82, 0xF5, 0xEF, 0x02, 0x06, 0x00, 0x82, 0x10, 0xFE, 0x6F, 0x04, 0x00, 0x82, 0xF7, 0xFF,
    0x0B, 0x06, 0x00, 0x82, 0xA0, 0xFF, 0x8F, 0x04, 0x00, 0x82, 0xF9, 0xFF, 0x7F, 0x06, 0x00, 0x82,
    0xF6, 0xFF, 0xBF, 0x04, 0x00, 0x80, 0xFC, 0x02, 0xFF, 0x80, 0x03, 0x04, 0x00, 0x83, 0x20, 0xFE,
    0xFF, 0xDF, 0x04, 0x00, 0x80, 0xFE, 0x02, 0xFF, 0x80, 0x0C, 0x04, 0x00, 0x80, 0xC0, 0x03, 0xFF,
    0x03, 0x00, 0x80, 0x10, 0x03, 0xFF, 0x80, 0x8F, 0x04, 0x00, 0x80, 0xF7, 0x03, 0xFF, 0x80, 0x02,
    0x02, 0x00, 0x80, 0x40, 0x04, 0xFF, 0x80, 0x04, 0x02, 0x00, 0x80, 0x30, 0x04, 0xFF, 0x80, 0x05,
    0x02, 0x00, 0x80, 0x60, 0x04, 0xFF, 0x80, 0x1D, 0x02, 0x00, 0x80, 0xD1, 0x04, 0xFF, 0x80, 0x07,
    0x02, 0x00, 0x80, 0x80, 0x04, 0xFF, 0x80, 0xAF, 0x02, 0x00, 0x80, 0xF9, 0x04, 0xFF, 0x80, 0x09,
    0x02, 0x00, 0x80, 0xB0, 0x05, 0xFF, 0x81, 0x05, 0x50, 0x05, 0xFF, 0x80, 0x0C, 0x02, 0x00, 0x80,
    0xD0, 0x02, 0xFF, 0x80, 0xBF, 0x02, 0xFF, 0x81, 0x2E, 0xE1, 0x02, 0xFF, 0x80, 0xFB, 0x02, 0xFF,
    0x80, 0x0E, 0x02, 0x00, 0x80, 0xF0, 0x02, 0xFF, 0x87, 0x1F, 0xFE, 0xFF, 0xBF, 0xFB, 0xFF, 0xEF,
    0xE2, 0x02, 0xFF, 0x80, 0x1F, 0x02, 0x00, 0x80, 0xF2, 0x02, 0xFF, 0x81, 0x0D, 0xF5, 0x04, 0xFF,
    0x81, 0x6F, 0xC0, 0x02, 0xFF, 0x80, 0x4F, 0x02, 0x00, 0x80, 0xF5, 0x02, 0xFF, 0x81, 0x0B, 0xA0,
    0x04, 0xFF, 0x81, 0x0B, 0xA0, 0x02, 0xFF, 0x80, 0x6F, 0x02, 0x00, 0x80, 0xF7, 0x02, 0xFF, 0x82,
    0x09, 0x10, 0xFE, 0x02, 0xFF, 0x82, 0xEF, 0x02, 0x80, 0x02, 0xFF, 0x80, 0x8F, 0x02, 0x00, 0x80,
    0xF9, 0x02, 0xFF, 0x82, 0x08, 0x00, 0xF5, 0x02, 0xFF, 0x82, 0x6F, 0x00, 0x70, 0x02, 0xFF, 0x80,
    0xBF, 0x02, 0x00, 0x80, 0xFC, 0x02, 0xFF, 0x82, 0x06, 0x00, 0xB0, 0x02, 0xFF, 0x82, 0x0B, 0x00,
    0x50, 0x02, 0xFF, 0x80, 0xDF, 0x02, 0x00, 0x80, 0xFE, 0x02, 0xFF, 0x87, 0x04, 0x00, 0x20, 0xFE,
    0xEF, 0x02, 0x00, 0x30, 0x03, 0xFF, 0x81, 0x00, 0x10, 0x03, 0xFF, 0x80, 0x02, 0x02, 0x00, 0x81,
    0xF6, 0x7F, 0x02, 0x00, 0x80, 0x10, 0x03, 0xFF, 0x81, 0x02, 0x40, 0x03, 0xFF, 0x80, 0x01, 0x02,
    0x00, 0x81, 0xB0, 0x0B, 0x03, 0x00, 0x03, 0xFF, 0x81, 0x05, 0x60, 0x02, 0xFF, 0x80, 0xEF, 0x03,
    0x00, 0x81, 0x20, 0x02, 0x03, 0x00, 0x80, 0xFD, 0x02, 0xFF, 0x81, 0x07, 0x80, 0x02, 0xFF, 0x80,
    0xCF, 0x08, 0x00, 0x80, 0xFB, 0x02, 0xFF, 0x81, 0x09, 0xB0, 0x02, 0xFF, 0x80, 0xAF, 0x08, 0x00,
    0x80, 0xF9, 0x02, 0xFF, 0x80, 0x0C, 0x7F, 0x00, 0x11, 0x00, 0x2C, 0x00, 0x80, 0x20, 0x0E, 0x00,
    0x81, 0xA5, 0x01, 0x07, 0x00, 0x03, 0x33, 0x02, 0x00, 0x82, 0x50, 0xCF, 0x01, 0x06, 0x00, 0x80,
    0xE0, 0x02, 0xFF, 0x80, 0x0E, 0x02, 0x00, 0x82, 0xF5, 0xDF, 0x02, 0x06, 0x00, 0x82, 0xFE, 0xFF,
    0xEF, 0x02, 0x00, 0x83, 0x50, 0xFF, 0xEF, 0x03, 0x05, 0x00, 0x80, 0xE0, 0x02, 0xFF, 0x80, 0x0E,
    0x02, 0x00, 0x83, 0xF5, 0xFF, 0xEF, 0x04, 0x05, 0x00, 0x82, 0xFE, 0xFF, 0xEF, 0x02, 0x00, 0x80,
    0x50, 0x03, 0xFF, 0x80, 0x06, 0x04, 0x00, 0x80, 0xE0, 0x02, 0xFF, 0x80, 0x0E, 0x02, 0x00, 0x80,
    0xF5, 0x03, 0xFF, 0x80, 0x07, 0x04, 0x00, 0x82, 0xFE, 0xFF, 0xEF, 0x02, 0x00, 0x80, 0x50, 0x04,
    0xFF, 0x80, 0x09, 0x03, 0x00, 0x80, 0xE0, 0x02, 0xFF, 0x80, 0x0E, 0x02, 0x00, 0x80, 0xF5, 0x04,
    0xFF, 0x80, 0x1B, 0x03, 0x00, 0x82, 0xFE, 0xFF, 0xEF, 0x02, 0x00, 0x80, 0x50, 0x05, 0xFF, 0x80,
    0x1C, 0x02, 0x00, 0x80, 0xE0, 0x02, 0xFF, 0x80, 0x0E, 0x02, 0x00, 0x80, 0xF5, 0x05, 0xFF, 0x80,
    0x2D, 0x02, 0x00, 0x82, 0xFE, 0xFF, 0xEF, 0x02, 0x00, 0x80, 0x50, 0x06, 0xFF, 0x82, 0x3E, 0x00,
    0xE0, 0x02, 0xFF, 0x80, 0x0E, 0x02, 0x00, 0x80, 0xF5, 0x02, 0xFF, 0x80, 0xA8, 0x03, 0xFF, 0x84,
    0x4E, 0x00, 0xFE, 0xFF, 0xEF, 0x02, 0x00, 0x80, 0x50, 0x02, 0xFF, 0x81, 0x8F, 0x90, 0x03, 0xFF,
    0x81, 0x6F, 0xE0, 0x02, 0xFF, 0x80, 0x0E, 0x02, 0x00, 0x80, 0xF5, 0x02, 0xFF, 0x81, 0x08, 0x70,
    0x03, 0xFF, 0x83, 0x8F, 0xFE, 0xFF, 0xEF, 0x02, 0x00, 0x80, 0x50, 0x02, 0xFF, 0x82, 0x8F, 0x00,
    0x50, 0x06, 0xFF, 0x80, 0x0E, 0x02, 0x00, 0x80, 0xF5, 0x02, 0xFF, 0x83, 0x08, 0x00, 0x40, 0xFE,
    0x04, 0xFF, 0x80, 0xEF, 0x02, 0x00, 0x80, 0x50, 0x02, 0xFF, 0x80, 0x8F, 0x02, 0x00, 0x81, 0x30,
    0xFE, 0x04, 0xFF, 0x80, 0x0E, 0x02, 0x00, 0x80, 0xF5, 0x02, 0xFF, 0x80, 0x08, 0x02, 0x00, 0x81,
    0x20, 0xFD, 0x03, 0xFF, 0x80, 0xEF, 0x02, 0x00, 0x80, 0x50, 0x02, 0xFF, 0x80, 0x8F, 0x03, 0x00,
    0x81, 0x10, 0xFC, 0x03, 0xFF, 0x80, 0x0E, 0x02, 0x00, 0x80, 0xF5, 0x02, 0xFF, 0x80, 0x08, 0x04,
    0x00, 0x80, 0xFA, 0x02, 0xFF, 0x80, 0xEF, 0x02, 0x00, 0x80, 0x50, 0x02, 0xFF, 0x80, 0x8F, 0x05,
    0x00, 0x80, 0xF9, 0x02, 0xFF, 0x80, 0x0E, 0x02, 0x00, 0x80, 0xF5, 0x02, 0xFF, 0x80, 0x08, 0x05,
    0x00, 0x82, 0xF7, 0xFF, 0xEF, 0x02, 0x00, 0x80, 0x50, 0x02, 0xFF, 0x80, 0x8F, 0x06, 0x00, 0x82,
    0xF5, 0xFF, 0x0E, 0x02, 0x00, 0x80, 0xF5, 0x02, 0xFF, 0x80, 0x08, 0x06, 0x00, 0x81, 0xE4, 0xEF,
    0x02, 0x00, 0x80, 0x50, 0x02, 0xFF, 0x80, 0x8F, 0x07, 0x00, 0x81, 0xD3, 0x0E, 0x0D, 0x00, 0x80,
    0xB2, 0x0E, 0x00, 0x80, 0x01, 0x67, 0x00, 0x41, 0x00, 0x84, 0x63, 0xB9, 0xBC, 0x8A, 0x15, 0x09,
    0x00, 0x80, 0xD6, 0x05, 0xFF, 0x80, 0x3A, 0x07, 0x00, 0x80, 0xD4, 0x07, 0xFF, 0x80, 0x1A, 0x05,
    0x00, 0x80, 0x70, 0x08, 0xFF, 0x81, 0xDF, 0x02, 0x04, 0x00, 0x80, 0xF7, 0x09, 0xFF, 0x80, 0x2E,
    0x03, 0x00, 0x80, 0x40, 0x04, 0xFF, 0x81, 0xEF, 0xDC, 0x04, 0xFF, 0x81, 0xCF, 0x01, 0x02, 0x00,
    0x80, 0xD1, 0x03, 0xFF, 0x84, 0x8F, 0x02, 0x00, 0x40, 0xFB, 0x03, 0xFF, 0x80, 0x08, 0x02, 0x00,
    0x80, 0xF7, 0x02, 0xFF, 0x81, 0xEF, 0x03, 0x03, 0x00, 0x80, 0x70, 0x03, 0xFF, 0x80, 0x1F, 0x02,
    0x00, 0x80, 0xFE, 0x02, 0xFF, 0x80, 0x3F, 0x05, 0x00, 0x80, 0xF9, 0x02, 0xFF, 0x82, 0x7F, 0x00,
    0x40, 0x03, 0xFF, 0x80, 0x08, 0x05, 0x00, 0x80, 0xE1, 0x02, 0xFF, 0x82, 0xCF, 0x00, 0x70, 0x03,
    0xFF, 0x80, 0x02, 0x05, 0x00, 0x80, 0x80, 0x03, 0xFF, 0x81, 0x01, 0xA0, 0x02, 0xFF, 0x80, 0xDF,
    0x06, 0x00, 0x80, 0x50, 0x03, 0xFF, 0x81, 0x03, 0xB0, 0x02, 0xFF, 0x80, 0xBF, 0x06, 0x00, 0x80,
    0x20, 0x03, 0xFF, 0x81, 0x04, 0xC0, 0x02, 0xFF, 0x80, 0xAF, 0x06, 0x00, 0x80, 0x20, 0x03, 0xFF,
    0x81, 0x05, 0xB0, 0x02, 0xFF, 0x80, 0xBF, 0x06, 0x00, 0x80, 0x30, 0x03, 0xFF, 0x81, 0x04, 0x90,
    0x02, 0xFF, 0x80, 0xEF, 0x06, 0x00, 0x80, 0x50, 0x03, 0xFF, 0x81, 0x03, 0x70, 0x03, 0xFF, 0x80,
    0x03, 0x05, 0x00, 0x80, 0xA0, 0x03, 0xFF, 0x81, 0x01, 0x30, 0x03, 0xFF, 0x80, 0x0A, 0x05, 0x00,
    0x80, 0xF2, 0x02, 0xFF, 0x80, 0xCF, 0x02, 0x00, 0x80, 0xFD, 0x02, 0xFF, 0x80, 0x5F, 0x05, 0x00,
    0x80, 0xFB, 0x02, 0xFF, 0x80, 0x6F, 0x02, 0x00, 0x80, 0xF7, 0x03, 0xFF, 0x80, 0x05, 0x03, 0x00,
    0x80, 0xB1, 0x03, 0xFF, 0x80, 0x1E, 0x02, 0x00, 0x80, 0xD1, 0x03, 0xFF, 0x84, 0xBF, 0x25, 0x10,
    0x73, 0xFE, 0x03, 0xFF, 0x80, 0x07, 0x02, 0x00, 0x80, 0x40, 0x0A, 0xFF, 0x80, 0xCF, 0x04, 0x00,
    0x80, 0xF7, 0x09, 0xFF, 0x80, 0x2D, 0x04, 0x00, 0x80, 0x70, 0x08, 0xFF, 0x81, 0xDF, 0x02, 0x05,
    0x00, 0x80, 0xD4, 0x07, 0xFF, 0x80, 0x19, 0x07, 0x00, 0x80, 0xD6, 0x05, 0xFF, 0x80, 0x3A, 0x09,
    0x00, 0x84, 0x73, 0xB9, 0xCC, 0x8B, 0x15, 0x7D, 0x00, 0x2D, 0x00, 0x85, 0x31, 0x33, 0x43, 0x34,
    0x33, 0x12, 0x05, 0x00, 0x80, 0xF5, 0x05, 0xFF, 0x81, 0xAE, 0x05, 0x03, 0x00, 0x80, 0xF5, 0x06,
    0xFF, 0x81, 0xCF, 0x03, 0x02, 0x00, 0x80, 0xF5, 0x07, 0xFF, 0x80, 0x4E, 0x02, 0x00, 0x80, 0xF5,
    0x07, 0xFF, 0x83, 0xEF, 0x01, 0x00, 0xF5, 0x02, 0xFF, 0x82, 0xCE, 0xCC, 0xFE, 0x03, 0xFF, 0x82,
    0x08, 0x00, 0xF5, 0x02, 0xFF, 0x83, 0x0B, 0x00, 0x30, 0xFC, 0x02, 0xFF, 0x82, 0x0D, 0x00, 0xF5,
    0x02, 0xFF, 0x80, 0x0B, 0x02, 0x00, 0x80, 0xE1, 0x02, 0xFF, 0x82, 0x1F, 0x00, 0xF5, 0x02, 0xFF,
    0x80, 0x0B, 0x02, 0x00, 0x80, 0xB0, 0x02, 0xFF, 0x82, 0x3F, 0x00, 0xF5, 0x02, 0xFF, 0x80, 0x0B,
    0x02, 0x00, 0x80, 0xA0, 0x02, 0xFF, 0x82, 0x3F, 0x00, 0xF5, 0x02, 0xFF, 0x80, 0x0B, 0x02, 0x00,
    0x80, 0xE1, 0x02, 0xFF, 0x82, 0x1F, 0x00, 0xF5, 0x02, 0xFF, 0x83, 0x0B, 0x00, 0x20, 0xFB, 0x02,
    0xFF, 0x82, 0x0D, 0x00, 0xF5, 0x02, 0xFF, 0x82, 0xBE, 0xBB, 0xFD, 0x03, 0xFF, 0x82, 0x08, 0x00,
    0xF5, 0x07, 0xFF, 0x83, 0xEF, 0x01, 0x00, 0xF5, 0x07, 0xFF, 0x80, 0x4F, 0x02, 0x00, 0x80, 0xF5,
    0x06, 0xFF, 0x81, 0xDF, 0x03, 0x02, 0x00, 0x80, 0xF5, 0x05, 0xFF, 0x81, 0xBE, 0x06, 0x03, 0x00,
    0x80, 0xF5, 0x02, 0xFF, 0x82, 0x4C, 0x44, 0x23, 0x05, 0x00, 0x80, 0xF5, 0x02, 0xFF, 0x80, 0x0B,
    0x07, 0x00, 0x80, 0xF5, 0x02, 0xFF, 0x80, 0x0B, 0x07, 0x00, 0x80, 0xF5, 0x02, 0xFF, 0x80, 0x0B,
    0x07, 0x00, 0x80, 0xF5, 0x02, 0xFF, 0x80, 0x0B, 0x07, 0x00, 0x80, 0xF5, 0x02, 0xFF, 0x80, 0x0B,
    0x07, 0x00, 0x80, 0xF5, 0x02, 0xFF, 0x80, 0x0B, 0x07, 0x00, 0x80, 0xF5, 0x02, 0xFF, 0x80, 0x0B,
    0x07, 0x00, 0x80, 0xF5, 0x02, 0xFF, 0x80, 0x0B, 0x69, 0x00, 0x45, 0x00, 0x84, 0x62, 0xB9, 0xBC,
    0x9B, 0x15, 0x0A, 0x00, 0x80, 0xC5, 0x05, 0xFF, 0x80, 0x4B, 0x08, 0x00, 0x80, 0xC3, 0x07, 0xFF,
    0x80, 0x1A, 0x06, 0x00, 0x80, 0x60, 0x08, 0xFF, 0x81, 0xEF, 0x03, 0x05, 0x00, 0x80, 0xF6, 0x09,
    0xFF, 0x80, 0x3E, 0x04, 0x00, 0x80, 0x40, 0x04, 0xFF, 0x82, 0xEF, 0xCC, 0xFE, 0x03, 0xFF, 0x81,
    0xDF, 0x01, 0x03, 0x00, 0x80, 0xD1, 0x03, 0xFF, 0x84, 0x9F, 0x03, 0x00, 0x30, 0xFA, 0x03, 0xFF,
    0x80, 0x08, 0x03, 0x00, 0x80, 0xF7, 0x02, 0xFF, 0x81, 0xEF, 0x04, 0x03, 0x00, 0x81, 0x50, 0xFE,
    0x02, 0xFF, 0x80, 0x2F, 0x03, 0x00, 0x80, 0xFD, 0x02, 0xFF, 0x80, 0x4F, 0x05, 0x00, 0x80, 0xF4,
    0x02, 0xFF, 0x80, 0x7F, 0x02, 0x00, 0x80, 0x40, 0x03, 0xFF, 0x80, 0x09, 0x05, 0x00, 0x80, 0x90,
    0x02, 0xFF, 0x80, 0xCF, 0x02, 0x00, 0x80, 0x70, 0x03, 0xFF, 0x80, 0x02, 0x05, 0x00, 0x80, 0x20,
    0x03, 0xFF, 0x82, 0x01, 0x00, 0xA0, 0x02, 0xFF, 0x80, 0xDF, 0x07, 0x00, 0x80, 0xFC, 0x02, 0xFF,
    0x82, 0x03, 0x00, 0xB0, 0x02, 0xFF, 0x80, 0xBF, 0x07, 0x00, 0x80, 0xF8, 0x02, 0xFF, 0x82, 0x04,
    0x00, 0xC0, 0x02, 0xFF, 0x80, 0xAF, 0x07, 0x00, 0x80, 0xF7, 0x02, 0xFF, 0x82, 0x05, 0x00, 0xB0,
    0x02, 0xFF, 0x80, 0xBF, 0x07, 0x00, 0x80, 0xF7, 0x02, 0xFF, 0x82, 0x04, 0x00, 0x90, 0x02, 0xFF,
    0x80, 0xDF, 0x02, 0x00, 0x80, 0x80, 0x02, 0xCC, 0x82, 0x7C, 0x00, 0xF8, 0x02, 0xFF, 0x82, 0x03,
    0x00, 0x70, 0x03, 0xFF, 0x83, 0x03, 0x00, 0x10, 0xFB, 0x02, 0xFF, 0x81, 0x08, 0xFB, 0x02, 0xFF,
    0x82, 0x01, 0x00, 0x30, 0x03, 0xFF, 0x80, 0x09, 0x02, 0x00, 0x80, 0xA0, 0x02, 0xFF, 0x80, 0xAF,
    0x02, 0xFF, 0x80, 0xCF, 0x03, 0x00, 0x80, 0xFD, 0x02, 0xFF, 0x80, 0x4F, 0x03, 0x00, 0x80, 0xFA,
    0x04, 0xFF, 0x80, 0x7F, 0x03, 0x00, 0x80, 0xF7, 0x02, 0xFF, 0x81, 0xEF, 0x04, 0x02, 0x00, 0x80,
    0x90, 0x04, 0xFF, 0x80, 0x1E, 0x03, 0x00, 0x80, 0xD0, 0x03, 0xFF, 0x81, 0x9F, 0x02, 0x02, 0x00,
    0x80, 0xFA, 0x03, 0xFF, 0x80, 0x08, 0x03, 0x00, 0x80, 0x30, 0x04, 0xFF, 0x82, 0xCF, 0x9A, 0xDA,
    0x04, 0xFF, 0x80, 0x02, 0x04, 0x00, 0x80, 0xF6, 0x0A, 0xFF, 0x80, 0x2D, 0x04, 0x00, 0x80, 0x60,
    0x0A, 0xFF, 0x81, 0xEF, 0x03, 0x04, 0x00, 0x80, 0xC3, 0x07, 0xFF, 0x80, 0xFB, 0x02, 0xFF, 0x80,
    0x4E, 0x05, 0x00, 0x80, 0xC6, 0x05, 0xFF, 0x82, 0x4B, 0x40, 0xFE, 0x02, 0xFF, 0x80, 0x05, 0x05,
    0x00, 0x84, 0x62, 0xB9, 0xCC, 0x9B, 0x16, 0x02, 0x00, 0x80, 0x73, 0x02, 0x77, 0x80, 0x16, 0x7F,
    0x00, 0x80, 0x00, 0x31, 0x00, 0x85, 0x31, 0x33, 0x43, 0x34, 0x33, 0x23, 0x06, 0x00, 0x80, 0xF5,
    0x05, 0xFF, 0x81, 0xCF, 0x17, 0x04, 0x00, 0x80, 0xF5, 0x06, 0xFF, 0x81, 0xEF, 0x06, 0x03, 0x00,
    0x80, 0xF5, 0x07, 0xFF, 0x80, 0x8F, 0x03, 0x00, 0x80, 0xF5, 0x08, 0xFF, 0x80, 0x05, 0x02, 0x00,
    0x80, 0xF5, 0x02, 0xFF, 0x81, 0xEF, 0xEE, 0x04, 0xFF, 0x80, 0x0D, 0x02, 0x00, 0x80, 0xF5, 0x02,
    0xFF, 0x83, 0x0B, 0x00, 0x51, 0xFD, 0x02, 0xFF, 0x80, 0x4F, 0x02, 0x00, 0x80, 0xF5, 0x02, 0xFF,
    0x80, 0x0B, 0x02, 0x00, 0x80, 0xF2, 0x02, 0xFF, 0x80, 0x8F, 0x02, 0x00, 0x80, 0xF5, 0x02, 0xFF,
    0x80, 0x0B, 0x02, 0x00, 0x80, 0xB0, 0x02, 0xFF, 0x80, 0x9F, 0x02, 0x00, 0x80, 0xF5, 0x02, 0xFF,
    0x80, 0x0B, 0x02, 0x00, 0x80, 0xA0, 0x02, 0xFF, 0x80, 0x9F, 0x02, 0x00, 0x80, 0xF5, 0x02, 0xFF,
    0x80, 0x0B, 0x02, 0x00, 0x80, 0xD0, 0x02, 0xFF, 0x80, 0x8F, 0x02, 0x00, 0x80, 0xF5, 0x02, 0xFF,
    0x80, 0x0B, 0x02, 0x00, 0x80, 0xF8, 0x02, 0xFF, 0x80, 0x5F, 0x02, 0x00, 0x80, 0xF5, 0x02, 0xFF,
    0x82, 0x7D, 0x77, 0xD9, 0x03, 0xFF, 0x80, 0x0E, 0x02, 0x00, 0x80, 0xF5, 0x08, 0xFF, 0x80, 0x06,
    0x02, 0x00, 0x80, 0xF5, 0x07, 0xFF, 0x80, 0x9F, 0x03, 0x00, 0x80, 0xF5, 0x06, 0xFF, 0x81, 0xEF,
    0x07, 0x03, 0x00, 0x80, 0xF5, 0x06, 0xFF, 0x80, 0x2D, 0x04, 0x00, 0x80, 0xF5, 0x02, 0xFF, 0x81,
    0x4C, 0xF6, 0x02, 0xFF, 0x80, 0x4F, 0x04, 0x00, 0x80, 0xF5, 0x02, 0xFF, 0x81, 0x0B, 0x90, 0x02,
    0xFF, 0x81, 0xDF, 0x01, 0x03, 0x00, 0x80, 0xF5, 0x02, 0xFF, 0x82, 0x0B, 0x10, 0xFE, 0x02, 0xFF,
    0x80, 0x0A, 0x03, 0x00, 0x80, 0xF5, 0x02, 0xFF, 0x82, 0x0B, 0x00, 0xF6, 0x02, 0xFF, 0x80, 0x5F,
    0x03, 0x00, 0x80, 0xF5, 0x02, 0xFF, 0x82, 0x0B, 0x00, 0xC0, 0x02, 0xFF, 0x81, 0xEF, 0x02, 0x02,
    0x00, 0x80, 0xF5, 0x02, 0xFF, 0x82, 0x0B, 0x00, 0x30, 0x03, 0xFF, 0x80, 0x0B, 0x02, 0x00, 0x80,
    0xF5, 0x02, 0xFF, 0x80, 0x0B, 0x02, 0x00, 0x80, 0xF8, 0x02, 0xFF, 0x80, 0x6F, 0x02, 0x00, 0x80,
    0xF5, 0x02, 0xFF, 0x80, 0x0B, 0x02, 0x00, 0x80, 0xD1, 0x02, 0xFF, 0x83, 0xEF, 0x02, 0x00, 0xF5,
    0x02, 0xFF, 0x80, 0x0B, 0x02, 0x00, 0x80, 0x40, 0x03, 0xFF, 0x80, 0x0C, 0x6C, 0x00, 0x31, 0x00,
    0x84, 0x10, 0x95, 0xCB, 0xAB, 0x37, 0x06, 0x00, 0x81, 0x81, 0xFE, 0x03, 0xFF, 0x81, 0xBF, 0x03,
    0x04, 0x00, 0x80, 0xD2, 0x06, 0xFF, 0x80, 0x07, 0x03, 0x00, 0x80, 0xD1, 0x07, 0xFF, 0x80, 0x07,
    0x02, 0x00, 0x80, 0x70, 0x08, 0xFF, 0x80, 0x04, 0x02, 0x00, 0x80, 0xFC, 0x02, 0xFF, 0x82, 0x8E,
    0x65, 0xFA, 0x02, 0xFF, 0x80, 0xCF, 0x02, 0x00, 0x80, 0xF0, 0x02, 0xFF, 0x80, 0x5F, 0x02, 0x00,
    0x85, 0xE3, 0xFF, 0x8F, 0x01, 0x00, 0x10, 0x03, 0xFF, 0x80, 0x02, 0x02, 0x00, 0x81, 0xF3, 0x2A,
    0x03, 0x00, 0x80, 0xF0, 0x02, 0xFF, 0x80, 0x9F, 0x03, 0x00, 0x80, 0x01, 0x04, 0x00, 0x80, 0xFC,
    0x02, 0xFF, 0x81, 0xAF, 0x02, 0x06, 0x00, 0x80, 0x60, 0x04, 0xFF, 0x80, 0x5B, 0x06, 0x00, 0x80,
    0xC0, 0x04, 0xFF, 0x81, 0xEF, 0x28, 0x05, 0x00, 0x80, 0xD2, 0x05, 0xFF, 0x80, 0x8F, 0x05, 0x00,
    0x80, 0xA1, 0x05, 0xFF, 0x81, 0xCF, 0x01, 0x04, 0x00, 0x81, 0x40, 0xFB, 0x04, 0xFF, 0x80, 0xBF,
    0x06, 0x00, 0x81, 0x82, 0xFE, 0x03, 0xFF, 0x80, 0x5F, 0x07, 0x00, 0x80, 0xE6, 0x03, 0xFF, 0x80,
    0x0B, 0x02, 0x00, 0x81, 0x30, 0x08, 0x03, 0x00, 0x80, 0xD1, 0x03, 0xFF, 0x02, 0x00, 0x82, 0x70,
    0xFF, 0x05, 0x03, 0x00, 0x80, 0xF6, 0x02, 0xFF, 0x85, 0x1F, 0x00, 0xB2, 0xFF, 0xEF, 0x03, 0x02,
    0x00, 0x80, 0x50, 0x03, 0xFF, 0x81, 0x01, 0x90, 0x02, 0xFF, 0x81, 0xEF, 0x05, 0x02, 0x00, 0x80,
    0xFB, 0x02, 0xFF, 0x82, 0x0E, 0x00, 0xE2, 0x03, 0xFF, 0x82, 0x8C, 0x76, 0xFD, 0x02, 0xFF, 0x80,
    0x9F, 0x02, 0x00, 0x80, 0xF5, 0x08, 0xFF, 0x80, 0x03, 0x02, 0x00, 0x80, 0xF6, 0x07, 0xFF, 0x80,
    0x07, 0x03, 0x00, 0x80, 0xE5, 0x06, 0xFF, 0x80, 0x08, 0x04, 0x00, 0x81, 0x81, 0xFE, 0x03, 0xFF,
    0x81, 0xCF, 0x04, 0x05, 0x00, 0x84, 0x10, 0x95, 0xCB, 0xAC, 0x37, 0x60, 0x00, 0x2A, 0x00, 0x0A,
    0x33, 0x80, 0xD0, 0x09, 0xFF, 0x81, 0x1F, 0xFD, 0x09, 0xFF, 0x80, 0xD1, 0x09, 0xFF, 0x81, 0x1F,
    0xFD, 0x09, 0xFF, 0x80, 0xD1, 0x09, 0xFF, 0x81, 0x1F, 0x43, 0x02, 0x44, 0x80, 0xE4, 0x02, 0xFF,
    0x80, 0x5F, 0x03, 0x44, 0x04, 0x00, 0x80, 0xFE, 0x02, 0xFF, 0x80, 0x02, 0x06, 0x00, 0x80, 0xE0,
    0x02, 0xFF, 0x80, 0x2F, 0x07, 0x00, 0x80, 0xFE, 0x02, 0xFF, 0x80, 0x02, 0x06, 0x00, 0x80, 0xE0,
    0x02, 0xFF, 0x80, 0x2F, 0x07, 0x00, 0x80, 0xFE, 0x02, 0xFF, 0x80, 0x02, 0x06, 0x00, 0x80, 0xE0,
    0x02, 0xFF, 0x80, 0x2F, 0x07, 0x00, 0x80, 0xFE, 0x02, 0xFF, 0x80, 0x02, 0x06, 0x00, 0x80, 0xE0,
    0x02, 0xFF, 0x80, 0x2F, 0x07, 0x00, 0x80, 0xFE, 0x02, 0xFF, 0x80, 0x02, 0x06, 0x00, 0x80, 0xE0,
    0x02, 0xFF, 0x80, 0x2F, 0x07, 0x00, 0x80, 0xFE, 0x02, 0xFF, 0x80, 0x02, 0x06, 0x00, 0x80, 0xE0,
    0x02, 0xFF, 0x80, 0x2F, 0x07, 0x00, 0x80, 0xFE, 0x02, 0xFF, 0x80, 0x02, 0x06, 0x00, 0x80, 0xE0,
    0x02, 0xFF, 0x80, 0x2F, 0x07, 0x00, 0x80, 0xFE, 0x02, 0xFF, 0x80, 0x02, 0x06, 0x00, 0x80, 0xE0,
    0x02, 0xFF, 0x80, 0x2F, 0x07, 0x00, 0x80, 0xFE, 0x02, 0xFF, 0x80, 0x02, 0x06, 0x00, 0x80, 0xE0,
    0x02, 0xFF, 0x80, 0x2F, 0x07, 0x00, 0x80, 0xFE, 0x02, 0xFF, 0x80, 0x02, 0x62, 0x00, 0x33, 0x00,
    0x80, 0x32, 0x02, 0x33, 0x80, 0x02, 0x03, 0x00, 0x80, 0x31, 0x02, 0x33, 0x82, 0x02, 0x00, 0x80,
    0x02, 0xFF, 0x80, 0x8F, 0x03, 0x00, 0x80, 0x50, 0x02, 0xFF, 0x80, 0xBF, 0x02, 0x00, 0x80, 0xF8,
    0x02, 0xFF, 0x80, 0x08, 0x03, 0x00, 0x80, 0xF5, 0x02, 0xFF, 0x82, 0x0B, 0x00, 0x80, 0x02, 0xFF,
    0x80, 0x8F, 0x03, 0x00, 0x80, 0x50, 0x02, 0xFF, 0x80, 0xBF, 0x02, 0x00, 0x80, 0xF8, 0x02, 0xFF,
    0x80, 0x08, 0x03, 0x00, 0x80, 0xF5, 0x02, 0xFF, 0x82, 0x0B, 0x00, 0x80, 0x02, 0xFF, 0x80, 0x8F,
    0x03, 0x00, 0x80, 0x50, 0x02, 0xFF, 0x80, 0xBF, 0x02, 0x00, 0x80, 0xF8, 0x02, 0xFF, 0x80, 0x08,
    0x03, 0x00, 0x80, 0xF5, 0x02, 0xFF, 0x82, 0x0B, 0x00, 0x80, 0x02, 0xFF, 0x80, 0x8F, 0x03, 0x00,
    0x80, 0x50, 0x02, 0xFF, 0x80, 0xBF, 0x02, 0x00, 0x80, 0xF8, 0x02, 0xFF, 0x80, 0x08, 0x03, 0x00,
    0x80, 0xF5, 0x02, 0xFF, 0x82, 0x0B, 0x00, 0x80, 0x02, 0xFF, 0x80, 0x8F, 0x03, 0x00, 0x80, 0x50,
    0x02, 0xFF, 0x80, 0xBF, 0x02, 0x00, 0x80, 0xF8, 0x02, 0xFF, 0x80, 0x08, 0x03, 0x00, 0x80, 0xF5,
    0x02, 0xFF, 0x82, 0x0B, 0x00, 0x80, 0x02, 0xFF, 0x80, 0x8F, 0x03, 0x00, 0x80, 0x50, 0x02, 0xFF,
    0x80, 0xBF, 0x02, 0x00, 0x80, 0xF8, 0x02, 0xFF, 0x80, 0x08, 0x03, 0x00, 0x80, 0xF5, 0x02, 0xFF,
    0x82, 0x0B, 0x00, 0x80, 0x02, 0xFF, 0x80, 0x8F, 0x03, 0x00, 0x80, 0x50, 0x02, 0xFF, 0x80, 0xBF,
    0x02, 0x00, 0x80, 0xF8, 0x02, 0xFF, 0x80, 0x08, 0x03, 0x00, 0x80, 0xF5, 0x02, 0xFF, 0x82, 0x0B,
    0x00, 0x80, 0x02, 0xFF, 0x80, 0x8F, 0x03, 0x00, 0x80, 0x50, 0x02, 0xFF, 0x80, 0xBF, 0x02, 0x00,
    0x80, 0xF8, 0x02, 0xFF, 0x80, 0x08, 0x03, 0x00, 0x80, 0xF5, 0x02, 0xFF, 0x82, 0x0B, 0x00, 0x80,
    0x02, 0xFF, 0x80, 0x9F, 0x03, 0x00, 0x80, 0x50, 0x02, 0xFF, 0x80, 0xBF, 0x02, 0x00, 0x80, 0xF7,
    0x02, 0xFF, 0x80, 0x0B, 0x03, 0x00, 0x80, 0xF7, 0x02, 0xFF, 0x82, 0x0B, 0x00, 0x60, 0x02, 0xFF,
    0x81, 0xEF, 0x01, 0x02, 0x00, 0x80, 0xC0, 0x02, 0xFF, 0x80, 0x9F, 0x02, 0x00, 0x80, 0xF3, 0x02,
    0xFF, 0x80, 0xAF, 0x02, 0x00, 0x80, 0x70, 0x03, 0xFF, 0x80, 0x06, 0x02, 0x00, 0x80, 0xFD, 0x02,
    0xFF, 0x82, 0xDF, 0x68, 0xC8, 0x03, 0xFF, 0x80, 0x2F, 0x02, 0x00, 0x80, 0x60, 0x08, 0xFF, 0x80,
    0xAF, 0x03, 0x00, 0x80, 0xB0, 0x07, 0xFF, 0x81, 0xEF, 0x01, 0x03, 0x00, 0x80, 0xC1, 0x06, 0xFF,
    0x81, 0xEF, 0x03, 0x04, 0x00, 0x81, 0x80, 0xFE, 0x04, 0xFF, 0x81, 0xAF, 0x01, 0x05, 0x00, 0x85,
    0x10, 0xB6, 0xFD, 0xFF, 0xBE, 0x27, 0x09, 0x00, 0x80, 0x10, 0x5E, 0x00, 0x36, 0x00, 0x80, 0x30,
    0x03, 0x33, 0x06, 0x00, 0x80, 0x32, 0x02, 0x33, 0x81, 0x03, 0xFA, 0x02, 0xFF, 0x80, 0x5F, 0x05,
    0x00, 0x80, 0xD0, 0x03, 0xFF, 0x80, 0x30, 0x03, 0xFF, 0x80, 0x0B, 0x04, 0x00, 0x80, 0x50, 0x03,
    0xFF, 0x81, 0x0A, 0xA0, 0x03, 0xFF, 0x80, 0x03, 0x04, 0x00, 0x80, 0xFB, 0x02, 0xFF, 0x82, 0x2F,
    0x00, 0xF3, 0x02, 0xFF, 0x80, 0x9F, 0x04, 0x00, 0x80, 0xF2, 0x02, 0xFF, 0x80, 0xAF, 0x02, 0x00,
    0x80, 0xFB, 0x02, 0xFF, 0x80, 0x1E, 0x03, 0x00, 0x80, 0x80, 0x03, 0xFF, 0x82, 0x03, 0x00, 0x30,
    0x03, 0xFF, 0x80, 0x06, 0x03, 0x00, 0x80, 0xFE, 0x02, 0xFF, 0x80, 0x0A, 0x02, 0x00, 0x80, 0xB0,
    0x02, 0xFF, 0x80, 0xCF, 0x03, 0x00, 0x80, 0xF6, 0x02, 0xFF, 0x80, 0x3F, 0x03, 0x00, 0x80, 0xF3,
    0x02, 0xFF, 0x80, 0x3F, 0x02, 0x00, 0x80, 0xC0, 0x02, 0xFF, 0x80, 0xAF, 0x04, 0x00, 0x80, 0xFB,
    0x02, 0xFF, 0x82, 0x09, 0x00, 0x30, 0x03, 0xFF, 0x80, 0x03, 0x03, 0x00, 0x80, 0x40, 0x02, 0xFF,
    0x83, 0xEF, 0x01, 0x00, 0xF9, 0x02, 0xFF, 0x80, 0x0A, 0x04, 0x00, 0x80, 0xB0, 0x02, 0xFF, 0x82,
    0x7F, 0x00, 0xE1, 0x02, 0xFF, 0x80, 0x3F, 0x05, 0x00, 0x80, 0xF4, 0x02, 0xFF, 0x81, 0x0D, 0x60,
    0x02, 0xFF, 0x80, 0xAF, 0x06, 0x00, 0x80, 0xFB, 0x02, 0xFF, 0x81, 0x04, 0xFC, 0x02, 0xFF, 0x80,
    0x03, 0x05, 0x00, 0x80, 0x40, 0x02, 0xFF, 0x81, 0xAF, 0xF4, 0x02, 0xFF, 0x80, 0x0B, 0x06, 0x00,
    0x80, 0xB0, 0x02, 0xFF, 0x80, 0xBF, 0x02, 0xFF, 0x80, 0x3F, 0x07, 0x00, 0x80, 0xF4, 0x04, 0xFF,
    0x80, 0xBF, 0x08, 0x00, 0x80, 0xFC, 0x04, 0xFF, 0x80, 0x03, 0x07, 0x00, 0x80, 0x40, 0x04, 0xFF,
    0x80, 0x0B, 0x08, 0x00, 0x80, 0xC0, 0x03, 0xFF, 0x80, 0x3F, 0x09, 0x00, 0x80, 0xF4, 0x02, 0xFF,
    0x80, 0xBF, 0x0A, 0x00, 0x80, 0xFC, 0x02, 0xFF, 0x80, 0x04, 0x09, 0x00, 0x80, 0x40, 0x02, 0xFF,
    0x80, 0x0B, 0x0A, 0x00, 0x82, 0xC0, 0xFF, 0x4F, 0x0B, 0x00, 0x81, 0xF5, 0xBF, 0x0C, 0x00, 0x81,
    0xFC, 0x04, 0x0B, 0x00, 0x81, 0x50, 0x0B, 0x0C, 0x00, 0x80, 0x20, 0x65, 0x00, 0x44, 0x00, 0x80,
    0x01, 0x09, 0x00, 0x03, 0x33, 0x80, 0x13, 0x05, 0x00, 0x80, 0x94, 0x05, 0x00, 0x80, 0x30, 0x03,
    0x33, 0x80, 0x90, 0x03, 0xFF, 0x80, 0x09, 0x04, 0x00, 0x81, 0xA0, 0x1E, 0x04, 0x00, 0x80, 0x40,
    0x03, 0xFF, 0x81, 0x0E, 0xF2, 0x02, 0xFF, 0x80, 0xEF, 0x04, 0x00, 0x82, 0x20, 0xFF, 0x07, 0x04,
    0x00, 0x80, 0xF9, 0x02, 0xFF, 0x82, 0x8F, 0x00, 0xFB, 0x02, 0xFF, 0x80, 0x4F, 0x04, 0x00, 0x81,
    0xF9, 0xDF, 0x04, 0x00, 0x80, 0xE0, 0x03, 0xFF, 0x81, 0x02, 0x50, 0x03, 0xFF, 0x80, 0x09, 0x03,
    0x00, 0x82, 0xE1, 0xFF, 0x5F, 0x03, 0x00, 0x80, 0x50, 0x03, 0xFF, 0x82, 0x0A, 0x00, 0xE0, 0x02,
    0xFF, 0x80, 0xEF, 0x03, 0x00, 0x80, 0x70, 0x02, 0xFF, 0x80, 0x0C, 0x03, 0x00, 0x80, 0xFA, 0x02,
    0xFF, 0x80, 0x4F, 0x02, 0x00, 0x80, 0xF8, 0x02, 0xFF, 0x80, 0x5F, 0x03, 0x00, 0x80, 0xFD, 0x02,
    0xFF, 0x80, 0x03, 0x02, 0x00, 0x80, 0xE1, 0x02, 0xFF, 0x80, 0xDF, 0x02, 0x00, 0x80, 0x20, 0x03,
    0xFF, 0x80, 0x0A, 0x02, 0x00, 0x80, 0xF5, 0x02, 0xFF, 0x80, 0xAF, 0x02, 0x00, 0x80, 0x50, 0x03,
    0xFF, 0x80, 0x07, 0x02, 0x00, 0x80, 0xB0, 0x02, 0xFF, 0x83, 0xEF, 0x01, 0x00, 0xC0, 0x03, 0xFF,
    0x80, 0x2F, 0x02, 0x00, 0x80, 0xFA, 0x02, 0xFF, 0x80, 0x1F, 0x03, 0x00, 0x80, 0xF5, 0x02, 0xFF,
    0x82, 0x5F, 0x00, 0x30, 0x04, 0xFF, 0x82, 0x08, 0x00, 0xF1, 0x02, 0xFF, 0x80, 0xAF, 0x04, 0x00,
    0x80, 0xFD, 0x02, 0xFF, 0x82, 0x0B, 0x00, 0xFA, 0x03, 0xFF, 0x82, 0xEF, 0x01, 0x50, 0x03, 0xFF,
    0x80, 0x03, 0x03, 0x00, 0x80, 0x70, 0x03, 0xFF, 0x81, 0x01, 0xF2, 0x04, 0xFF, 0x82, 0x7F, 0x00,
    0xFA, 0x02, 0xFF, 0x80, 0x0C, 0x04, 0x00, 0x80, 0xF1, 0x02, 0xFF, 0x81, 0x6F, 0x80, 0x02, 0xFF,
    0x80, 0xCE, 0x02, 0xFF, 0x81, 0x0D, 0xF1, 0x02, 0xFF, 0x80, 0x6F, 0x05, 0x00, 0x80, 0xFA, 0x02,
    0xFF, 0x84, 0x1B, 0xFE, 0xFF, 0x8F, 0xF3, 0x02, 0xFF, 0x80, 0x65, 0x02, 0xFF, 0x81, 0xEF, 0x01,
    0x04, 0x00, 0x80, 0x40, 0x03, 0xFF, 0x87, 0xF7, 0xFF, 0xEF, 0x01, 0xFA, 0xFF, 0xCF, 0xFB, 0x02,
    0xFF, 0x80, 0x09, 0x05, 0x00, 0x80, 0xD0, 0x05, 0xFF, 0x81, 0x07, 0x20, 0x05, 0xFF, 0x80, 0x3F,
    0x06, 0x00, 0x80, 0xF7, 0x04, 0xFF, 0x82, 0x0D, 0x00, 0x90, 0x04, 0xFF, 0x80, 0xCF, 0x06, 0x00,
    0x81, 0x10, 0xFE, 0x03, 0xFF, 0x80, 0x6F, 0x02, 0x00, 0x80, 0xE1, 0x04, 0xFF, 0x80, 0x05, 0x06,
    0x00, 0x80, 0x90, 0x03, 0xFF, 0x80, 0xCF, 0x03, 0x00, 0x80, 0xF8, 0x03, 0xFF, 0x80, 0x0E, 0x07,
    0x00, 0x80, 0xF3, 0x03, 0xFF, 0x80, 0x05, 0x02, 0x00, 0x81, 0x10, 0xFE, 0x02, 0xFF, 0x80, 0x8F,
    0x08, 0x00, 0x80, 0xFC, 0x02, 0xFF, 0x80, 0x0C, 0x03, 0x00, 0x80, 0x70, 0x03, 0xFF, 0x80, 0x02,
    0x07, 0x00, 0x80, 0x60, 0x02, 0xFF, 0x80, 0x4F, 0x04, 0x00, 0x80, 0xD0, 0x02, 0xFF, 0x80, 0x0B,
    0x08, 0x00, 0x82, 0xE1, 0xFF, 0xBF, 0x05, 0x00, 0x82, 0xF6, 0xFF, 0x5F, 0x09, 0x00, 0x82, 0xF9,
    0xFF, 0x03, 0x05, 0x00, 0x81, 0xFD, 0xDF, 0x09, 0x00, 0x82, 0x30, 0xFF, 0x0A, 0x05, 0x00, 0x82,
    0x50, 0xFF, 0x07, 0x09, 0x00, 0x81, 0xB0, 0x2F, 0x06, 0x00, 0x81, 0xC0, 0x2F, 0x0A, 0x00, 0x80,
    0x85, 0x07, 0x00, 0x80, 0xA4, 0x0B, 0x00, 0x80, 0x01, 0x07, 0x00, 0x80, 0x02, 0x7F, 0x00, 0x0F,
    0x00, 0x32, 0x00, 0x80, 0x30, 0x03, 0x33, 0x80, 0x02, 0x03, 0x00, 0x80, 0x32, 0x03, 0x33, 0x81,
    0x00, 0xF8, 0x02, 0xFF, 0x81, 0xEF, 0x01, 0x02, 0x00, 0x80, 0xD0, 0x03, 0xFF, 0x82, 0x09, 0x00,
    0xFD, 0x02, 0xFF, 0x80, 0x7F, 0x02, 0x00, 0x80, 0x70, 0x03, 0xFF, 0x82, 0x1D, 0x00, 0x40, 0x03,
    0xFF, 0x83, 0x1E, 0x00, 0x10, 0xFE, 0x02, 0xFF, 0x80, 0x4F, 0x02, 0x00, 0x80, 0x90, 0x03, 0xFF,
    0x82, 0x08, 0x00, 0xF8, 0x02, 0xFF, 0x80, 0x9F, 0x03, 0x00, 0x80, 0xE1, 0x02, 0xFF, 0x82, 0xEF,
    0x02, 0xF2, 0x02, 0xFF, 0x81, 0xEF, 0x01, 0x03, 0x00, 0x80, 0xF5, 0x02, 0xFF, 0x81, 0x9F, 0xA0,
    0x03, 0xFF, 0x80, 0x05, 0x04, 0x00, 0x80, 0xFB, 0x02, 0xFF, 0x80, 0x5F, 0x03, 0xFF, 0x80, 0x0A,
    0x04, 0x00, 0x81, 0x20, 0xFE, 0x05, 0xFF, 0x80, 0x2E, 0x05, 0x00, 0x80, 0x70, 0x05, 0xFF, 0x80,
    0x6F, 0x06, 0x00, 0x80, 0xC0, 0x04, 0xFF, 0x80, 0xBF, 0x07, 0x00, 0x80, 0xF3, 0x04, 0xFF, 0x80,
    0x02, 0x07, 0x00, 0x80, 0xF9, 0x03, 0xFF, 0x80, 0x07, 0x07, 0x00, 0x80, 0x80, 0x03, 0xFF, 0x80,
    0x6F, 0x07, 0x00, 0x80, 0x30, 0x04, 0xFF, 0x80, 0x1E, 0x07, 0x00, 0x80, 0xFC, 0x04, 0xFF, 0x80,
    0x0A, 0x06, 0x00, 0x80, 0xF8, 0x05, 0xFF, 0x80, 0x05, 0x05, 0x00, 0x80, 0xF3, 0x02, 0xFF, 0x80,
    0xEF, 0x02, 0xFF, 0x81, 0xEF, 0x01, 0x04, 0x00, 0x80, 0xC0, 0x02, 0xFF, 0x81, 0xDF, 0xF2, 0x02,
    0xFF, 0x80, 0xAF, 0x04, 0x00, 0x80, 0x80, 0x03, 0xFF, 0x81, 0x05, 0xF8, 0x02, 0xFF, 0x80, 0x4F,
    0x03, 0x00, 0x80, 0x30, 0x03, 0xFF, 0x82, 0x0C, 0x10, 0xFE, 0x02, 0xFF, 0x80, 0x1D, 0x03, 0x00,
    0x80, 0xFC, 0x02, 0xFF, 0x82, 0x3F, 0x00, 0x70, 0x03, 0xFF, 0x80, 0x09, 0x02, 0x00, 0x80, 0xF8,
    0x02, 0xFF, 0x80, 0xAF, 0x02, 0x00, 0x80, 0xD0, 0x03, 0xFF, 0x82, 0x04, 0x00, 0xF3, 0x03, 0xFF,
    0x80, 0x02, 0x02, 0x00, 0x80, 0xF5, 0x02, 0xFF, 0x82, 0xDF, 0x01, 0xC0, 0x03, 0xFF, 0x80, 0x08,
    0x03, 0x00, 0x80, 0xFC, 0x02, 0xFF, 0x81, 0x9F, 0x80, 0x03, 0xFF, 0x80, 0x1E, 0x03, 0x00, 0x80,
    0x40, 0x03, 0xFF, 0x80, 0x3F, 0x71, 0x00, 0x30, 0x00, 0x80, 0x30, 0x03, 0x33, 0x04, 0x00, 0x80,
    0x10, 0x03, 0x33, 0x80, 0x90, 0x03, 0xFF, 0x80, 0x05, 0x03, 0x00, 0x80, 0x80, 0x03, 0xFF, 0x81,
    0x10, 0xFE, 0x02, 0xFF, 0x80, 0x0D, 0x03, 0x00, 0x80, 0xF2, 0x02, 0xFF, 0x82, 0xCF, 0x00, 0xF7,
    0x02, 0xFF, 0x80, 0x5F, 0x03, 0x00, 0x80, 0xF9, 0x02, 0xFF, 0x82, 0x3F, 0x00, 0xD0, 0x02, 0xFF,
    0x80, 0xDF, 0x02, 0x00, 0x80, 0x20, 0x03, 0xFF, 0x82, 0x09, 0x00, 0x40, 0x03, 0xFF, 0x82, 0x06,
    0x00, 0xA0, 0x02, 0xFF, 0x81, 0xEF, 0x01, 0x02, 0x00, 0x80, 0xFA, 0x02, 0xFF, 0x82, 0x0D, 0x00,
    0xF3, 0x02, 0xFF, 0x80, 0x6F, 0x03, 0x00, 0x80, 0xF2, 0x02, 0xFF, 0x82, 0x7F, 0x00, 0xFA, 0x02,
    0xFF, 0x80, 0x0C, 0x03, 0x00, 0x80, 0x80, 0x02, 0xFF, 0x81, 0xEF, 0x31, 0x03, 0xFF, 0x80, 0x04,
    0x03, 0x00, 0x81, 0x10, 0xFD, 0x02, 0xFF, 0x80, 0xB7, 0x02, 0xFF, 0x80, 0xAF, 0x05, 0x00, 0x80,
    0xF5, 0x05, 0xFF, 0x80, 0x2E, 0x05, 0x00, 0x80, 0xB0, 0x05, 0xFF, 0x80, 0x07, 0x05, 0x00, 0x80,
    0x30, 0x04, 0xFF, 0x80, 0xDF, 0x07, 0x00, 0x80, 0xF8, 0x03, 0xFF, 0x80, 0x4F, 0x07, 0x00, 0x80,
    0xE1, 0x03, 0xFF, 0x80, 0x0B, 0x07, 0x00, 0x80, 0x60, 0x03, 0xFF, 0x80, 0x02, 0x07, 0x00, 0x80,
    0x30, 0x03, 0xFF, 0x08, 0x00, 0x80, 0x30, 0x03, 0xFF, 0x08, 0x00, 0x80, 0x30, 0x03, 0xFF, 0x08,
    0x00, 0x80, 0x30, 0x03, 0xFF, 0x08, 0x00, 0x80, 0x30, 0x03, 0xFF, 0x08, 0x00, 0x80, 0x30, 0x03,
    0xFF, 0x08, 0x00, 0x80, 0x30, 0x03, 0xFF, 0x08, 0x00, 0x80, 0x30, 0x03, 0xFF, 0x08, 0x00, 0x80,
    0x30, 0x03, 0xFF, 0x08, 0x00, 0x80, 0x30, 0x03, 0xFF, 0x70, 0x00, 0x2D, 0x00, 0x09, 0x33, 0x82,
    0x23, 0x00, 0xFE, 0x08, 0xFF, 0x82, 0x6F, 0x00, 0xFE, 0x08, 0xFF, 0x82, 0x0C, 0x00, 0xFE, 0x08,
    0xFF, 0x82, 0x03, 0x00, 0xFE, 0x07, 0xFF, 0x80, 0x9F, 0x02, 0x00, 0x80, 0xFE, 0x07, 0xFF, 0x80,
    0x1E, 0x02, 0x00, 0x80, 0x43, 0x03, 0x44, 0x80, 0x54, 0x03, 0xFF, 0x80, 0x06, 0x06, 0x00, 0x80,
    0xA0, 0x02, 0xFF, 0x80, 0xCF, 0x07, 0x00, 0x80, 0xF4, 0x02, 0xFF, 0x80, 0x3F, 0x07, 0x00, 0x80,
    0xFD, 0x02, 0xFF, 0x80, 0x09, 0x06, 0x00, 0x80, 0x70, 0x02, 0xFF, 0x81, 0xEF, 0x01, 0x06, 0x00,
    0x80, 0xE2, 0x02, 0xFF, 0x80, 0x7F, 0x07, 0x00, 0x80, 0xFA, 0x02, 0xFF, 0x80, 0x0C, 0x06, 0x00,
    0x80, 0x40, 0x03, 0xFF, 0x80, 0x04, 0x06, 0x00, 0x80, 0xC0, 0x02, 0xFF, 0x80, 0xAF, 0x07, 0x00,
    0x80, 0xF7, 0x02, 0xFF, 0x80, 0x2E, 0x06, 0x00, 0x81, 0x10, 0xFE, 0x02, 0xFF, 0x80, 0x07, 0x06,
    0x00, 0x80, 0x90, 0x02, 0xFF, 0x80, 0xDF, 0x07, 0x00, 0x80, 0xF3, 0x02, 0xFF, 0x80, 0x4F, 0x07,
    0x00, 0x80, 0xFC, 0x02, 0xFF, 0x80, 0x0A, 0x06, 0x00, 0x80, 0x60, 0x03, 0xFF, 0x80, 0x35, 0x04,
    0x33, 0x82, 0x02, 0x00, 0xE1, 0x08, 0xFF, 0x82, 0x08, 0x00, 0xF9, 0x08, 0xFF, 0x81, 0x08, 0x30,
    0x09, 0xFF, 0x81, 0x08, 0xC0, 0x09, 0xFF, 0x81, 0x08, 0xF6, 0x09, 0xFF, 0x80, 0x08, 0x63, 0x00,
    0x08, 0x00, 0x04, 0x11, 0x82, 0x01, 0x00, 0xB0, 0x04, 0xFF, 0x82, 0x05, 0x00, 0xFB, 0x03, 0xFF,
    0x82, 0x5F, 0x00, 0xB0, 0x04, 0xFF, 0x82, 0x05, 0x00, 0xFB, 0x03, 0xFF, 0x82, 0x5F, 0x00, 0xB0,
    0x02, 0xFF, 0x86, 0xAD, 0xAA, 0x03, 0x00, 0xFB, 0xFF, 0xAF, 0x03, 0x00, 0x80, 0xB0, 0x02, 0xFF,
    0x80, 0x0A, 0x03, 0x00, 0x82, 0xFB, 0xFF, 0xAF, 0x03, 0x00, 0x80, 0xB0, 0x02, 0xFF, 0x80, 0x0A,
    0x03, 0x00, 0x82, 0xFB, 0xFF, 0xAF, 0x03, 0x00, 0x80, 0xB0, 0x02, 0xFF, 0x80, 0x0A, 0x03, 0x00,
    0x82, 0xFB, 0xFF, 0xAF, 0x03, 0x00, 0x80, 0xB0, 0x02, 0xFF, 0x80, 0x0A, 0x03, 0x00, 0x82, 0xFB,
    0xFF, 0xAF, 0x03, 0x00, 0x80, 0xB0, 0x02, 0xFF, 0x80, 0x0A, 0x03, 0x00, 0x82, 0xFB, 0xFF, 0xAF,
    0x03, 0x00, 0x80, 0xB0, 0x02, 0xFF, 0x80, 0x0A, 0x03, 0x00, 0x82, 0xFB, 0xFF, 0xAF, 0x03, 0x00,
    0x80, 0xB0, 0x02, 0xFF, 0x80, 0x0A, 0x03, 0x00, 0x82, 0xFB, 0xFF, 0xAF, 0x03, 0x00, 0x80, 0xB0,
    0x02, 0xFF, 0x80, 0x0A, 0x03, 0x00, 0x82, 0xFB, 0xFF, 0xAF, 0x03, 0x00, 0x80, 0xB0, 0x02, 0xFF,
    0x80, 0x0A, 0x03, 0x00, 0x82, 0xFB, 0xFF, 0xAF, 0x03, 0x00, 0x80, 0xB0, 0x02, 0xFF, 0x80, 0x0A,
    0x03, 0x00, 0x82, 0xFB, 0xFF, 0xAF, 0x03, 0x00, 0x80, 0xB0, 0x02, 0xFF, 0x80, 0x0A, 0x03, 0x00,
    0x82, 0xFB, 0xFF, 0xAF, 0x03, 0x00, 0x80, 0xB0, 0x02, 0xFF, 0x80, 0x0A, 0x03, 0x00, 0x82, 0xFB,
    0xFF, 0xAF, 0x03, 0x00, 0x80, 0xB0, 0x02, 0xFF, 0x80, 0x0A, 0x03, 0x00, 0x86, 0xFB, 0xFF, 0xEF,
    0xCC, 0x4C, 0x00, 0xB0, 0x04, 0xFF, 0x82, 0x05, 0x00, 0xFB, 0x03, 0xFF, 0x82, 0x5F, 0x00, 0xB0,
    0x04, 0xFF, 0x82, 0x05, 0x00, 0xEA, 0x03, 0xEE, 0x80, 0x4E, 0x07, 0x00, 0x28, 0x00, 0x80, 0x31,
    0x02, 0x33, 0x07, 0x00, 0x80, 0xF2, 0x02, 0xFF, 0x80, 0x03, 0x06, 0x00, 0x80, 0x80, 0x02, 0xFF,
    0x80, 0x0B, 0x06, 0x00, 0x83, 0x10, 0xFE, 0xFF, 0x4F, 0x07, 0x00, 0x82, 0xF8, 0xFF, 0xCF, 0x07,
    0x00, 0x80, 0xE1, 0x02, 0xFF, 0x80, 0x05, 0x06, 0x00, 0x80, 0x70, 0x02, 0xFF, 0x80, 0x0C, 0x06,
    0x00, 0x83, 0x10, 0xFD, 0xFF, 0x5F, 0x07, 0x00, 0x82, 0xF6, 0xFF, 0xDF, 0x07, 0x00, 0x80, 0xD0,
    0x02, 0xFF, 0x80, 0x06, 0x06, 0x00, 0x80, 0x50, 0x02, 0xFF, 0x80, 0x1E, 0x07, 0x00, 0x82, 0xFC,
    0xFF, 0x7F, 0x07, 0x00, 0x83, 0xF4, 0xFF, 0xEF, 0x01, 0x06, 0x00, 0x80, 0xB0, 0x02, 0xFF, 0x80,
    0x08, 0x06, 0x00, 0x80, 0x40, 0x02, 0xFF, 0x80, 0x1E, 0x07, 0x00, 0x82, 0xFB, 0xFF, 0x9F, 0x07,
    0x00, 0x80, 0xF3, 0x02, 0xFF, 0x80, 0x02, 0x06, 0x00, 0x80, 0xA0, 0x02, 0xFF, 0x80, 0x0A, 0x06,
    0x00, 0x80, 0x20, 0x02, 0xFF, 0x80, 0x3F, 0x07, 0x00, 0x82, 0xF9, 0xFF, 0xAF, 0x07, 0x00, 0x80,
    0xF2, 0x02, 0xFF, 0x80, 0x03, 0x06, 0x00, 0x80, 0x80, 0x02, 0xFF, 0x80, 0x0B, 0x06, 0x00, 0x83,
    0x10, 0xFE, 0xFF, 0x4F, 0x07, 0x00, 0x82, 0xF7, 0xFF, 0xCF, 0x07, 0x00, 0x80, 0xE1, 0x02, 0xFF,
    0x80, 0x05, 0x06, 0x00, 0x80, 0x70, 0x02, 0xFF, 0x80, 0x0D, 0x5A, 0x00, 0x07, 0x00, 0x04, 0x11,
    0x82, 0x01, 0x00, 0xF4, 0x03, 0xFF, 0x82, 0xBF, 0x00, 0x40, 0x04, 0xFF, 0x82, 0x0B, 0x00, 0xF4,
    0x03, 0xFF, 0x82, 0xBF, 0x00, 0x40, 0x04, 0xFF, 0x86, 0x0B, 0x00, 0xA3, 0xAA, 0xFD, 0xFF, 0xBF,
    0x03, 0x00, 0x80, 0xA0, 0x02, 0xFF, 0x80, 0x0B, 0x03, 0x00, 0x82, 0xFA, 0xFF, 0xBF, 0x03, 0x00,
    0x80, 0xA0, 0x02, 0xFF, 0x80, 0x0B, 0x03, 0x00, 0x82, 0xFA, 0xFF, 0xBF, 0x03, 0x00, 0x80, 0xA0,
    0x02, 0xFF, 0x80, 0x0B, 0x03, 0x00, 0x82, 0xFA, 0xFF, 0xBF, 0x03, 0x00, 0x80, 0xA0, 0x02, 0xFF,
    0x80, 0x0B, 0x03, 0x00, 0x82, 0xFA, 0xFF, 0xBF, 0x03, 0x00, 0x80, 0xA0, 0x02, 0xFF, 0x80, 0x0B,
    0x03, 0x00, 0x82, 0xFA, 0xFF, 0xBF, 0x03, 0x00, 0x80, 0xA0, 0x02, 0xFF, 0x80, 0x0B, 0x03, 0x00,
    0x82, 0xFA, 0xFF, 0xBF, 0x03, 0x00, 0x80, 0xA0, 0x02, 0xFF, 0x80, 0x0B, 0x03, 0x00, 0x82, 0xFA,
    0xFF, 0xBF, 0x03, 0x00, 0x80, 0xA0, 0x02, 0xFF, 0x80, 0x0B, 0x03, 0x00, 0x82, 0xFA, 0xFF, 0xBF,
    0x03, 0x00, 0x80, 0xA0, 0x02, 0xFF, 0x80, 0x0B, 0x03, 0x00, 0x82, 0xFA, 0xFF, 0xBF, 0x03, 0x00,
    0x80, 0xA0, 0x02, 0xFF, 0x80, 0x0B, 0x03, 0x00, 0x82, 0xFA, 0xFF, 0xBF, 0x03, 0x00, 0x80, 0xA0,
    0x02, 0xFF, 0x80, 0x0B, 0x03, 0x00, 0x82, 0xFA, 0xFF, 0xBF, 0x03, 0x00, 0x80, 0xA0, 0x02, 0xFF,
    0x80, 0x0B, 0x03, 0x00, 0x82, 0xFA, 0xFF, 0xBF, 0x03, 0x00, 0x80, 0xA0, 0x02, 0xFF, 0x80, 0x0B,
    0x03, 0x00, 0x86, 0xFA, 0xFF, 0xBF, 0x00, 0x30, 0xCC, 0xEC, 0x02, 0xFF, 0x82, 0x0B, 0x00, 0xF4,
    0x03, 0xFF, 0x82, 0xBF, 0x00, 0x40, 0x04, 0xFF, 0x82, 0x0B, 0x00, 0xF4, 0x03, 0xFF, 0x82, 0xBF,
    0x00, 0x40, 0x04, 0xEE, 0x80, 0x0A, 0x08, 0x00, 0x27, 0x00, 0x82, 0x50, 0x88, 0x08, 0x06, 0x00,
    0x82, 0xF2, 0xFF, 0x7F, 0x06, 0x00, 0x80, 0xFC, 0x02, 0xFF, 0x80, 0x02, 0x04, 0x00, 0x80, 0x60,
    0x03, 0xFF, 0x80, 0x0C, 0x04, 0x00, 0x80, 0xE2, 0x03, 0xFF, 0x80, 0x6F, 0x04, 0x00, 0x85, 0xFB,
    0xFF, 0x9D, 0xFF, 0xEF, 0x02, 0x02, 0x00, 0x80, 0x60, 0x02, 0xFF, 0x83, 0x15, 0xFE, 0xFF, 0x0B,
    0x02, 0x00, 0x86, 0xE1, 0xFF, 0xBF, 0x00, 0xF6, 0xFF, 0x6F, 0x02, 0x00, 0x88, 0xFA, 0xFF, 0x3F,
    0x00, 0xC0, 0xFF, 0xEF, 0x01, 0x40, 0x02, 0xDD, 0x82, 0x08, 0x00, 0x30, 0x02, 0xDD, 0x80, 0x08,
    0x7F, 0x00, 0x62, 0x00, 0x7F, 0x00, 0x7F, 0x00, 0x42, 0x00, 0x09, 0xEE, 0x80, 0x2E, 0x09, 0xFF,
    0x80, 0x2F, 0x09, 0xFF, 0x80, 0x2F, 0x09, 0x88, 0x80, 0x18, 0x1E, 0x00, 0x1E, 0x00, 0x81, 0x30,
    0x02, 0x04, 0x00, 0x82, 0x40, 0xFB, 0x1D, 0x04, 0x00, 0x83, 0xFA, 0xFF, 0xCF, 0x01, 0x03, 0x00,
    0x80, 0xB1, 0x02, 0xFF, 0x80, 0x1C, 0x04, 0x00, 0x82, 0xF9, 0xFF, 0xBF, 0x04, 0x00, 0x80, 0x70,
    0x02, 0xFF, 0x80, 0x0A, 0x04, 0x00, 0x82, 0xE4, 0xFF, 0x3C, 0x04, 0x00, 0x81, 0x30, 0x5B, 0x7F,
    0x00, 0x40, 0x00, 0x7D, 0x00, 0x85, 0x20, 0xA6, 0xFD, 0xFF, 0xBE, 0x17, 0x03, 0x00, 0x80, 0xB4,
    0x05, 0xFF, 0x80, 0x6E, 0x02, 0x00, 0x80, 0x90, 0x06, 0xFF, 0x80, 0x7F, 0x02, 0x00, 0x80, 0xF2,
    0x06, 0xFF, 0x80, 0x2F, 0x02, 0x00, 0x84, 0xF9, 0x7C, 0x24, 0x42, 0xFC, 0x02, 0xFF, 0x83, 0x06,
    0x00, 0x20, 0x03, 0x02, 0x00, 0x83, 0x10, 0xFE, 0xFF, 0x7F, 0x04, 0x00, 0x82, 0x01, 0x00, 0xC0,
    0x02, 0xFF, 0x8B, 0x07, 0x00, 0x40, 0xDA, 0xFF, 0xDF, 0x5A, 0xFC, 0xFF, 0x7F, 0x00, 0x90, 0x07,
    0xFF, 0x81, 0x07, 0x70, 0x03, 0xFF, 0x80, 0xEF, 0x03, 0xFF, 0x87, 0x7F, 0x00, 0xFE, 0xFF, 0xDF,
    0x03, 0x10, 0xE5, 0x02, 0xFF, 0x81, 0x07, 0xF2, 0x02, 0xFF, 0x80, 0x06, 0x02, 0x00, 0x83, 0xFE,
    0xFF, 0x7F, 0x20, 0x02, 0xFF, 0x80, 0x7F, 0x02, 0x00, 0x80, 0xF7, 0x02, 0xFF, 0x81, 0x07, 0xE0,
    0x02, 0xFF, 0x82, 0x7F, 0x43, 0xF9, 0x02, 0xFF, 0x82, 0x7F, 0x00, 0xF9, 0x07, 0xFF, 0x82, 0x07,
    0x10, 0xFC, 0x03, 0xFF, 0x86, 0x9F, 0xFC, 0xFF, 0x7F, 0x00, 0x10, 0xE9, 0x02, 0xFF, 0x81, 0x6D,
    0xC0, 0x02, 0xFF, 0x80, 0x07, 0x02, 0x00, 0x82, 0x41, 0x55, 0x03, 0x51, 0x00, 0x0C, 0x00, 0x03,
    0x11, 0x08, 0x00, 0x82, 0xFE, 0xFF, 0x8F, 0x08, 0x00, 0x82, 0xFE, 0xFF, 0x8F, 0x08, 0x00, 0x82,
    0xFE, 0xFF, 0x8F, 0x08, 0x00, 0x82, 0xFE, 0xFF, 0x8F, 0x08, 0x00, 0x82, 0xFE, 0xFF, 0x8F, 0x08,
    0x00, 0x82, 0xFE, 0xFF, 0x8F, 0x08, 0x00, 0x82, 0xFE, 0xFF, 0x8F, 0x08, 0x00, 0x82, 0xFE, 0xFF,
    0x8F, 0x08, 0x00, 0x82, 0xFE, 0xFF, 0x8F, 0x08, 0x00, 0x82, 0xFE, 0xFF, 0x8F, 0x08, 0x00, 0x82,
    0xFE, 0xFF, 0x8F, 0x08, 0x00, 0x87, 0xFE, 0xFF, 0x8F, 0x00, 0xB6, 0xED, 0x8C, 0x03, 0x03, 0x00,
    0x83, 0xFE, 0xFF, 0x8F, 0xC2, 0x03, 0xFF, 0x80, 0x9F, 0x03, 0x00, 0x83, 0xFE, 0xFF, 0xAF, 0xFE,
    0x04, 0xFF, 0x80, 0x0B, 0x02, 0x00, 0x80, 0xFE, 0x07, 0xFF, 0x80, 0x9F, 0x02, 0x00, 0x80, 0xFE,
    0x02, 0xFF, 0x82, 0xEF, 0x79, 0xFA, 0x03, 0xFF, 0x82, 0x03, 0x00, 0xFE, 0x02, 0xFF, 0x83, 0x1C,
    0x00, 0x20, 0xFD, 0x02, 0xFF, 0x82, 0x09, 0x00, 0xFE, 0x02, 0xFF, 0x80, 0x02, 0x02, 0x00, 0x80,
    0xF3, 0x02, 0xFF, 0x84, 0x0D, 0x00, 0xFE, 0xFF, 0xBF, 0x03, 0x00, 0x80, 0xC0, 0x02, 0xFF, 0x84,
    0x0F, 0x00, 0xFE, 0xFF, 0x9F, 0x03, 0x00, 0x80, 0xA0, 0x02, 0xFF, 0x84, 0x1F, 0x00, 0xFE, 0xFF,
    0x9F, 0x03, 0x00, 0x80, 0xB0, 0x02, 0xFF, 0x84, 0x0F, 0x00, 0xFE, 0xFF, 0xDF, 0x03, 0x00, 0x80,
    0xE1, 0x02, 0xFF, 0x82, 0x0E, 0x00, 0xFE, 0x02, 0xFF, 0x80, 0x07, 0x02, 0x00, 0x80, 0xF9, 0x02,
    0xFF, 0x82, 0x0B, 0x00, 0xFE, 0x02, 0xFF, 0x82, 0x9F, 0x13, 0xA3, 0x03, 0xFF, 0x82, 0x06, 0x00,
    0xFE, 0x07, 0xFF, 0x80, 0xDF, 0x02, 0x00, 0x82, 0xFE, 0xFF, 0xDF, 0x05, 0xFF, 0x80, 0x3E, 0x02,
    0x00, 0x83, 0xFE, 0xFF, 0x8F, 0xF7, 0x03, 0xFF, 0x81, 0xEF, 0x04, 0x02, 0x00, 0x87, 0xFE, 0xFF,
    0x8F, 0x40, 0xFC, 0xFF, 0xEF, 0x19, 0x07, 0x00, 0x82, 0x20, 0x55, 0x14, 0x5B, 0x00, 0x78, 0x00,
    0x84, 0x83, 0xDB, 0xDE, 0x9C, 0x04, 0x03, 0x00, 0x80, 0xB2, 0x04, 0xFF, 0x80, 0xCF, 0x02, 0x00,
    0x81, 0x40, 0xFE, 0x05, 0xFF, 0x02, 0x00, 0x80, 0xF3, 0x06, 0xFF, 0x02, 0x00, 0x80, 0xFD, 0x02,
    0xFF, 0x85, 0xBF, 0x77, 0xD9, 0xFF, 0x00, 0x50, 0x02, 0xFF, 0x81, 0xEF, 0x04, 0x02, 0x00, 0x82,
    0xE6, 0x00, 0xA0, 0x02, 0xFF, 0x80, 0x5F, 0x03, 0x00, 0x82, 0x40, 0x00, 0xD0, 0x02, 0xFF, 0x80,
    0x0D, 0x05, 0x00, 0x80, 0xE0, 0x02, 0xFF, 0x80, 0x0B, 0x05, 0x00, 0x80, 0xD0, 0x02, 0xFF, 0x80,
    0x0C, 0x05, 0x00, 0x80, 0xB0, 0x02, 0xFF, 0x80, 0x1F, 0x03, 0x00, 0x82, 0x10, 0x00, 0x80, 0x02,
    0xFF, 0x80, 0xAF, 0x03, 0x00, 0x82, 0xB1, 0x00, 0x20, 0x03, 0xFF, 0x83, 0x4B, 0x00, 0x72, 0xFE,
    0x02, 0x00, 0x80, 0xF7, 0x06, 0xFF, 0x02, 0x00, 0x80, 0xA0, 0x06, 0xFF, 0x03, 0x00, 0x80, 0xF8,
    0x05, 0xFF, 0x03, 0x00, 0x81, 0x20, 0xE9, 0x03, 0xFF, 0x80, 0x3A, 0x05, 0x00, 0x82, 0x53, 0x55,
    0x13, 0x4A, 0x00, 0x12, 0x00, 0x80, 0x10, 0x02, 0x11, 0x08, 0x00, 0x80, 0xF5, 0x02, 0xFF, 0x80,
    0x02, 0x07, 0x00, 0x80, 0xF5, 0x02, 0xFF, 0x80, 0x02, 0x07, 0x00, 0x80, 0xF5, 0x02, 0xFF, 0x80,
    0x02, 0x07, 0x00, 0x80, 0xF5, 0x02, 0xFF, 0x80, 0x02, 0x07, 0x00, 0x80, 0xF5, 0x02, 0xFF, 0x80,
    0x02, 0x07, 0x00, 0x80, 0xF5, 0x02, 0xFF, 0x80, 0x02, 0x07, 0x00, 0x80, 0xF5, 0x02, 0xFF, 0x80,
    0x02, 0x07, 0x00, 0x80, 0xF5, 0x02, 0xFF, 0x80, 0x02, 0x07, 0x00, 0x80, 0xF5, 0x02, 0xFF, 0x80,
    0x02, 0x07, 0x00, 0x80, 0xF5, 0x02, 0xFF, 0x80, 0x02, 0x07, 0x00, 0x80, 0xF5, 0x02, 0xFF, 0x80,
    0x02, 0x02, 0x00, 0x85, 0x10, 0xB7, 0xED, 0x7C, 0x01, 0xF5, 0x02, 0xFF, 0x80, 0x02, 0x02, 0x00,
    0x80, 0xE6, 0x03, 0xFF, 0x81, 0x4E, 0xF5, 0x02, 0xFF, 0x82, 0x02, 0x00, 0x80, 0x05, 0xFF, 0x80,
    0xF8, 0x02, 0xFF, 0x82, 0x02, 0x00, 0xF6, 0x08, 0xFF, 0x82, 0x02, 0x10, 0xFE, 0x02, 0xFF, 0x82,
    0xBF, 0x87, 0xFD, 0x03, 0xFF, 0x81, 0x02, 0x60, 0x02, 0xFF, 0x83, 0xEF, 0x04, 0x00, 0xA0, 0x03,
    0xFF, 0x81, 0x02, 0xA0, 0x02, 0xFF, 0x80, 0x6F, 0x03, 0x00, 0x80, 0xFD, 0x02, 0xFF, 0x81, 0x02,
    0xC0, 0x02, 0xFF, 0x80, 0x1F, 0x03, 0x00, 0x80, 0xF8, 0x02, 0xFF, 0x81, 0x02, 0xD0, 0x02, 0xFF,
    0x80, 0x0D, 0x03, 0x00, 0x80, 0xF6, 0x02, 0xFF, 0x81, 0x02, 0xC0, 0x02, 0xFF, 0x80, 0x0E, 0x03,
    0x00, 0x80, 0xF7, 0x02, 0xFF, 0x81, 0x02, 0xB0, 0x02, 0xFF, 0x80, 0x3F, 0x03, 0x00, 0x80, 0xFA,
    0x02, 0xFF, 0x81, 0x02, 0x70, 0x02, 0xFF, 0x80, 0xCF, 0x02, 0x00, 0x80, 0x40, 0x03, 0xFF, 0x81,
    0x02, 0x20, 0x03, 0xFF, 0x82, 0x4C, 0x21, 0xF7, 0x03, 0xFF, 0x82, 0x02, 0x00, 0xFA, 0x08, 0xFF,
    0x82, 0x02, 0x00, 0xD1, 0x05, 0xFF, 0x80, 0xFD, 0x02, 0xFF, 0x83, 0x02, 0x00, 0x20, 0xFD, 0x03,
    0xFF, 0x81, 0xAF, 0xF5, 0x02, 0xFF, 0x80, 0x02, 0x02, 0x00, 0x85, 0x70, 0xFE, 0xFF, 0xEF, 0x07,
    0xF5, 0x02, 0xFF, 0x80, 0x02, 0x03, 0x00, 0x82, 0x30, 0x55, 0x03, 0x5D, 0x00, 0x7F, 0x00, 0x0C,
    0x00, 0x84, 0x40, 0xC9, 0xED, 0xBD, 0x49, 0x05, 0x00, 0x80, 0xD4, 0x04, 0xFF, 0x81, 0xCF, 0x03,
    0x03, 0x00, 0x80, 0xF7, 0x06, 0xFF, 0x80, 0x04, 0x02, 0x00, 0x80, 0xF5, 0x02, 0xFF, 0x81, 0xCF,
    0xEB, 0x02, 0xFF, 0x83, 0xEF, 0x02, 0x00, 0xD0, 0x02, 0xFF, 0x82, 0x3D, 0x00, 0x80, 0x02, 0xFF,
    0x82, 0x9F, 0x00, 0x50, 0x02, 0xFF, 0x80, 0x4F, 0x02, 0x00, 0x80, 0xC0, 0x02, 0xFF, 0x84, 0x1F,
    0x00, 0xF9, 0xFF, 0xEF, 0x03, 0x22, 0x80, 0xF9, 0x02, 0xFF, 0x81, 0x04, 0xC0, 0x08, 0xFF, 0x82,
    0x5F, 0x00, 0xFD, 0x08, 0xFF, 0x81, 0x06, 0xC0, 0x02, 0xFF, 0x80, 0xDF, 0x05, 0xDD, 0x84, 0x5D,
    0x00, 0xFA, 0xFF, 0xDF, 0x07, 0x00, 0x80, 0x70, 0x02, 0xFF, 0x80, 0x3F, 0x03, 0x00, 0x81, 0x77,
    0x04, 0x02, 0x00, 0x80, 0xF2, 0x02, 0xFF, 0x80, 0x2C, 0x02, 0x00, 0x85, 0xF7, 0xFF, 0xBF, 0x03,
    0x00, 0xF8, 0x02, 0xFF, 0x82, 0xAE, 0xA9, 0xFE, 0x02, 0xFF, 0x80, 0x0C, 0x02, 0x00, 0x80, 0xFB,
    0x06, 0xFF, 0x80, 0x2D, 0x02, 0x00, 0x81, 0x10, 0xFA, 0x05, 0xFF, 0x80, 0x2B, 0x04, 0x00, 0x80,
    0xA4, 0x03, 0xFF, 0x81, 0xBF, 0x05, 0x06, 0x00, 0x82, 0x53, 0x55, 0x13, 0x58, 0x00, 0x0A, 0x00,
    0x82, 0x85, 0xAA, 0x38, 0x03, 0x00, 0x80, 0xD4, 0x03, 0xFF, 0x82, 0x1A, 0x00, 0x30, 0x04, 0xFF,
    0x82, 0x5F, 0x00, 0xB0, 0x04, 0xFF, 0x82, 0x0C, 0x00, 0xF1, 0x04, 0xFF, 0x82, 0x04, 0x00, 0xF3,
    0x02, 0xFF, 0x81, 0x4B, 0xA7, 0x02, 0x00, 0x80, 0xF4, 0x02, 0xFF, 0x80, 0x02, 0x03, 0x00, 0x80,
    0xF4, 0x02, 0xFF, 0x04, 0x00, 0x82, 0xF4, 0xFF, 0xEF, 0x04, 0x00, 0x82, 0xF4, 0xFF, 0xEF, 0x04,
    0x00, 0x82, 0xF4, 0xFF, 0xEF, 0x04, 0x00, 0x82, 0xF4, 0xFF, 0xEF, 0x03, 0x00, 0x81, 0x83, 0xFA,
    0x02, 0xFF, 0x02, 0x88, 0x81, 0x00, 0xF5, 0x04, 0xFF, 0x82, 0xEF, 0x00, 0xF5, 0x04, 0xFF, 0x82,
    0xEF, 0x00, 0xF5, 0x04, 0xFF, 0x83, 0xEF, 0x00, 0xE5, 0xFE, 0x02, 0xFF, 0x81, 0xEE, 0xDE, 0x02,
    0x00, 0x82, 0xF4, 0xFF, 0xEF, 0x04, 0x00, 0x82, 0xF4, 0xFF, 0xEF, 0x04, 0x00, 0x82, 0xF4, 0xFF,
    0xEF, 0x04, 0x00, 0x82, 0xF4, 0xFF, 0xEF, 0x04, 0x00, 0x82, 0xF4, 0xFF, 0xEF, 0x04, 0x00, 0x82,
    0xF4, 0xFF, 0xEF, 0x04, 0x00, 0x82, 0xF4, 0xFF, 0xEF, 0x04, 0x00, 0x82, 0xF4, 0xFF, 0xEF, 0x04,
    0x00, 0x82, 0xF4, 0xFF, 0xEF, 0x04, 0x00, 0x82, 0xF4, 0xFF, 0xEF, 0x04, 0x00, 0x82, 0xF4, 0xFF,
    0xEF, 0x04, 0x00, 0x82, 0xF4, 0xFF, 0xEF, 0x42, 0x00, 0x7F, 0x00, 0x12, 0x00, 0x85, 0x20, 0xB8,
    0xED, 0x7C, 0x01, 0x83, 0x02, 0x88, 0x03, 0x00, 0x80, 0xF8, 0x03, 0xFF, 0x83, 0x5E, 0xF5, 0xFF,
    0xEF, 0x02, 0x00, 0x80, 0xA0, 0x05, 0xFF, 0x82, 0xFA, 0xFF, 0xEF, 0x02, 0x00, 0x80, 0xF7, 0x07,
    0xFF, 0x82, 0xEF, 0x00, 0x10, 0x03, 0xFF, 0x82, 0xAF, 0x87, 0xFD, 0x02, 0xFF, 0x82, 0xEF, 0x00,
    0x70, 0x02, 0xFF, 0x83, 0xEF, 0x03, 0x00, 0x90, 0x02, 0xFF, 0x82, 0xEF, 0x00, 0xA0, 0x02, 0xFF,
    0x80, 0x5F, 0x03, 0x00, 0x84, 0xFC, 0xFF, 0xEF, 0x00, 0xC0, 0x02, 0xFF, 0x80, 0x0F, 0x03, 0x00,
    0x84, 0xF7, 0xFF, 0xEF, 0x00, 0xD0, 0x02, 0xFF, 0x80, 0x0D, 0x03, 0x00, 0x84, 0xF6, 0xFF, 0xEF,
    0x00, 0xC0, 0x02, 0xFF, 0x80, 0x0F, 0x03, 0x00, 0x84, 0xF7, 0xFF, 0xEF, 0x00, 0xA0, 0x02, 0xFF,
    0x80, 0x5F, 0x03, 0x00, 0x84, 0xFC, 0xFF, 0xEF, 0x00, 0x60, 0x02, 0xFF, 0x83, 0xEF, 0x03, 0x00,
    0x80, 0x02, 0xFF, 0x83, 0xEF, 0x00, 0x10, 0xFE, 0x02, 0xFF, 0x82, 0xAF, 0x87, 0xFD, 0x02, 0xFF,
    0x80, 0xEF, 0x02, 0x00, 0x80, 0xF7, 0x07, 0xFF, 0x80, 0xEF, 0x02, 0x00, 0x80, 0xA0, 0x05, 0xFF,
    0x82, 0xFA, 0xFF, 0xEF, 0x03, 0x00, 0x80, 0xF8, 0x03, 0xFF, 0x83, 0x5E, 0xF5, 0xFF, 0xEF, 0x03,
    0x00, 0x87, 0x20, 0xB8, 0xED, 0x8C, 0x01, 0xF5, 0xFF, 0xEF, 0x08, 0x00, 0x84, 0xF6, 0xFF, 0xDF,
    0x00, 0x50, 0x02, 0xCC, 0x80, 0x0A, 0x03, 0x00, 0x84, 0xF9, 0xFF, 0xCF, 0x00, 0x40, 0x02, 0xFF,
    0x80, 0x2F, 0x02, 0x00, 0x8B, 0x20, 0xFE, 0xFF, 0x9F, 0x00, 0x10, 0xFE, 0xFF, 0xDF, 0x03, 0x00,
    0xD3, 0x02, 0xFF, 0x80, 0x4F, 0x02, 0x00, 0x80, 0xF9, 0x02, 0xFF, 0x81, 0xDF, 0xDB, 0x03, 0xFF,
    0x80, 0x0C, 0x02, 0x00, 0x80, 0xE1, 0x06, 0xFF, 0x81, 0xEF, 0x03, 0x02, 0x00, 0x81, 0x30, 0xFD,
    0x05, 0xFF, 0x80, 0x4E, 0x04, 0x00, 0x81, 0x81, 0xFE, 0x03, 0xFF, 0x81, 0x9E, 0x02, 0x05, 0x00,
    0x84, 0x41, 0x97, 0x99, 0x47, 0x01, 0x03, 0x00, 0x0B, 0x00, 0x03, 0x11, 0x07, 0x00, 0x82, 0xFD,
    0xFF, 0x9F, 0x07, 0x00, 0x82, 0xFD, 0xFF, 0x9F, 0x07, 0x00, 0x82, 0xFD, 0xFF, 0x9F, 0x07, 0x00,
    0x82, 0xFD, 0xFF, 0x9F, 0x07, 0x00, 0x82, 0xFD, 0xFF, 0x9F, 0x07, 0x00, 0x82, 0xFD, 0xFF, 0x9F,
    0x07, 0x00, 0x82, 0xFD, 0xFF, 0x9F, 0x07, 0x00, 0x82, 0xFD, 0xFF, 0x9F, 0x07, 0x00, 0x82, 0xFD,
    0xFF, 0x9F, 0x07, 0x00, 0x82, 0xFD, 0xFF, 0x9F, 0x07, 0x00, 0x85, 0xFD, 0xFF, 0x9F, 0x00, 0x10,
    0x22, 0x04, 0x00, 0x87, 0xFD, 0xFF, 0x9F, 0x50, 0xFC, 0xFF, 0xAE, 0x02, 0x02, 0x00, 0x83, 0xFD,
    0xFF, 0x9F, 0xF8, 0x03, 0xFF, 0x80, 0x2E, 0x02, 0x00, 0x82, 0xFD, 0xFF, 0xDF, 0x04, 0xFF, 0x80,
    0xAF, 0x02, 0x00, 0x80, 0xFD, 0x03, 0xFF, 0x80, 0xFD, 0x03, 0xFF, 0x82, 0x01, 0x00, 0xFD, 0x02,
    0xFF, 0x82, 0x19, 0x10, 0xFC, 0x02, 0xFF, 0x84, 0x03, 0x00, 0xFD, 0xFF, 0xDF, 0x02, 0x00, 0x80,
    0xF4, 0x02, 0xFF, 0x84, 0x05, 0x00, 0xFD, 0xFF, 0xBF, 0x02, 0x00, 0x80, 0xF2, 0x02, 0xFF, 0x84,
    0x05, 0x00, 0xFD, 0xFF, 0x9F, 0x02, 0x00, 0x80, 0xF2, 0x02, 0xFF, 0x84, 0x05, 0x00, 0xFD, 0xFF,
    0x9F, 0x02, 0x00, 0x80, 0xF2, 0x02, 0xFF, 0x84, 0x05, 0x00, 0xFD, 0xFF, 0x9F, 0x02, 0x00, 0x80,
    0xF2, 0x02, 0xFF, 0x84, 0x05, 0x00, 0xFD, 0xFF, 0x9F, 0x02, 0x00, 0x80, 0xF2, 0x02, 0xFF, 0x84,
    0x05, 0x00, 0xFD, 0xFF, 0x9F, 0x02, 0x00, 0x80, 0xF2, 0x02, 0xFF, 0x84, 0x05, 0x00, 0xFD, 0xFF,
    0x9F, 0x02, 0x00, 0x80, 0xF2, 0x02, 0xFF, 0x84, 0x05, 0x00, 0xFD, 0xFF, 0x9F, 0x02, 0x00, 0x80,
    0xF2, 0x02, 0xFF, 0x84, 0x05, 0x00, 0xFD, 0xFF, 0x9F, 0x02, 0x00, 0x80, 0xF2, 0x02, 0xFF, 0x84,
    0x05, 0x00, 0xFD, 0xFF, 0x9F, 0x02, 0x00, 0x80, 0xF2, 0x02, 0xFF, 0x84, 0x05, 0x00, 0xFD, 0xFF,
    0x9F, 0x02, 0x00, 0x80, 0xF2, 0x02, 0xFF, 0x80, 0x05, 0x5A, 0x00, 0x15, 0x00, 0x82, 0x50, 0xAA,
    0x05, 0x02, 0x00, 0x84, 0xF9, 0xFF, 0x8F, 0x00, 0x10, 0x03, 0xFF, 0x81, 0x01, 0x30, 0x03, 0xFF,
    0x84, 0x02, 0x00, 0xFD, 0xFF, 0xCF, 0x02, 0x00, 0x82, 0xC3, 0xFF, 0x2C, 0x03, 0x00, 0x80, 0x12,
    0x0D, 0x00, 0x82, 0x86, 0x88, 0x58, 0x02, 0x00, 0x82, 0xFA, 0xFF, 0x9F, 0x02, 0x00, 0x82, 0xFA,
    0xFF, 0x9F, 0x02, 0x00, 0x82, 0xFA, 0xFF, 0x9F, 0x02, 0x00, 0x82, 0xFA, 0xFF, 0x9F, 0x02, 0x00,
    0x82, 0xFA, 0xFF, 0x9F, 0x02, 0x00, 0x82, 0xFA, 0xFF, 0x9F, 0x02, 0x00, 0x82, 0xFA, 0xFF, 0x9F,
    0x02, 0x00, 0x82, 0xFA, 0xFF, 0x9F, 0x02, 0x00, 0x82, 0xFA, 0xFF, 0x9F, 0x02, 0x00, 0x82, 0xFA,
    0xFF, 0x9F, 0x02, 0x00, 0x82, 0xFA, 0xFF, 0x9F, 0x02, 0x00, 0x82, 0xFA, 0xFF, 0x9F, 0x02, 0x00,
    0x82, 0xFA, 0xFF, 0x9F, 0x02, 0x00, 0x82, 0xFA, 0xFF, 0x9F, 0x02, 0x00, 0x82, 0xFA, 0xFF, 0x9F,
    0x02, 0x00, 0x82, 0xFA, 0xFF, 0x9F, 0x2E, 0x00, 0x17, 0x00, 0x81, 0x71, 0x9A, 0x03, 0x00, 0x81,
    0xFC, 0xFF, 0x02, 0x00, 0x80, 0x40, 0x02, 0xFF, 0x02, 0x00, 0x80, 0x50, 0x02, 0xFF, 0x02, 0x00,
    0x82, 0x20, 0xFE, 0xFF, 0x03, 0x00, 0x81, 0xD4, 0xFF, 0x04, 0x00, 0x80, 0x12, 0x0D, 0x00, 0x81,
    0x87, 0x88, 0x03, 0x00, 0x81, 0xFC, 0xFF, 0x03, 0x00, 0x81, 0xFC, 0xFF, 0x03, 0x00, 0x81, 0xFC,
    0xFF, 0x03, 0x00, 0x81, 0xFC, 0xFF, 0x03, 0x00, 0x81, 0xFC, 0xFF, 0x03, 0x00, 0x81, 0xFC, 0xFF,
    0x03, 0x00, 0x81, 0xFC, 0xFF, 0x03, 0x00, 0x81, 0xFC, 0xFF, 0x03, 0x00, 0x81, 0xFC, 0xFF, 0x03,
    0x00, 0x81, 0xFC, 0xFF, 0x03, 0x00, 0x81, 0xFC, 0xFF, 0x03, 0x00, 0x81, 0xFC, 0xFF, 0x03, 0x00,
    0x81, 0xFC, 0xFF, 0x03, 0x00, 0x81, 0xFC, 0xFF, 0x03, 0x00, 0x81, 0xFC, 0xFF, 0x03, 0x00, 0x81,
    0xFC, 0xFF, 0x03, 0x00, 0x81, 0xFC, 0xFF, 0x03, 0x00, 0x89, 0xFC, 0xFF, 0x00, 0x01, 0x00, 0xFE,
    0xFF, 0x00, 0x99, 0xA5, 0x02, 0xFF, 0x80, 0x20, 0x04, 0xFF, 0x80, 0xA0, 0x04, 0xFF, 0x80, 0xF3,
    0x04, 0xFF, 0x80, 0x70, 0x03, 0xFF, 0x85, 0x4D, 0x00, 0x62, 0x99, 0x58, 0x00, 0x0B, 0x00, 0x80,
    0x10, 0x02, 0x11, 0x08, 0x00, 0x82, 0xFE, 0xFF, 0x5F, 0x07, 0x00, 0x80, 0xE0, 0x02, 0xFF, 0x80,
    0x05, 0x07, 0x00, 0x82, 0xFE, 0xFF, 0x5F, 0x07, 0x00, 0x80, 0xE0, 0x02, 0xFF, 0x80, 0x05, 0x07,
    0x00, 0x82, 0xFE, 0xFF, 0x5F, 0x07, 0x00, 0x80, 0xE0, 0x02, 0xFF, 0x80, 0x05, 0x07, 0x00, 0x82,
    0xFE, 0xFF, 0x5F, 0x07, 0x00, 0x80, 0xE0, 0x02, 0xFF, 0x80, 0x05, 0x07, 0x00, 0x82, 0xFE, 0xFF,
    0x5F, 0x07, 0x00, 0x80, 0xE0, 0x02, 0xFF, 0x80, 0x05, 0x07, 0x00, 0x82, 0xFE, 0xFF, 0x5F, 0x07,
    0x00, 0x80, 0xE0, 0x02, 0xFF, 0x82, 0x05, 0x00, 0x10, 0x03, 0x88, 0x87, 0x05, 0x00, 0xFE, 0xFF,
    0x5F, 0x00, 0x10, 0xFB, 0x02, 0xFF, 0x82, 0x0B, 0x00, 0xE0, 0x02, 0xFF, 0x82, 0x05, 0x10, 0xFC,
    0x02, 0xFF, 0x80, 0x0A, 0x02, 0x00, 0x84, 0xFE, 0xFF, 0x5F, 0x10, 0xFC, 0x02, 0xFF, 0x80, 0x0A,
    0x02, 0x00, 0x80, 0xE0, 0x02, 0xFF, 0x81, 0x15, 0xFC, 0x02, 0xFF, 0x80, 0x09, 0x03, 0x00, 0x83,
    0xFE, 0xFF, 0x6F, 0xFC, 0x02, 0xFF, 0x80, 0x09, 0x03, 0x00, 0x80, 0xE0, 0x05, 0xFF, 0x80, 0x08,
    0x04, 0x00, 0x80, 0xFE, 0x04, 0xFF, 0x80, 0x1E, 0x04, 0x00, 0x80, 0xE0, 0x02, 0xFF, 0x80, 0xFE,
    0x02, 0xFF, 0x80, 0x0B, 0x04, 0x00, 0x83, 0xFE, 0xFF, 0x6F, 0xFD, 0x02, 0xFF, 0x80, 0x08, 0x03,
    0x00, 0x80, 0xE0, 0x02, 0xFF, 0x81, 0x35, 0xFE, 0x02, 0xFF, 0x80, 0x05, 0x03, 0x00, 0x83, 0xFE,
    0xFF, 0x5F, 0x50, 0x02, 0xFF, 0x81, 0xEF, 0x03, 0x02, 0x00, 0x80, 0xE0, 0x02, 0xFF, 0x81, 0x05,
    0x80, 0x02, 0xFF, 0x81, 0xDF, 0x01, 0x02, 0x00, 0x84, 0xFE, 0xFF, 0x5F, 0x00, 0xB0, 0x02, 0xFF,
    0x80, 0xBF, 0x02, 0x00, 0x80, 0xE0, 0x02, 0xFF, 0x82, 0x05, 0x00, 0xD1, 0x02, 0xFF, 0x80, 0x8F,
    0x02, 0x00, 0x82, 0xFE, 0xFF, 0x5F, 0x02, 0x00, 0x80, 0xE2, 0x02, 0xFF, 0x82, 0x5F, 0x00, 0xE0,
    0x02, 0xFF, 0x80, 0x05, 0x02, 0x00, 0x80, 0xF4, 0x02, 0xFF, 0x80, 0x3F, 0x5F, 0x00, 0x06, 0x00,
    0x03, 0x11, 0x02, 0x00, 0x82, 0xFD, 0xFF, 0x9F, 0x02, 0x00, 0x82, 0xFD, 0xFF, 0x9F, 0x02, 0x00,
    0x82, 0xFD, 0xFF, 0x9F, 0x02, 0x00, 0x82, 0xFD, 0xFF, 0x9F, 0x02, 0x00, 0x82, 0xFD, 0xFF, 0x9F,
    0x02, 0x00, 0x82, 0xFD, 0xFF, 0x9F, 0x02, 0x00, 0x82, 0xFD, 0xFF, 0x9F, 0x02, 0x00, 0x82, 0xFD,
    0xFF, 0x9F, 0x02, 0x00, 0x82, 0xFD, 0xFF, 0x9F, 0x02, 0x00, 0x82, 0xFD, 0xFF, 0x9F, 0x02, 0x00,
    0x82, 0xFD, 0xFF, 0x9F, 0x02, 0x00, 0x82, 0xFD, 0xFF, 0x9F, 0x02, 0x00, 0x82, 0xFD, 0xFF, 0x9F,
    0x02, 0x00, 0x82, 0xFD, 0xFF, 0x9F, 0x02, 0x00, 0x82, 0xFD, 0xFF, 0x9F, 0x02, 0x00, 0x82, 0xFD,
    0xFF, 0x9F, 0x02, 0x00, 0x82, 0xFD, 0xFF, 0x9F, 0x02, 0x00, 0x82, 0xFD, 0xFF, 0x9F, 0x02, 0x00,
    0x82, 0xFD, 0xFF, 0x9F, 0x02, 0x00, 0x82, 0xFD, 0xFF, 0x9F, 0x02, 0x00, 0x82, 0xFD, 0xFF, 0x9F,
    0x02, 0x00, 0x82, 0xFD, 0xFF, 0x9F, 0x02, 0x00, 0x82, 0xFD, 0xFF, 0x9F, 0x02, 0x00, 0x82, 0xFD,
    0xFF, 0x9F, 0x02, 0x00, 0x82, 0xFD, 0xFF, 0x9F, 0x02, 0x00, 0x82, 0xFD, 0xFF, 0x9F, 0x02, 0x00,
    0x82, 0xFD, 0xFF, 0x9F, 0x02, 0x00, 0x82, 0xFD, 0xFF, 0x9F, 0x2E, 0x00, 0x7F, 0x00, 0x45, 0x00,
    0x8B, 0x87, 0x88, 0x38, 0x50, 0xEB, 0xDE, 0x29, 0x00, 0x60, 0xEB, 0xDE, 0x29, 0x03, 0x00, 0x83,
    0xFD, 0xFF, 0x6F, 0xF9, 0x02, 0xFF, 0x82, 0xEF, 0x23, 0xFC, 0x02, 0xFF, 0x81, 0xEF, 0x02, 0x02,
    0x00, 0x82, 0xFD, 0xFF, 0xBF, 0x04, 0xFF, 0x80, 0xCC, 0x04, 0xFF, 0x80, 0x0B, 0x02, 0x00, 0x80,
    0xFD, 0x02, 0xFF, 0x81, 0xEF, 0xFE, 0x03, 0xFF, 0x81, 0xEF, 0xFE, 0x02, 0xFF, 0x80, 0x1F, 0x02,
    0x00, 0x80, 0xFD, 0x02, 0xFF, 0x81, 0x04, 0xB0, 0x03, 0xFF, 0x81, 0x04, 0xA0, 0x02, 0xFF, 0x80,
    0x4F, 0x02, 0x00, 0x84, 0xFD, 0xFF, 0x9F, 0x00, 0x40, 0x02, 0xFF, 0x82, 0x9F, 0x00, 0x40, 0x02,
    0xFF, 0x80, 0x5F, 0x02, 0x00, 0x84, 0xFD, 0xFF, 0x6F, 0x00, 0x20, 0x02, 0xFF, 0x82, 0x6F, 0x00,
    0x20, 0x02, 0xFF, 0x80, 0x6F, 0x02, 0x00, 0x84, 0xFD, 0xFF, 0x6F, 0x00, 0x10, 0x02, 0xFF, 0x82,
    0x6F, 0x00, 0x10, 0x02, 0xFF, 0x80, 0x6F, 0x02, 0x00, 0x84, 0xFD, 0xFF, 0x6F, 0x00, 0x10, 0x02,
    0xFF, 0x82, 0x6F, 0x00, 0x10, 0x02, 0xFF, 0x80, 0x6F, 0x02, 0x00, 0x84, 0xFD, 0xFF, 0x6F, 0x00,
    0x10, 0x02, 0xFF, 0x82, 0x6F, 0x00, 0x10, 0x02, 0xFF, 0x80, 0x6F, 0x02, 0x00, 0x84, 0xFD, 0xFF,
    0x6F, 0x00, 0x10, 0x02, 0xFF, 0x82, 0x6F, 0x00, 0x10, 0x02, 0xFF, 0x80, 0x6F, 0x02, 0x00, 0x84,
    0xFD, 0xFF, 0x6F, 0x00, 0x10, 0x02, 0xFF, 0x82, 0x6F, 0x00, 0x10, 0x02, 0xFF, 0x80, 0x6F, 0x02,
    0x00, 0x84, 0xFD, 0xFF, 0x6F, 0x00, 0x10, 0x02, 0xFF, 0x82, 0x6F, 0x00, 0x10, 0x02, 0xFF, 0x80,
    0x6F, 0x02, 0x00, 0x84, 0xFD, 0xFF, 0x6F, 0x00, 0x10, 0x02, 0xFF, 0x82, 0x6F, 0x00, 0x10, 0x02,
    0xFF, 0x80, 0x6F, 0x02, 0x00, 0x84, 0xFD, 0xFF, 0x6F, 0x00, 0x10, 0x02, 0xFF, 0x82, 0x6F, 0x00,
    0x10, 0x02, 0xFF, 0x80, 0x6F, 0x02, 0x00, 0x84, 0xFD, 0xFF, 0x6F, 0x00, 0x10, 0x02, 0xFF, 0x82,
    0x6F, 0x00, 0x10, 0x02, 0xFF, 0x80, 0x6F, 0x02, 0x00, 0x84, 0xFD, 0xFF, 0x6F, 0x00, 0x10, 0x02,
    0xFF, 0x82, 0x6F, 0x00, 0x10, 0x02, 0xFF, 0x80, 0x6F, 0x7F, 0x00, 0x09, 0x00, 0x7F, 0x00, 0x0A,
    0x00, 0x80, 0x70, 0x02, 0x88, 0x84, 0x05, 0x92, 0xED, 0xBE, 0x17, 0x03, 0x00, 0x83, 0xFD, 0xFF,
    0x9F, 0xF5, 0x03, 0xFF, 0x80, 0x1D, 0x02, 0x00, 0x80, 0xD0, 0x02, 0xFF, 0x80, 0xFC, 0x04, 0xFF,
    0x80, 0x0A, 0x02, 0x00, 0x80, 0xFD, 0x03, 0xFF, 0x80, 0xFD, 0x03, 0xFF, 0x82, 0x02, 0x00, 0xD0,
    0x02, 0xFF, 0x82, 0x9F, 0x01, 0xC1, 0x02, 0xFF, 0x80, 0x6F, 0x02, 0x00, 0x82, 0xFD, 0xFF, 0xDF,
    0x02, 0x00, 0x80, 0xF5, 0x02, 0xFF, 0x82, 0x08, 0x00, 0xD0, 0x02, 0xFF, 0x82, 0x09, 0x00, 0x20,
    0x02, 0xFF, 0x80, 0x8F, 0x02, 0x00, 0x82, 0xFD, 0xFF, 0x9F, 0x02, 0x00, 0x80, 0xF2, 0x02, 0xFF,
    0x82, 0x08, 0x00, 0xD0, 0x02, 0xFF, 0x82, 0x09, 0x00, 0x20, 0x02, 0xFF, 0x80, 0x8F, 0x02, 0x00,
    0x82, 0xFD, 0xFF, 0x9F, 0x02, 0x00, 0x80, 0xF2, 0x02, 0xFF, 0x82, 0x08, 0x00, 0xD0, 0x02, 0xFF,
    0x82, 0x09, 0x00, 0x20, 0x02, 0xFF, 0x80, 0x8F, 0x02, 0x00, 0x82, 0xFD, 0xFF, 0x9F, 0x02, 0x00,
    0x80, 0xF2, 0x02, 0xFF, 0x82, 0x08, 0x00, 0xD0, 0x02, 0xFF, 0x82, 0x09, 0x00, 0x20, 0x02, 0xFF,
    0x80, 0x8F, 0x02, 0x00, 0x82, 0xFD, 0xFF, 0x9F, 0x02, 0x00, 0x80, 0xF2, 0x02, 0xFF, 0x82, 0x08,
    0x00, 0xD0, 0x02, 0xFF, 0x82, 0x09, 0x00, 0x20, 0x02, 0xFF, 0x80, 0x8F, 0x02, 0x00, 0x82, 0xFD,
    0xFF, 0x9F, 0x02, 0x00, 0x80, 0xF2, 0x02, 0xFF, 0x82, 0x08, 0x00, 0xD0, 0x02, 0xFF, 0x82, 0x09,
    0x00, 0x20, 0x02, 0xFF, 0x80, 0x8F, 0x60, 0x00, 0x7F, 0x00, 0x0C, 0x00, 0x84, 0x30, 0xC8, 0xED,
    0xCE, 0x49, 0x05, 0x00, 0x80, 0xB2, 0x04, 0xFF, 0x81, 0xCF, 0x04, 0x03, 0x00, 0x80, 0xE4, 0x06,
    0xFF, 0x80, 0x07, 0x02, 0x00, 0x80, 0xF3, 0x07, 0xFF, 0x82, 0x06, 0x00, 0xC0, 0x03, 0xFF, 0x81,
    0x8B, 0xEA, 0x02, 0xFF, 0x82, 0xEF, 0x01, 0x40, 0x02, 0xFF, 0x83, 0xEF, 0x03, 0x00, 0xC1, 0x02,
    0xFF, 0x82, 0x8F, 0x00, 0xF9, 0x02, 0xFF, 0x80, 0x04, 0x02, 0x00, 0x80, 0xF2, 0x02, 0xFF, 0x81,
    0x0D, 0xC0, 0x02, 0xFF, 0x80, 0x0D, 0x03, 0x00, 0x80, 0xFA, 0x02, 0xFF, 0x83, 0x00, 0xFD, 0xFF,
    0xBF, 0x03, 0x00, 0x80, 0x80, 0x02, 0xFF, 0x81, 0x1F, 0xC0, 0x02, 0xFF, 0x80, 0x0C, 0x03, 0x00,
    0x80, 0xF9, 0x02, 0xFF, 0x81, 0x01, 0xFA, 0x02, 0xFF, 0x80, 0x01, 0x02, 0x00, 0x80, 0xD0, 0x02,
    0xFF, 0x81, 0x0E, 0x60, 0x02, 0xFF, 0x80, 0xAF, 0x02, 0x00, 0x80, 0x70, 0x02, 0xFF, 0x82, 0xAF,
    0x00, 0xE1, 0x02, 0xFF, 0x82, 0xBF, 0x25, 0xA4, 0x03, 0xFF, 0x82, 0x04, 0x00, 0xF7, 0x07, 0xFF,
    0x80, 0x0A, 0x02, 0x00, 0x80, 0xFA, 0x06, 0xFF, 0x80, 0x1C, 0x03, 0x00, 0x80, 0xF8, 0x05, 0xFF,
    0x80, 0x1A, 0x04, 0x00, 0x81, 0x92, 0xFE, 0x02, 0xFF, 0x81, 0xAF, 0x04, 0x06, 0x00, 0x82, 0x53,
    0x55, 0x13, 0x58, 0x00, 0x7F, 0x00, 0x0B, 0x00, 0x80, 0x22, 0x05, 0x00, 0x02, 0x88, 0x85, 0x48,
    0x20, 0xE9, 0xFF, 0xCF, 0x06, 0x03, 0x00, 0x83, 0xFE, 0xFF, 0x8F, 0xE4, 0x03, 0xFF, 0x81, 0xCF,
    0x02, 0x02, 0x00, 0x83, 0xFE, 0xFF, 0xAF, 0xFE, 0x04, 0xFF, 0x80, 0x1D, 0x02, 0x00, 0x80, 0xFE,
    0x07, 0xFF, 0x80, 0xBF, 0x02, 0x00, 0x80, 0xFE, 0x03, 0xFF, 0x81, 0xBC, 0xFD, 0x03, 0xFF, 0x82,
    0x04, 0x00, 0xFE, 0x02, 0xFF, 0x83, 0x3D, 0x00, 0x40, 0xFE, 0x02, 0xFF, 0x82, 0x09, 0x00, 0xFE,
    0x02, 0xFF, 0x80, 0x02, 0x02, 0x00, 0x80, 0xF4, 0x02, 0xFF, 0x84, 0x0D, 0x00, 0xFE, 0xFF, 0xBF,
    0x03, 0x00, 0x80, 0xC0, 0x02, 0xFF, 0x84, 0x0F, 0x00, 0xFE, 0xFF, 0x9F, 0x03, 0x00, 0x80, 0xA0,
    0x02, 0xFF, 0x84, 0x1F, 0x00, 0xFE, 0xFF, 0x9F, 0x03, 0x00, 0x80, 0xB0, 0x02, 0xFF, 0x84, 0x1F,
    0x00, 0xFE, 0xFF, 0xDF, 0x03, 0x00, 0x80, 0xE1, 0x02, 0xFF, 0x82, 0x0E, 0x00, 0xFE, 0x02, 0xFF,
    0x80, 0x08, 0x02, 0x00, 0x80, 0xFA, 0x02, 0xFF, 0x82, 0x0B, 0x00, 0xFE, 0x02, 0xFF, 0x82, 0xBF,
    0x45, 0xC6, 0x03, 0xFF, 0x82, 0x06, 0x00, 0xFE, 0x07, 0xFF, 0x85, 0xEF, 0x01, 0x00, 0xFE, 0xFF,
    0xDF, 0x05, 0xFF, 0x80, 0x5F, 0x02, 0x00, 0x83, 0xFE, 0xFF, 0x8F, 0xF9, 0x04, 0xFF, 0x80, 0x06,
    0x02, 0x00, 0x83, 0xFE, 0xFF, 0x8F, 0x70, 0x03, 0xFF, 0x80, 0x4C, 0x03, 0x00, 0x86, 0xFE, 0xFF,
    0x8F, 0x00, 0x61, 0x88, 0x37, 0x04, 0x00, 0x82, 0xFE, 0xFF, 0x8F, 0x08, 0x00, 0x82, 0xFE, 0xFF,
    0x8F, 0x08, 0x00, 0x82, 0xFE, 0xFF, 0x8F, 0x08, 0x00, 0x82, 0xFE, 0xFF, 0x8F, 0x08, 0x00, 0x82,
    0xFE, 0xFF, 0x8F, 0x08, 0x00, 0x82, 0xFE, 0xFF, 0x8F, 0x08, 0x00, 0x82, 0xED, 0xEE, 0x7E, 0x12,
    0x00, 0x7F, 0x00, 0x09, 0x00, 0x80, 0x22, 0x08, 0x00, 0x85, 0x40, 0xEA, 0xFF, 0xBF, 0x03, 0x83,
    0x02, 0x88, 0x83, 0x01, 0x00, 0x10, 0xFA, 0x03, 0xFF, 0x81, 0x6F, 0xF5, 0x02, 0xFF, 0x82, 0x02,
    0x00, 0xB0, 0x05, 0xFF, 0x80, 0xF9, 0x02, 0xFF, 0x82, 0x02, 0x00, 0xF7, 0x08, 0xFF, 0x82, 0x02,
    0x10, 0xFE, 0x02, 0xFF, 0x81, 0xEF, 0xCB, 0x04, 0xFF, 0x81, 0x02, 0x60, 0x03, 0xFF, 0x82, 0x06,
    0x00, 0xB2, 0x03, 0xFF, 0x81, 0x02, 0xA0, 0x02, 0xFF, 0x80, 0x7F, 0x02, 0x00, 0x81, 0x10, 0xFD,
    0x02, 0xFF, 0x81, 0x02, 0xC0, 0x02, 0xFF, 0x80, 0x1F, 0x03, 0x00, 0x80, 0xF8, 0x02, 0xFF, 0x81,
    0x02, 0xD0, 0x02, 0xFF, 0x80, 0x0D, 0x03, 0x00, 0x80, 0xF6, 0x02, 0xFF, 0x81, 0x02, 0xC0, 0x02,
    0xFF, 0x80, 0x0E, 0x03, 0x00, 0x80, 0xF7, 0x02, 0xFF, 0x81, 0x02, 0xB0, 0x02, 0xFF, 0x80, 0x3F,
    0x03, 0x00, 0x80, 0xFA, 0x02, 0xFF, 0x81, 0x02, 0x80, 0x02, 0xFF, 0x83, 0xCF, 0x01, 0x00, 0x50,
    0x03, 0xFF, 0x81, 0x02, 0x30, 0x03, 0xFF, 0x82, 0x7D, 0x54, 0xFA, 0x03, 0xFF, 0x82, 0x02, 0x00,
    0xFB, 0x08, 0xFF, 0x82, 0x02, 0x00, 0xE2, 0x05, 0xFF, 0x80, 0xFD, 0x02, 0xFF, 0x83, 0x02, 0x00,
    0x40, 0xFE, 0x03, 0xFF, 0x81, 0xCF, 0xF5, 0x02, 0xFF, 0x80, 0x02, 0x02, 0x00, 0x80, 0xB2, 0x03,
    0xFF, 0x81, 0x1A, 0xF5, 0x02, 0xFF, 0x80, 0x02, 0x03, 0x00, 0x84, 0x62, 0x88, 0x27, 0x00, 0xF5,
    0x02, 0xFF, 0x80, 0x02, 0x07, 0x00, 0x80, 0xF5, 0x02, 0xFF, 0x80, 0x02, 0x07, 0x00, 0x80, 0xF5,
    0x02, 0xFF, 0x80, 0x02, 0x07, 0x00, 0x80, 0xF5, 0x02, 0xFF, 0x80, 0x02, 0x07, 0x00, 0x80, 0xF5,
    0x02, 0xFF, 0x80, 0x02, 0x07, 0x00, 0x80, 0xF5, 0x02, 0xFF, 0x80, 0x02, 0x07, 0x00, 0x80, 0xF5,
    0x02, 0xFF, 0x80, 0x02, 0x07, 0x00, 0x80, 0xE4, 0x02, 0xEE, 0x80, 0x02, 0x0B, 0x00, 0x62, 0x00,
    0x80, 0x70, 0x02, 0x88, 0x88, 0x04, 0xC5, 0xDE, 0x08, 0x00, 0xFD, 0xFF, 0x7F, 0xF9, 0x02, 0xFF,
    0x81, 0x07, 0xD0, 0x02, 0xFF, 0x80, 0xFE, 0x02, 0xFF, 0x82, 0x1F, 0x00, 0xFD, 0x04, 0xFF, 0x82,
    0x8F, 0x00, 0xD0, 0x05, 0xFF, 0x82, 0x01, 0x00, 0xFD, 0x02, 0xFF, 0x84, 0x3B, 0x72, 0x08, 0x00,
    0xD0, 0x02, 0xFF, 0x80, 0x1E, 0x04, 0x00, 0x82, 0xFD, 0xFF, 0x9F, 0x04, 0x00, 0x80, 0xD0, 0x02,
    0xFF, 0x80, 0x08, 0x04, 0x00, 0x82, 0xFD, 0xFF, 0x7F, 0x04, 0x00, 0x80, 0xD0, 0x02, 0xFF, 0x80,
    0x07, 0x04, 0x00, 0x82, 0xFD, 0xFF, 0x7F, 0x04, 0x00, 0x80, 0xD0, 0x02, 0xFF, 0x80, 0x07, 0x04,
    0x00, 0x82, 0xFD, 0xFF, 0x7F, 0x04, 0x00, 0x80, 0xD0, 0x02, 0xFF, 0x80, 0x07, 0x04, 0x00, 0x82,
    0xFD, 0xFF, 0x7F, 0x04, 0x00, 0x80, 0xD0, 0x02, 0xFF, 0x80, 0x07, 0x47, 0x00, 0x6A, 0x00, 0x84,
    0x93, 0xDC, 0xCE, 0x6A, 0x01, 0x02, 0x00, 0x80, 0x80, 0x04, 0xFF, 0x83, 0x8E, 0x01, 0x00, 0xF7,
    0x05, 0xFF, 0x85, 0x1D, 0x00, 0xFE, 0xFF, 0xEF, 0xED, 0x02, 0xFF, 0x81, 0x0A, 0x10, 0x02, 0xFF,
    0x85, 0x1E, 0x00, 0xC5, 0xFF, 0x02, 0x10, 0x02, 0xFF, 0x80, 0x3F, 0x02, 0x00, 0x80, 0x87, 0x02,
    0x00, 0x80, 0xFC, 0x02, 0xFF, 0x80, 0x4A, 0x04, 0x00, 0x80, 0xF4, 0x03, 0xFF, 0x81, 0x7D, 0x01,
    0x02, 0x00, 0x81, 0x50, 0xFE, 0x03, 0xFF, 0x80, 0x7E, 0x03, 0x00, 0x81, 0x81, 0xFE, 0x03, 0xFF,
    0x80, 0x09, 0x03, 0x00, 0x81, 0x40, 0xFA, 0x02, 0xFF, 0x85, 0x3F, 0x00, 0xA4, 0x01, 0x00, 0x40,
    0x02, 0xFF, 0x83, 0x7F, 0x10, 0xFD, 0x4D, 0x02, 0x00, 0x83, 0xFE, 0xFF, 0x8F, 0x80, 0x02, 0xFF,
    0x81, 0x7C, 0x95, 0x02, 0xFF, 0x81, 0x7F, 0xE1, 0x06, 0xFF, 0x82, 0x3F, 0x20, 0xFB, 0x05, 0xFF,
    0x83, 0x0A, 0x00, 0x50, 0xFC, 0x03, 0xFF, 0x81, 0x9F, 0x01, 0x02, 0x00, 0x84, 0x20, 0x86, 0xAA,
    0x79, 0x02, 0x41, 0x00, 0x2B, 0x00, 0x80, 0x40, 0x02, 0x55, 0x80, 0x01, 0x02, 0x00, 0x80, 0xE0,
    0x02, 0xFF, 0x80, 0x05, 0x02, 0x00, 0x80, 0xE0, 0x02, 0xFF, 0x80, 0x05, 0x02, 0x00, 0x80, 0xE0,
    0x02, 0xFF, 0x80, 0x05, 0x02, 0x00, 0x80, 0xE0, 0x02, 0xFF, 0x80, 0x05, 0x02, 0x00, 0x80, 0xE0,
    0x02, 0xFF, 0x83, 0x05, 0x00, 0x87, 0xF8, 0x02, 0xFF, 0x82, 0x8B, 0x28, 0xFC, 0x04, 0xFF, 0x81,
    0x4F, 0xFC, 0x04, 0xFF, 0x81, 0x4F, 0xFC, 0x04, 0xFF, 0x82, 0x4F, 0xEB, 0xFE, 0x02, 0xFF, 0x83,
    0xEF, 0x4E, 0x00, 0xE0, 0x02, 0xFF, 0x80, 0x05, 0x02, 0x00, 0x80, 0xE0, 0x02, 0xFF, 0x80, 0x05,
    0x02, 0x00, 0x80, 0xE0, 0x02, 0xFF, 0x80, 0x05, 0x02, 0x00, 0x80, 0xE0, 0x02, 0xFF, 0x80, 0x05,
    0x02, 0x00, 0x80, 0xE0, 0x02, 0xFF, 0x80, 0x05, 0x02, 0x00, 0x80, 0xE0, 0x02, 0xFF, 0x80, 0x05,
    0x02, 0x00, 0x80, 0xE0, 0x02, 0xFF, 0x80, 0x05, 0x02, 0x00, 0x80, 0xE0, 0x02, 0xFF, 0x80, 0x05,
    0x02, 0x00, 0x80, 0xE0, 0x02, 0xFF, 0x80, 0x05, 0x02, 0x00, 0x80, 0xE0, 0x02, 0xFF, 0x80, 0x05,
    0x02, 0x00, 0x80, 0xE0, 0x02, 0xFF, 0x80, 0x05, 0x02, 0x00, 0x80, 0xE0, 0x02, 0xFF, 0x80, 0x05,
    0x37, 0x00, 0x7F, 0x00, 0x0A, 0x00, 0x80, 0x70, 0x02, 0x88, 0x80, 0x07, 0x02, 0x00, 0x02, 0x88,
    0x80, 0x58, 0x02, 0x00, 0x82, 0xFD, 0xFF, 0xCF, 0x02, 0x00, 0x80, 0xD0, 0x02, 0xFF, 0x82, 0x08,
    0x00, 0xD0, 0x02, 0xFF, 0x80, 0x0C, 0x02, 0x00, 0x82, 0xFD, 0xFF, 0x8F, 0x02, 0x00, 0x82, 0xFD,
    0xFF, 0xCF, 0x02, 0x00, 0x80, 0xD0, 0x02, 0xFF, 0x82, 0x08, 0x00, 0xD0, 0x02, 0xFF, 0x80, 0x0C,
    0x02, 0x00, 0x82, 0xFD, 0xFF, 0x8F, 0x02, 0x00, 0x82, 0xFD, 0xFF, 0xCF, 0x02, 0x00, 0x80, 0xD0,
    0x02, 0xFF, 0x82, 0x08, 0x00, 0xD0, 0x02, 0xFF, 0x80, 0x0C, 0x02, 0x00, 0x82, 0xFD, 0xFF, 0x8F,
    0x02, 0x00, 0x82, 0xFD, 0xFF, 0xCF, 0x02, 0x00, 0x80, 0xD0, 0x02, 0xFF, 0x82, 0x08, 0x00, 0xD0,
    0x02, 0xFF, 0x80, 0x0C, 0x02, 0x00, 0x82, 0xFD, 0xFF, 0x8F, 0x02, 0x00, 0x82, 0xFD, 0xFF, 0xCF,
    0x02, 0x00, 0x80, 0xD0, 0x02, 0xFF, 0x82, 0x08, 0x00, 0xD0, 0x02, 0xFF, 0x80, 0x0C, 0x02, 0x00,
    0x82, 0xFD, 0xFF, 0x8F, 0x02, 0x00, 0x82, 0xFD, 0xFF, 0xEF, 0x02, 0x00, 0x80, 0xF1, 0x02, 0xFF,
    0x82, 0x08, 0x00, 0xC0, 0x02, 0xFF, 0x82, 0x3F, 0x00, 0x70, 0x02, 0xFF, 0x80, 0x8F, 0x02, 0x00,
    0x80, 0xF9, 0x02, 0xFF, 0x81, 0x8E, 0xA7, 0x03, 0xFF, 0x82, 0x08, 0x00, 0x30, 0x05, 0xFF, 0x82,
    0xFE, 0xFF, 0x8F, 0x02, 0x00, 0x80, 0x90, 0x04, 0xFF, 0x80, 0xD6, 0x02, 0xFF, 0x80, 0x08, 0x02,
    0x00, 0x87, 0x80, 0xFE, 0xFF, 0xEF, 0x05, 0xFD, 0xFF, 0x8F, 0x03, 0x00, 0x82, 0x10, 0x64, 0x46,
    0x5A, 0x00, 0x7F, 0x00, 0x03, 0x00, 0x80, 0x80, 0x02, 0x88, 0x80, 0x07, 0x03, 0x00, 0x80, 0x87,
    0x02, 0x88, 0x80, 0x80, 0x02, 0xFF, 0x80, 0x2F, 0x02, 0x00, 0x80, 0x20, 0x02, 0xFF, 0x84, 0x8F,
    0x10, 0xFE, 0xFF, 0x8F, 0x02, 0x00, 0x80, 0x90, 0x02, 0xFF, 0x84, 0x1E, 0x00, 0xF8, 0xFF, 0xEF,
    0x02, 0x00, 0x80, 0xE1, 0x02, 0xFF, 0x82, 0x07, 0x00, 0xE1, 0x02, 0xFF, 0x87, 0x06, 0x00, 0xF6,
    0xFF, 0xEF, 0x01, 0x00, 0x70, 0x02, 0xFF, 0x84, 0x0C, 0x00, 0xFC, 0xFF, 0x7F, 0x02, 0x00, 0x84,
    0x10, 0xFE, 0xFF, 0x3F, 0x30, 0x02, 0xFF, 0x80, 0x1E, 0x03, 0x00, 0x83, 0xF7, 0xFF, 0x9F, 0x90,
    0x02, 0xFF, 0x80, 0x06, 0x03, 0x00, 0x85, 0xD0, 0xFF, 0xEF, 0xF2, 0xFF, 0xDF, 0x04, 0x00, 0x80,
    0x60, 0x02, 0xFF, 0x82, 0xFD, 0xFF, 0x6F, 0x05, 0x00, 0x80, 0xFD, 0x03, 0xFF, 0x80, 0x0D, 0x05,
    0x00, 0x80, 0xF5, 0x03, 0xFF, 0x80, 0x05, 0x05, 0x00, 0x80, 0xD0, 0x02, 0xFF, 0x80, 0xCF, 0x06,
    0x00, 0x80, 0x50, 0x02, 0xFF, 0x80, 0x5F, 0x07, 0x00, 0x82, 0xFC, 0xFF, 0x0C, 0x07, 0x00, 0x82,
    0xF4, 0xFF, 0x04, 0x07, 0x00, 0x81, 0xC0, 0xBF, 0x08, 0x00, 0x81, 0x40, 0x4F, 0x09, 0x00, 0x80,
    0x07, 0x4A, 0x00, 0x7F, 0x00, 0x30, 0x00, 0x80, 0x05, 0x06, 0x00, 0x80, 0x81, 0x02, 0x88, 0x80,
    0x05, 0x02, 0x00, 0x81, 0x10, 0x4E, 0x03, 0x00, 0x80, 0x81, 0x02, 0x88, 0x80, 0xB0, 0x02, 0xFF,
    0x80, 0x0D, 0x02, 0x00, 0x81, 0x70, 0xCF, 0x03, 0x00, 0x80, 0xF7, 0x02, 0xFF, 0x80, 0x40, 0x02,
    0xFF, 0x80, 0x4F, 0x02, 0x00, 0x82, 0xE1, 0xFF, 0x04, 0x02, 0x00, 0x86, 0xFD, 0xFF, 0xAF, 0x00,
    0xFC, 0xFF, 0xAF, 0x02, 0x00, 0x84, 0xF7, 0xFF, 0x0C, 0x00, 0x40, 0x02, 0xFF, 0x82, 0x2F, 0x00,
    0xF4, 0x02, 0xFF, 0x86, 0x02, 0x10, 0xFE, 0xFF, 0x4F, 0x00, 0xA0, 0x02, 0xFF, 0x82, 0x0A, 0x00,
    0xC0, 0x02, 0xFF, 0x81, 0x07, 0x70, 0x02, 0xFF, 0x82, 0xCF, 0x00, 0xF2, 0x02, 0xFF, 0x82, 0x03,
    0x00, 0x50, 0x02, 0xFF, 0x81, 0x0D, 0xD0, 0x03, 0xFF, 0x83, 0x04, 0xF8, 0xFF, 0xBF, 0x03, 0x00,
    0x83, 0xFC, 0xFF, 0x5F, 0xF6, 0x03, 0xFF, 0x83, 0x0C, 0xFE, 0xFF, 0x3F, 0x03, 0x00, 0x87, 0xF5,
    0xFF, 0xBF, 0xFD, 0xFF, 0xFA, 0xFF, 0x9F, 0x02, 0xFF, 0x80, 0x0B, 0x03, 0x00, 0x80, 0xD0, 0x03,
    0xFF, 0x81, 0xDF, 0xA1, 0x04, 0xFF, 0x80, 0x04, 0x03, 0x00, 0x80, 0x60, 0x03, 0xFF, 0x81, 0x6F,
    0x20, 0x03, 0xFF, 0x80, 0xCF, 0x05, 0x00, 0x80, 0xFD, 0x02, 0xFF, 0x82, 0x0D, 0x00, 0xF8, 0x02,
    0xFF, 0x80, 0x4F, 0x05, 0x00, 0x80, 0xF6, 0x02, 0xFF, 0x82, 0x04, 0x00, 0xE1, 0x02, 0xFF, 0x80,
    0x0C, 0x05, 0x00, 0x82, 0xD0, 0xFF, 0xBF, 0x02, 0x00, 0x80, 0x60, 0x02, 0xFF, 0x80, 0x05, 0x05,
    0x00, 0x82, 0x70, 0xFF, 0x3F, 0x03, 0x00, 0x81, 0xFD, 0xCF, 0x06, 0x00, 0x82, 0x10, 0xFE, 0x0A,
    0x03, 0x00, 0x81, 0xF5, 0x5F, 0x07, 0x00, 0x81, 0xF7, 0x02, 0x03, 0x00, 0x81, 0xB0, 0x0D, 0x07,
    0x00, 0x80, 0x81, 0x04, 0x00, 0x81, 0x30, 0x06, 0x73, 0x00, 0x7F, 0x00, 0x03, 0x00, 0x80, 0x83,
    0x02, 0x88, 0x80, 0x07, 0x02, 0x00, 0x80, 0x84, 0x02, 0x88, 0x81, 0x05, 0xC0, 0x02, 0xFF, 0x8C,
    0x5F, 0x00, 0x10, 0xFE, 0xFF, 0xDF, 0x01, 0x10, 0xFD, 0xFF, 0xEF, 0x02, 0xB0, 0x02, 0xFF, 0x80,
    0x3F, 0x02, 0x00, 0x80, 0xF3, 0x02, 0xFF, 0x81, 0x0B, 0xF7, 0x02, 0xFF, 0x80, 0x06, 0x02, 0x00,
    0x80, 0x60, 0x02, 0xFF, 0x80, 0x9F, 0x02, 0xFF, 0x80, 0x9F, 0x04, 0x00, 0x80, 0xF9, 0x04, 0xFF,
    0x80, 0x0C, 0x04, 0x00, 0x80, 0xC0, 0x03, 0xFF, 0x81, 0xEF, 0x02, 0x04, 0x00, 0x81, 0x20, 0xFE,
    0x02, 0xFF, 0x80, 0x4F, 0x06, 0x00, 0x80, 0xF6, 0x02, 0xFF, 0x80, 0x0A, 0x05, 0x00, 0x81, 0x20,
    0xFE, 0x02, 0xFF, 0x80, 0x4F, 0x05, 0x00, 0x80, 0xC0, 0x03, 0xFF, 0x81, 0xEF, 0x02, 0x04, 0x00,
    0x80, 0xF9, 0x04, 0xFF, 0x80, 0x0C, 0x03, 0x00, 0x80, 0x60, 0x02, 0xFF, 0x83, 0x8F, 0xFE, 0xFF,
    0x9F, 0x03, 0x00, 0x80, 0xF3, 0x02, 0xFF, 0x81, 0x0B, 0xF6, 0x02, 0xFF, 0x87, 0x06, 0x00, 0x20,
    0xFE, 0xFF, 0xEF, 0x01, 0xA0, 0x02, 0xFF, 0x82, 0x3F, 0x00, 0xC0, 0x02, 0xFF, 0x87, 0x5F, 0x00,
    0x10, 0xFD, 0xFF, 0xDF, 0x01, 0xF9, 0x02, 0xFF, 0x80, 0x09, 0x02, 0x00, 0x80, 0xF4, 0x02, 0xFF,
    0x80, 0x0B, 0x5A, 0x00, 0x7F, 0x00, 0x03, 0x00, 0x80, 0x82, 0x02, 0x88, 0x80, 0x06, 0x03, 0x00,
    0x80, 0x85, 0x02, 0x88, 0x80, 0xC0, 0x02, 0xFF, 0x80, 0x2F, 0x03, 0x00, 0x83, 0xFE, 0xFF, 0x9F,
    0x50, 0x02, 0xFF, 0x80, 0x7F, 0x02, 0x00, 0x80, 0x50, 0x02, 0xFF, 0x84, 0x3F, 0x00, 0xFD, 0xFF,
    0xDF, 0x02, 0x00, 0x80, 0xB0, 0x02, 0xFF, 0x82, 0x0B, 0x00, 0xF6, 0x02, 0xFF, 0x82, 0x04, 0x00,
    0xF2, 0x02, 0xFF, 0x82, 0x04, 0x00, 0xE1, 0x02, 0xFF, 0x84, 0x0A, 0x00, 0xF8, 0xFF, 0xDF, 0x02,
    0x00, 0x80, 0x70, 0x02, 0xFF, 0x84, 0x2F, 0x00, 0xFE, 0xFF, 0x6F, 0x02, 0x00, 0x84, 0x10, 0xFE,
    0xFF, 0x8F, 0x50, 0x02, 0xFF, 0x80, 0x1E, 0x03, 0x00, 0x83, 0xF8, 0xFF, 0xDF, 0xB0, 0x02, 0xFF,
    0x80, 0x08, 0x03, 0x00, 0x80, 0xF1, 0x02, 0xFF, 0x80, 0xF7, 0x02, 0xFF, 0x80, 0x02, 0x03, 0x00,
    0x80, 0x90, 0x04, 0xFF, 0x80, 0xAF, 0x04, 0x00, 0x80, 0x20, 0x04, 0xFF, 0x80, 0x3F, 0x05, 0x00,
    0x80, 0xFA, 0x03, 0xFF, 0x80, 0x0B, 0x05, 0x00, 0x80, 0xF3, 0x03, 0xFF, 0x80, 0x05, 0x05, 0x00,
    0x80, 0xB0, 0x02, 0xFF, 0x80, 0xDF, 0x06, 0x00, 0x80, 0x40, 0x02, 0xFF, 0x80, 0x7F, 0x06, 0x00,
    0x80, 0x80, 0x02, 0xFF, 0x80, 0x1E, 0x06, 0x00, 0x80, 0xE0, 0x02, 0xFF, 0x80, 0x08, 0x06, 0x00,
    0x80, 0xF6, 0x02, 0xFF, 0x80, 0x02, 0x06, 0x00, 0x82, 0xFC, 0xFF, 0xAF, 0x06, 0x00, 0x80, 0x40,
    0x02, 0xFF, 0x80, 0x3F, 0x06, 0x00, 0x80, 0xA0, 0x02, 0xFF, 0x80, 0x0C, 0x06, 0x00, 0x80, 0xF2,
    0x02, 0xFF, 0x80, 0x05, 0x06, 0x00, 0x82, 0xF9, 0xFF, 0xDF, 0x06, 0x00, 0x83, 0x10, 0xED, 0xEE,
    0x7E, 0x0F, 0x00, 0x7C, 0x00, 0x80, 0x80, 0x07, 0x88, 0x82, 0x18, 0x00, 0xFE, 0x06, 0xFF, 0x82,
    0x7F, 0x00, 0xE0, 0x06, 0xFF, 0x80, 0xCF, 0x02, 0x00, 0x80, 0xFE, 0x05, 0xFF, 0x83, 0xEF, 0x02,
    0x00, 0xE0, 0x06, 0xFF, 0x80, 0x05, 0x02, 0x00, 0x80, 0x65, 0x02, 0x66, 0x80, 0xF6, 0x02, 0xFF,
    0x80, 0x0A, 0x05, 0x00, 0x80, 0x90, 0x02, 0xFF, 0x80, 0x1D, 0x05, 0x00, 0x80, 0x50, 0x02, 0xFF,
    0x80, 0x3F, 0x05, 0x00, 0x83, 0x20, 0xFE, 0xFF, 0x8F, 0x05, 0x00, 0x83, 0x10, 0xFC, 0xFF, 0xCF,
    0x06, 0x00, 0x83, 0xF9, 0xFF, 0xEF, 0x02, 0x05, 0x00, 0x80, 0xF5, 0x02, 0xFF, 0x80, 0x06, 0x05,
    0x00, 0x80, 0xE2, 0x02, 0xFF, 0x80, 0xEF, 0x03, 0xEE, 0x82, 0x01, 0x00, 0xC0, 0x06, 0xFF, 0x82,
    0x1F, 0x00, 0x90, 0x07, 0xFF, 0x81, 0x01, 0x50, 0x07, 0xFF, 0x82, 0x1F, 0x20, 0xFE, 0x07, 0xFF,
    0x80, 0x01, 0x56, 0x00, 0x0B, 0x00, 0x02, 0x11, 0x80, 0x01, 0x02, 0x00, 0x81, 0x20, 0xD8, 0x02,
    0xFF, 0x80, 0x08, 0x02, 0x00, 0x80, 0xE3, 0x03, 0xFF, 0x80, 0x08, 0x02, 0x00, 0x80, 0xFD, 0x03,
    0xFF, 0x82, 0x08, 0x00, 0x40, 0x04, 0xFF, 0x82, 0x08, 0x00, 0x70, 0x03, 0xFF, 0x83, 0x47, 0x02,
    0x00, 0x70, 0x02, 0xFF, 0x80, 0xAF, 0x03, 0x00, 0x80, 0x70, 0x02, 0xFF, 0x80, 0x8F, 0x03, 0x00,
    0x80, 0x70, 0x02, 0xFF, 0x80, 0x8F, 0x03, 0x00, 0x80, 0x70, 0x02, 0xFF, 0x80, 0x8F, 0x03, 0x00,
    0x80, 0x70, 0x02, 0xFF, 0x80, 0x8F, 0x03, 0x00, 0x80, 0x70, 0x02, 0xFF, 0x80, 0x8F, 0x03, 0x00,
    0x80, 0x70, 0x02, 0xFF, 0x80, 0x8F, 0x03, 0x00, 0x80, 0x80, 0x02, 0xFF, 0x80, 0x7F, 0x03, 0x00,
    0x80, 0xA0, 0x02, 0xFF, 0x80, 0x5F, 0x03, 0x00, 0x80, 0xE1, 0x02, 0xFF, 0x80, 0x2F, 0x02, 0x00,
    0x81, 0x50, 0xFD, 0x02, 0xFF, 0x80, 0x0B, 0x02, 0x00, 0x80, 0x90, 0x02, 0xFF, 0x81, 0xEF, 0x02,
    0x02, 0x00, 0x80, 0x90, 0x02, 0xFF, 0x80, 0x3E, 0x03, 0x00, 0x80, 0x90, 0x02, 0xFF, 0x81, 0xDF,
    0x02, 0x02, 0x00, 0x81, 0x60, 0xFE, 0x02, 0xFF, 0x80, 0x0A, 0x03, 0x00, 0x80, 0xE2, 0x02, 0xFF,
    0x80, 0x2F, 0x03, 0x00, 0x80, 0xA0, 0x02, 0xFF, 0x80, 0x5F, 0x03, 0x00, 0x80, 0x80, 0x02, 0xFF,
    0x80, 0x7F, 0x03, 0x00, 0x80, 0x70, 0x02, 0xFF, 0x80, 0x8F, 0x03, 0x00, 0x80, 0x70, 0x02, 0xFF,
    0x80, 0x8F, 0x03, 0x00, 0x80, 0x70, 0x02, 0xFF, 0x80, 0x8F, 0x03, 0x00, 0x80, 0x70, 0x02, 0xFF,
    0x80, 0x8F, 0x03, 0x00, 0x80, 0x70, 0x02, 0xFF, 0x80, 0x8F, 0x03, 0x00, 0x80, 0x70, 0x02, 0xFF,
    0x80, 0x8F, 0x03, 0x00, 0x80, 0x70, 0x02, 0xFF, 0x80, 0x9F, 0x03, 0x00, 0x80, 0x70, 0x03, 0xFF,
    0x83, 0x25, 0x01, 0x00, 0x50, 0x04, 0xFF, 0x83, 0x08, 0x00, 0x10, 0xFE, 0x03, 0xFF, 0x80, 0x08,
    0x02, 0x00, 0x80, 0xF4, 0x03, 0xFF, 0x80, 0x08, 0x02, 0x00, 0x81, 0x30, 0xFA, 0x02, 0xFF, 0x80,
    0x08, 0x04, 0x00, 0x82, 0x32, 0x33, 0x02, 0x07, 0x00, 0x08, 0x00, 0x80, 0x42, 0x02, 0x44, 0x03,
    0x00, 0x80, 0x60, 0x02, 0xFF, 0x80, 0x1F, 0x03, 0x00, 0x80, 0xF6, 0x02, 0xFF, 0x80, 0x01, 0x02,
    0x00, 0x80, 0x60, 0x02, 0xFF, 0x80, 0x1F, 0x03, 0x00, 0x80, 0xF6, 0x02, 0xFF, 0x80, 0x01, 0x02,
    0x00, 0x80, 0x60, 0x02, 0xFF, 0x80, 0x1F, 0x03, 0x00, 0x80, 0xF6, 0x02, 0xFF, 0x80, 0x01, 0x02,
    0x00, 0x80, 0x60, 0x02, 0xFF, 0x80, 0x1F, 0x03, 0x00, 0x80, 0xF6, 0x02, 0xFF, 0x80, 0x01, 0x02,
    0x00, 0x80, 0x60, 0x02, 0xFF, 0x80, 0x1F, 0x03, 0x00, 0x80, 0xF6, 0x02, 0xFF, 0x80, 0x01, 0x02,
    0x00, 0x80, 0x60, 0x02, 0xFF, 0x80, 0x1F, 0x03, 0x00, 0x80, 0xF6, 0x02, 0xFF, 0x80, 0x01, 0x02,
    0x00, 0x80, 0x60, 0x02, 0xFF, 0x80, 0x1F, 0x03, 0x00, 0x80, 0xF6, 0x02, 0xFF, 0x80, 0x01, 0x02,
    0x00, 0x80, 0x60, 0x02, 0xFF, 0x80, 0x1F, 0x03, 0x00, 0x80, 0xF6, 0x02, 0xFF, 0x80, 0x01, 0x02,
    0x00, 0x80, 0x60, 0x02, 0xFF, 0x80, 0x1F, 0x03, 0x00, 0x80, 0xF6, 0x02, 0xFF, 0x80, 0x01, 0x02,
    0x00, 0x80, 0x60, 0x02, 0xFF, 0x80, 0x1F, 0x03, 0x00, 0x80, 0xF6, 0x02, 0xFF, 0x80, 0x01, 0x02,
    0x00, 0x80, 0x60, 0x02, 0xFF, 0x80, 0x1F, 0x03, 0x00, 0x80, 0xF6, 0x02, 0xFF, 0x80, 0x01, 0x02,
    0x00, 0x80, 0x60, 0x02, 0xFF, 0x80, 0x1F, 0x03, 0x00, 0x80, 0xF6, 0x02, 0xFF, 0x80, 0x01, 0x02,
    0x00, 0x80, 0x60, 0x02, 0xFF, 0x80, 0x1F, 0x03, 0x00, 0x80, 0xF6, 0x02, 0xFF, 0x80, 0x01, 0x02,
    0x00, 0x80, 0x60, 0x02, 0xFF, 0x80, 0x1F, 0x03, 0x00, 0x80, 0xF6, 0x02, 0xFF, 0x80, 0x01, 0x02,
    0x00, 0x80, 0x60, 0x02, 0xFF, 0x80, 0x1F, 0x03, 0x00, 0x80, 0xF6, 0x02, 0xFF, 0x80, 0x01, 0x02,
    0x00, 0x80, 0x60, 0x02, 0xFF, 0x80, 0x1F, 0x03, 0x00, 0x80, 0xF6, 0x02, 0xFF, 0x80, 0x01, 0x02,
    0x00, 0x80, 0x60, 0x02, 0xFF, 0x80, 0x1F, 0x03, 0x00, 0x80, 0xF6, 0x02, 0xFF, 0x80, 0x01, 0x02,
    0x00, 0x80, 0x60, 0x02, 0xFF, 0x80, 0x1F, 0x03, 0x00, 0x80, 0xB4, 0x02, 0xBB, 0x80, 0x01, 0x08,
    0x00, 0x08, 0x00, 0x02, 0x11, 0x04, 0x00, 0x80, 0x10, 0x02, 0xFF, 0x81, 0xBE, 0x04, 0x02, 0x00,
    0x80, 0x10, 0x03, 0xFF, 0x80, 0x8F, 0x02, 0x00, 0x80, 0x10, 0x04, 0xFF, 0x82, 0x05, 0x00, 0x10,
    0x04, 0xFF, 0x80, 0x0B, 0x02, 0x00, 0x81, 0x44, 0xFC, 0x02, 0xFF, 0x80, 0x0D, 0x03, 0x00, 0x80,
    0xF3, 0x02, 0xFF, 0x80, 0x0E, 0x03, 0x00, 0x80, 0xF2, 0x02, 0xFF, 0x80, 0x0E, 0x03, 0x00, 0x80,
    0xF2, 0x02, 0xFF, 0x80, 0x0E, 0x03, 0x00, 0x80, 0xF2, 0x02, 0xFF, 0x80, 0x0E, 0x03, 0x00, 0x80,
    0xF2, 0x02, 0xFF, 0x80, 0x0E, 0x03, 0x00, 0x80, 0xF2, 0x02, 0xFF, 0x80, 0x0E, 0x03, 0x00, 0x80,
    0xF1, 0x02, 0xFF, 0x80, 0x0E, 0x03, 0x00, 0x80, 0xF0, 0x02, 0xFF, 0x80, 0x0E, 0x03, 0x00, 0x80,
    0xE0, 0x02, 0xFF, 0x80, 0x1F, 0x03, 0x00, 0x80, 0xA0, 0x02, 0xFF, 0x80, 0x7F, 0x03, 0x00, 0x80,
    0x50, 0x03, 0xFF, 0x80, 0x1A, 0x03, 0x00, 0x80, 0xF9, 0x02, 0xFF, 0x80, 0x2F, 0x03, 0x00, 0x80,
    0xA0, 0x02, 0xFF, 0x80, 0x2F, 0x03, 0x00, 0x80, 0xF8, 0x02, 0xFF, 0x80, 0x2F, 0x02, 0x00, 0x80,
    0x40, 0x03, 0xFF, 0x80, 0x1C, 0x02, 0x00, 0x80, 0xA0, 0x02, 0xFF, 0x80, 0x9F, 0x03, 0x00, 0x80,
    0xD0, 0x02, 0xFF, 0x80, 0x2F, 0x03, 0x00, 0x80, 0xF0, 0x02, 0xFF, 0x80, 0x0E, 0x03, 0x00, 0x80,
    0xF1, 0x02, 0xFF, 0x80, 0x0E, 0x03, 0x00, 0x80, 0xF2, 0x02, 0xFF, 0x80, 0x0E, 0x03, 0x00, 0x80,
    0xF2, 0x02, 0xFF, 0x80, 0x0E, 0x03, 0x00, 0x80, 0xF2, 0x02, 0xFF, 0x80, 0x0E, 0x03, 0x00, 0x80,
    0xF2, 0x02, 0xFF, 0x80, 0x0E, 0x03, 0x00, 0x80, 0xF2, 0x02, 0xFF, 0x80, 0x0E, 0x03, 0x00, 0x80,
    0xF3, 0x02, 0xFF, 0x80, 0x0E, 0x02, 0x00, 0x81, 0x32, 0xFB, 0x02, 0xFF, 0x82, 0x0D, 0x00, 0x10,
    0x04, 0xFF, 0x82, 0x0B, 0x00, 0x10, 0x04, 0xFF, 0x82, 0x06, 0x00, 0x10, 0x03, 0xFF, 0x80, 0xAF,
    0x02, 0x00, 0x80, 0x10, 0x02, 0xFF, 0x81, 0xDF, 0x06, 0x03, 0x00, 0x02, 0x33, 0x80, 0x01, 0x0A,
    0x00, 0x7F, 0x00, 0x35, 0x00, 0x82, 0x10, 0x65, 0x46, 0x03, 0x00, 0x80, 0x01, 0x03, 0x00, 0x8A,
    0x60, 0xFE, 0xFF, 0xDF, 0x05, 0x00, 0xD0, 0xEF, 0x6E, 0x00, 0x70, 0x04, 0xFF, 0x85, 0x1A, 0x00,
    0xFC, 0xFF, 0x07, 0x30, 0x05, 0xFF, 0x88, 0x9E, 0xF9, 0xFF, 0x5F, 0x00, 0xF9, 0xFF, 0x8E, 0xD8,
    0x05, 0xFF, 0x86, 0x01, 0xB0, 0xFF, 0x8F, 0x00, 0x60, 0xFE, 0x03, 0xFF, 0x87, 0x07, 0x00, 0xFA,
    0xFF, 0x07, 0x00, 0x10, 0xF9, 0x02, 0xFF, 0x80, 0x08, 0x03, 0x00, 0x80, 0x11, 0x03, 0x00, 0x82,
    0x62, 0x67, 0x02, 0x7F, 0x00, 0x16, 0x00,
};
// clang-format on
