// Copyright 2026 QMK -- generated source code only, font retains original copyright
// SPDX-License-Identifier: GPL-2.0-or-later

// This file was auto-generated by `painter-convert-font-image` with arguments:
//    format         | pal16
//    unicode_glyphs | 
//    output         | fonts
//    input          | regular36.png

// Font's metadata
// ---------------
// Glyphs:  , !, ", #, $, %, &, ', (, ), *, +, ,, -, ., /, 0, 1, 2, 3, 4, 5, 6, 7, 8, 9, :, ;, <, =, >, ?, @, A, B, C, D, E, F, G, H, I, J, K, L, M, N, O, P, Q, R, S, T, U, V, W, X, Y, Z, [, \, ], ^, _, `, a, b, c, d, e, f, g, h, i, j, k, l, m, n, o, p, q, r, s, t, u, v, w, x, y, z, {, |, }, ~

#include <qp.h>

const uint32_t font_regular36_length = 18368;

// clang-format off
const uint8_t font_regular36[18368] = {
    0x00, 0xFF, 0x14, 0x00, 0x00, 0x51, 0x46, 0x46, 0x01, 0xC0, 0x47, 0x00, 0x00, 0x3F, 0xB8, 0xFF,
    0xFF, 0x25, 0x01, 0x00, 0x00, 0x06, 0x00, 0x01, 0xFF, 0x01, 0xFE, 0x1D, 0x01, 0x00, 0x17, 0x00,
    0x00, 0x97, 0x02, 0x00, 0x57, 0x21, 0x00, 0x97, 0x36, 0x00, 0x57, 0x74, 0x00, 0x57, 0xB9, 0x00,
    0x97, 0xFD, 0x00, 0x97, 0x43, 0x01, 0x17, 0x51, 0x01, 0x57, 0x80, 0x01, 0x57, 0xAF, 0x01, 0x17,
    0xC9, 0x01, 0x17, 0xE4, 0x01, 0x97, 0xF4, 0x01, 0x97, 0xFC, 0x01, 0x97, 0x06, 0x02, 0x97, 0x30,
    0x02, 0x17, 0x77, 0x02, 0xD7, 0x9E, 0x02, 0xD7, 0xCD, 0x02, 0x97, 0x05, 0x03, 0x97, 0x35, 0x03,
    0xD7, 0x6A, 0x03, 0x17, 0xA8, 0x03, 0x57, 0xCD, 0x03, 0x97, 0x0C, 0x04, 0xD7, 0x43, 0x04, 0x57,
    0x55, 0x04, 0x57, 0x6D, 0x04, 0xD7, 0x8F, 0x04, 0x57, 0x9C, 0x04, 0x97, 0xBF, 0x04, 0x57, 0xEA,
    0x04, 0xD7, 0x2D, 0x05, 0x57, 0x65, 0x05, 0x97, 0xA8, 0x05, 0x97, 0xDC, 0x05, 0x17, 0x1B, 0x06,
    0xD7, 0x43, 0x06, 0x57, 0x6A, 0x06, 0xD7, 0xA7, 0x06, 0x57, 0xE3, 0x06, 0xD7, 0x0A, 0x07, 0x17,
    0x37, 0x07, 0x57, 0x77, 0x07, 0x17, 0x9B, 0x07, 0x57, 0xE4, 0x07, 0xD7, 0x2E, 0x08, 0x97, 0x6B,
    0x08, 0x57, 0xA1, 0x08, 0x97, 0xE5, 0x08, 0x17, 0x28, 0x09, 0xD7, 0x5F, 0x09, 0x57, 0x84, 0x09,
    0x97, 0xC5, 0x09, 0x97, 0xFF, 0x09, 0x57, 0x4A, 0x0A, 0x97, 0x85, 0x0A, 0xD7, 0xB5, 0x0A, 0x57,
    0xDE, 0x0A, 0x57, 0x0C, 0x0B, 0x97, 0x36, 0x0B, 0x17, 0x68, 0x0B, 0x57, 0x86, 0x0B, 0x57, 0x8C,
    0x0B, 0xD7, 0xD7, 0x0B, 0x97, 0x06, 0x0C, 0x97, 0x45, 0x0C, 0x97, 0x6C, 0x0C, 0x17, 0xAC, 0x0C,
    0x97, 0xD6, 0x0C, 0x97, 0x00, 0x0D, 0x17, 0x46, 0x0D, 0x97, 0x84, 0x0D, 0x17, 0xAB, 0x0D, 0xD7,
    0xD8, 0x0D, 0x17, 0x13, 0x0E, 0xD7, 0x3C, 0x0E, 0xD7, 0x79, 0x0E, 0xD7, 0xAD, 0x0E, 0xD7, 0xDE,
    0x0E, 0x17, 0x1C, 0x0F, 0x57, 0x5B, 0x0F, 0xD7, 0x7B, 0x0F, 0x57, 0xA6, 0x0F, 0x57, 0xCB, 0x0F,
    0x97, 0xFE, 0x0F, 0xD7, 0x29, 0x10, 0x97, 0x61, 0x10, 0xD7, 0x8E, 0x10, 0x97, 0xC3, 0x10, 0xD7,
    0xE5, 0x10, 0xD7, 0x18, 0x11, 0x57, 0x4B, 0x11, 0x97, 0x7E, 0x11, 0x03, 0xFC, 0x30, 0x00, 0x00,
    0x00, 0x00, 0xFF, 0x00, 0x00, 0xF8, 0x00, 0x00, 0xE9, 0x00, 0x00, 0xDD, 0x00, 0x00, 0xCD, 0x00,
    0x00, 0xC1, 0x00, 0x00, 0xAB, 0x00, 0x00, 0x8E, 0x00, 0x00, 0x71, 0x00, 0x00, 0x5D, 0x00, 0x00,
    0x43, 0x00, 0x00, 0x2A, 0x00, 0x00, 0x1B, 0x00, 0x00, 0x09, 0xD4, 0xFF, 0xFF, 0x00, 0x00, 0x00,
    0x04, 0xFB, 0x4B, 0x46, 0x00, 0x7F, 0xFF, 0x7F, 0xFF, 0x7F, 0xFF, 0x2C, 0xFF, 0x80, 0x0F, 0x49,
    0xFF, 0x82, 0xAF, 0x00, 0xF1, 0x09, 0xFF, 0x81, 0x0A, 0x10, 0x09, 0xFF, 0x82, 0xAF, 0x00, 0xF1,
    0x09, 0xFF, 0x81, 0x0A, 0x10, 0x09, 0xFF, 0x82, 0xAF, 0x00, 0xF1, 0x09, 0xFF, 0x81, 0x0A, 0x10,
    0x09, 0xFF, 0x82, 0xAF, 0x00, 0xF2, 0x09, 0xFF, 0x81, 0x0B, 0x30, 0x09, 0xFF, 0x82, 0xCF, 0x00,
    0xF4, 0x09, 0xFF, 0x81, 0x0D, 0x50, 0x0A, 0xFF, 0x81, 0x01, 0xF6, 0x09, 0xFF, 0x81, 0x2F, 0x60,
    0x0A, 0xFF, 0x81, 0x03, 0xF7, 0x09, 0xFF, 0x81, 0x4F, 0x80, 0x0A, 0xFF, 0x81, 0x05, 0xF8, 0x09,
    0xFF, 0x81, 0x6F, 0x90, 0x0A, 0xFF, 0x81, 0x68, 0xFA, 0x20, 0xFF, 0x81, 0xAF, 0xB8, 0x09, 0xFF,
    0x82, 0x8F, 0x00, 0xA1, 0x09, 0xFF, 0x82, 0x03, 0x00, 0xF7, 0x08, 0xFF, 0x82, 0x5F, 0x00, 0x80,
    0x09, 0xFF, 0x82, 0x5B, 0x61, 0xFD, 0x54, 0xFF, 0x80, 0x0F, 0x48, 0xFF, 0x85, 0x08, 0x70, 0xFF,
    0x3F, 0x00, 0xFB, 0x05, 0xFF, 0x85, 0x9F, 0x00, 0xF7, 0xFF, 0x04, 0xC0, 0x06, 0xFF, 0x85, 0x09,
    0x80, 0xFF, 0x5F, 0x00, 0xFD, 0x05, 0xFF, 0x85, 0xAF, 0x00, 0xF9, 0xFF, 0x06, 0xF0, 0x06, 0xFF,
    0x84, 0x0B, 0x90, 0xFF, 0x7F, 0x20, 0x06, 0xFF, 0x85, 0xCF, 0x00, 0xFA, 0xFF, 0x07, 0xF3, 0x06,
    0xFF, 0x84, 0x0D, 0xB0, 0xFF, 0x8F, 0x40, 0x07, 0xFF, 0x84, 0x00, 0xFC, 0xFF, 0x09, 0xF5, 0x06,
    0xFF, 0x84, 0x7F, 0xD7, 0xFF, 0xBF, 0x87, 0x7F, 0xFF, 0x7F, 0xFF, 0x02, 0xFF, 0x80, 0x0F, 0x48,
    0xFF, 0x81, 0x5F, 0x10, 0x02, 0xFF, 0x82, 0xAF, 0x00, 0xF8, 0x05, 0xFF, 0x81, 0x03, 0xF4, 0x02,
    0xFF, 0x81, 0x09, 0xA0, 0x05, 0xFF, 0x81, 0x0F, 0x60, 0x02, 0xFF, 0x82, 0x7F, 0x00, 0xFB, 0x04,
    0xFF, 0x82, 0xCF, 0x00, 0xF7, 0x02, 0xFF, 0x81, 0x06, 0xD0, 0x05, 0xFF, 0x81, 0x0A, 0x80, 0x02,
    0xFF, 0x81, 0x4F, 0x20, 0x05, 0xFF, 0x82, 0x9F, 0x00, 0xFA, 0x02, 0xFF, 0x81, 0x02, 0xF5, 0x03,
    0xFF, 0x83, 0x7A, 0x77, 0x05, 0x60, 0x02, 0x77, 0x85, 0x07, 0x40, 0x77, 0xA7, 0xFF, 0x7F, 0x09,
    0x00, 0x82, 0xF9, 0xFF, 0x06, 0x08, 0x00, 0x80, 0xA0, 0x03, 0xFF, 0x81, 0x2F, 0x40, 0x02, 0xFF,
    0x82, 0x8F, 0x00, 0xFA, 0x04, 0xFF, 0x82, 0xDF, 0x00, 0xF6, 0x02, 0xFF, 0x81, 0x07, 0xB0, 0x05,
    0xFF, 0x81, 0x0B, 0x70, 0x02, 0xFF, 0x82, 0x6F, 0x00, 0xFD, 0x04, 0xFF, 0x82, 0xAF, 0x00, 0xF8,
    0x02, 0xFF, 0x81, 0x04, 0xF2, 0x05, 0xFF, 0x81, 0x08, 0xA0, 0x02, 0xFF, 0x81, 0x2F, 0x40, 0x05,
    0xFF, 0x86, 0x7F, 0x00, 0xFB, 0xFF, 0xDF, 0x00, 0xF6, 0x03, 0xFF, 0x80, 0x07, 0x08, 0x00, 0x82,
    0x80, 0xFF, 0x6F, 0x09, 0x00, 0x85, 0xFA, 0xFF, 0x78, 0x77, 0x01, 0x72, 0x02, 0x77, 0x83, 0x05,
    0x60, 0x77, 0xC7, 0x03, 0xFF, 0x81, 0x0D, 0x60, 0x02, 0xFF, 0x82, 0x7F, 0x00, 0xFB, 0x04, 0xFF,
    0x82, 0xBF, 0x00, 0xF7, 0x02, 0xFF, 0x81, 0x06, 0xD0, 0x05, 0xFF, 0x81, 0x0A, 0x80, 0x02, 0xFF,
    0x81, 0x4F, 0x20, 0x05, 0xFF, 0x82, 0x8F, 0x00, 0xFA, 0x02, 0xFF, 0x81, 0x01, 0xF5, 0x05, 0xFF,
    0x81, 0x07, 0xB0, 0x02, 0xFF, 0x81, 0x0C, 0x60, 0x05, 0xFF, 0x86, 0x6F, 0x00, 0xFD, 0xFF, 0xAF,
    0x00, 0xF7, 0x53, 0xFF, 0x80, 0x0F, 0x27, 0xFF, 0x81, 0x7F, 0xD3, 0x0A, 0xFF, 0x81, 0x06, 0xFD,
    0x09, 0xFF, 0x81, 0x6F, 0xD0, 0x08, 0xFF, 0x84, 0x9F, 0x47, 0x00, 0x52, 0xB7, 0x06, 0xFF, 0x80,
    0x4A, 0x04, 0x00, 0x81, 0x50, 0xFC, 0x04, 0xFF, 0x87, 0x08, 0x00, 0x41, 0x03, 0x26, 0x00, 0x20,
    0xFA, 0x03, 0xFF, 0x88, 0x1A, 0x00, 0xC7, 0x6F, 0xD0, 0x9F, 0x02, 0x20, 0xFC, 0x02, 0xFF, 0x88,
    0x4F, 0x00, 0xF7, 0xFF, 0x06, 0xFD, 0xCF, 0x03, 0xA4, 0x02, 0xFF, 0x88, 0xDF, 0x00, 0xB0, 0xFF,
    0x6F, 0xD0, 0xFF, 0xBF, 0xFB, 0x03, 0xFF, 0x81, 0x0C, 0x10, 0x02, 0xFF, 0x81, 0x06, 0xFD, 0x06,
    0xFF, 0x84, 0x01, 0xA0, 0xFF, 0x6F, 0xD0, 0x06, 0xFF, 0x85, 0x5F, 0x00, 0xC3, 0xFF, 0x06, 0xFD,
    0x06, 0xFF, 0x84, 0x2B, 0x00, 0x71, 0x6A, 0xD0, 0x07, 0xFF, 0x80, 0x3A, 0x03, 0x00, 0x81, 0x96,
    0xFD, 0x06, 0xFF, 0x81, 0x8D, 0x03, 0x03, 0x00, 0x80, 0x95, 0x07, 0xFF, 0x81, 0x8B, 0x03, 0x02,
    0x00, 0x81, 0x30, 0xFA, 0x06, 0xFF, 0x85, 0x6F, 0xB0, 0x48, 0x00, 0x10, 0xFB, 0x06, 0xFF, 0x85,
    0x06, 0xFD, 0xAF, 0x03, 0x20, 0xFD, 0x05, 0xFF, 0x85, 0x6F, 0xD0, 0xFF, 0xBF, 0x01, 0xA0, 0x06,
    0xFF, 0x85, 0x06, 0xFD, 0xFF, 0x5F, 0x00, 0xF8, 0x02, 0xFF, 0x84, 0x9D, 0xFB, 0xFF, 0x6F, 0xD0,
    0x02, 0xFF, 0x81, 0x05, 0x90, 0x02, 0xFF, 0x81, 0x29, 0x60, 0x02, 0xFF, 0x90, 0x06, 0xFD, 0xFF,
    0x2F, 0x00, 0xFA, 0xFF, 0xBF, 0x00, 0x90, 0xFF, 0x6F, 0xD0, 0xFF, 0x7F, 0x00, 0xF3, 0x02, 0xFF,
    0x88, 0x7F, 0x00, 0x70, 0xFC, 0x06, 0xFD, 0x7C, 0x00, 0xA0, 0x03, 0xFF, 0x87, 0x6D, 0x00, 0x10,
    0x34, 0x60, 0x15, 0x00, 0x80, 0x04, 0xFF, 0x81, 0x8F, 0x02, 0x04, 0x00, 0x80, 0xB5, 0x05, 0xFF,
    0x85, 0xDF, 0x69, 0x03, 0x20, 0x75, 0xFA, 0x08, 0xFF, 0x81, 0x06, 0xFD, 0x09, 0xFF, 0x81, 0x6F,
    0xD0, 0x0A, 0xFF, 0x81, 0x37, 0xFD, 0x32, 0xFF, 0x80, 0x0F, 0x46, 0xFF, 0x83, 0x8F, 0x25, 0x63,
    0xFA, 0x03, 0xFF, 0x81, 0x06, 0xD2, 0x02, 0xFF, 0x80, 0x5D, 0x03, 0x00, 0x80, 0xF7, 0x02, 0xFF,
    0x81, 0x0B, 0x90, 0x02, 0xFF, 0x88, 0x6F, 0x10, 0xA7, 0x69, 0x00, 0xF9, 0xFF, 0x6F, 0x40, 0x02,
    0xFF, 0x89, 0xBF, 0x00, 0xFA, 0xFF, 0x7F, 0x30, 0xFF, 0xAF, 0x00, 0xFA, 0x02, 0xFF, 0x81, 0x08,
    0xF4, 0x02, 0xFF, 0x84, 0x0B, 0xC0, 0xFF, 0x04, 0xF5, 0x02, 0xFF, 0x81, 0x8F, 0x50, 0x02, 0xFF,
    0x84, 0xCF, 0x00, 0xFC, 0x09, 0xB0, 0x03, 0xFF, 0x81, 0x0A, 0xB1, 0x02, 0xFF, 0x83, 0x08, 0xF2,
    0x3D, 0x60, 0x04, 0xFF, 0x87, 0x04, 0x93, 0xCD, 0x18, 0x80, 0x8F, 0x10, 0xFC, 0x03, 0xFF, 0x81,
    0xBF, 0x02, 0x02, 0x00, 0x83, 0x50, 0xDF, 0x02, 0xF7, 0x04, 0xFF, 0x86, 0xDF, 0x26, 0x00, 0x83,
    0xFF, 0x07, 0xC2, 0x06, 0xFF, 0x84, 0xCF, 0xFC, 0xFF, 0x1C, 0x80, 0x09, 0xFF, 0x82, 0x6F, 0x30,
    0xFD, 0x08, 0xFF, 0x82, 0xBF, 0x00, 0xF9, 0x09, 0xFF, 0x84, 0x05, 0xF4, 0xFF, 0xCF, 0xFD, 0x06,
    0xFF, 0x85, 0x0A, 0xA0, 0xDF, 0x27, 0x00, 0x83, 0x05, 0xFF, 0x83, 0x4F, 0x50, 0xCF, 0x02, 0x02,
    0x00, 0x80, 0x50, 0x04, 0xFF, 0x87, 0x9F, 0x00, 0xFB, 0x05, 0x92, 0xCD, 0x18, 0x80, 0x03, 0xFF,
    0x84, 0xDF, 0x02, 0xF6, 0x0A, 0xB1, 0x02, 0xFF, 0x81, 0x08, 0xF2, 0x03, 0xFF, 0x83, 0x08, 0xC1,
    0x8F, 0x40, 0x02, 0xFF, 0x82, 0xCF, 0x00, 0xFB, 0x02, 0xFF, 0x84, 0x1C, 0x70, 0xFF, 0x08, 0xF4,
    0x02, 0xFF, 0x81, 0x0C, 0xC0, 0x02, 0xFF, 0x88, 0x7F, 0x20, 0xFD, 0xBF, 0x00, 0xFA, 0xFF, 0x7F,
    0x30, 0x02, 0xFF, 0x89, 0xBF, 0x01, 0xF8, 0xFF, 0x6F, 0x10, 0xA7, 0x6A, 0x00, 0xF9, 0x02, 0xFF,
    0x81, 0x06, 0xD3, 0x02, 0xFF, 0x80, 0x5D, 0x03, 0x00, 0x80, 0xF7, 0x02, 0xFF, 0x81, 0x0B, 0x90,
    0x03, 0xFF, 0x83, 0x8F, 0x25, 0x63, 0xFA, 0x51, 0xFF, 0x80, 0x0F, 0x32, 0xFF, 0x82, 0xAC, 0xB9,
    0xFD, 0x07, 0xFF, 0x84, 0xBF, 0x04, 0x00, 0x20, 0xF9, 0x06, 0xFF, 0x81, 0xAF, 0x01, 0x03, 0x00,
    0x80, 0xF8, 0x05, 0xFF, 0x86, 0xDF, 0x02, 0x81, 0xDC, 0x29, 0x10, 0xFB, 0x05, 0xFF, 0x81, 0x09,
    0x80, 0x02, 0xFF, 0x81, 0x0B, 0x70, 0x05, 0xFF, 0x82, 0x7F, 0x00, 0xFC, 0x02, 0xFF, 0x81, 0x03,
    0xF5, 0x05, 0xFF, 0x81, 0x06, 0xC0, 0x02, 0xFF, 0x81, 0x4F, 0x40, 0x05, 0xFF, 0x86, 0x8F, 0x00,
    0xF9, 0xFF, 0xDF, 0x01, 0xF7, 0x05, 0xFF, 0x85, 0x0B, 0x30, 0xFD, 0xFF, 0x06, 0xA0, 0x06, 0xFF,
    0x84, 0x06, 0x60, 0xDF, 0x06, 0x60, 0x06, 0xFF, 0x85, 0xDF, 0x02, 0x60, 0x02, 0x50, 0xFD, 0x06,
    0xFF, 0x80, 0x9F, 0x02, 0x00, 0x81, 0x70, 0xFD, 0x06, 0xFF, 0x83, 0x7C, 0x01, 0x00, 0xA0, 0x07,
    0xFF, 0x88, 0x2A, 0x00, 0x51, 0x00, 0xD4, 0xFF, 0xDF, 0x22, 0xF7, 0x02, 0xFF, 0x88, 0x19, 0x00,
    0xC7, 0x6F, 0x00, 0xF6, 0xFF, 0x0B, 0x80, 0x02, 0xFF, 0x8D, 0x1C, 0x00, 0xF9, 0xFF, 0x4D, 0x00,
    0xF7, 0xAF, 0x00, 0xF9, 0xFF, 0x6F, 0x00, 0xF7, 0x02, 0xFF, 0x84, 0x2C, 0x00, 0xF8, 0x07, 0xB0,
    0x02, 0xFF, 0x81, 0x01, 0xD1, 0x03, 0xFF, 0x83, 0x1B, 0x00, 0x4A, 0x20, 0x02, 0xFF, 0x81, 0x0C,
    0x40, 0x04, 0xFF, 0x87, 0x09, 0x10, 0x00, 0xF6, 0xFF, 0xBF, 0x00, 0xF3, 0x04, 0xFF, 0x82, 0x08,
    0x00, 0xA0, 0x02, 0xFF, 0x82, 0x0C, 0x00, 0xFD, 0x03, 0xFF, 0x82, 0xDF, 0x03, 0x30, 0x03, 0xFF,
    0x81, 0x03, 0x70, 0x03, 0xFF, 0x83, 0xDF, 0x06, 0x00, 0x70, 0x02, 0xFF, 0x89, 0x9F, 0x00, 0x70,
    0xFD, 0xFF, 0xAF, 0x04, 0x30, 0x03, 0x90, 0x02, 0xFF, 0x89, 0x6F, 0x00, 0x10, 0x65, 0x25, 0x00,
    0x40, 0xBC, 0x01, 0xA1, 0x02, 0xFF, 0x81, 0x7D, 0x01, 0x03, 0x00, 0x84, 0x71, 0xFD, 0x9F, 0x00,
    0xC2, 0x02, 0xFF, 0x84, 0xCF, 0x67, 0x13, 0x52, 0xC8, 0x02, 0xFF, 0x82, 0x7F, 0x00, 0xD4, 0x50,
    0xFF, 0x80, 0x0F, 0x49, 0xFF, 0x82, 0xBF, 0x00, 0xF2, 0x09, 0xFF, 0x81, 0x0C, 0x30, 0x0A, 0xFF,
    0x81, 0x00, 0xF5, 0x09, 0xFF, 0x81, 0x2F, 0x60, 0x0A, 0xFF, 0x81, 0x03, 0xF6, 0x09, 0xFF, 0x81,
    0x4F, 0x70, 0x0A, 0xFF, 0x81, 0x05, 0xF8, 0x09, 0xFF, 0x81, 0x6F, 0x80, 0x0A, 0xFF, 0x81, 0x79,
    0xFA, 0x7F, 0xFF, 0x7F, 0xFF, 0x03, 0xFF, 0x80, 0x0F, 0x34, 0xFF, 0x82, 0x6F, 0x00, 0xB2, 0x08,
    0xFF, 0x82, 0x7F, 0x00, 0xB1, 0x08, 0xFF, 0x82, 0x8F, 0x00, 0xA1, 0x08, 0xFF, 0x82, 0xAF, 0x00,
    0xA0, 0x08, 0xFF, 0x82, 0xDF, 0x03, 0x70, 0x09, 0xFF, 0x82, 0x07, 0x30, 0xFD, 0x08, 0xFF, 0x82,
    0x1B, 0x00, 0xFA, 0x08, 0xFF, 0x82, 0x6F, 0x00, 0xF6, 0x08, 0xFF, 0x82, 0xCF, 0x00, 0xC0, 0x09,
    0xFF, 0x81, 0x08, 0x60, 0x09, 0xFF, 0x82, 0x4F, 0x00, 0xFA, 0x08, 0xFF, 0x82, 0xCF, 0x00, 0xD1,
    0x09, 0xFF, 0x81, 0x0A, 0x50, 0x09, 0xFF, 0x82, 0x8F, 0x00, 0xF7, 0x09, 0xFF, 0x81, 0x07, 0x80,
    0x09, 0xFF, 0x82, 0x6F, 0x00, 0xF9, 0x09, 0xFF, 0x81, 0x06, 0x90, 0x09, 0xFF, 0x82, 0x7F, 0x00,
    0xF8, 0x09, 0xFF, 0x81, 0x08, 0x70, 0x09, 0xFF, 0x82, 0xAF, 0x00, 0xF5, 0x09, 0xFF, 0x82, 0x0C,
    0x10, 0xFD, 0x09, 0xFF, 0x81, 0x04, 0xA0, 0x09, 0xFF, 0x82, 0x8F, 0x00, 0xF6, 0x09, 0xFF, 0x82,
    0x0C, 0x00, 0xFC, 0x09, 0xFF, 0x81, 0x06, 0x70, 0x09, 0xFF, 0x82, 0xBF, 0x01, 0xA0, 0x09, 0xFF,
    0x82, 0x7F, 0x00, 0xD3, 0x09, 0xFF, 0x82, 0x2D, 0x00, 0xF7, 0x09, 0xFF, 0x82, 0x0A, 0x00, 0xFA,
    0x09, 0xFF, 0x82, 0x08, 0x10, 0xFA, 0x09, 0xFF, 0x82, 0x07, 0x10, 0xFB, 0x09, 0xFF, 0x82, 0x06,
    0x20, 0xFB, 0x0D, 0xFF, 0x80, 0x0F, 0x30, 0xFF, 0x82, 0x9F, 0x00, 0x90, 0x09, 0xFF, 0x82, 0x8F,
    0x00, 0xA1, 0x09, 0xFF, 0x82, 0x8F, 0x00, 0xB1, 0x09, 0xFF, 0x82, 0x7F, 0x00, 0xC2, 0x09, 0xFF,
    0x82, 0x4F, 0x00, 0xF6, 0x09, 0xFF, 0x82, 0x0B, 0x00, 0xFA, 0x09, 0xFF, 0x81, 0x07, 0x40, 0x09,
    0xFF, 0x82, 0xDF, 0x03, 0x80, 0x09, 0xFF, 0x82, 0x9F, 0x00, 0xF4, 0x09, 0xFF, 0x82, 0x2D, 0x00,
    0xFB, 0x09, 0xFF, 0x81, 0x07, 0x70, 0x09, 0xFF, 0x82, 0xAF, 0x00, 0xF3, 0x09, 0xFF, 0x82, 0x0D,
    0x00, 0xFD, 0x09, 0xFF, 0x81, 0x03, 0xB0, 0x09, 0xFF, 0x82, 0x5F, 0x00, 0xFA, 0x09, 0xFF, 0x81,
    0x06, 0x90, 0x09, 0xFF, 0x82, 0x6F, 0x00, 0xF9, 0x09, 0xFF, 0x81, 0x05, 0xA0, 0x09, 0xFF, 0x82,
    0x3F, 0x00, 0xFB, 0x08, 0xFF, 0x82, 0xDF, 0x00, 0xD0, 0x09, 0xFF, 0x81, 0x0A, 0x30, 0x09, 0xFF,
    0x82, 0x7F, 0x00, 0xF7, 0x08, 0xFF, 0x82, 0xDF, 0x02, 0xB0, 0x09, 0xFF, 0x81, 0x09, 0x40, 0x09,
    0xFF, 0x82, 0x3D, 0x00, 0xF8, 0x08, 0xFF, 0x82, 0x7F, 0x00, 0xD3, 0x08, 0xFF, 0x82, 0xBF, 0x01,
    0xA0, 0x09, 0xFF, 0x81, 0x04, 0x60, 0x09, 0xFF, 0x82, 0x07, 0x20, 0xFC, 0x08, 0xFF, 0x82, 0x08,
    0x10, 0xFB, 0x08, 0xFF, 0x82, 0x08, 0x10, 0xFA, 0x08, 0xFF, 0x82, 0x09, 0x00, 0xF9, 0x11, 0xFF,
    0x80, 0x0F, 0x4A, 0xFF, 0x81, 0x06, 0xF8, 0x09, 0xFF, 0x81, 0x6F, 0x80, 0x0A, 0xFF, 0x81, 0x06,
    0xF8, 0x07, 0xFF, 0x86, 0xAA, 0xFF, 0x6F, 0x80, 0xFF, 0xAD, 0xFC, 0x04, 0xFF, 0x86, 0x5F, 0x20,
    0xA7, 0x06, 0x98, 0x16, 0x80, 0x05, 0xFF, 0x80, 0x27, 0x04, 0x00, 0x81, 0x30, 0xF8, 0x05, 0xFF,
    0x84, 0xAF, 0x37, 0x00, 0x50, 0xB8, 0x08, 0xFF, 0x82, 0x06, 0x00, 0xF8, 0x08, 0xFF, 0x83, 0x09,
    0x71, 0x10, 0xFB, 0x07, 0xFF, 0x84, 0x1B, 0x80, 0x6F, 0x30, 0xFD, 0x06, 0xFF, 0x84, 0x4D, 0x60,
    0xFF, 0x3D, 0x60, 0x07, 0xFF, 0x84, 0x38, 0xFC, 0xFF, 0x2B, 0xF9, 0x07, 0xFF, 0x80, 0xFD, 0x02,
    0xFF, 0x80, 0xFD, 0x7F, 0xFF, 0x53, 0xFF, 0x80, 0x0F, 0x7F, 0xFF, 0x10, 0xFF, 0x81, 0x01, 0xF6,
    0x09, 0xFF, 0x81, 0x1F, 0x60, 0x0A, 0xFF, 0x81, 0x01, 0xF6, 0x09, 0xFF, 0x81, 0x1F, 0x60, 0x0A,
    0xFF, 0x81, 0x01, 0xF6, 0x09, 0xFF, 0x81, 0x1F, 0x60, 0x0A, 0xFF, 0x81, 0x01, 0xF6, 0x09, 0xFF,
    0x81, 0x1F, 0x60, 0x06, 0xFF, 0x80, 0x06, 0x08, 0x00, 0x82, 0xF8, 0xFF, 0x6F, 0x08, 0x00, 0x80,
    0x80, 0x02, 0xFF, 0x80, 0x68, 0x03, 0x66, 0x81, 0x00, 0x62, 0x03, 0x66, 0x80, 0xFA, 0x05, 0xFF,
    0x81, 0x1F, 0x60, 0x0A, 0xFF, 0x81, 0x01, 0xF6, 0x09, 0xFF, 0x81, 0x1F, 0x60, 0x0A, 0xFF, 0x81,
    0x01, 0xF6, 0x09, 0xFF, 0x81, 0x1F, 0x60, 0x0A, 0xFF, 0x81, 0x01, 0xF6, 0x09, 0xFF, 0x81, 0x1F,
    0x60, 0x55, 0xFF, 0x80, 0x0F, 0x7F, 0xFF, 0x7F, 0xFF, 0x26, 0xFF, 0x82, 0x5B, 0x61, 0xFC, 0x08,
    0xFF, 0x82, 0x3F, 0x00, 0x60, 0x08, 0xFF, 0x80, 0xDF, 0x02, 0x00, 0x80, 0xF3, 0x08, 0xFF, 0x82,
    0x3F, 0x00, 0x60, 0x09, 0xFF, 0x82, 0x4B, 0x00, 0xF9, 0x09, 0xFF, 0x81, 0x0B, 0xD2, 0x09, 0xFF,
    0x81, 0x7F, 0x70, 0x09, 0xFF, 0x82, 0xDF, 0x02, 0xFB, 0x09, 0xFF, 0x81, 0x09, 0xF5, 0x09, 0xFF,
    0x81, 0x7F, 0x94, 0x1C, 0xFF, 0x80, 0x0F, 0x7F, 0xFF, 0x6A, 0xFF, 0x80, 0x03, 0x04, 0x00, 0x80,
    0xF7, 0x05, 0xFF, 0x80, 0x3F, 0x04, 0x00, 0x80, 0x70, 0x06, 0xFF, 0x80, 0x35, 0x04, 0x33, 0x80,
    0xF7, 0x7F, 0xFF, 0x24, 0xFF, 0x80, 0x0F, 0x7F, 0xFF, 0x7F, 0xFF, 0x26, 0xFF, 0x82, 0x4B, 0x61,
    0xFC, 0x08, 0xFF, 0x82, 0x3F, 0x00, 0x60, 0x08, 0xFF, 0x80, 0xCF, 0x02, 0x00, 0x80, 0xF3, 0x08,
    0xFF, 0x82, 0x3F, 0x00, 0x60, 0x09, 0xFF, 0x82, 0x4B, 0x61, 0xFD, 0x54, 0xFF, 0x80, 0x0F, 0x36,
    0xFF, 0x82, 0x7F, 0x00, 0xF7, 0x08, 0xFF, 0x82, 0xBF, 0x01, 0xD2, 0x09, 0xFF, 0x81, 0x06, 0x80,
    0x09, 0xFF, 0x82, 0x0A, 0x30, 0xFD, 0x08, 0xFF, 0x82, 0x5F, 0x00, 0xF9, 0x08, 0xFF, 0x82, 0xAF,
    0x00, 0xF5, 0x09, 0xFF, 0x81, 0x03, 0xA0, 0x09, 0xFF, 0x81, 0x08, 0x60, 0x09, 0xFF, 0x82, 0x2D,
    0x10, 0xFB, 0x08, 0xFF, 0x82, 0x7F, 0x00, 0xF7, 0x08, 0xFF, 0x82, 0xCF, 0x01, 0xC1, 0x09, 0xFF,
    0x81, 0x07, 0x80, 0x09, 0xFF, 0x82, 0x0B, 0x20, 0xFD, 0x08, 0xFF, 0x82, 0x6F, 0x00, 0xF9, 0x08,
    0xFF, 0x82, 0xAF, 0x00, 0xF4, 0x09, 0xFF, 0x81, 0x04, 0xA0, 0x09, 0xFF, 0x81, 0x09, 0x50, 0x09,
    0xFF, 0x82, 0x3D, 0x00, 0xFB, 0x08, 0xFF, 0x82, 0x8F, 0x00, 0xF6, 0x08, 0xFF, 0x82, 0xDF, 0x02,
    0xC1, 0x09, 0xFF, 0x81, 0x07, 0x70, 0x09, 0xFF, 0x82, 0x1C, 0x20, 0xFD, 0x08, 0xFF, 0x82, 0x6F,
    0x00, 0xF8, 0x08, 0xFF, 0x82, 0xBF, 0x00, 0xD3, 0x09, 0xFF, 0x81, 0x05, 0x90, 0x09, 0xFF, 0x81,
    0x0A, 0x40, 0x09, 0xFF, 0x82, 0x4F, 0x00, 0xFA, 0x08, 0xFF, 0x82, 0x9F, 0x00, 0xF6, 0x09, 0xFF,
    0x81, 0x56, 0xB5, 0x36, 0xFF, 0x80, 0x0F, 0x48, 0xFF, 0x84, 0xAF, 0x47, 0x12, 0x52, 0xC8, 0x06,
    0xFF, 0x80, 0x6C, 0x04, 0x00, 0x80, 0x81, 0x05, 0xFF, 0x86, 0x3C, 0x00, 0x40, 0x86, 0x37, 0x00,
    0x60, 0x04, 0xFF, 0x82, 0x4F, 0x00, 0xB3, 0x02, 0xFF, 0x82, 0x8F, 0x01, 0x70, 0x03, 0xFF, 0x82,
    0x8F, 0x00, 0xA0, 0x03, 0xFF, 0x82, 0x9F, 0x00, 0xB0, 0x03, 0xFF, 0x82, 0x02, 0x00, 0xD3, 0x03,
    0xFF, 0x82, 0x6F, 0x00, 0xF6, 0x02, 0xFF, 0x83, 0x0A, 0x20, 0x04, 0xF6, 0x03, 0xFF, 0x88, 0x0B,
    0x10, 0xFD, 0xFF, 0x7F, 0x00, 0xB6, 0x01, 0xF9, 0x03, 0xFF, 0x81, 0x04, 0xA0, 0x02, 0xFF, 0x84,
    0x05, 0x90, 0x9F, 0x10, 0xFB, 0x02, 0xFF, 0x89, 0x7F, 0x00, 0xF8, 0xFF, 0x2F, 0x00, 0xFB, 0x6F,
    0x40, 0xFD, 0x02, 0xFF, 0x81, 0x08, 0x60, 0x02, 0xFF, 0x84, 0x00, 0xC0, 0xFF, 0x3D, 0x70, 0x02,
    0xFF, 0x89, 0x9F, 0x00, 0xF5, 0xFF, 0x0D, 0x00, 0xFD, 0xFF, 0x1A, 0xA0, 0x02, 0xFF, 0x85, 0x0A,
    0x40, 0xFF, 0xDF, 0x00, 0xD0, 0x02, 0xFF, 0x89, 0x08, 0xC2, 0xFF, 0xAF, 0x00, 0xF4, 0xFF, 0x0F,
    0x00, 0xFC, 0x02, 0xFF, 0x84, 0x05, 0xF5, 0xFF, 0x09, 0x50, 0x02, 0xFF, 0x81, 0x02, 0xB0, 0x02,
    0xFF, 0x89, 0xCF, 0x02, 0xF8, 0x8F, 0x00, 0xF6, 0xFF, 0x5F, 0x00, 0xF9, 0x02, 0xFF, 0x84, 0xAF,
    0x10, 0xFA, 0x07, 0x80, 0x02, 0xFF, 0x81, 0x07, 0x70, 0x03, 0xFF, 0x88, 0x7F, 0x30, 0x2D, 0x00,
    0xFA, 0xFF, 0xAF, 0x00, 0xF3, 0x03, 0xFF, 0x83, 0x4D, 0x40, 0x00, 0xD1, 0x02, 0xFF, 0x82, 0x2F,
    0x00, 0xFA, 0x03, 0xFF, 0x82, 0x1B, 0x00, 0x60, 0x03, 0xFF, 0x82, 0x08, 0x30, 0xFC, 0x03, 0xFF,
    0x82, 0x07, 0x10, 0xFB, 0x03, 0xFF, 0x82, 0x04, 0x30, 0xFB, 0x02, 0xFF, 0x82, 0x19, 0x00, 0xF7,
    0x03, 0xFF, 0x87, 0xCF, 0x03, 0x00, 0x75, 0x67, 0x03, 0x00, 0xF6, 0x04, 0xFF, 0x81, 0xCF, 0x06,
    0x03, 0x00, 0x81, 0x10, 0xF8, 0x06, 0xFF, 0x84, 0x7B, 0x24, 0x21, 0x85, 0xFC, 0x53, 0xFF, 0x80,
    0x0F, 0x4A, 0xFF, 0x81, 0x1C, 0x90, 0x09, 0xFF, 0x82, 0x7F, 0x00, 0xF9, 0x08, 0xFF, 0x82, 0x7F,
    0x00, 0x90, 0x06, 0xFF, 0x82, 0xAF, 0x89, 0x26, 0x02, 0x00, 0x80, 0xF9, 0x06, 0xFF, 0x80, 0x02,
    0x03, 0x00, 0x80, 0x90, 0x06, 0xFF, 0x80, 0x5F, 0x02, 0x44, 0x82, 0x24, 0x00, 0xF9, 0x09, 0xFF,
    0x81, 0x06, 0x90, 0x09, 0xFF, 0x82, 0x6F, 0x00, 0xF9, 0x09, 0xFF, 0x81, 0x06, 0x90, 0x09, 0xFF,
    0x82, 0x6F, 0x00, 0xF9, 0x09, 0xFF, 0x81, 0x06, 0x90, 0x09, 0xFF, 0x82, 0x6F, 0x00, 0xF9, 0x09,
    0xFF, 0x81, 0x06, 0x90, 0x09, 0xFF, 0x82, 0x6F, 0x00, 0xF9, 0x09, 0xFF, 0x81, 0x06, 0x90, 0x09,
    0xFF, 0x82, 0x6F, 0x00, 0xF9, 0x09, 0xFF, 0x81, 0x06, 0x90, 0x09, 0xFF, 0x82, 0x6F, 0x00, 0xF9,
    0x09, 0xFF, 0x81, 0x06, 0x90, 0x09, 0xFF, 0x82, 0x6F, 0x00, 0xF9, 0x09, 0xFF, 0x81, 0x06, 0x90,
    0x06, 0xFF, 0x80, 0x8F, 0x02, 0x77, 0x82, 0x37, 0x00, 0x75, 0x02, 0x77, 0x04, 0xFF, 0x80, 0x04,
    0x06, 0x00, 0x80, 0xF2, 0x03, 0xFF, 0x80, 0x4F, 0x06, 0x00, 0x80, 0x20, 0x52, 0xFF, 0x80, 0x0F,
    0x48, 0xFF, 0x84, 0xDF, 0x68, 0x14, 0x52, 0xB7, 0x06, 0xFF, 0x81, 0x8F, 0x02, 0x03, 0x00, 0x81,
    0x60, 0xFC, 0x04, 0xFF, 0x86, 0x7F, 0x00, 0x20, 0x76, 0x46, 0x00, 0x50, 0x04, 0xFF, 0x87, 0x9F,
    0x00, 0x80, 0xFD, 0xFF, 0x9F, 0x01, 0x70, 0x04, 0xFF, 0x81, 0x03, 0x70, 0x03, 0xFF, 0x82, 0x8F,
    0x00, 0xD1, 0x03, 0xFF, 0x82, 0x4C, 0x10, 0xFD, 0x03, 0xFF, 0x82, 0x1D, 0x00, 0xFA, 0x03, 0xFF,
    0x81, 0xCF, 0xFA, 0x04, 0xFF, 0x81, 0x04, 0x90, 0x09, 0xFF, 0x82, 0x2F, 0x00, 0xFA, 0x08, 0xFF,
    0x82, 0xCF, 0x00, 0xC0, 0x09, 0xFF, 0x81, 0x08, 0x40, 0x09, 0xFF, 0x82, 0x2D, 0x00, 0xF8, 0x08,
    0xFF, 0x82, 0x6F, 0x00, 0xD3, 0x08, 0xFF, 0x82, 0x8F, 0x00, 0xA0, 0x08, 0xFF, 0x82, 0x9F, 0x01,
    0x70, 0x08, 0xFF, 0x82, 0x9F, 0x01, 0x60, 0x08, 0xFF, 0x83, 0x8F, 0x00, 0x60, 0xFD, 0x07, 0xFF,
    0x83, 0x7F, 0x00, 0x60, 0xFD, 0x07, 0xFF, 0x82, 0x6D, 0x00, 0x70, 0x08, 0xFF, 0x82, 0x3B, 0x00,
    0xA2, 0x08, 0xFF, 0x82, 0x19, 0x00, 0xC5, 0x07, 0xFF, 0x83, 0xDF, 0x06, 0x10, 0xF8, 0x08, 0xFF,
    0x82, 0x04, 0x00, 0x63, 0x05, 0x66, 0x80, 0xD6, 0x02, 0xFF, 0x80, 0x2F, 0x08, 0x00, 0x80, 0xFD,
    0x02, 0xFF, 0x80, 0x02, 0x07, 0x00, 0x80, 0xD0, 0x51, 0xFF, 0x80, 0x0F, 0x48, 0xFF, 0x84, 0xDF,
    0x68, 0x14, 0x52, 0xB7, 0x06, 0xFF, 0x81, 0x8F, 0x02, 0x03, 0x00, 0x81, 0x50, 0xFC, 0x04, 0xFF,
    0x87, 0x6F, 0x00, 0x30, 0x76, 0x47, 0x00, 0x30, 0xFC, 0x03, 0xFF, 0x82, 0x7F, 0x00, 0x92, 0x02,
    0xFF, 0x82, 0xAF, 0x02, 0x50, 0x03, 0xFF, 0x82, 0xCF, 0x01, 0xB1, 0x03, 0xFF, 0x82, 0xBF, 0x00,
    0xC0, 0x03, 0xFF, 0x81, 0x6B, 0x61, 0x04, 0xFF, 0x82, 0x3F, 0x00, 0xFA, 0x03, 0xFF, 0x81, 0xDF,
    0xFD, 0x04, 0xFF, 0x81, 0x03, 0xA0, 0x09, 0xFF, 0x82, 0x0C, 0x10, 0xFD, 0x08, 0xFF, 0x82, 0x4C,
    0x00, 0xF7, 0x07, 0xFF, 0x83, 0xBC, 0x27, 0x00, 0xD5, 0x06, 0xFF, 0x80, 0xAF, 0x02, 0x00, 0x81,
    0x20, 0xD8, 0x07, 0xFF, 0x80, 0x0A, 0x02, 0x00, 0x81, 0x95, 0xFD, 0x06, 0xFF, 0x85, 0xCF, 0x89,
    0x47, 0x00, 0x40, 0xFC, 0x08, 0xFF, 0x83, 0xAF, 0x04, 0x30, 0xFD, 0x08, 0xFF, 0x82, 0xCF, 0x03,
    0x80, 0x09, 0xFF, 0x82, 0x9F, 0x00, 0xF3, 0x09, 0xFF, 0x82, 0x0B, 0x10, 0xFD, 0x02, 0xFF, 0x81,
    0xBF, 0xD8, 0x04, 0xFF, 0x82, 0xCF, 0x00, 0xD0, 0x02, 0xFF, 0x82, 0x6F, 0x00, 0xF8, 0x04, 0xFF,
    0x81, 0x09, 0x30, 0x03, 0xFF, 0x82, 0x09, 0x20, 0xFC, 0x03, 0xFF, 0x82, 0x3D, 0x00, 0xF7, 0x03,
    0xFF, 0x82, 0x04, 0x40, 0xFA, 0x02, 0xFF, 0x82, 0x5B, 0x00, 0xC2, 0x03, 0xFF, 0x87, 0xCF, 0x03,
    0x00, 0x74, 0x77, 0x05, 0x00, 0xA1, 0x04, 0xFF, 0x81, 0xCF, 0x06, 0x04, 0x00, 0x80, 0xB6, 0x06,
    0xFF, 0x84, 0x7B, 0x35, 0x31, 0x75, 0xFB, 0x53, 0xFF, 0x80, 0x0F, 0x4B, 0xFF, 0x82, 0x5D, 0x00,
    0xF1, 0x08, 0xFF, 0x82, 0x7F, 0x00, 0x10, 0x08, 0xFF, 0x80, 0x9F, 0x02, 0x00, 0x80, 0xF1, 0x07,
    0xFF, 0x83, 0xBF, 0x01, 0x00, 0x10, 0x07, 0xFF, 0x84, 0xDF, 0x04, 0x80, 0x00, 0xF1, 0x07, 0xFF,
    0x83, 0x06, 0x70, 0x0B, 0x10, 0x07, 0xFF, 0x84, 0x08, 0x50, 0xBF, 0x00, 0xF1, 0x06, 0xFF, 0x84,
    0x1B, 0x20, 0xFC, 0x0B, 0x10, 0x06, 0xFF, 0x85, 0x3D, 0x00, 0xFA, 0xBF, 0x00, 0xF1, 0x05, 0xFF,
    0x85, 0x6F, 0x00, 0xF8, 0xFF, 0x0B, 0x10, 0x05, 0xFF, 0x86, 0x8F, 0x00, 0xF6, 0xFF, 0xBF, 0x00,
    0xF1, 0x04, 0xFF, 0x82, 0xAF, 0x00, 0xD3, 0x02, 0xFF, 0x81, 0x0B, 0x10, 0x04, 0xFF, 0x82, 0xCF,
    0x02, 0xB1, 0x02, 0xFF, 0x82, 0xBF, 0x00, 0xF1, 0x04, 0xFF, 0x81, 0x05, 0x90, 0x03, 0xFF, 0x81,
    0x0B, 0x10, 0x04, 0xFF, 0x81, 0x07, 0x60, 0x03, 0xFF, 0x82, 0xBF, 0x00, 0xF1, 0x03, 0xFF, 0x82,
    0x0C, 0x00, 0x54, 0x03, 0x55, 0x85, 0x04, 0x00, 0x55, 0x65, 0xFF, 0xCF, 0x09, 0x00, 0x82, 0xF3,
    0xFF, 0x0C, 0x08, 0x00, 0x80, 0x30, 0x07, 0xFF, 0x82, 0xBF, 0x00, 0xF1, 0x09, 0xFF, 0x81, 0x0B,
    0x10, 0x09, 0xFF, 0x82, 0xBF, 0x00, 0xF1, 0x09, 0xFF, 0x81, 0x0B, 0x10, 0x09, 0xFF, 0x82, 0xBF,
    0x00, 0xF1, 0x09, 0xFF, 0x81, 0x0B, 0x10, 0x53, 0xFF, 0x80, 0x0F, 0x47, 0xFF, 0x80, 0x5F, 0x06,
    0x00, 0x80, 0xF1, 0x04, 0xFF, 0x80, 0x03, 0x05, 0x00, 0x80, 0x10, 0x04, 0xFF, 0x81, 0x1F, 0x10,
    0x05, 0x66, 0x80, 0xF6, 0x03, 0xFF, 0x82, 0xCF, 0x00, 0xF5, 0x09, 0xFF, 0x81, 0x0A, 0x70, 0x09,
    0xFF, 0x82, 0x9F, 0x00, 0xF8, 0x09, 0xFF, 0x81, 0x08, 0x90, 0x09, 0xFF, 0x85, 0x6F, 0x00, 0xFB,
    0xAD, 0x88, 0xC9, 0x06, 0xFF, 0x82, 0x05, 0xC0, 0x18, 0x02, 0x00, 0x81, 0x50, 0xFB, 0x04, 0xFF,
    0x82, 0x3F, 0x00, 0x04, 0x03, 0x00, 0x81, 0x10, 0xF8, 0x04, 0xFF, 0x87, 0x01, 0x00, 0x94, 0xDC,
    0x8B, 0x02, 0x00, 0xFB, 0x03, 0xFF, 0x82, 0x1C, 0x00, 0xD6, 0x02, 0xFF, 0x83, 0xDF, 0x05, 0x40,
    0xFD, 0x03, 0xFF, 0x81, 0x9D, 0xF7, 0x03, 0xFF, 0x82, 0xCF, 0x02, 0x80, 0x09, 0xFF, 0x82, 0x7F,
    0x00, 0xF5, 0x09, 0xFF, 0x81, 0x09, 0x30, 0x09, 0xFF, 0x82, 0xBF, 0x00, 0xF1, 0x09, 0xFF, 0x81,
    0x0A, 0x20, 0x03, 0xFF, 0x81, 0xBF, 0xC7, 0x04, 0xFF, 0x82, 0x8F, 0x00, 0xF4, 0x02, 0xFF, 0x82,
    0x7F, 0x00, 0xF8, 0x04, 0xFF, 0x81, 0x05, 0x70, 0x03, 0xFF, 0x82, 0x0B, 0x20, 0xFC, 0x03, 0xFF,
    0x82, 0x08, 0x00, 0xFB, 0x03, 0xFF, 0x87, 0x06, 0x40, 0xFB, 0xFF, 0xDF, 0x17, 0x00, 0xF7, 0x03,
    0xFF, 0x87, 0xDF, 0x04, 0x00, 0x75, 0x67, 0x02, 0x00, 0xD5, 0x04, 0xFF, 0x81, 0xCF, 0x06, 0x03,
    0x00, 0x81, 0x10, 0xD7, 0x06, 0xFF, 0x84, 0x7B, 0x35, 0x21, 0x75, 0xFC, 0x53, 0xFF, 0x80, 0x0F,
    0x49, 0xFF, 0x84, 0x7C, 0x25, 0x31, 0x85, 0xFD, 0x06, 0xFF, 0x80, 0x07, 0x03, 0x00, 0x81, 0x20,
    0xFA, 0x05, 0xFF, 0x86, 0x06, 0x00, 0x74, 0x68, 0x02, 0x00, 0xF9, 0x04, 0xFF, 0x87, 0x08, 0x20,
    0xFA, 0xFF, 0xDF, 0x06, 0x30, 0xFD, 0x03, 0xFF, 0x82, 0x1C, 0x10, 0xFA, 0x03, 0xFF, 0x81, 0xA7,
    0xFD, 0x03, 0xFF, 0x82, 0x7F, 0x00, 0xF7, 0x09, 0xFF, 0x81, 0x02, 0xB0, 0x09, 0xFF, 0x81, 0x0B,
    0x50, 0x09, 0xFF, 0x86, 0x8F, 0x00, 0xF7, 0x9D, 0x35, 0x21, 0x95, 0x05, 0xFF, 0x82, 0x07, 0x90,
    0x3B, 0x03, 0x00, 0x81, 0x40, 0xFB, 0x03, 0xFF, 0x88, 0x5F, 0x00, 0x18, 0x20, 0x75, 0x47, 0x00,
    0x10, 0xFB, 0x03, 0xFF, 0x88, 0x04, 0x20, 0x60, 0xFD, 0xFF, 0xAF, 0x03, 0x40, 0xFD, 0x02, 0xFF,
    0x82, 0x3F, 0x00, 0x60, 0x03, 0xFF, 0x82, 0xCF, 0x01, 0x80, 0x03, 0xFF, 0x82, 0x03, 0x10, 0xFC,
    0x03, 0xFF, 0x82, 0x8F, 0x00, 0xF3, 0x02, 0xFF, 0x82, 0x4F, 0x00, 0xF5, 0x04, 0xFF, 0x82, 0x0B,
    0x00, 0xFC, 0x02, 0xFF, 0x81, 0x05, 0x70, 0x04, 0xFF, 0x82, 0xDF, 0x01, 0xB0, 0x02, 0xFF, 0x82,
    0x7F, 0x00, 0xF7, 0x04, 0xFF, 0x82, 0x1F, 0x00, 0xFB, 0x02, 0xFF, 0x81, 0x09, 0x50, 0x04, 0xFF,
    0x82, 0xBF, 0x00, 0xD0, 0x02, 0xFF, 0x82, 0xDF, 0x01, 0xD2, 0x04, 0xFF, 0x81, 0x08, 0x40, 0x03,
    0xFF, 0x82, 0x7F, 0x00, 0xF7, 0x03, 0xFF, 0x82, 0x2C, 0x00, 0xF9, 0x03, 0xFF, 0x82, 0x2C, 0x00,
    0xD7, 0x02, 0xFF, 0x82, 0x4B, 0x00, 0xF4, 0x04, 0xFF, 0x86, 0x1A, 0x00, 0x62, 0x78, 0x15, 0x00,
    0xC3, 0x05, 0xFF, 0x80, 0x3A, 0x04, 0x00, 0x80, 0xD7, 0x06, 0xFF, 0x84, 0x9D, 0x36, 0x21, 0x74,
    0xFB, 0x53, 0xFF, 0x80, 0x0F, 0x46, 0xFF, 0x80, 0x5F, 0x07, 0x00, 0x80, 0x60, 0x03, 0xFF, 0x80,
    0x05, 0x07, 0x00, 0x80, 0xF6, 0x02, 0xFF, 0x80, 0x7F, 0x06, 0x66, 0x81, 0x03, 0x60, 0x09, 0xFF,
    0x82, 0x3D, 0x00, 0xFA, 0x08, 0xFF, 0x82, 0x9F, 0x00, 0xF4, 0x09, 0xFF, 0x81, 0x03, 0x90, 0x09,
    0xFF, 0x81, 0x09, 0x30, 0x09, 0xFF, 0x82, 0x4F, 0x00, 0xF8, 0x08, 0xFF, 0x82, 0x9F, 0x00, 0xD2,
    0x09, 0xFF, 0x81, 0x04, 0x80, 0x09, 0xFF, 0x82, 0x0A, 0x10, 0xFD, 0x08, 0xFF, 0x82, 0x5F, 0x00,
    0xF7, 0x08, 0xFF, 0x82, 0xAF, 0x00, 0xC1, 0x09, 0xFF, 0x81, 0x05, 0x70, 0x09, 0xFF, 0x82, 0x0A,
    0x00, 0xFC, 0x08, 0xFF, 0x82, 0x6F, 0x00, 0xF6, 0x08, 0xFF, 0x82, 0xBF, 0x00, 0xB0, 0x09, 0xFF,
    0x81, 0x06, 0x60, 0x09, 0xFF, 0x82, 0x0B, 0x00, 0xFA, 0x08, 0xFF, 0x82, 0x6F, 0x00, 0xF5, 0x08,
    0xFF, 0x82, 0xCF, 0x00, 0xA0, 0x09, 0xFF, 0x81, 0x07, 0x40, 0x09, 0xFF, 0x82, 0x1C, 0x00, 0xF9,
    0x08, 0xFF, 0x82, 0x7F, 0x00, 0xF3, 0x56, 0xFF, 0x80, 0x0F, 0x49, 0xFF, 0x83, 0x6A, 0x12, 0x63,
    0xFB, 0x06, 0xFF, 0x81, 0xDF, 0x06, 0x02, 0x00, 0x81, 0x10, 0xF8, 0x06, 0xFF, 0x85, 0x06, 0x00,
    0x54, 0x02, 0x00, 0xF8, 0x05, 0xFF, 0x86, 0x09, 0x40, 0xFB, 0xFF, 0x19, 0x10, 0xFB, 0x04, 0xFF,
    0x82, 0x4F, 0x20, 0xFC, 0x02, 0xFF, 0x81, 0x09, 0x70, 0x05, 0xFF, 0x81, 0x01, 0xF6, 0x03, 0xFF,
    0x81, 0x01, 0xF6, 0x04, 0xFF, 0x81, 0x0C, 0x70, 0x03, 0xFF, 0x81, 0x3F, 0x40, 0x05, 0xFF, 0x81,
    0x01, 0xF5, 0x02, 0xFF, 0x82, 0xDF, 0x00, 0xF6, 0x04, 0xFF, 0x82, 0x6F, 0x00, 0xFA, 0x02, 0xFF,
    0x81, 0x07, 0x90, 0x05, 0xFF, 0x85, 0x2C, 0x10, 0xB7, 0xAD, 0x06, 0x60, 0x06, 0xFF, 0x80, 0x0B,
    0x03, 0x00, 0x81, 0x30, 0xFD, 0x05, 0xFF, 0x80, 0x4A, 0x04, 0x00, 0x81, 0x60, 0xFB, 0x04, 0xFF,
    0x87, 0x08, 0x00, 0x40, 0x76, 0x35, 0x00, 0x20, 0xFA, 0x03, 0xFF, 0x82, 0x09, 0x00, 0xB6, 0x02,
    0xFF, 0x83, 0xAF, 0x04, 0x10, 0xFC, 0x02, 0xFF, 0x82, 0x2D, 0x00, 0xF6, 0x03, 0xFF, 0x82, 0xDF,
    0x03, 0x60, 0x02, 0xFF, 0x82, 0xAF, 0x00, 0xD2, 0x04, 0xFF, 0x82, 0xAF, 0x00, 0xD1, 0x02, 0xFF,
    0x81, 0x08, 0x50, 0x05, 0xFF, 0x86, 0x1D, 0x00, 0xFB, 0xFF, 0x8F, 0x00, 0xF5, 0x04, 0xFF, 0x82,
    0xDF, 0x01, 0xB0, 0x02, 0xFF, 0x82, 0x09, 0x10, 0xFD, 0x04, 0xFF, 0x86, 0x0A, 0x10, 0xFD, 0xFF,
    0xDF, 0x02, 0x60, 0x04, 0xFF, 0x82, 0x3C, 0x00, 0xF6, 0x02, 0xFF, 0x83, 0x8F, 0x00, 0x50, 0xFA,
    0x02, 0xFF, 0x82, 0x39, 0x00, 0xB1, 0x03, 0xFF, 0x80, 0x7F, 0x02, 0x00, 0x84, 0x52, 0x46, 0x02,
    0x00, 0xA1, 0x04, 0xFF, 0x81, 0xAF, 0x04, 0x04, 0x00, 0x80, 0xB6, 0x06, 0xFF, 0x84, 0x69, 0x23,
    0x21, 0x74, 0xFB, 0x53, 0xFF, 0x80, 0x0F, 0x48, 0xFF, 0x84, 0xBF, 0x47, 0x12, 0x63, 0xFA, 0x06,
    0xFF, 0x80, 0x6D, 0x04, 0x00, 0x80, 0xB4, 0x05, 0xFF, 0x80, 0x3C, 0x02, 0x00, 0x80, 0x21, 0x02,
    0x00, 0x80, 0xA2, 0x04, 0xFF, 0x87, 0x4D, 0x00, 0x70, 0xFB, 0xCF, 0x29, 0x00, 0xB2, 0x03, 0xFF,
    0x82, 0x8F, 0x00, 0xB2, 0x03, 0xFF, 0x82, 0x5C, 0x00, 0xF6, 0x03, 0xFF, 0x81, 0x02, 0x90, 0x04,
    0xFF, 0x82, 0x1C, 0x00, 0xFB, 0x02, 0xFF, 0x81, 0x0B, 0x40, 0x05, 0xFF, 0x81, 0x07, 0x80, 0x02,
    0xFF, 0x82, 0x9F, 0x00, 0xF7, 0x04, 0xFF, 0x82, 0xAF, 0x00, 0xF6, 0x02, 0xFF, 0x81, 0x08, 0x80,
    0x05, 0xFF, 0x81, 0x0B, 0x50, 0x02, 0xFF, 0x82, 0xAF, 0x00, 0xF6, 0x04, 0xFF, 0x82, 0x9F, 0x00,
    0xF6, 0x02, 0xFF, 0x81, 0x0B, 0x30, 0x05, 0xFF, 0x81, 0x07, 0x80, 0x03, 0xFF, 0x81, 0x04, 0x80,
    0x04, 0xFF, 0x82, 0x1B, 0x00, 0xFC, 0x02, 0xFF, 0x82, 0x9F, 0x00, 0x91, 0x03, 0xFF, 0x82, 0x3B,
    0x00, 0xF6, 0x03, 0xFF, 0x87, 0x7F, 0x00, 0x50, 0xC9, 0xAD, 0x17, 0x00, 0xC1, 0x04, 0xFF, 0x80,
    0x7D, 0x05, 0x00, 0x80, 0x70, 0x05, 0xFF, 0x81, 0x9F, 0x03, 0x03, 0x00, 0x81, 0x30, 0xFD, 0x06,
    0xFF, 0x84, 0x7A, 0x66, 0x28, 0x00, 0xF9, 0x08, 0xFF, 0x82, 0x9F, 0x00, 0xF5, 0x08, 0xFF, 0x82,
    0xDF, 0x02, 0xB1, 0x09, 0xFF, 0x81, 0x07, 0x70, 0x09, 0xFF, 0x82, 0x0A, 0x20, 0xFD, 0x08, 0xFF,
    0x82, 0x4D, 0x00, 0xF9, 0x08, 0xFF, 0x82, 0x8F, 0x00, 0xF5, 0x08, 0xFF, 0x82, 0xCF, 0x01, 0xB0,
    0x55, 0xFF, 0x80, 0x0F, 0x7F, 0xFF, 0x04, 0xFF, 0x82, 0x4B, 0x61, 0xFD, 0x08, 0xFF, 0x82, 0x3F,
    0x00, 0x70, 0x08, 0xFF, 0x80, 0xCF, 0x02, 0x00, 0x80, 0xF3, 0x08, 0xFF, 0x82, 0x2F, 0x00, 0x60,
    0x09, 0xFF, 0x82, 0x3A, 0x51, 0xFC, 0x70, 0xFF, 0x82, 0x4B, 0x61, 0xFC, 0x08, 0xFF, 0x82, 0x3F,
    0x00, 0x60, 0x08, 0xFF, 0x80, 0xCF, 0x02, 0x00, 0x80, 0xF3, 0x08, 0xFF, 0x82, 0x3F, 0x00, 0x60,
    0x09, 0xFF, 0x82, 0x4B, 0x61, 0xFD, 0x54, 0xFF, 0x80, 0x0F, 0x7F, 0xFF, 0x04, 0xFF, 0x82, 0x5B,
    0x61, 0xFC, 0x08, 0xFF, 0x82, 0x4F, 0x00, 0x60, 0x08, 0xFF, 0x80, 0xDF, 0x02, 0x00, 0x80, 0xF3,
    0x08, 0xFF, 0x82, 0x3F, 0x00, 0x60, 0x09, 0xFF, 0x82, 0x4B, 0x50, 0xFC, 0x70, 0xFF, 0x82, 0x4B,
    0x61, 0xFC, 0x08, 0xFF, 0x82, 0x3F, 0x00, 0x60, 0x08, 0xFF, 0x80, 0xDF, 0x02, 0x00, 0x80, 0xF3,
    0x08, 0xFF, 0x82, 0x3F, 0x00, 0x60, 0x09, 0xFF, 0x82, 0x4B, 0x00, 0xF9, 0x09, 0xFF, 0x81, 0x0B,
    0xD2, 0x09, 0xFF, 0x81, 0x7F, 0x70, 0x09, 0xFF, 0x82, 0xDF, 0x02, 0xFB, 0x09, 0xFF, 0x81, 0x09,
    0xF5, 0x09, 0xFF, 0x81, 0x7F, 0x94, 0x1C, 0xFF, 0x80, 0x0F, 0x7F, 0xFF, 0x14, 0xFF, 0x80, 0x8C,
    0x09, 0xFF, 0x82, 0xBF, 0x17, 0xF3, 0x08, 0xFF, 0x82, 0x6A, 0x00, 0x30, 0x07, 0xFF, 0x84, 0x9F,
    0x04, 0x00, 0x10, 0xF7, 0x05, 0xFF, 0x81, 0xDF, 0x38, 0x02, 0x00, 0x81, 0x83, 0xFD, 0x05, 0xFF,
    0x84, 0x7C, 0x02, 0x00, 0x50, 0xFA, 0x05, 0xFF, 0x84, 0xBF, 0x17, 0x00, 0x10, 0xB7, 0x06, 0xFF,
    0x80, 0x6A, 0x02, 0x00, 0x81, 0x82, 0xFC, 0x06, 0xFF, 0x83, 0x0C, 0x00, 0x50, 0xF9, 0x07, 0xFF,
    0x83, 0xCF, 0x00, 0x20, 0xD9, 0x08, 0xFF, 0x84, 0x6D, 0x01, 0x00, 0x72, 0xFC, 0x07, 0xFF, 0x84,
    0xCF, 0x27, 0x00, 0x10, 0xA6, 0x08, 0xFF, 0x84, 0x8D, 0x03, 0x00, 0x40, 0xD9, 0x08, 0xFF, 0x80,
    0x49, 0x02, 0x00, 0x81, 0x82, 0xFC, 0x07, 0xFF, 0x84, 0xAF, 0x06, 0x00, 0x10, 0xB6, 0x08, 0xFF,
    0x83, 0x7B, 0x01, 0x00, 0xF3, 0x08, 0xFF, 0x82, 0xCF, 0x28, 0x30, 0x0A, 0xFF, 0x81, 0x9D, 0xF6,
    0x51, 0xFF, 0x80, 0x0F, 0x7F, 0xFF, 0x3A, 0xFF, 0x80, 0x68, 0x08, 0x66, 0x82, 0xFA, 0xFF, 0x6F,
    0x08, 0x00, 0x80, 0x80, 0x02, 0xFF, 0x80, 0x06, 0x08, 0x00, 0x80, 0xF8, 0x2F, 0xFF, 0x80, 0x6F,
    0x08, 0x00, 0x80, 0x80, 0x02, 0xFF, 0x80, 0x06, 0x08, 0x00, 0x82, 0xF8, 0xFF, 0x8F, 0x08, 0x66,
    0x80, 0xA6, 0x7F, 0xFF, 0x80, 0x0F, 0x7F, 0xFF, 0x0C, 0xFF, 0x81, 0x9C, 0xFD, 0x09, 0xFF, 0x82,
    0xCF, 0x20, 0xD8, 0x09, 0xFF, 0x83, 0x0C, 0x00, 0x71, 0xFC, 0x07, 0xFF, 0x81, 0xDF, 0x06, 0x02,
    0x00, 0x80, 0xB6, 0x08, 0xFF, 0x84, 0x7C, 0x01, 0x00, 0x50, 0xFA, 0x07, 0xFF, 0x81, 0xDF, 0x38,
    0x02, 0x00, 0x81, 0x93, 0xFD, 0x07, 0xFF, 0x84, 0xAF, 0x05, 0x00, 0x20, 0xC8, 0x08, 0xFF, 0x84,
    0x7B, 0x01, 0x00, 0x71, 0xFB, 0x07, 0xFF, 0x83, 0xDF, 0x38, 0x00, 0x30, 0x08, 0xFF, 0x83, 0xCF,
    0x07, 0x00, 0xF3, 0x07, 0xFF, 0x83, 0x6B, 0x01, 0x00, 0x82, 0x06, 0xFF, 0x84, 0x9D, 0x04, 0x00,
    0x30, 0xD8, 0x05, 0xFF, 0x81, 0xCF, 0x28, 0x02, 0x00, 0x80, 0xA5, 0x06, 0xFF, 0x84, 0x6B, 0x01,
    0x00, 0x60, 0xFB, 0x05, 0xFF, 0x84, 0xAF, 0x05, 0x00, 0x10, 0xC7, 0x06, 0xFF, 0x80, 0xCF, 0x02,
    0x00, 0x81, 0x82, 0xFD, 0x07, 0xFF, 0x82, 0x0C, 0x40, 0xD9, 0x08, 0xFF, 0x81, 0xCF, 0xA5, 0x59,
    0xFF, 0x80, 0x0F, 0x48, 0xFF, 0x84, 0xDF, 0x68, 0x14, 0x52, 0xB7, 0x06, 0xFF, 0x81, 0x9F, 0x02,
    0x03, 0x00, 0x81, 0x60, 0xFC, 0x04, 0xFF, 0x87, 0x8F, 0x00, 0x10, 0x75, 0x36, 0x00, 0x40, 0xFD,
    0x03, 0xFF, 0x87, 0xAF, 0x00, 0x70, 0xFD, 0xFF, 0xAF, 0x02, 0x60, 0x04, 0xFF, 0x81, 0x06, 0x70,
    0x03, 0xFF, 0x82, 0xAF, 0x00, 0xD1, 0x03, 0xFF, 0x82, 0x6D, 0x12, 0xFD, 0x03, 0xFF, 0x82, 0x1F,
    0x00, 0xFB, 0x04, 0xFF, 0x80, 0xFC, 0x03, 0xFF, 0x82, 0xDF, 0x01, 0xB0, 0x09, 0xFF, 0x81, 0x09,
    0x10, 0x09, 0xFF, 0x82, 0x2B, 0x00, 0xF8, 0x08, 0xFF, 0x82, 0x29, 0x00, 0xD4, 0x07, 0xFF, 0x83,
    0xDF, 0x06, 0x00, 0xD5, 0x07, 0xFF, 0x83, 0xBF, 0x02, 0x00, 0xD7, 0x07, 0xFF, 0x83, 0xBF, 0x02,
    0x20, 0xFA, 0x08, 0xFF, 0x82, 0x07, 0x30, 0xFC, 0x08, 0xFF, 0x82, 0x2F, 0x00, 0xFA, 0x09, 0xFF,
    0x81, 0x00, 0xD0, 0x09, 0xFF, 0x81, 0x0D, 0x00, 0x0A, 0xFF, 0x81, 0xCC, 0xFC, 0x15, 0xFF, 0x81,
    0x8A, 0xFA, 0x09, 0xFF, 0x82, 0x09, 0x00, 0xF9, 0x08, 0xFF, 0x82, 0x6F, 0x00, 0x60, 0x09, 0xFF,
    0x82, 0x07, 0x00, 0xF7, 0x08, 0xFF, 0x82, 0xDF, 0x16, 0xC5, 0x55, 0xFF, 0x80, 0x0F, 0x5F, 0xFF,
    0x84, 0xBF, 0x58, 0x24, 0x53, 0xB7, 0x06, 0xFF, 0x80, 0x6C, 0x04, 0x00, 0x81, 0x50, 0xFA, 0x04,
    0xFF, 0x87, 0x1A, 0x20, 0xA7, 0xDC, 0xBC, 0x38, 0x10, 0xF8, 0x03, 0xFF, 0x82, 0x19, 0x70, 0xFD,
    0x03, 0xFF, 0x82, 0x8D, 0x01, 0xF8, 0x02, 0xFF, 0x81, 0x1C, 0x80, 0x05, 0xFF, 0x85, 0xAF, 0x01,
    0xFA, 0xFF, 0x5F, 0x60, 0x06, 0xFF, 0x92, 0x8F, 0x40, 0xFF, 0xAF, 0x20, 0xFD, 0xFF, 0x8F, 0x25,
    0x31, 0x86, 0xFF, 0x3F, 0x90, 0xFF, 0x06, 0xF7, 0xFF, 0x4B, 0x03, 0x00, 0xA2, 0xF0, 0xFF, 0x08,
    0xF6, 0x2F, 0xB0, 0xFF, 0x3D, 0x10, 0xB8, 0x9B, 0x00, 0xFF, 0xCF, 0x20, 0xBF, 0x20, 0xFF, 0x7F,
    0x00, 0xFB, 0xFF, 0x0B, 0xF0, 0xFF, 0x2F, 0xD0, 0x09, 0xF5, 0xFF, 0x03, 0xF7, 0xFF, 0xBF, 0x00,
    0x02, 0xFF, 0x85, 0x04, 0x8B, 0x60, 0xFF, 0x0C, 0xA0, 0x02, 0xFF, 0x8C, 0x0B, 0xF0, 0xFF, 0x5F,
    0xB0, 0x08, 0xF7, 0xBF, 0x00, 0xFB, 0xFF, 0xBF, 0x00, 0x02, 0xFF, 0x85, 0x04, 0x8B, 0x60, 0xFF,
    0x0B, 0xB0, 0x02, 0xFF, 0x94, 0x0A, 0xF0, 0xFF, 0x2F, 0xC0, 0x09, 0xF5, 0xDF, 0x00, 0xFA, 0xFF,
    0x9F, 0x00, 0xFD, 0xBF, 0x20, 0xAF, 0x30, 0xFF, 0x3F, 0x60, 0x02, 0xFF, 0x94, 0x04, 0xB0, 0xFF,
    0x07, 0xF7, 0x1D, 0xC0, 0xFF, 0x09, 0x80, 0xBC, 0x05, 0x00, 0xD6, 0x19, 0xB0, 0xFF, 0x05, 0xF8,
    0xFF, 0x05, 0x02, 0x00, 0x80, 0xA5, 0x02, 0x00, 0x8B, 0x80, 0xFF, 0x9F, 0x30, 0xFF, 0xDF, 0x27,
    0x20, 0xD7, 0x9F, 0x13, 0x95, 0x02, 0xFF, 0x81, 0x4F, 0x70, 0x02, 0xFF, 0x80, 0xDF, 0x07, 0xFF,
    0x81, 0x1A, 0x90, 0x0A, 0xFF, 0x82, 0x08, 0x80, 0xFD, 0x03, 0xFF, 0x80, 0xFD, 0x05, 0xFF, 0x85,
    0x19, 0x30, 0xB8, 0xFD, 0xBD, 0x37, 0x06, 0xFF, 0x80, 0x5B, 0x02, 0x00, 0x82, 0x01, 0x00, 0xF2,
    0x06, 0xFF, 0x84, 0xBF, 0x47, 0x12, 0x42, 0xB7, 0x31, 0xFF, 0x80, 0x0F, 0x49, 0xFF, 0x82, 0x8F,
    0x00, 0xA0, 0x09, 0xFF, 0x82, 0x04, 0x00, 0xF7, 0x08, 0xFF, 0x83, 0x0B, 0x00, 0x20, 0xFD, 0x07,
    0xFF, 0x83, 0x7F, 0x00, 0x05, 0xA0, 0x08, 0xFF, 0x83, 0x03, 0xB3, 0x00, 0xF6, 0x07, 0xFF, 0x84,
    0x0A, 0x80, 0x4F, 0x10, 0xFD, 0x06, 0xFF, 0x84, 0x7F, 0x00, 0xFB, 0x08, 0x90, 0x07, 0xFF, 0x84,
    0x02, 0xF4, 0xBF, 0x00, 0xF6, 0x06, 0xFF, 0x85, 0x0A, 0x80, 0xFF, 0x4F, 0x10, 0xFC, 0x05, 0xFF,
    0x85, 0x6F, 0x00, 0xFC, 0xFF, 0x08, 0x80, 0x05, 0xFF, 0x86, 0xDF, 0x01, 0xF5, 0xFF, 0xCF, 0x00,
    0xF5, 0x05, 0xFF, 0x81, 0x09, 0x80, 0x02, 0xFF, 0x82, 0x5F, 0x00, 0xFC, 0x04, 0xFF, 0x82, 0x6F,
    0x00, 0xFC, 0x02, 0xFF, 0x81, 0x08, 0x80, 0x04, 0xFF, 0x82, 0xCF, 0x01, 0xF5, 0x02, 0xFF, 0x82,
    0xCF, 0x00, 0xF4, 0x04, 0xFF, 0x81, 0x08, 0x90, 0x03, 0xFF, 0x82, 0x5F, 0x00, 0xFB, 0x03, 0xFF,
    0x82, 0x5F, 0x10, 0xFD, 0x03, 0xFF, 0x81, 0x08, 0x70, 0x03, 0xFF, 0x80, 0xCF, 0x07, 0x00, 0x80,
    0xF3, 0x03, 0xFF, 0x80, 0x08, 0x07, 0x00, 0x80, 0xFA, 0x02, 0xFF, 0x81, 0x4F, 0x00, 0x05, 0x66,
    0x81, 0x05, 0x70, 0x02, 0xFF, 0x82, 0xBF, 0x00, 0xF5, 0x04, 0xFF, 0x82, 0xCF, 0x00, 0xF2, 0x02,
    0xFF, 0x81, 0x07, 0x80, 0x05, 0xFF, 0x86, 0x5F, 0x00, 0xFA, 0xFF, 0x2F, 0x10, 0xFC, 0x05, 0xFF,
    0x85, 0x08, 0x60, 0xFF, 0xAF, 0x00, 0xF6, 0x05, 0xFF, 0x85, 0xCF, 0x01, 0xD1, 0xFF, 0x07, 0x90,
    0x06, 0xFF, 0x82, 0x5F, 0x00, 0xF9, 0x50, 0xFF, 0x80, 0x0F, 0x46, 0xFF, 0x80, 0x9F, 0x04, 0x00,
    0x82, 0x41, 0x86, 0xFD, 0x04, 0xFF, 0x80, 0x09, 0x05, 0x00, 0x81, 0x20, 0xF9, 0x03, 0xFF, 0x82,
    0x9F, 0x00, 0x73, 0x02, 0x77, 0x80, 0x46, 0x02, 0x00, 0x80, 0xFA, 0x03, 0xFF, 0x81, 0x09, 0x60,
    0x03, 0xFF, 0x83, 0xBF, 0x04, 0x20, 0xFD, 0x02, 0xFF, 0x82, 0x9F, 0x00, 0xF6, 0x03, 0xFF, 0x82,
    0xCF, 0x01, 0xA0, 0x03, 0xFF, 0x81, 0x09, 0x60, 0x04, 0xFF, 0x82, 0x6F, 0x00, 0xF8, 0x02, 0xFF,
    0x82, 0x9F, 0x00, 0xF6, 0x04, 0xFF, 0x81, 0x07, 0x70, 0x03, 0xFF, 0x81, 0x09, 0x60, 0x04, 0xFF,
    0x82, 0x6F, 0x00, 0xF8, 0x02, 0xFF, 0x82, 0x9F, 0x00, 0xF6, 0x03, 0xFF, 0x82, 0xDF, 0x02, 0xC0,
    0x03, 0xFF, 0x81, 0x09, 0x60, 0x03, 0xFF, 0x82, 0xCF, 0x06, 0x60, 0x03, 0xFF, 0x82, 0x9F, 0x00,
    0x73, 0x02, 0x77, 0x83, 0x57, 0x01, 0x50, 0xFD, 0x03, 0xFF, 0x80, 0x09, 0x05, 0x00, 0x81, 0x50,
    0xFD, 0x03, 0xFF, 0x80, 0x9F, 0x06, 0x00, 0x81, 0x20, 0xFA, 0x03, 0xFF, 0x81, 0x09, 0x60, 0x03,
    0xFF, 0x83, 0xAC, 0x05, 0x10, 0xFA, 0x02, 0xFF, 0x82, 0x9F, 0x00, 0xF6, 0x04, 0xFF, 0x81, 0x07,
    0x30, 0x03, 0xFF, 0x81, 0x09, 0x60, 0x04, 0xFF, 0x82, 0xDF, 0x03, 0xA0, 0x02, 0xFF, 0x82, 0x9F,
    0x00, 0xF6, 0x04, 0xFF, 0x82, 0x6F, 0x00, 0xF8, 0x02, 0xFF, 0x81, 0x09, 0x60, 0x05, 0xFF, 0x81,
    0x07, 0x80, 0x02, 0xFF, 0x82, 0x9F, 0x00, 0xF6, 0x04, 0xFF, 0x82, 0x4F, 0x00, 0xF9, 0x02, 0xFF,
    0x81, 0x09, 0x60, 0x04, 0xFF, 0x82, 0xAF, 0x00, 0xB0, 0x02, 0xFF, 0x82, 0x9F, 0x00, 0xF6, 0x03,
    0xFF, 0x82, 0x9F, 0x02, 0x50, 0x03, 0xFF, 0x81, 0x09, 0x30, 0x03, 0x77, 0x83, 0x36, 0x00, 0x10,
    0xFC, 0x02, 0xFF, 0x80, 0x9F, 0x06, 0x00, 0x81, 0x40, 0xFB, 0x03, 0xFF, 0x80, 0x09, 0x04, 0x00,
    0x81, 0x52, 0x96, 0x53, 0xFF, 0x80, 0x0F, 0x49, 0xFF, 0x84, 0x7A, 0x24, 0x41, 0x96, 0xFD, 0x05,
    0xFF, 0x81, 0xBF, 0x04, 0x03, 0x00, 0x81, 0x20, 0xF9, 0x04, 0xFF, 0x87, 0x9F, 0x01, 0x00, 0x52,
    0x46, 0x01, 0x00, 0xF7, 0x03, 0xFF, 0x88, 0xAF, 0x00, 0x40, 0xFA, 0xFF, 0xCF, 0x17, 0x00, 0xF8,
    0x02, 0xFF, 0x83, 0xCF, 0x02, 0x60, 0xFD, 0x03, 0xFF, 0x82, 0x1A, 0x10, 0xFB, 0x02, 0xFF, 0x82,
    0x06, 0x30, 0xFD, 0x04, 0xFF, 0x81, 0x08, 0xA4, 0x02, 0xFF, 0x82, 0x1C, 0x00, 0xFA, 0x05, 0xFF,
    0x80, 0xFB, 0x02, 0xFF, 0x82, 0x8F, 0x00, 0xF4, 0x09, 0xFF, 0x81, 0x06, 0x70, 0x09, 0xFF, 0x82,
    0x2F, 0x00, 0xFA, 0x09, 0xFF, 0x81, 0x01, 0xB0, 0x09, 0xFF, 0x82, 0x0D, 0x00, 0xFC, 0x08, 0xFF,
    0x82, 0xDF, 0x00, 0xC0, 0x09, 0xFF, 0x82, 0x1F, 0x00, 0xFB, 0x09, 0xFF, 0x81, 0x02, 0xA0, 0x09,
    0xFF, 0x82, 0x6F, 0x00, 0xF7, 0x09, 0xFF, 0x81, 0x08, 0x30, 0x09, 0xFF, 0x82, 0xCF, 0x01, 0xA0,
    0x05, 0xFF, 0x80, 0xCF, 0x03, 0xFF, 0x82, 0x6F, 0x00, 0xD3, 0x04, 0xFF, 0x82, 0xAF, 0x40, 0xF9,
    0x02, 0xFF, 0x82, 0x1C, 0x00, 0xD5, 0x03, 0xFF, 0x82, 0xBF, 0x02, 0xA0, 0x03, 0xFF, 0x82, 0x09,
    0x00, 0xA3, 0x02, 0xFF, 0x82, 0x8D, 0x01, 0x70, 0x04, 0xFF, 0x87, 0x08, 0x00, 0x20, 0x66, 0x14,
    0x00, 0x60, 0xFD, 0x04, 0xFF, 0x80, 0x3A, 0x04, 0x00, 0x80, 0x82, 0x06, 0xFF, 0x84, 0x9D, 0x36,
    0x11, 0x64, 0xD9, 0x53, 0xFF, 0x80, 0x0F, 0x46, 0xFF, 0x80, 0x09, 0x02, 0x00, 0x83, 0x10, 0x42,
    0x86, 0xFC, 0x04, 0xFF, 0x80, 0x9F, 0x06, 0x00, 0x80, 0xB5, 0x04, 0xFF, 0x84, 0x09, 0x30, 0x66,
    0x56, 0x24, 0x02, 0x00, 0x80, 0x70, 0x03, 0xFF, 0x82, 0x9F, 0x00, 0xF6, 0x02, 0xFF, 0x83, 0xCF,
    0x38, 0x00, 0x70, 0x03, 0xFF, 0x81, 0x09, 0x60, 0x04, 0xFF, 0x82, 0x7D, 0x00, 0x90, 0x02, 0xFF,
    0x82, 0x9F, 0x00, 0xF6, 0x04, 0xFF, 0x82, 0x7F, 0x00, 0xD2, 0x02, 0xFF, 0x81, 0x09, 0x60, 0x05,
    0xFF, 0x86, 0x2D, 0x00, 0xF8, 0xFF, 0x9F, 0x00, 0xF6, 0x05, 0xFF, 0x81, 0x08, 0x60, 0x02, 0xFF,
    0x81, 0x09, 0x60, 0x05, 0xFF, 0x86, 0xBF, 0x00, 0xD1, 0xFF, 0x9F, 0x00, 0xF6, 0x05, 0xFF, 0x85,
    0x1F, 0x00, 0xFB, 0xFF, 0x09, 0x60, 0x06, 0xFF, 0x85, 0x03, 0xA0, 0xFF, 0x9F, 0x00, 0xF6, 0x05,
    0xFF, 0x85, 0x4F, 0x00, 0xFA, 0xFF, 0x09, 0x60, 0x06, 0xFF, 0x85, 0x04, 0xA0, 0xFF, 0x9F, 0x00,
    0xF6, 0x05, 0xFF, 0x85, 0x2F, 0x00, 0xFA, 0xFF, 0x09, 0x60, 0x06, 0xFF, 0x85, 0x01, 0xB0, 0xFF,
    0x9F, 0x00, 0xF6, 0x05, 0xFF, 0x85, 0x0A, 0x10, 0xFD, 0xFF, 0x09, 0x60, 0x05, 0xFF, 0x86, 0x7F,
    0x00, 0xF6, 0xFF, 0x9F, 0x00, 0xF6, 0x04, 0xFF, 0x82, 0xDF, 0x02, 0x80, 0x02, 0xFF, 0x81, 0x09,
    0x60, 0x05, 0xFF, 0x86, 0x06, 0x20, 0xFD, 0xFF, 0x9F, 0x00, 0xF6, 0x03, 0xFF, 0x83, 0xDF, 0x07,
    0x00, 0xF9, 0x02, 0xFF, 0x81, 0x09, 0x60, 0x03, 0xFF, 0x83, 0x8C, 0x03, 0x00, 0xF7, 0x02, 0xFF,
    0x88, 0x9F, 0x00, 0x63, 0x66, 0x46, 0x02, 0x00, 0x10, 0xF7, 0x03, 0xFF, 0x80, 0x09, 0x05, 0x00,
    0x81, 0x50, 0xFB, 0x03, 0xFF, 0x80, 0x9F, 0x03, 0x00, 0x82, 0x21, 0x64, 0xC8, 0x54, 0xFF, 0x80,
    0x0F, 0x47, 0xFF, 0x80, 0x07, 0x06, 0x00, 0x80, 0x80, 0x03, 0xFF, 0x80, 0x7F, 0x07, 0x00, 0x80,
    0xF8, 0x03, 0xFF, 0x81, 0x07, 0x20, 0x05, 0x44, 0x80, 0x94, 0x03, 0xFF, 0x82, 0x7F, 0x00, 0xF7,
    0x09, 0xFF, 0x81, 0x07, 0x70, 0x09, 0xFF, 0x82, 0x7F, 0x00, 0xF7, 0x09, 0xFF, 0x81, 0x07, 0x70,
    0x09, 0xFF, 0x82, 0x7F, 0x00, 0xF7, 0x09, 0xFF, 0x81, 0x07, 0x70, 0x09, 0xFF, 0x82, 0x7F, 0x00,
    0xF7, 0x09, 0xFF, 0x81, 0x07, 0x20, 0x04, 0x55, 0x80, 0xF9, 0x04, 0xFF, 0x80, 0x7F, 0x05, 0x00,
    0x80, 0x70, 0x05, 0xFF, 0x80, 0x07, 0x05, 0x00, 0x80, 0xF7, 0x04, 0xFF, 0x82, 0x7F, 0x00, 0xF7,
    0x09, 0xFF, 0x81, 0x07, 0x70, 0x09, 0xFF, 0x82, 0x7F, 0x00, 0xF7, 0x09, 0xFF, 0x81, 0x07, 0x70,
    0x09, 0xFF, 0x82, 0x7F, 0x00, 0xF7, 0x09, 0xFF, 0x81, 0x07, 0x70, 0x09, 0xFF, 0x82, 0x7F, 0x00,
    0xF7, 0x09, 0xFF, 0x81, 0x07, 0x70, 0x09, 0xFF, 0x82, 0x7F, 0x00, 0x52, 0x05, 0x55, 0x80, 0xF8,
    0x03, 0xFF, 0x80, 0x07, 0x06, 0x00, 0x80, 0x70, 0x03, 0xFF, 0x80, 0x7F, 0x07, 0x00, 0x80, 0xF7,
    0x51, 0xFF, 0x80, 0x0F, 0x47, 0xFF, 0x80, 0x07, 0x06, 0x00, 0x80, 0x70, 0x03, 0xFF, 0x80, 0x7F,
    0x07, 0x00, 0x80, 0xF7, 0x03, 0xFF, 0x81, 0x07, 0x20, 0x05, 0x44, 0x80, 0x84, 0x03, 0xFF, 0x82,
    0x7F, 0x00, 0xF6, 0x09, 0xFF, 0x81, 0x07, 0x60, 0x09, 0xFF, 0x82, 0x7F, 0x00, 0xF6, 0x09, 0xFF,
    0x81, 0x07, 0x60, 0x09, 0xFF, 0x82, 0x7F, 0x00, 0xF6, 0x09, 0xFF, 0x81, 0x07, 0x60, 0x09, 0xFF,
    0x82, 0x7F, 0x00, 0xF6, 0x09, 0xFF, 0x81, 0x07, 0x60, 0x09, 0xFF, 0x80, 0x7F, 0x07, 0x00, 0x80,
    0xF8, 0x03, 0xFF, 0x80, 0x07, 0x06, 0x00, 0x80, 0x80, 0x03, 0xFF, 0x82, 0x7F, 0x00, 0x42, 0x05,
    0x44, 0x80, 0xF9, 0x03, 0xFF, 0x81, 0x07, 0x60, 0x09, 0xFF, 0x82, 0x7F, 0x00, 0xF6, 0x09, 0xFF,
    0x81, 0x07, 0x60, 0x09, 0xFF, 0x82, 0x7F, 0x00, 0xF6, 0x09, 0xFF, 0x81, 0x07, 0x60, 0x09, 0xFF,
    0x82, 0x7F, 0x00, 0xF6, 0x09, 0xFF, 0x81, 0x07, 0x60, 0x09, 0xFF, 0x82, 0x7F, 0x00, 0xF6, 0x09,
    0xFF, 0x81, 0x07, 0x60, 0x09, 0xFF, 0x82, 0x7F, 0x00, 0xF6, 0x57, 0xFF, 0x80, 0x0F, 0x48, 0xFF,
    0x84, 0xBF, 0x58, 0x13, 0x52, 0xB7, 0x06, 0xFF, 0x80, 0x7D, 0x04, 0x00, 0x81, 0x60, 0xFC, 0x04,
    0xFF, 0x87, 0x3C, 0x00, 0x10, 0x65, 0x25, 0x00, 0x30, 0xFB, 0x03, 0xFF, 0x88, 0x3D, 0x00, 0x82,
    0xFD, 0xFF, 0xAF, 0x04, 0x20, 0xFD, 0x02, 0xFF, 0x82, 0x6F, 0x00, 0xB2, 0x03, 0xFF, 0x82, 0xDF,
    0x06, 0x70, 0x02, 0xFF, 0x82, 0xBF, 0x00, 0xA0, 0x04, 0xFF, 0x82, 0xCF, 0x32, 0xF7, 0x02, 0xFF,
    0x81, 0x06, 0x60, 0x05, 0xFF, 0x80, 0xCF, 0x03, 0xFF, 0x82, 0x1F, 0x00, 0xFB, 0x08, 0xFF, 0x82,
    0xBF, 0x00, 0xF2, 0x09, 0xFF, 0x81, 0x09, 0x60, 0x09, 0xFF, 0x82, 0x8F, 0x00, 0xF6, 0x09, 0xFF,
    0x81, 0x07, 0x70, 0x03, 0xFF, 0x80, 0x7B, 0x03, 0x77, 0x84, 0x87, 0xFF, 0x7F, 0x00, 0xF7, 0x02,
    0xFF, 0x80, 0x9F, 0x04, 0x00, 0x83, 0xF4, 0xFF, 0x08, 0x60, 0x03, 0xFF, 0x80, 0x09, 0x03, 0x00,
    0x84, 0x40, 0xFF, 0x9F, 0x00, 0xF4, 0x06, 0xFF, 0x85, 0x01, 0xF4, 0xFF, 0x0B, 0x10, 0xFD, 0x05,
    0xFF, 0x81, 0x0D, 0x40, 0x02, 0xFF, 0x81, 0x02, 0xA0, 0x05, 0xFF, 0x86, 0xBF, 0x00, 0xF4, 0xFF,
    0x7F, 0x00, 0xF5, 0x05, 0xFF, 0x81, 0x08, 0x40, 0x02, 0xFF, 0x82, 0x0B, 0x00, 0xF9, 0x04, 0xFF,
    0x82, 0x3D, 0x00, 0xF4, 0x02, 0xFF, 0x82, 0x07, 0x10, 0xFA, 0x03, 0xFF, 0x82, 0x7F, 0x00, 0x40,
    0x02, 0xFF, 0x83, 0xDF, 0x03, 0x10, 0xD8, 0x02, 0xFF, 0x83, 0x4A, 0x10, 0x03, 0xF4, 0x02, 0xFF,
    0x88, 0xCF, 0x03, 0x00, 0x51, 0x56, 0x03, 0x00, 0x79, 0x40, 0x03, 0xFF, 0x81, 0xCF, 0x06, 0x03,
    0x00, 0x83, 0x30, 0xFA, 0x09, 0xF4, 0x04, 0xFF, 0x86, 0x7B, 0x24, 0x31, 0x96, 0xFD, 0xAF, 0x40,
    0x51, 0xFF, 0x80, 0x0F, 0x46, 0xFF, 0x81, 0x04, 0x90, 0x05, 0xFF, 0x86, 0x6F, 0x00, 0xF7, 0xFF,
    0x4F, 0x00, 0xF9, 0x05, 0xFF, 0x81, 0x06, 0x70, 0x02, 0xFF, 0x81, 0x04, 0x90, 0x05, 0xFF, 0x86,
    0x6F, 0x00, 0xF7, 0xFF, 0x4F, 0x00, 0xF9, 0x05, 0xFF, 0x81, 0x06, 0x70, 0x02, 0xFF, 0x81, 0x04,
    0x90, 0x05, 0xFF, 0x86, 0x6F, 0x00, 0xF7, 0xFF, 0x4F, 0x00, 0xF9, 0x05, 0xFF, 0x81, 0x06, 0x70,
    0x02, 0xFF, 0x81, 0x04, 0x90, 0x05, 0xFF, 0x86, 0x6F, 0x00, 0xF7, 0xFF, 0x4F, 0x00, 0xF9, 0x05,
    0xFF, 0x81, 0x06, 0x70, 0x02, 0xFF, 0x81, 0x04, 0x90, 0x05, 0xFF, 0x86, 0x6F, 0x00, 0xF7, 0xFF,
    0x4F, 0x00, 0xF9, 0x05, 0xFF, 0x81, 0x06, 0x70, 0x02, 0xFF, 0x81, 0x04, 0x30, 0x05, 0x55, 0x84,
    0x25, 0x00, 0xF7, 0xFF, 0x4F, 0x08, 0x00, 0x80, 0x70, 0x02, 0xFF, 0x80, 0x04, 0x08, 0x00, 0x84,
    0xF7, 0xFF, 0x4F, 0x00, 0xF9, 0x05, 0xFF, 0x81, 0x06, 0x70, 0x02, 0xFF, 0x81, 0x04, 0x90, 0x05,
    0xFF, 0x86, 0x6F, 0x00, 0xF7, 0xFF, 0x4F, 0x00, 0xF9, 0x05, 0xFF, 0x81, 0x06, 0x70, 0x02, 0xFF,
    0x81, 0x04, 0x90, 0x05, 0xFF, 0x86, 0x6F, 0x00, 0xF7, 0xFF, 0x4F, 0x00, 0xF9, 0x05, 0xFF, 0x81,
    0x06, 0x70, 0x02, 0xFF, 0x81, 0x04, 0x90, 0x05, 0xFF, 0x86, 0x6F, 0x00, 0xF7, 0xFF, 0x4F, 0x00,
    0xF9, 0x05, 0xFF, 0x81, 0x06, 0x70, 0x02, 0xFF, 0x81, 0x04, 0x90, 0x05, 0xFF, 0x86, 0x6F, 0x00,
    0xF7, 0xFF, 0x4F, 0x00, 0xF9, 0x05, 0xFF, 0x81, 0x06, 0x70, 0x02, 0xFF, 0x81, 0x04, 0x90, 0x05,
    0xFF, 0x86, 0x6F, 0x00, 0xF7, 0xFF, 0x4F, 0x00, 0xF9, 0x05, 0xFF, 0x81, 0x06, 0x70, 0x51, 0xFF,
    0x80, 0x0F, 0x47, 0xFF, 0x80, 0x0A, 0x05, 0x00, 0x80, 0x10, 0x04, 0xFF, 0x80, 0xAF, 0x06, 0x00,
    0x80, 0xF1, 0x04, 0xFF, 0x84, 0x9C, 0x99, 0x89, 0x00, 0x91, 0x02, 0x99, 0x07, 0xFF, 0x81, 0x0A,
    0x10, 0x09, 0xFF, 0x82, 0xAF, 0x00, 0xF1, 0x09, 0xFF, 0x81, 0x0A, 0x10, 0x09, 0xFF, 0x82, 0xAF,
    0x00, 0xF1, 0x09, 0xFF, 0x81, 0x0A, 0x10, 0x09, 0xFF, 0x82, 0xAF, 0x00, 0xF1, 0x09, 0xFF, 0x81,
    0x0A, 0x10, 0x09, 0xFF, 0x82, 0xAF, 0x00, 0xF1, 0x09, 0xFF, 0x81, 0x0A, 0x10, 0x09, 0xFF, 0x82,
    0xAF, 0x00, 0xF1, 0x09, 0xFF, 0x81, 0x0A, 0x10, 0x09, 0xFF, 0x82, 0xAF, 0x00, 0xF1, 0x09, 0xFF,
    0x81, 0x0A, 0x10, 0x09, 0xFF, 0x82, 0xAF, 0x00, 0xF1, 0x09, 0xFF, 0x81, 0x0A, 0x10, 0x09, 0xFF,
    0x82, 0xAF, 0x00, 0xF1, 0x09, 0xFF, 0x81, 0x0A, 0x10, 0x09, 0xFF, 0x82, 0xAF, 0x00, 0xF1, 0x06,
    0xFF, 0x80, 0xDF, 0x02, 0x99, 0x81, 0x08, 0x10, 0x02, 0x99, 0x80, 0xFA, 0x04, 0xFF, 0x80, 0x0A,
    0x05, 0x00, 0x80, 0x10, 0x04, 0xFF, 0x80, 0xAF, 0x06, 0x00, 0x80, 0xF1, 0x52, 0xFF, 0x80, 0x0F,
    0x4C, 0xFF, 0x82, 0x8F, 0x00, 0xF6, 0x09, 0xFF, 0x81, 0x08, 0x60, 0x09, 0xFF, 0x82, 0x8F, 0x00,
    0xF6, 0x09, 0xFF, 0x81, 0x08, 0x60, 0x09, 0xFF, 0x82, 0x8F, 0x00, 0xF6, 0x09, 0xFF, 0x81, 0x08,
    0x60, 0x09, 0xFF, 0x82, 0x8F, 0x00, 0xF6, 0x09, 0xFF, 0x81, 0x08, 0x60, 0x09, 0xFF, 0x82, 0x8F,
    0x00, 0xF6, 0x09, 0xFF, 0x81, 0x08, 0x60, 0x09, 0xFF, 0x82, 0x8F, 0x00, 0xF6, 0x09, 0xFF, 0x81,
    0x08, 0x60, 0x09, 0xFF, 0x82, 0x8F, 0x00, 0xF6, 0x09, 0xFF, 0x81, 0x08, 0x60, 0x09, 0xFF, 0x82,
    0x8F, 0x00, 0xF6, 0x09, 0xFF, 0x81, 0x08, 0x60, 0x03, 0xFF, 0x81, 0x7A, 0xD3, 0x04, 0xFF, 0x82,
    0x7F, 0x00, 0xF6, 0x02, 0xFF, 0x82, 0x1F, 0x00, 0xFB, 0x04, 0xFF, 0x81, 0x06, 0x70, 0x03, 0xFF,
    0x81, 0x04, 0x80, 0x04, 0xFF, 0x82, 0x3F, 0x00, 0xF9, 0x02, 0xFF, 0x82, 0x7F, 0x00, 0xC1, 0x03,
    0xFF, 0x82, 0x8F, 0x00, 0xC0, 0x03, 0xFF, 0x82, 0x3D, 0x00, 0xA3, 0x02, 0xFF, 0x82, 0x8D, 0x00,
    0x70, 0x04, 0xFF, 0x87, 0x1B, 0x00, 0x30, 0x76, 0x26, 0x00, 0x40, 0xFD, 0x04, 0xFF, 0x80, 0x4A,
    0x04, 0x00, 0x81, 0x71, 0xFD, 0x05, 0xFF, 0x84, 0xAF, 0x56, 0x12, 0x64, 0xC7, 0x54, 0xFF, 0x80,
    0x0F, 0x46, 0xFF, 0x82, 0x2F, 0x00, 0xFC, 0x04, 0xFF, 0x82, 0x09, 0x10, 0xFA, 0x02, 0xFF, 0x81,
    0x02, 0xC0, 0x04, 0xFF, 0x82, 0x1A, 0x00, 0xF9, 0x02, 0xFF, 0x82, 0x2F, 0x00, 0xFC, 0x03, 0xFF,
    0x82, 0x1B, 0x00, 0xF8, 0x03, 0xFF, 0x81, 0x02, 0xC0, 0x03, 0xFF, 0x82, 0x2C, 0x00, 0xF7, 0x03,
    0xFF, 0x82, 0x2F, 0x00, 0xFC, 0x02, 0xFF, 0x82, 0x3D, 0x00, 0xF6, 0x04, 0xFF, 0x81, 0x02, 0xC0,
    0x02, 0xFF, 0x82, 0x5D, 0x00, 0xD5, 0x04, 0xFF, 0x86, 0x2F, 0x00, 0xFC, 0xFF, 0x6F, 0x00, 0xC3,
    0x05, 0xFF, 0x85, 0x02, 0xC0, 0xFF, 0x7F, 0x00, 0xC2, 0x05, 0xFF, 0x85, 0x2F, 0x00, 0xFC, 0x8F,
    0x00, 0xB1, 0x06, 0xFF, 0x84, 0x02, 0xC0, 0x9F, 0x00, 0xA1, 0x06, 0xFF, 0x85, 0x2F, 0x00, 0xAC,
    0x01, 0x10, 0xFB, 0x06, 0xFF, 0x85, 0x02, 0xA0, 0x02, 0x00, 0x40, 0xFD, 0x05, 0xFF, 0x85, 0x2F,
    0x00, 0x02, 0x60, 0x01, 0x70, 0x06, 0xFF, 0x85, 0x02, 0x00, 0x60, 0x9F, 0x00, 0xA0, 0x05, 0xFF,
    0x86, 0x2F, 0x00, 0x40, 0xFD, 0x6F, 0x00, 0xD2, 0x05, 0xFF, 0x86, 0x02, 0x30, 0xFD, 0xFF, 0x3D,
    0x00, 0xF6, 0x04, 0xFF, 0x82, 0x2F, 0x00, 0xFB, 0x02, 0xFF, 0x82, 0x0A, 0x00, 0xF9, 0x04, 0xFF,
    0x81, 0x02, 0xC0, 0x03, 0xFF, 0x82, 0x07, 0x10, 0xFB, 0x03, 0xFF, 0x82, 0x2F, 0x00, 0xFC, 0x03,
    0xFF, 0x82, 0x04, 0x40, 0xFD, 0x03, 0xFF, 0x81, 0x02, 0xC0, 0x03, 0xFF, 0x82, 0xCF, 0x01, 0x70,
    0x03, 0xFF, 0x82, 0x2F, 0x00, 0xFC, 0x03, 0xFF, 0x82, 0x9F, 0x00, 0xA0, 0x03, 0xFF, 0x81, 0x02,
    0xC0, 0x04, 0xFF, 0x82, 0x6F, 0x00, 0xC2, 0x02, 0xFF, 0x82, 0x2F, 0x00, 0xFC, 0x04, 0xFF, 0x82,
    0x3D, 0x00, 0xF6, 0x02, 0xFF, 0x81, 0x02, 0xC0, 0x05, 0xFF, 0x82, 0x0A, 0x00, 0xF8, 0x50, 0xFF,
    0x80, 0x0F, 0x47, 0xFF, 0x81, 0x0B, 0x10, 0x09, 0xFF, 0x82, 0xBF, 0x00, 0xF1, 0x09, 0xFF, 0x81,
    0x0B, 0x10, 0x09, 0xFF, 0x82, 0xBF, 0x00, 0xF1, 0x09, 0xFF, 0x81, 0x0B, 0x10, 0x09, 0xFF, 0x82,
    0xBF, 0x00, 0xF1, 0x09, 0xFF, 0x81, 0x0B, 0x10, 0x09, 0xFF, 0x82, 0xBF, 0x00, 0xF1, 0x09, 0xFF,
    0x81, 0x0B, 0x10, 0x09, 0xFF, 0x82, 0xBF, 0x00, 0xF1, 0x09, 0xFF, 0x81, 0x0B, 0x10, 0x09, 0xFF,
    0x82, 0xBF, 0x00, 0xF1, 0x09, 0xFF, 0x81, 0x0B, 0x10, 0x09, 0xFF, 0x82, 0xBF, 0x00, 0xF1, 0x09,
    0xFF, 0x81, 0x0B, 0x10, 0x09, 0xFF, 0x82, 0xBF, 0x00, 0xF1, 0x09, 0xFF, 0x81, 0x0B, 0x10, 0x09,
    0xFF, 0x82, 0xBF, 0x00, 0xF1, 0x09, 0xFF, 0x81, 0x0B, 0x10, 0x09, 0xFF, 0x82, 0xBF, 0x00, 0xF1,
    0x09, 0xFF, 0x81, 0x0B, 0x10, 0x09, 0xFF, 0x82, 0xBF, 0x00, 0x50, 0x06, 0x55, 0x03, 0xFF, 0x80,
    0x0B, 0x07, 0x00, 0x80, 0xF1, 0x02, 0xFF, 0x80, 0xBF, 0x07, 0x00, 0x80, 0x10, 0x51, 0xFF, 0x80,
    0x0F, 0x45, 0xFF, 0x80, 0x9F, 0x02, 0x00, 0x80, 0xF9, 0x04, 0xFF, 0x86, 0x07, 0x00, 0xC0, 0xFF,
    0x09, 0x00, 0x70, 0x04, 0xFF, 0x80, 0x4F, 0x02, 0x00, 0x81, 0xFC, 0x9F, 0x02, 0x00, 0x80, 0xF3,
    0x03, 0xFF, 0x80, 0xDF, 0x02, 0x00, 0x85, 0xC0, 0xFF, 0x09, 0x40, 0x00, 0xFC, 0x03, 0xFF, 0x87,
    0x0A, 0x40, 0x00, 0xFC, 0x9F, 0x00, 0x07, 0x90, 0x03, 0xFF, 0x88, 0x7F, 0x30, 0x06, 0xC0, 0xFF,
    0x09, 0x90, 0x02, 0xF6, 0x03, 0xFF, 0x87, 0x04, 0x66, 0x00, 0xFC, 0x9F, 0x00, 0x69, 0x20, 0x03,
    0xFF, 0x88, 0x0D, 0x90, 0x06, 0xC0, 0xFF, 0x09, 0x90, 0x09, 0xB0, 0x02, 0xFF, 0x89, 0x9F, 0x00,
    0x6C, 0x00, 0xFC, 0x9F, 0x00, 0xC9, 0x00, 0xF8, 0x02, 0xFF, 0x88, 0x07, 0xF3, 0x06, 0xC0, 0xFF,
    0x09, 0x90, 0x3F, 0x60, 0x02, 0xFF, 0xFF, 0x4F, 0x70, 0x6F, 0x00, 0xFC, 0x9F, 0x00, 0xF9, 0x07,
    0xF2, 0xFF, 0xCF, 0x00, 0xF9, 0x06, 0xC0, 0xFF, 0x09, 0x90, 0x9F, 0x00, 0xFB, 0xFF, 0x09, 0xD0,
    0x6F, 0x00, 0xFC, 0x9F, 0x00, 0xF9, 0x0C, 0x80, 0xFF, 0x7F, 0x40, 0xFF, 0x06, 0xC0, 0xFF, 0x09,
    0x90, 0xFF, 0x04, 0xF6, 0xFF, 0x03, 0xF7, 0x6F, 0x00, 0xFC, 0x9F, 0x00, 0xF9, 0x7F, 0x10, 0xFF,
    0x0C, 0xA0, 0xFF, 0x06, 0xC0, 0xFF, 0x09, 0x90, 0xFF, 0x0A, 0xA0, 0x9F, 0x10, 0xFD, 0x6F, 0x00,
    0xFC, 0x9F, 0x00, 0xF9, 0xDF, 0x01, 0xF8, 0x06, 0xF5, 0xFF, 0x06, 0xC0, 0xFF, 0x09, 0x90, 0xFF,
    0x5F, 0x50, 0x3F, 0x80, 0xFF, 0x6F, 0x00, 0xFC, 0x9F, 0x00, 0xF9, 0xFF, 0x08, 0xB1, 0x00, 0xFA,
    0xFF, 0x06, 0xC0, 0xFF, 0x09, 0x90, 0xFF, 0xAF, 0x00, 0x06, 0xD1, 0xFF, 0x6F, 0x00, 0xFC, 0x9F,
    0x00, 0xF9, 0xFF, 0x1F, 0x00, 0x50, 0xFF, 0x85, 0xFF, 0x06, 0xC0, 0xFF, 0x09, 0x90, 0x02, 0xFF,
    0x8D, 0x06, 0x00, 0xF8, 0xFF, 0x6F, 0x00, 0xFC, 0x9F, 0x00, 0xF9, 0xFF, 0x8F, 0x00, 0xB0, 0x02,
    0xFF, 0x84, 0x06, 0xC0, 0xFF, 0x09, 0x90, 0x02, 0xFF, 0x81, 0x0B, 0x20, 0x02, 0xFF, 0x82, 0x6F,
    0x00, 0xFC, 0x50, 0xFF, 0x80, 0x0F, 0x46, 0xFF, 0x82, 0x0A, 0x00, 0xB1, 0x04, 0xFF, 0x84, 0x3F,
    0x00, 0xFD, 0xFF, 0xAF, 0x02, 0x00, 0x80, 0xF6, 0x04, 0xFF, 0x81, 0x03, 0xD0, 0x02, 0xFF, 0x83,
    0x0A, 0x00, 0x10, 0xFB, 0x03, 0xFF, 0x87, 0x3F, 0x00, 0xFD, 0xFF, 0xAF, 0x00, 0x01, 0x60, 0x04,
    0xFF, 0x81, 0x03, 0xD0, 0x02, 0xFF, 0x83, 0x0A, 0x60, 0x03, 0xB1, 0x03, 0xFF, 0x88, 0x3F, 0x00,
    0xFD, 0xFF, 0xAF, 0x00, 0x97, 0x00, 0xF6, 0x03, 0xFF, 0x81, 0x03, 0xD0, 0x02, 0xFF, 0x84, 0x0A,
    0x70, 0x3D, 0x10, 0xFB, 0x02, 0xFF, 0x88, 0x3F, 0x00, 0xFD, 0xFF, 0xAF, 0x00, 0xF7, 0x09, 0x60,
    0x03, 0xFF, 0x81, 0x03, 0xD0, 0x02, 0xFF, 0x84, 0x0A, 0x70, 0xDF, 0x03, 0xB1, 0x02, 0xFF, 0x89,
    0x3F, 0x00, 0xFD, 0xFF, 0xAF, 0x00, 0xF7, 0x9F, 0x00, 0xF6, 0x02, 0xFF, 0x81, 0x03, 0xD0, 0x02,
    0xFF, 0x90, 0x0A, 0x70, 0xFF, 0x3D, 0x10, 0xFC, 0xFF, 0x3F, 0x00, 0xFD, 0xFF, 0xAF, 0x00, 0xF7,
    0xFF, 0x09, 0x60, 0x02, 0xFF, 0x81, 0x03, 0xD0, 0x02, 0xFF, 0x94, 0x0A, 0x70, 0xFF, 0xDF, 0x03,
    0xC1, 0xFF, 0x3F, 0x00, 0xFD, 0xFF, 0xAF, 0x00, 0xF7, 0xFF, 0x9F, 0x00, 0xF6, 0xFF, 0x03, 0xD0,
    0x02, 0xFF, 0x81, 0x0A, 0x70, 0x02, 0xFF, 0x89, 0x3D, 0x10, 0xFC, 0x3F, 0x00, 0xFD, 0xFF, 0xAF,
    0x00, 0xF7, 0x02, 0xFF, 0x84, 0x09, 0x60, 0xFF, 0x03, 0xD0, 0x02, 0xFF, 0x81, 0x0A, 0x70, 0x02,
    0xFF, 0x89, 0xDF, 0x03, 0xC1, 0x3F, 0x00, 0xFD, 0xFF, 0xAF, 0x00, 0xF7, 0x02, 0xFF, 0x84, 0x9F,
    0x00, 0xF6, 0x03, 0xD0, 0x02, 0xFF, 0x81, 0x0A, 0x70, 0x03, 0xFF, 0x88, 0x3D, 0x10, 0x3C, 0x00,
    0xFD, 0xFF, 0xAF, 0x00, 0xF7, 0x03, 0xFF, 0x83, 0x09, 0x60, 0x03, 0xD0, 0x02, 0xFF, 0x81, 0x0A,
    0x70, 0x03, 0xFF, 0x88, 0xDF, 0x03, 0x11, 0x00, 0xFD, 0xFF, 0xAF, 0x00, 0xF7, 0x03, 0xFF, 0x80,
    0x9F, 0x02, 0x00, 0x80, 0xD0, 0x02, 0xFF, 0x81, 0x0A, 0x70, 0x04, 0xFF, 0x80, 0x3D, 0x02, 0x00,
    0x84, 0xFD, 0xFF, 0xAF, 0x00, 0xF7, 0x04, 0xFF, 0x82, 0x09, 0x00, 0xD0, 0x51, 0xFF, 0x80, 0x0F,
    0x48, 0xFF, 0x84, 0xBF, 0x47, 0x12, 0x53, 0xC8, 0x06, 0xFF, 0x80, 0x6C, 0x04, 0x00, 0x81, 0x71,
    0xFD, 0x04, 0xFF, 0x87, 0x2B, 0x00, 0x20, 0x65, 0x15, 0x00, 0x50, 0xFD, 0x03, 0xFF, 0x87, 0x2C,
    0x00, 0x92, 0xFD, 0xFF, 0x7D, 0x01, 0x50, 0x03, 0xFF, 0x82, 0x6F, 0x00, 0xC3, 0x03, 0xFF, 0x82,
    0xAF, 0x01, 0x90, 0x02, 0xFF, 0x82, 0xAF, 0x00, 0xB0, 0x04, 0xFF, 0x82, 0x8F, 0x00, 0xD2, 0x02,
    0xFF, 0x81, 0x06, 0x60, 0x05, 0xFF, 0x86, 0x2D, 0x00, 0xF9, 0xFF, 0x1F, 0x00, 0xFA, 0x05, 0xFF,
    0x85, 0x07, 0x60, 0xFF, 0xBF, 0x00, 0xF1, 0x05, 0xFF, 0x85, 0xAF, 0x00, 0xF2, 0xFF, 0x09, 0x50,
    0x06, 0xFF, 0x85, 0x0D, 0x00, 0xFC, 0x8F, 0x00, 0xF6, 0x06, 0xFF, 0x84, 0x02, 0xB0, 0xFF, 0x07,
    0x70, 0x06, 0xFF, 0x85, 0x3F, 0x00, 0xFA, 0x7F, 0x00, 0xF7, 0x06, 0xFF, 0x84, 0x03, 0xA0, 0xFF,
    0x08, 0x60, 0x06, 0xFF, 0x85, 0x2F, 0x00, 0xFB, 0x9F, 0x00, 0xF5, 0x05, 0xFF, 0x85, 0xDF, 0x00,
    0xC0, 0xFF, 0x0B, 0x10, 0x06, 0xFF, 0x81, 0x0A, 0x20, 0x02, 0xFF, 0x81, 0x01, 0xA0, 0x05, 0xFF,
    0x86, 0x7F, 0x00, 0xF6, 0xFF, 0x6F, 0x00, 0xF6, 0x04, 0xFF, 0x82, 0xDF, 0x03, 0x90, 0x02, 0xFF,
    0x82, 0x0A, 0x00, 0xFB, 0x04, 0xFF, 0x82, 0x08, 0x20, 0xFD, 0x02, 0xFF, 0x82, 0x06, 0x30, 0xFC,
    0x03, 0xFF, 0x82, 0x1A, 0x00, 0xF9, 0x02, 0xFF, 0x88, 0xCF, 0x02, 0x20, 0xF9, 0xFF, 0xDF, 0x18,
    0x00, 0xF5, 0x03, 0xFF, 0x87, 0xBF, 0x02, 0x00, 0x62, 0x56, 0x01, 0x00, 0xD5, 0x04, 0xFF, 0x81,
    0xCF, 0x06, 0x03, 0x00, 0x81, 0x10, 0xD7, 0x06, 0xFF, 0x84, 0x7A, 0x24, 0x31, 0x85, 0xFC, 0x53,
    0xFF, 0x80, 0x0F, 0x46, 0xFF, 0x80, 0xAF, 0x04, 0x00, 0x82, 0x41, 0x76, 0xFB, 0x04, 0xFF, 0x80,
    0x0A, 0x06, 0x00, 0x80, 0xC6, 0x03, 0xFF, 0x82, 0xAF, 0x00, 0x72, 0x02, 0x77, 0x83, 0x56, 0x02,
    0x00, 0xB2, 0x03, 0xFF, 0x81, 0x0A, 0x50, 0x03, 0xFF, 0x83, 0xDF, 0x29, 0x00, 0xF4, 0x02, 0xFF,
    0x82, 0xAF, 0x00, 0xF5, 0x04, 0xFF, 0x82, 0x1A, 0x00, 0xFA, 0x02, 0xFF, 0x81, 0x0A, 0x50, 0x05,
    0xFF, 0x81, 0x06, 0x70, 0x02, 0xFF, 0x82, 0xAF, 0x00, 0xF5, 0x04, 0xFF, 0x82, 0x8F, 0x00, 0xF6,
    0x02, 0xFF, 0x81, 0x0A, 0x50, 0x05, 0xFF, 0x81, 0x09, 0x50, 0x02, 0xFF, 0x82, 0xAF, 0x00, 0xF5,
    0x04, 0xFF, 0x82, 0x7F, 0x00, 0xF6, 0x02, 0xFF, 0x81, 0x0A, 0x50, 0x05, 0xFF, 0x81, 0x04, 0x80,
    0x02, 0xFF, 0x82, 0xAF, 0x00, 0xF5, 0x04, 0xFF, 0x82, 0x07, 0x00, 0xFC, 0x02, 0xFF, 0x81, 0x0A,
    0x50, 0x02, 0xFF, 0x84, 0xDF, 0x9B, 0x04, 0x00, 0xF7, 0x02, 0xFF, 0x80, 0xAF, 0x07, 0x00, 0x80,
    0xF6, 0x03, 0xFF, 0x80, 0x0A, 0x05, 0x00, 0x81, 0x50, 0xFA, 0x03, 0xFF, 0x82, 0xAF, 0x00, 0x72,
    0x02, 0x77, 0x81, 0x87, 0xBA, 0x05, 0xFF, 0x81, 0x0A, 0x50, 0x09, 0xFF, 0x82, 0xAF, 0x00, 0xF5,
    0x09, 0xFF, 0x81, 0x0A, 0x50, 0x09, 0xFF, 0x82, 0xAF, 0x00, 0xF5, 0x09, 0xFF, 0x81, 0x0A, 0x50,
    0x09, 0xFF, 0x82, 0xAF, 0x00, 0xF5, 0x09, 0xFF, 0x81, 0x0A, 0x50, 0x09, 0xFF, 0x82, 0xAF, 0x00,
    0xF5, 0x09, 0xFF, 0x81, 0x0A, 0x50, 0x58, 0xFF, 0x80, 0x0F, 0x48, 0xFF, 0x84, 0xBF, 0x47, 0x12,
    0x53, 0xC8, 0x06, 0xFF, 0x80, 0x6C, 0x04, 0x00, 0x81, 0x71, 0xFD, 0x04, 0xFF, 0x87, 0x2B, 0x00,
    0x20, 0x65, 0x15, 0x00, 0x50, 0xFD, 0x03, 0xFF, 0x87, 0x2C, 0x00, 0x92, 0xFD, 0xFF, 0x7D, 0x01,
    0x50, 0x03, 0xFF, 0x82, 0x6F, 0x00, 0xC3, 0x03, 0xFF, 0x82, 0xAF, 0x01, 0x90, 0x02, 0xFF, 0x82,
    0xAF, 0x00, 0xB0, 0x04, 0xFF, 0x82, 0x8F, 0x00, 0xD2, 0x02, 0xFF, 0x81, 0x06, 0x60, 0x05, 0xFF,
    0x86, 0x2D, 0x00, 0xF9, 0xFF, 0x1F, 0x00, 0xFA, 0x05, 0xFF, 0x85, 0x07, 0x60, 0xFF, 0xBF, 0x00,
    0xF1, 0x05, 0xFF, 0x85, 0xAF, 0x00, 0xF2, 0xFF, 0x09, 0x50, 0x06, 0xFF, 0x85, 0x0D, 0x00, 0xFC,
    0x8F, 0x00, 0xF6, 0x06, 0xFF, 0x84, 0x02, 0xB0, 0xFF, 0x07, 0x70, 0x06, 0xFF, 0x85, 0x3F, 0x00,
    0xFA, 0x7F, 0x00, 0xF7, 0x02, 0xFF, 0x81, 0xDF, 0xFB, 0x02, 0xFF, 0x84, 0x03, 0xA0, 0xFF, 0x08,
    0x60, 0x02, 0xFF, 0x89, 0xDF, 0x26, 0xFA, 0xFF, 0x1F, 0x00, 0xFC, 0x9F, 0x00, 0xF5, 0x02, 0xFF,
    0x88, 0x09, 0x10, 0xFA, 0xDF, 0x00, 0xD0, 0xFF, 0x0B, 0x10, 0x03, 0xFF, 0x84, 0x08, 0x00, 0xF9,
    0x09, 0x20, 0x02, 0xFF, 0x81, 0x01, 0xA0, 0x03, 0xFF, 0x88, 0x19, 0x00, 0x68, 0x00, 0xF6, 0xFF,
    0x6F, 0x00, 0xF6, 0x03, 0xFF, 0x80, 0x1A, 0x02, 0x00, 0x80, 0xA0, 0x02, 0xFF, 0x82, 0x0A, 0x00,
    0xFB, 0x03, 0xFF, 0x82, 0x2B, 0x00, 0x30, 0x03, 0xFF, 0x82, 0x06, 0x30, 0xFC, 0x03, 0xFF, 0x82,
    0x08, 0x00, 0xD4, 0x02, 0xFF, 0x86, 0xCF, 0x02, 0x20, 0xF9, 0xFF, 0xDF, 0x07, 0x02, 0x00, 0x80,
    0xC4, 0x02, 0xFF, 0x84, 0xBF, 0x02, 0x00, 0x62, 0x36, 0x02, 0x00, 0x82, 0x56, 0x00, 0xB3, 0x02,
    0xFF, 0x81, 0xCF, 0x06, 0x03, 0x00, 0x84, 0x10, 0xF7, 0x6D, 0x00, 0xF9, 0x03, 0xFF, 0x87, 0x7A,
    0x24, 0x21, 0x85, 0xFC, 0xFF, 0x6F, 0xF8, 0x50, 0xFF, 0x80, 0x0F, 0x46, 0xFF, 0x80, 0x8F, 0x04,
    0x00, 0x81, 0x53, 0xA6, 0x05, 0xFF, 0x80, 0x08, 0x05, 0x00, 0x81, 0x40, 0xF9, 0x03, 0xFF, 0x82,
    0x8F, 0x00, 0x74, 0x02, 0x77, 0x80, 0x35, 0x02, 0x00, 0x80, 0xF8, 0x03, 0xFF, 0x81, 0x08, 0x70,
    0x03, 0xFF, 0x83, 0xAF, 0x04, 0x10, 0xFB, 0x02, 0xFF, 0x82, 0x8F, 0x00, 0xF7, 0x03, 0xFF, 0x82,
    0xCF, 0x03, 0x70, 0x03, 0xFF, 0x81, 0x08, 0x70, 0x04, 0xFF, 0x82, 0x8F, 0x00, 0xF3, 0x02, 0xFF,
    0x82, 0x8F, 0x00, 0xF7, 0x04, 0xFF, 0x81, 0x0A, 0x10, 0x03, 0xFF, 0x81, 0x08, 0x70, 0x04, 0xFF,
    0x82, 0xAF, 0x00, 0xF2, 0x02, 0xFF, 0x82, 0x8F, 0x00, 0xF7, 0x04, 0xFF, 0x81, 0x08, 0x50, 0x03,
    0xFF, 0x81, 0x08, 0x70, 0x04, 0xFF, 0x82, 0x3C, 0x00, 0xF7, 0x02, 0xFF, 0x82, 0x8F, 0x00, 0xF7,
    0x03, 0xFF, 0x82, 0x4A, 0x00, 0xC2, 0x03, 0xFF, 0x81, 0x08, 0x40, 0x02, 0x77, 0x83, 0x67, 0x03,
    0x00, 0x91, 0x03, 0xFF, 0x80, 0x8F, 0x06, 0x00, 0x80, 0xB4, 0x04, 0xFF, 0x80, 0x08, 0x04, 0x00,
    0x81, 0x84, 0xFB, 0x04, 0xFF, 0x86, 0x8F, 0x00, 0xF7, 0xFF, 0x08, 0x20, 0xFD, 0x05, 0xFF, 0x81,
    0x08, 0x70, 0x02, 0xFF, 0x81, 0x04, 0x60, 0x05, 0xFF, 0x86, 0x8F, 0x00, 0xF7, 0xFF, 0xBF, 0x01,
    0x90, 0x05, 0xFF, 0x81, 0x08, 0x70, 0x02, 0xFF, 0x82, 0x8F, 0x00, 0xC1, 0x04, 0xFF, 0x82, 0x8F,
    0x00, 0xF7, 0x02, 0xFF, 0x82, 0x5F, 0x00, 0xF5, 0x04, 0xFF, 0x81, 0x08, 0x70, 0x03, 0xFF, 0x82,
    0x1B, 0x00, 0xF8, 0x03, 0xFF, 0x82, 0x8F, 0x00, 0xF7, 0x03, 0xFF, 0x82, 0x08, 0x10, 0xFB, 0x03,
    0xFF, 0x81, 0x08, 0x70, 0x04, 0xFF, 0x82, 0x05, 0x40, 0xFD, 0x02, 0xFF, 0x82, 0x8F, 0x00, 0xF7,
    0x03, 0xFF, 0x82, 0xCF, 0x01, 0x70, 0x03, 0xFF, 0x81, 0x08, 0x70, 0x04, 0xFF, 0x82, 0x9F, 0x00,
    0xA0, 0x51, 0xFF, 0x80, 0x0F, 0x48, 0xFF, 0x84, 0xAF, 0x57, 0x13, 0x43, 0xB7, 0x06, 0xFF, 0x80,
    0x5A, 0x04, 0x00, 0x81, 0x50, 0xFC, 0x04, 0xFF, 0x87, 0x08, 0x00, 0x30, 0x65, 0x15, 0x00, 0x20,
    0xFA, 0x03, 0xFF, 0x82, 0x0A, 0x00, 0xB5, 0x02, 0xFF, 0x83, 0x8D, 0x01, 0x30, 0xFD, 0x02, 0xFF,
    0x82, 0x5F, 0x00, 0xD5, 0x03, 0xFF, 0x82, 0xBF, 0x02, 0xA4, 0x02, 0xFF, 0x82, 0xDF, 0x00, 0xA0,
    0x04, 0xFF, 0x81, 0xAF, 0xFB, 0x03, 0xFF, 0x82, 0x0B, 0x00, 0xFC, 0x08, 0xFF, 0x82, 0xDF, 0x00,
    0x90, 0x09, 0xFF, 0x82, 0x4F, 0x00, 0xA2, 0x09, 0xFF, 0x83, 0x1B, 0x00, 0x60, 0xC9, 0x08, 0xFF,
    0x80, 0x19, 0x02, 0x00, 0x82, 0x30, 0x97, 0xFD, 0x06, 0xFF, 0x81, 0x7C, 0x01, 0x03, 0x00, 0x80,
    0x95, 0x06, 0xFF, 0x82, 0xDF, 0x7A, 0x04, 0x02, 0x00, 0x81, 0x40, 0xFA, 0x07, 0xFF, 0x84, 0xAD,
    0x37, 0x00, 0x10, 0xFB, 0x08, 0xFF, 0x83, 0x9F, 0x02, 0x30, 0xFD, 0x08, 0xFF, 0x82, 0xAF, 0x00,
    0xA0, 0x09, 0xFF, 0x82, 0x3F, 0x00, 0xF8, 0x02, 0xFF, 0x81, 0xAF, 0xFB, 0x05, 0xFF, 0x81, 0x03,
    0x90, 0x02, 0xFF, 0x81, 0x29, 0x40, 0x05, 0xFF, 0x86, 0x0C, 0x00, 0xFA, 0xFF, 0xBF, 0x00, 0x70,
    0x04, 0xFF, 0x82, 0x6F, 0x00, 0xF3, 0x02, 0xFF, 0x83, 0x7F, 0x00, 0x60, 0xFA, 0x02, 0xFF, 0x82,
    0x5A, 0x00, 0xA0, 0x03, 0xFF, 0x80, 0x7D, 0x02, 0x00, 0x84, 0x53, 0x56, 0x03, 0x00, 0x91, 0x04,
    0xFF, 0x81, 0x9F, 0x03, 0x04, 0x00, 0x80, 0xB6, 0x06, 0xFF, 0x84, 0x6A, 0x24, 0x31, 0x76, 0xFB,
    0x53, 0xFF, 0x80, 0x0F, 0x46, 0xFF, 0x80, 0x02, 0x08, 0x00, 0x82, 0xF6, 0xFF, 0x2F, 0x08, 0x00,
    0x80, 0x60, 0x02, 0xFF, 0x80, 0x46, 0x03, 0x44, 0x81, 0x00, 0x40, 0x03, 0x44, 0x80, 0xF8, 0x05,
    0xFF, 0x81, 0x0A, 0x10, 0x09, 0xFF, 0x82, 0xAF, 0x00, 0xF1, 0x09, 0xFF, 0x81, 0x0A, 0x10, 0x09,
    0xFF, 0x82, 0xAF, 0x00, 0xF1, 0x09, 0xFF, 0x81, 0x0A, 0x10, 0x09, 0xFF, 0x82, 0xAF, 0x00, 0xF1,
    0x09, 0xFF, 0x81, 0x0A, 0x10, 0x09, 0xFF, 0x82, 0xAF, 0x00, 0xF1, 0x09, 0xFF, 0x81, 0x0A, 0x10,
    0x09, 0xFF, 0x82, 0xAF, 0x00, 0xF1, 0x09, 0xFF, 0x81, 0x0A, 0x10, 0x09, 0xFF, 0x82, 0xAF, 0x00,
    0xF1, 0x09, 0xFF, 0x81, 0x0A, 0x10, 0x09, 0xFF, 0x82, 0xAF, 0x00, 0xF1, 0x09, 0xFF, 0x81, 0x0A,
    0x10, 0x09, 0xFF, 0x82, 0xAF, 0x00, 0xF1, 0x09, 0xFF, 0x81, 0x0A, 0x10, 0x09, 0xFF, 0x82, 0xAF,
    0x00, 0xF1, 0x09, 0xFF, 0x81, 0x0A, 0x10, 0x09, 0xFF, 0x82, 0xAF, 0x00, 0xF1, 0x09, 0xFF, 0x81,
    0x0A, 0x10, 0x55, 0xFF, 0x80, 0x0F, 0x46, 0xFF, 0x81, 0x0A, 0x20, 0x05, 0xFF, 0x86, 0x0B, 0x00,
    0xFD, 0xFF, 0xAF, 0x00, 0xF2, 0x04, 0xFF, 0x82, 0xBF, 0x00, 0xD0, 0x02, 0xFF, 0x81, 0x0A, 0x20,
    0x05, 0xFF, 0x86, 0x0B, 0x00, 0xFD, 0xFF, 0xAF, 0x00, 0xF2, 0x04, 0xFF, 0x82, 0xBF, 0x00, 0xD0,
    0x02, 0xFF, 0x81, 0x0A, 0x20, 0x05, 0xFF, 0x86, 0x0B, 0x00, 0xFD, 0xFF, 0xAF, 0x00, 0xF2, 0x04,
    0xFF, 0x82, 0xBF, 0x00, 0xD0, 0x02, 0xFF, 0x81, 0x0A, 0x20, 0x05, 0xFF, 0x86, 0x0B, 0x00, 0xFD,
    0xFF, 0xAF, 0x00, 0xF2, 0x04, 0xFF, 0x82, 0xBF, 0x00, 0xD0, 0x02, 0xFF, 0x81, 0x0A, 0x20, 0x05,
    0xFF, 0x86, 0x0B, 0x00, 0xFD, 0xFF, 0xAF, 0x00, 0xF2, 0x04, 0xFF, 0x82, 0xBF, 0x00, 0xD0, 0x02,
    0xFF, 0x81, 0x0A, 0x20, 0x05, 0xFF, 0x86, 0x0B, 0x00, 0xFD, 0xFF, 0xAF, 0x00, 0xF2, 0x04, 0xFF,
    0x82, 0xBF, 0x00, 0xD0, 0x02, 0xFF, 0x81, 0x0A, 0x20, 0x05, 0xFF, 0x86, 0x0B, 0x00, 0xFD, 0xFF,
    0xAF, 0x00, 0xF2, 0x04, 0xFF, 0x82, 0xBF, 0x00, 0xD0, 0x02, 0xFF, 0x81, 0x0A, 0x20, 0x05, 0xFF,
    0x86, 0x0B, 0x00, 0xFD, 0xFF, 0xAF, 0x00, 0xF2, 0x04, 0xFF, 0x82, 0xBF, 0x00, 0xF0, 0x02, 0xFF,
    0x82, 0x0B, 0x00, 0xFD, 0x04, 0xFF, 0x81, 0x09, 0x10, 0x02, 0xFF, 0x82, 0xDF, 0x00, 0xB0, 0x04,
    0xFF, 0x82, 0x8F, 0x00, 0xF4, 0x02, 0xFF, 0x82, 0x3F, 0x00, 0xF7, 0x04, 0xFF, 0x81, 0x04, 0x70,
    0x03, 0xFF, 0x82, 0x07, 0x10, 0xFC, 0x03, 0xFF, 0x82, 0x09, 0x00, 0xFA, 0x02, 0xFF, 0x83, 0xCF,
    0x01, 0x20, 0xFA, 0x02, 0xFF, 0x82, 0x18, 0x00, 0xF4, 0x03, 0xFF, 0x80, 0x9F, 0x02, 0x00, 0x84,
    0x52, 0x46, 0x01, 0x00, 0xB2, 0x04, 0xFF, 0x81, 0x9F, 0x02, 0x04, 0x00, 0x80, 0xB4, 0x05, 0xFF,
    0x85, 0xDF, 0x68, 0x13, 0x21, 0x74, 0xFA, 0x53, 0xFF, 0x80, 0x0F, 0x45, 0xFF, 0x82, 0xAF, 0x00,
    0xF2, 0x05, 0xFF, 0x86, 0xCF, 0x00, 0xD1, 0xFF, 0x2F, 0x00, 0xFA, 0x05, 0xFF, 0x81, 0x09, 0x60,
    0x02, 0xFF, 0x81, 0x07, 0x70, 0x05, 0xFF, 0x86, 0x5F, 0x00, 0xFA, 0xFF, 0xAF, 0x00, 0xF3, 0x04,
    0xFF, 0x82, 0xDF, 0x01, 0xD2, 0x02, 0xFF, 0x82, 0x2F, 0x00, 0xFB, 0x04, 0xFF, 0x81, 0x09, 0x60,
    0x03, 0xFF, 0x81, 0x07, 0x70, 0x04, 0xFF, 0x82, 0x6F, 0x00, 0xFA, 0x02, 0xFF, 0x82, 0xAF, 0x00,
    0xF4, 0x03, 0xFF, 0x82, 0xDF, 0x01, 0xD2, 0x03, 0xFF, 0x82, 0x2F, 0x00, 0xFB, 0x03, 0xFF, 0x81,
    0x09, 0x70, 0x04, 0xFF, 0x81, 0x07, 0x80, 0x03, 0xFF, 0x82, 0x6F, 0x00, 0xFA, 0x03, 0xFF, 0x82,
    0xAF, 0x00, 0xF4, 0x02, 0xFF, 0x82, 0xDF, 0x01, 0xF2, 0x04, 0xFF, 0x82, 0x3F, 0x00, 0xFC, 0x02,
    0xFF, 0x81, 0x0A, 0x70, 0x05, 0xFF, 0x81, 0x07, 0x80, 0x02, 0xFF, 0x82, 0x6F, 0x00, 0xFA, 0x04,
    0xFF, 0x82, 0xBF, 0x00, 0xF5, 0x02, 0xFF, 0x81, 0x02, 0xF2, 0x05, 0xFF, 0x85, 0x3F, 0x00, 0xFC,
    0xFF, 0x0A, 0x70, 0x06, 0xFF, 0x85, 0x07, 0x80, 0xFF, 0x7F, 0x00, 0xFA, 0x05, 0xFF, 0x85, 0xBF,
    0x00, 0xF5, 0xFF, 0x02, 0xF2, 0x06, 0xFF, 0x84, 0x3F, 0x10, 0xFD, 0x0A, 0x70, 0x07, 0xFF, 0x84,
    0x07, 0x90, 0x7F, 0x00, 0xFA, 0x06, 0xFF, 0x84, 0xBF, 0x00, 0xF6, 0x03, 0xF3, 0x07, 0xFF, 0x83,
    0x3F, 0x10, 0x0A, 0x70, 0x08, 0xFF, 0x83, 0x07, 0x30, 0x00, 0xFB, 0x07, 0xFF, 0x80, 0xBF, 0x02,
    0x00, 0x80, 0xF3, 0x08, 0xFF, 0x82, 0x4F, 0x00, 0x70, 0x09, 0xFF, 0x82, 0x08, 0x00, 0xFB, 0x54,
    0xFF, 0x80, 0x0F, 0x45, 0xFF, 0x81, 0x07, 0xA0, 0x02, 0xFF, 0x82, 0xBF, 0x00, 0xD0, 0x02, 0xFF,
    0x84, 0x8F, 0x00, 0x9A, 0x00, 0xF9, 0x02, 0xFF, 0x82, 0x09, 0x00, 0xFB, 0x02, 0xFF, 0x83, 0x07,
    0xC0, 0x0B, 0x70, 0x02, 0xFF, 0x82, 0x7F, 0x00, 0x90, 0x02, 0xFF, 0x84, 0x5F, 0x20, 0xFF, 0x01,
    0xF6, 0x02, 0xFF, 0x82, 0x05, 0x00, 0xF7, 0x02, 0xFF, 0x83, 0x02, 0xF5, 0x4F, 0x30, 0x02, 0xFF,
    0x82, 0x2F, 0x20, 0x50, 0x02, 0xFF, 0xBA, 0x0D, 0x70, 0xFF, 0x06, 0xD0, 0xFF, 0xDF, 0x00, 0x07,
    0xF2, 0xFF, 0xAF, 0x00, 0xF9, 0x8F, 0x00, 0xFB, 0xFF, 0x0A, 0xA0, 0x00, 0xFD, 0xFF, 0x09, 0xB0,
    0xFF, 0x0A, 0x90, 0xFF, 0x8F, 0x30, 0x0D, 0xA0, 0xFF, 0x7F, 0x00, 0xFD, 0xCF, 0x00, 0xF8, 0xFF,
    0x07, 0xF6, 0x03, 0xF8, 0xFF, 0x06, 0xF4, 0xFF, 0x2F, 0x60, 0xFF, 0x5F, 0x80, 0x6F, 0x70, 0xFF,
    0x3F, 0x60, 0x02, 0xFF, 0x94, 0x05, 0xF4, 0xFF, 0x02, 0xF9, 0x07, 0xF5, 0xDF, 0x01, 0xF8, 0xFF,
    0x7F, 0x10, 0xFF, 0x0C, 0xB0, 0x9F, 0x20, 0xFF, 0x0B, 0xA0, 0x02, 0xFF, 0x94, 0x09, 0xC0, 0xAF,
    0x10, 0xFF, 0x0B, 0xC0, 0x9F, 0x00, 0xFC, 0xFF, 0xBF, 0x00, 0xFA, 0x08, 0xF4, 0xDF, 0x00, 0xFA,
    0x08, 0xF1, 0x02, 0xFF, 0x88, 0x0D, 0x80, 0x6F, 0x60, 0xFF, 0x3F, 0x80, 0x6F, 0x50, 0x03, 0xFF,
    0x88, 0x03, 0xF7, 0x04, 0xF8, 0xFF, 0x06, 0xF7, 0x04, 0xF7, 0x02, 0xFF, 0x88, 0x6F, 0x50, 0x1F,
    0xA0, 0xFF, 0x7F, 0x40, 0x1F, 0x80, 0x03, 0xFF, 0x88, 0x08, 0xB2, 0x00, 0xFC, 0xFF, 0x09, 0xC1,
    0x00, 0xFA, 0x02, 0xFF, 0x88, 0xAF, 0x00, 0x09, 0xF1, 0xFF, 0xBF, 0x00, 0x09, 0xD0, 0x03, 0xFF,
    0x82, 0x0C, 0x50, 0x40, 0x02, 0xFF, 0x82, 0x0D, 0x50, 0x20, 0x04, 0xFF, 0x82, 0x01, 0x00, 0xF7,
    0x02, 0xFF, 0x82, 0x03, 0x00, 0xF6, 0x03, 0xFF, 0x82, 0x5F, 0x00, 0x80, 0x02, 0xFF, 0x82, 0x6F,
    0x00, 0x70, 0x04, 0xFF, 0x82, 0x07, 0x00, 0xFA, 0x02, 0xFF, 0x82, 0x07, 0x00, 0xF9, 0x03, 0xFF,
    0x82, 0x8F, 0x00, 0xC0, 0x02, 0xFF, 0x82, 0x9F, 0x00, 0xB0, 0x52, 0xFF, 0x80, 0x0F, 0x45, 0xFF,
    0x82, 0xBF, 0x01, 0x90, 0x05, 0xFF, 0x86, 0x5F, 0x00, 0xD4, 0xFF, 0x8F, 0x00, 0xC2, 0x04, 0xFF,
    0x82, 0x8F, 0x00, 0xB1, 0x02, 0xFF, 0x82, 0x5F, 0x00, 0xF5, 0x03, 0xFF, 0x82, 0xCF, 0x01, 0x80,
    0x03, 0xFF, 0x82, 0x2C, 0x00, 0xF8, 0x03, 0xFF, 0x81, 0x05, 0x50, 0x04, 0xFF, 0x82, 0x09, 0x10,
    0xFB, 0x02, 0xFF, 0x82, 0x08, 0x10, 0xFB, 0x04, 0xFF, 0x81, 0x06, 0x40, 0x02, 0xFF, 0x82, 0x1B,
    0x00, 0xF8, 0x04, 0xFF, 0x86, 0xCF, 0x02, 0x80, 0xFF, 0x4F, 0x00, 0xF5, 0x05, 0xFF, 0x85, 0xAF,
    0x00, 0xB1, 0x7F, 0x00, 0xC2, 0x06, 0xFF, 0x84, 0x7F, 0x00, 0xA4, 0x01, 0x90, 0x07, 0xFF, 0x83,
    0x3D, 0x00, 0x01, 0x60, 0x08, 0xFF, 0x83, 0x0A, 0x00, 0x20, 0xFC, 0x08, 0xFF, 0x82, 0x06, 0x00,
    0xF9, 0x08, 0xFF, 0x82, 0x2C, 0x00, 0x50, 0x08, 0xFF, 0x80, 0x6F, 0x02, 0x00, 0x80, 0x80, 0x07,
    0xFF, 0x84, 0x9F, 0x00, 0x81, 0x00, 0xB1, 0x06, 0xFF, 0x85, 0xCF, 0x01, 0x80, 0x6F, 0x00, 0xD4,
    0x06, 0xFF, 0x85, 0x05, 0x50, 0xFF, 0x2C, 0x00, 0xF7, 0x05, 0xFF, 0x86, 0x08, 0x20, 0xFC, 0xFF,
    0x0A, 0x00, 0xFA, 0x04, 0xFF, 0x82, 0x1B, 0x00, 0xF9, 0x02, 0xFF, 0x82, 0x07, 0x30, 0xFD, 0x03,
    0xFF, 0x82, 0x4D, 0x00, 0xF6, 0x02, 0xFF, 0x82, 0xDF, 0x03, 0x70, 0x03, 0xFF, 0x82, 0x7F, 0x00,
    0xC2, 0x03, 0xFF, 0x82, 0xAF, 0x00, 0xA0, 0x02, 0xFF, 0x82, 0xAF, 0x00, 0xA0, 0x04, 0xFF, 0x86,
    0x7F, 0x00, 0xD3, 0xFF, 0xDF, 0x03, 0x60, 0x05, 0xFF, 0x86, 0x4D, 0x00, 0xF6, 0xFF, 0x07, 0x30,
    0xFD, 0x05, 0xFF, 0x82, 0x1B, 0x00, 0xFA, 0x50, 0xFF, 0x80, 0x0F, 0x45, 0xFF, 0x82, 0x6F, 0x00,
    0xF4, 0x05, 0xFF, 0x86, 0xCF, 0x01, 0x80, 0xFF, 0x1C, 0x00, 0xF8, 0x05, 0xFF, 0x81, 0x06, 0x40,
    0x02, 0xFF, 0x82, 0x08, 0x20, 0xFC, 0x04, 0xFF, 0x86, 0x0A, 0x00, 0xFA, 0xFF, 0xDF, 0x04, 0x60,
    0x04, 0xFF, 0x82, 0x3D, 0x00, 0xF7, 0x02, 0xFF, 0x82, 0xAF, 0x00, 0xA0, 0x03, 0xFF, 0x82, 0x8F,
    0x00, 0xD2, 0x03, 0xFF, 0x82, 0x6F, 0x00, 0xF4, 0x02, 0xFF, 0x82, 0xCF, 0x01, 0x90, 0x04, 0xFF,
    0x82, 0x2C, 0x00, 0xF8, 0x02, 0xFF, 0x81, 0x06, 0x50, 0x05, 0xFF, 0x86, 0x09, 0x10, 0xFC, 0xFF,
    0x0A, 0x10, 0xFB, 0x05, 0xFF, 0x85, 0x05, 0x60, 0xFF, 0x3D, 0x00, 0xF7, 0x05, 0xFF, 0x85, 0xBF,
    0x01, 0xA0, 0x8F, 0x00, 0xD2, 0x06, 0xFF, 0x84, 0x7F, 0x00, 0xC4, 0x01, 0x90, 0x07, 0xFF, 0x83,
    0x3D, 0x00, 0x02, 0x50, 0x08, 0xFF, 0x83, 0x0A, 0x00, 0x10, 0xFB, 0x08, 0xFF, 0x82, 0x06, 0x00,
    0xF8, 0x08, 0xFF, 0x82, 0xBF, 0x00, 0xD1, 0x09, 0xFF, 0x81, 0x0C, 0x20, 0x09, 0xFF, 0x82, 0xCF,
    0x00, 0xF2, 0x09, 0xFF, 0x81, 0x0C, 0x20, 0x09, 0xFF, 0x82, 0xCF, 0x00, 0xF2, 0x09, 0xFF, 0x81,
    0x0C, 0x20, 0x09, 0xFF, 0x82, 0xCF, 0x00, 0xF2, 0x09, 0xFF, 0x81, 0x0C, 0x20, 0x09, 0xFF, 0x82,
    0xCF, 0x00, 0xF2, 0x09, 0xFF, 0x81, 0x0C, 0x20, 0x55, 0xFF, 0x80, 0x0F, 0x46, 0xFF, 0x80, 0x07,
    0x08, 0x00, 0x82, 0xF9, 0xFF, 0x7F, 0x08, 0x00, 0x80, 0x90, 0x02, 0xFF, 0x80, 0x48, 0x06, 0x44,
    0x82, 0x02, 0x00, 0xF9, 0x08, 0xFF, 0x82, 0x2C, 0x00, 0xD4, 0x08, 0xFF, 0x82, 0x5D, 0x00, 0xC2,
    0x08, 0xFF, 0x82, 0x7F, 0x00, 0xA1, 0x08, 0xFF, 0x82, 0x8F, 0x00, 0x80, 0x08, 0xFF, 0x82, 0xAF,
    0x01, 0x60, 0x08, 0xFF, 0x83, 0xCF, 0x02, 0x40, 0xFD, 0x07, 0xFF, 0x83, 0xDF, 0x05, 0x20, 0xFC,
    0x08, 0xFF, 0x82, 0x07, 0x10, 0xFA, 0x08, 0xFF, 0x82, 0x08, 0x00, 0xF8, 0x08, 0xFF, 0x82, 0x1A,
    0x00, 0xF6, 0x08, 0xFF, 0x82, 0x2C, 0x00, 0xD4, 0x08, 0xFF, 0x82, 0x5D, 0x00, 0xC2, 0x08, 0xFF,
    0x82, 0x7F, 0x00, 0xA1, 0x08, 0xFF, 0x82, 0x8F, 0x00, 0x80, 0x08, 0xFF, 0x82, 0xAF, 0x01, 0x60,
    0x08, 0xFF, 0x83, 0xCF, 0x02, 0x40, 0xFD, 0x07, 0xFF, 0x83, 0xDF, 0x05, 0x20, 0xFC, 0x08, 0xFF,
    0x82, 0x07, 0x10, 0xFA, 0x08, 0xFF, 0x82, 0x0C, 0x00, 0x41, 0x06, 0x44, 0x82, 0x64, 0xFF, 0xBF,
    0x09, 0x00, 0x82, 0xF3, 0xFF, 0x0B, 0x08, 0x00, 0x80, 0x30, 0x51, 0xFF, 0x80, 0x0F, 0x31, 0xFF,
    0x80, 0x3F, 0x04, 0x00, 0x80, 0xC0, 0x06, 0xFF, 0x80, 0x03, 0x04, 0x00, 0x80, 0xFC, 0x05, 0xFF,
    0x81, 0x3F, 0x10, 0x03, 0xAA, 0x80, 0xDA, 0x06, 0xFF, 0x81, 0x03, 0xF2, 0x09, 0xFF, 0x81, 0x3F,
    0x20, 0x0A, 0xFF, 0x81, 0x03, 0xF2, 0x09, 0xFF, 0x81, 0x3F, 0x20, 0x0A, 0xFF, 0x81, 0x03, 0xF2,
    0x09, 0xFF, 0x81, 0x3F, 0x20, 0x0A, 0xFF, 0x81, 0x03, 0xF2, 0x09, 0xFF, 0x81, 0x3F, 0x20, 0x0A,
    0xFF, 0x81, 0x03, 0xF2, 0x09, 0xFF, 0x81, 0x3F, 0x20, 0x0A, 0xFF, 0x81, 0x03, 0xF2, 0x09, 0xFF,
    0x81, 0x3F, 0x20, 0x0A, 0xFF, 0x81, 0x03, 0xF2, 0x09, 0xFF, 0x81, 0x3F, 0x20, 0x0A, 0xFF, 0x81,
    0x03, 0xF2, 0x09, 0xFF, 0x81, 0x3F, 0x20, 0x0A, 0xFF, 0x81, 0x03, 0xF2, 0x09, 0xFF, 0x81, 0x3F,
    0x20, 0x0A, 0xFF, 0x81, 0x03, 0xF2, 0x09, 0xFF, 0x81, 0x3F, 0x20, 0x0A, 0xFF, 0x81, 0x03, 0xF2,
    0x09, 0xFF, 0x81, 0x3F, 0x20, 0x0A, 0xFF, 0x81, 0x03, 0xF2, 0x09, 0xFF, 0x81, 0x3F, 0x20, 0x0A,
    0xFF, 0x81, 0x03, 0xF2, 0x09, 0xFF, 0x81, 0x3F, 0x20, 0x0A, 0xFF, 0x81, 0x03, 0xA1, 0x03, 0xAA,
    0x80, 0xFD, 0x05, 0xFF, 0x80, 0x3F, 0x04, 0x00, 0x80, 0xC0, 0x06, 0xFF, 0x80, 0x03, 0x04, 0x00,
    0x80, 0xFC, 0x0D, 0xFF, 0x80, 0x0F, 0x2F, 0xFF, 0x81, 0x04, 0xA0, 0x09, 0xFF, 0x82, 0xAF, 0x00,
    0xF3, 0x09, 0xFF, 0x82, 0x6F, 0x00, 0xF9, 0x09, 0xFF, 0x82, 0x0B, 0x20, 0xFD, 0x09, 0xFF, 0x81,
    0x07, 0x80, 0x09, 0xFF, 0x82, 0xCF, 0x01, 0xC1, 0x09, 0xFF, 0x82, 0x8F, 0x00, 0xF7, 0x09, 0xFF,
    0x82, 0x2D, 0x00, 0xFB, 0x09, 0xFF, 0x81, 0x09, 0x60, 0x0A, 0xFF, 0x81, 0x03, 0xA0, 0x09, 0xFF,
    0x82, 0xAF, 0x00, 0xF4, 0x09, 0xFF, 0x82, 0x5F, 0x00, 0xF9, 0x09, 0xFF, 0x82, 0x0B, 0x30, 0xFD,
    0x09, 0xFF, 0x81, 0x06, 0x80, 0x09, 0xFF, 0x82, 0xCF, 0x01, 0xD2, 0x09, 0xFF, 0x82, 0x7F, 0x00,
    0xF7, 0x09, 0xFF, 0x82, 0x2D, 0x10, 0xFC, 0x09, 0xFF, 0x81, 0x08, 0x60, 0x09, 0xFF, 0x82, 0xDF,
    0x03, 0xB0, 0x09, 0xFF, 0x82, 0x9F, 0x00, 0xF5, 0x09, 0xFF, 0x82, 0x4F, 0x00, 0xFA, 0x09, 0xFF,
    0x81, 0x0A, 0x40, 0x0A, 0xFF, 0x81, 0x05, 0x90, 0x09, 0xFF, 0x82, 0xBF, 0x00, 0xD2, 0x09, 0xFF,
    0x82, 0x6F, 0x00, 0xF8, 0x09, 0xFF, 0x82, 0x1C, 0x10, 0xFC, 0x09, 0xFF, 0x81, 0x07, 0x70, 0x09,
    0xFF, 0x82, 0xDF, 0x02, 0xB1, 0x09, 0xFF, 0x82, 0x9F, 0x55, 0xF8, 0x2E, 0xFF, 0x80, 0x0F, 0x30,
    0xFF, 0x80, 0x9F, 0x04, 0x00, 0x80, 0x70, 0x06, 0xFF, 0x80, 0x09, 0x04, 0x00, 0x80, 0xF7, 0x05,
    0xFF, 0x80, 0xCF, 0x03, 0xAA, 0x81, 0x08, 0x70, 0x09, 0xFF, 0x82, 0xBF, 0x00, 0xF7, 0x09, 0xFF,
    0x81, 0x0B, 0x70, 0x09, 0xFF, 0x82, 0xBF, 0x00, 0xF7, 0x09, 0xFF, 0x81, 0x0B, 0x70, 0x09, 0xFF,
    0x82, 0xBF, 0x00, 0xF7, 0x09, 0xFF, 0x81, 0x0B, 0x70, 0x09, 0xFF, 0x82, 0xBF, 0x00, 0xF7, 0x09,
    0xFF, 0x81, 0x0B, 0x70, 0x09, 0xFF, 0x82, 0xBF, 0x00, 0xF7, 0x09, 0xFF, 0x81, 0x0B, 0x70, 0x09,
    0xFF, 0x82, 0xBF, 0x00, 0xF7, 0x09, 0xFF, 0x81, 0x0B, 0x70, 0x09, 0xFF, 0x82, 0xBF, 0x00, 0xF7,
    0x09, 0xFF, 0x81, 0x0B, 0x70, 0x09, 0xFF, 0x82, 0xBF, 0x00, 0xF7, 0x09, 0xFF, 0x81, 0x0B, 0x70,
    0x09, 0xFF, 0x82, 0xBF, 0x00, 0xF7, 0x09, 0xFF, 0x81, 0x0B, 0x70, 0x09, 0xFF, 0x82, 0xBF, 0x00,
    0xF7, 0x09, 0xFF, 0x81, 0x0B, 0x70, 0x09, 0xFF, 0x82, 0xBF, 0x00, 0xF7, 0x09, 0xFF, 0x81, 0x0B,
    0x70, 0x09, 0xFF, 0x82, 0xBF, 0x00, 0xF7, 0x09, 0xFF, 0x81, 0x0B, 0x70, 0x09, 0xFF, 0x82, 0xBF,
    0x00, 0xF7, 0x09, 0xFF, 0x81, 0x0B, 0x70, 0x06, 0xFF, 0x80, 0xAC, 0x02, 0xAA, 0x82, 0x8A, 0x00,
    0xF7, 0x05, 0xFF, 0x80, 0x9F, 0x04, 0x00, 0x80, 0x70, 0x06, 0xFF, 0x80, 0x09, 0x04, 0x00, 0x80,
    0xF7, 0x0E, 0xFF, 0x80, 0x0F, 0x49, 0xFF, 0x82, 0xBF, 0x00, 0xD3, 0x09, 0xFF, 0x82, 0x06, 0x00,
    0xF8, 0x08, 0xFF, 0x83, 0x0A, 0x00, 0x20, 0xFD, 0x07, 0xFF, 0x83, 0x5F, 0x00, 0x06, 0x80, 0x07,
    0xFF, 0x84, 0xAF, 0x00, 0xD6, 0x02, 0xD2, 0x07, 0xFF, 0x84, 0x04, 0xB0, 0x8F, 0x00, 0xF7, 0x06,
    0xFF, 0x85, 0x0A, 0x60, 0xFF, 0x2D, 0x10, 0xFC, 0x05, 0xFF, 0x85, 0x4F, 0x00, 0xFB, 0xFF, 0x08,
    0x70, 0x05, 0xFF, 0x86, 0x9F, 0x00, 0xF6, 0xFF, 0xDF, 0x02, 0xC1, 0x05, 0xFF, 0x81, 0x03, 0xB0,
    0x02, 0xFF, 0x82, 0x8F, 0x00, 0xF7, 0x04, 0xFF, 0x81, 0x09, 0x60, 0x03, 0xFF, 0x82, 0x3D, 0x10,
    0xFB, 0x03, 0xFF, 0x82, 0x3D, 0x00, 0xFB, 0x03, 0xFF, 0x81, 0x09, 0x60, 0x03, 0xFF, 0x82, 0x9F,
    0x33, 0xF7, 0x03, 0xFF, 0x82, 0xDF, 0x35, 0xC3, 0x7F, 0xFF, 0x51, 0xFF, 0x80, 0x0F, 0x7F, 0xFF,
    0x7F, 0xFF, 0x5B, 0xFF, 0x80, 0x0C, 0x0A, 0x00, 0x80, 0xC0, 0x0B, 0x00, 0x80, 0x4D, 0x0A, 0x44,
    0x80, 0xF4, 0x2D, 0xFF, 0x80, 0x0F, 0x3B, 0xFF, 0x80, 0x29, 0x06, 0x55, 0x81, 0x05, 0xFD, 0x02,
    0xFF, 0x81, 0x9F, 0xB1, 0x05, 0xFF, 0x81, 0x8F, 0xD1, 0x03, 0xFF, 0x81, 0x79, 0xF5, 0x04, 0xFF,
    0x82, 0xCF, 0x64, 0xFD, 0x02, 0xFF, 0x82, 0x9F, 0x78, 0xF9, 0x04, 0xFF, 0x81, 0xA6, 0xD6, 0x03,
    0xFF, 0x82, 0x89, 0x4D, 0xFD, 0x03, 0xFF, 0x82, 0x6A, 0x6F, 0xFD, 0x02, 0xFF, 0x82, 0x9F, 0xF8,
    0x79, 0x03, 0xFF, 0x82, 0x4F, 0xFC, 0xD6, 0x03, 0xFF, 0x82, 0x89, 0xFF, 0xB5, 0x02, 0xFF, 0x83,
    0x8F, 0xF8, 0x6F, 0xFD, 0x02, 0xFF, 0x88, 0x9F, 0xF8, 0xBF, 0xF5, 0xFF, 0xCF, 0xF4, 0xFF, 0xD6,
    0x03, 0xFF, 0x88, 0x89, 0xFF, 0x7F, 0xF9, 0xFF, 0xA6, 0xFF, 0x6F, 0xFD, 0x02, 0xFF, 0x85, 0x9F,
    0xF8, 0xFF, 0x4D, 0xFD, 0x6A, 0x02, 0xFF, 0x80, 0xD6, 0x03, 0xFF, 0x80, 0x89, 0x02, 0xFF, 0x85,
    0x79, 0x4D, 0xFC, 0xFF, 0x6F, 0xFD, 0x02, 0xFF, 0x81, 0x9F, 0xF8, 0x02, 0xFF, 0x81, 0x66, 0xF8,
    0x02, 0xFF, 0x80, 0xD6, 0x03, 0xFF, 0x80, 0x89, 0x02, 0xFF, 0x81, 0xAF, 0xF2, 0x02, 0xFF, 0x81,
    0x6F, 0xFD, 0x02, 0xFF, 0x81, 0x9F, 0xF8, 0x02, 0xFF, 0x81, 0x66, 0xF9, 0x02, 0xFF, 0x80, 0xD6,
    0x03, 0xFF, 0x80, 0x89, 0x02, 0xFF, 0x85, 0x7A, 0x4D, 0xFC, 0xFF, 0x6F, 0xFD, 0x02, 0xFF, 0x85,
    0x9F, 0xF8, 0xFF, 0x4D, 0xFC, 0x7A, 0x02, 0xFF, 0x80, 0xD6, 0x03, 0xFF, 0x88, 0x89, 0xFF, 0x7F,
    0xF9, 0xFF, 0xA6, 0xFF, 0x6F, 0xFD, 0x02, 0xFF, 0x88, 0x9F, 0xF8, 0xBF, 0xF5, 0xFF, 0xCF, 0xF5,
    0xFF, 0xD6, 0x03, 0xFF, 0x82, 0x89, 0xFF, 0xB6, 0x02, 0xFF, 0x83, 0x8F, 0xF8, 0x6F, 0xFD, 0x02,
    0xFF, 0x82, 0x9F, 0xF8, 0x7A, 0x03, 0xFF, 0x82, 0x5F, 0xFC, 0xD6, 0x03, 0xFF, 0x82, 0x89, 0x4D,
    0xFD, 0x03, 0xFF, 0x82, 0x6A, 0x6F, 0xFD, 0x02, 0xFF, 0x82, 0x9F, 0x78, 0xF9, 0x04, 0xFF, 0x81,
    0xA6, 0xD6, 0x03, 0xFF, 0x81, 0x79, 0xF5, 0x04, 0xFF, 0x82, 0xCF, 0x65, 0xFD, 0x02, 0xFF, 0x81,
    0x9F, 0xB1, 0x05, 0xFF, 0x81, 0x9F, 0xD1, 0x03, 0xFF, 0x80, 0x19, 0x06, 0x55, 0x81, 0x05, 0xFD,
    0x51, 0xFF, 0x80, 0x0F, 0x7F, 0xFF, 0x0E, 0xFF, 0x84, 0xAF, 0x46, 0x12, 0x64, 0xD8, 0x06, 0xFF,
    0x80, 0x5C, 0x04, 0x00, 0x80, 0xA3, 0x05, 0xFF, 0x86, 0x3C, 0x00, 0x72, 0x99, 0x48, 0x00, 0xC1,
    0x04, 0xFF, 0x82, 0x6F, 0x00, 0xD6, 0x02, 0xFF, 0x82, 0x7F, 0x00, 0xF5, 0x04, 0xFF, 0x81, 0x69,
    0xD3, 0x03, 0xFF, 0x82, 0x2D, 0x00, 0xFD, 0x09, 0xFF, 0x81, 0x06, 0xB0, 0x09, 0xFF, 0x82, 0x6D,
    0x00, 0xF9, 0x05, 0xFF, 0x85, 0xCF, 0x79, 0x46, 0x02, 0x00, 0x90, 0x04, 0xFF, 0x81, 0xDF, 0x49,
    0x05, 0x00, 0x80, 0xF9, 0x03, 0xFF, 0x87, 0xAF, 0x03, 0x00, 0x63, 0xA8, 0xCB, 0x07, 0x90, 0x03,
    0xFF, 0x83, 0xBF, 0x01, 0x60, 0xFB, 0x02, 0xFF, 0x82, 0x7F, 0x00, 0xF9, 0x03, 0xFF, 0x81, 0x05,
    0x70, 0x04, 0xFF, 0x81, 0x06, 0x90, 0x03, 0xFF, 0x82, 0x0D, 0x00, 0xFD, 0x03, 0xFF, 0x82, 0x3F,
    0x00, 0xF8, 0x02, 0xFF, 0x82, 0xCF, 0x00, 0xC0, 0x03, 0xFF, 0x82, 0xAF, 0x00, 0x80, 0x03, 0xFF,
    0x82, 0x2F, 0x00, 0xF7, 0x02, 0xFF, 0x83, 0xAF, 0x02, 0x00, 0xF7, 0x03, 0xFF, 0x87, 0x07, 0x00,
    0x84, 0x99, 0x58, 0x00, 0x08, 0x60, 0x04, 0xFF, 0x80, 0x07, 0x03, 0x00, 0x83, 0x20, 0xF9, 0x01,
    0xF5, 0x04, 0xFF, 0x86, 0x7B, 0x24, 0x31, 0x85, 0xFC, 0x5F, 0x20, 0x52, 0xFF, 0x80, 0x0F, 0x2F,
    0xFF, 0x82, 0x4F, 0x00, 0xFA, 0x09, 0xFF, 0x81, 0x04, 0xA0, 0x09, 0xFF, 0x82, 0x4F, 0x00, 0xFA,
    0x09, 0xFF, 0x81, 0x04, 0xA0, 0x09, 0xFF, 0x82, 0x4F, 0x00, 0xFA, 0x09, 0xFF, 0x81, 0x04, 0xA0,
    0x09, 0xFF, 0x82, 0x4F, 0x00, 0xFA, 0x09, 0xFF, 0x81, 0x04, 0xA0, 0x09, 0xFF, 0x87, 0x4F, 0x00,
    0xFA, 0x9F, 0x36, 0x21, 0x85, 0xFC, 0x04, 0xFF, 0x82, 0x04, 0xA0, 0x4B, 0x03, 0x00, 0x81, 0x10,
    0xF8, 0x03, 0xFF, 0x88, 0x4F, 0x00, 0x29, 0x10, 0x74, 0x46, 0x01, 0x00, 0xF7, 0x03, 0xFF, 0x88,
    0x04, 0x20, 0x60, 0xFC, 0xFF, 0xBF, 0x04, 0x00, 0xF9, 0x02, 0xFF, 0x82, 0x4F, 0x00, 0x60, 0x04,
    0xFF, 0x81, 0x05, 0x30, 0x03, 0xFF, 0x82, 0x04, 0x20, 0xFC, 0x03, 0xFF, 0x82, 0xBF, 0x01, 0xA0,
    0x02, 0xFF, 0x82, 0x4F, 0x00, 0xF7, 0x04, 0xFF, 0x82, 0x6F, 0x00, 0xF7, 0x02, 0xFF, 0x81, 0x04,
    0x80, 0x05, 0xFF, 0x81, 0x07, 0x60, 0x02, 0xFF, 0x82, 0x4F, 0x00, 0xFA, 0x04, 0xFF, 0x82, 0x9F,
    0x00, 0xF4, 0x02, 0xFF, 0x81, 0x04, 0xA0, 0x05, 0xFF, 0x81, 0x09, 0x40, 0x02, 0xFF, 0x82, 0x4F,
    0x00, 0xF8, 0x04, 0xFF, 0x82, 0x7F, 0x00, 0xF6, 0x02, 0xFF, 0x81, 0x04, 0x70, 0x05, 0xFF, 0x81,
    0x06, 0x70, 0x02, 0xFF, 0x82, 0x4F, 0x00, 0xC1, 0x04, 0xFF, 0x82, 0x0B, 0x00, 0xFA, 0x02, 0xFF,
    0x82, 0x04, 0x00, 0xF6, 0x03, 0xFF, 0x82, 0x5F, 0x00, 0xF3, 0x02, 0xFF, 0x83, 0x4F, 0x00, 0x01,
    0xC6, 0x02, 0xFF, 0x82, 0x4B, 0x00, 0x90, 0x03, 0xFF, 0x87, 0x04, 0xA0, 0x01, 0x51, 0x67, 0x14,
    0x00, 0x70, 0x03, 0xFF, 0x83, 0x4F, 0x10, 0xBF, 0x03, 0x03, 0x00, 0x80, 0x81, 0x04, 0xFF, 0x86,
    0x04, 0xF4, 0xDF, 0x69, 0x13, 0x42, 0xC8, 0x53, 0xFF, 0x80, 0x0F, 0x7F, 0xFF, 0x0F, 0xFF, 0x84,
    0x7B, 0x24, 0x31, 0x85, 0xFC, 0x05, 0xFF, 0x81, 0xCF, 0x06, 0x03, 0x00, 0x81, 0x10, 0xF8, 0x04,
    0xFF, 0x87, 0xBF, 0x03, 0x00, 0x63, 0x67, 0x03, 0x00, 0xF6, 0x03, 0xFF, 0x83, 0xDF, 0x03, 0x20,
    0xF9, 0x02, 0xFF, 0x82, 0x2A, 0x00, 0xF8, 0x03, 0xFF, 0x82, 0x07, 0x20, 0xFC, 0x03, 0xFF, 0x81,
    0x3B, 0xB7, 0x03, 0xFF, 0x82, 0x1D, 0x00, 0xF9, 0x08, 0xFF, 0x82, 0x9F, 0x00, 0xF4, 0x09, 0xFF,
    0x81, 0x07, 0x70, 0x09, 0xFF, 0x82, 0x6F, 0x00, 0xF8, 0x09, 0xFF, 0x81, 0x06, 0x70, 0x09, 0xFF,
    0x82, 0x7F, 0x00, 0xF6, 0x09, 0xFF, 0x81, 0x09, 0x30, 0x09, 0xFF, 0x82, 0xCF, 0x00, 0xA0, 0x09,
    0xFF, 0x82, 0x6F, 0x00, 0xD2, 0x03, 0xFF, 0x82, 0xCF, 0x86, 0xFC, 0x03, 0xFF, 0x82, 0x2C, 0x00,
    0xA3, 0x02, 0xFF, 0x82, 0xAF, 0x04, 0x60, 0x04, 0xFF, 0x87, 0x2A, 0x00, 0x30, 0x76, 0x36, 0x00,
    0x40, 0xFD, 0x04, 0xFF, 0x80, 0x5B, 0x04, 0x00, 0x81, 0x71, 0xFD, 0x05, 0xFF, 0x84, 0xAF, 0x47,
    0x12, 0x53, 0xC8, 0x53, 0xFF, 0x80, 0x0F, 0x36, 0xFF, 0x81, 0x07, 0x70, 0x09, 0xFF, 0x82, 0x7F,
    0x00, 0xF7, 0x09, 0xFF, 0x81, 0x07, 0x70, 0x09, 0xFF, 0x82, 0x7F, 0x00, 0xF7, 0x09, 0xFF, 0x81,
    0x07, 0x70, 0x09, 0xFF, 0x82, 0x7F, 0x00, 0xF7, 0x09, 0xFF, 0x81, 0x07, 0x70, 0x09, 0xFF, 0x82,
    0x7F, 0x00, 0xF7, 0x04, 0xFF, 0x86, 0x7B, 0x24, 0x41, 0xA6, 0xFF, 0x07, 0x70, 0x03, 0xFF, 0x81,
    0xDF, 0x06, 0x03, 0x00, 0x83, 0x60, 0x7D, 0x00, 0xF7, 0x02, 0xFF, 0x88, 0xDF, 0x04, 0x00, 0x51,
    0x67, 0x03, 0x50, 0x07, 0x70, 0x03, 0xFF, 0x82, 0x07, 0x00, 0xD6, 0x02, 0xFF, 0x83, 0x3A, 0x10,
    0x00, 0xF7, 0x02, 0xFF, 0x82, 0x0C, 0x00, 0xF8, 0x03, 0xFF, 0x82, 0x3D, 0x00, 0x70, 0x02, 0xFF,
    0x82, 0x7F, 0x00, 0xD3, 0x04, 0xFF, 0x82, 0x0A, 0x00, 0xF7, 0x02, 0xFF, 0x81, 0x04, 0x80, 0x05,
    0xFF, 0x81, 0x03, 0x70, 0x02, 0xFF, 0x82, 0x1F, 0x00, 0xFA, 0x04, 0xFF, 0x86, 0x6F, 0x00, 0xF7,
    0xFF, 0xDF, 0x00, 0xC0, 0x05, 0xFF, 0x81, 0x07, 0x70, 0x02, 0xFF, 0x82, 0x0D, 0x00, 0xFC, 0x04,
    0xFF, 0x82, 0x7F, 0x00, 0xF7, 0x02, 0xFF, 0x81, 0x00, 0xA0, 0x05, 0xFF, 0x81, 0x06, 0x70, 0x02,
    0xFF, 0x82, 0x3F, 0x00, 0xF8, 0x04, 0xFF, 0x82, 0x3F, 0x00, 0xF7, 0x02, 0xFF, 0x82, 0x07, 0x30,
    0xFD, 0x03, 0xFF, 0x82, 0xAF, 0x00, 0x70, 0x02, 0xFF, 0x82, 0xBF, 0x00, 0x70, 0x03, 0xFF, 0x83,
    0xDF, 0x03, 0x00, 0xF7, 0x02, 0xFF, 0x88, 0x6F, 0x00, 0x60, 0xFD, 0xFF, 0xBF, 0x03, 0x01, 0x60,
    0x03, 0xFF, 0x88, 0x4D, 0x00, 0x10, 0x75, 0x46, 0x00, 0x94, 0x00, 0xF5, 0x03, 0xFF, 0x80, 0x6D,
    0x04, 0x00, 0x82, 0xD6, 0x0C, 0x20, 0x04, 0xFF, 0x87, 0xBF, 0x47, 0x11, 0x63, 0xFA, 0xFF, 0x03,
    0xD0, 0x51, 0xFF, 0x80, 0x0F, 0x7F, 0xFF, 0x0E, 0xFF, 0x84, 0xCF, 0x58, 0x12, 0x42, 0xB7, 0x06,
    0xFF, 0x81, 0x7D, 0x01, 0x03, 0x00, 0x81, 0x71, 0xFD, 0x04, 0xFF, 0x87, 0x5D, 0x00, 0x40, 0x87,
    0x57, 0x00, 0x50, 0xFD, 0x03, 0xFF, 0x82, 0x6F, 0x00, 0xB4, 0x02, 0xFF, 0x82, 0xBF, 0x04, 0x70,
    0x03, 0xFF, 0x82, 0xAF, 0x00, 0xC3, 0x03, 0xFF, 0x82, 0xDF, 0x03, 0xB0, 0x03, 0xFF, 0x81, 0x05,
    0x90, 0x04, 0xFF, 0x82, 0x9F, 0x00, 0xF7, 0x02, 0xFF, 0x82, 0x1D, 0x10, 0xFD, 0x04, 0xFF, 0x81,
    0x0D, 0x30, 0x02, 0xFF, 0x80, 0xBF, 0x08, 0x00, 0x80, 0xD0, 0x02, 0xFF, 0x80, 0x0A, 0x08, 0x00,
    0x84, 0xFD, 0xFF, 0xBF, 0x00, 0xC3, 0x06, 0xCC, 0x80, 0xFC, 0x02, 0xFF, 0x81, 0x0C, 0x10, 0x0A,
    0xFF, 0x81, 0x03, 0xB0, 0x09, 0xFF, 0x82, 0x7F, 0x00, 0xF6, 0x09, 0xFF, 0x82, 0x0B, 0x00, 0xFA,
    0x03, 0xFF, 0x81, 0x8D, 0xFC, 0x04, 0xFF, 0x82, 0x07, 0x10, 0xD7, 0x02, 0xFF, 0x82, 0x4C, 0x00,
    0xF6, 0x04, 0xFF, 0x86, 0x06, 0x00, 0x52, 0x77, 0x15, 0x00, 0xB2, 0x05, 0xFF, 0x80, 0x18, 0x04,
    0x00, 0x80, 0xC5, 0x06, 0xFF, 0x84, 0x8C, 0x25, 0x21, 0x64, 0xFA, 0x53, 0xFF, 0x80, 0x0F, 0x33,
    0xFF, 0x81, 0x6A, 0x13, 0x03, 0x00, 0x80, 0xFA, 0x05, 0xFF, 0x80, 0x0B, 0x04, 0x00, 0x80, 0xA0,
    0x05, 0xFF, 0x82, 0x6F, 0x00, 0x61, 0x03, 0x77, 0x80, 0xFB, 0x05, 0xFF, 0x81, 0x04, 0x90, 0x09,
    0xFF, 0x82, 0x3F, 0x00, 0xFB, 0x09, 0xFF, 0x81, 0x02, 0xB0, 0x09, 0xFF, 0x82, 0x2F, 0x00, 0xFB,
    0x09, 0xFF, 0x81, 0x02, 0xB0, 0x06, 0xFF, 0x80, 0x9F, 0x06, 0x00, 0x80, 0xC0, 0x04, 0xFF, 0x80,
    0x09, 0x06, 0x00, 0x80, 0xFC, 0x03, 0xFF, 0x80, 0xBF, 0x02, 0x88, 0x84, 0x18, 0x00, 0x87, 0x88,
    0xD8, 0x07, 0xFF, 0x81, 0x02, 0xB0, 0x09, 0xFF, 0x82, 0x2F, 0x00, 0xFB, 0x09, 0xFF, 0x81, 0x02,
    0xB0, 0x09, 0xFF, 0x82, 0x2F, 0x00, 0xFB, 0x09, 0xFF, 0x81, 0x02, 0xB0, 0x09, 0xFF, 0x82, 0x2F,
    0x00, 0xFB, 0x09, 0xFF, 0x81, 0x02, 0xB0, 0x09, 0xFF, 0x82, 0x2F, 0x00, 0xFB, 0x09, 0xFF, 0x81,
    0x02, 0xB0, 0x09, 0xFF, 0x82, 0x2F, 0x00, 0xFB, 0x09, 0xFF, 0x81, 0x02, 0xB0, 0x09, 0xFF, 0x82,
    0x2F, 0x00, 0xFB, 0x09, 0xFF, 0x81, 0x02, 0xB0, 0x09, 0xFF, 0x82, 0x2F, 0x00, 0xFB, 0x09, 0xFF,
    0x81, 0x02, 0xB0, 0x55, 0xFF, 0x80, 0x0F, 0x7F, 0xFF, 0x0E, 0xFF, 0x86, 0x7B, 0x24, 0x41, 0xA6,
    0xFF, 0x0D, 0x70, 0x04, 0xFF, 0x80, 0x07, 0x03, 0x00, 0x83, 0x60, 0xBD, 0x00, 0xF7, 0x03, 0xFF,
    0x87, 0x06, 0x00, 0x41, 0x66, 0x04, 0x50, 0x09, 0x70, 0x03, 0xFF, 0x82, 0x08, 0x00, 0xC5, 0x02,
    0xFF, 0x83, 0x4B, 0x20, 0x00, 0xF7, 0x02, 0xFF, 0x82, 0x2D, 0x00, 0xF6, 0x03, 0xFF, 0x82, 0x4D,
    0x00, 0x70, 0x02, 0xFF, 0x82, 0x9F, 0x00, 0xC2, 0x04, 0xFF, 0x82, 0x0A, 0x00, 0xF7, 0x02, 0xFF,
    0x81, 0x06, 0x70, 0x05, 0xFF, 0x81, 0x04, 0x70, 0x02, 0xFF, 0x82, 0x4F, 0x00, 0xF8, 0x04, 0xFF,
    0x82, 0x6F, 0x00, 0xF7, 0x02, 0xFF, 0x81, 0x03, 0xA0, 0x05, 0xFF, 0x81, 0x07, 0x70, 0x02, 0xFF,
    0x82, 0x3F, 0x00, 0xF9, 0x04, 0xFF, 0x82, 0x7F, 0x00, 0xF7, 0x02, 0xFF, 0x81, 0x05, 0x70, 0x05,
    0xFF, 0x81, 0x06, 0x70, 0x02, 0xFF, 0x82, 0x7F, 0x00, 0xF5, 0x04, 0xFF, 0x82, 0x2D, 0x00, 0xF7,
    0x02, 0xFF, 0x82, 0x0A, 0x00, 0xFA, 0x03, 0xFF, 0x82, 0x8F, 0x00, 0x70, 0x03, 0xFF, 0x82, 0x05,
    0x30, 0xFB, 0x02, 0xFF, 0x83, 0xAF, 0x01, 0x00, 0xF7, 0x02, 0xFF, 0x88, 0xBF, 0x01, 0x10, 0xA7,
    0xCC, 0x7A, 0x00, 0x04, 0x70, 0x03, 0xFF, 0x81, 0xAF, 0x01, 0x04, 0x00, 0x82, 0x78, 0x00, 0xF7,
    0x03, 0xFF, 0x81, 0xBF, 0x06, 0x02, 0x00, 0x83, 0x40, 0xFA, 0x07, 0x70, 0x05, 0xFF, 0x86, 0x9C,
    0x88, 0xB9, 0xFF, 0x7F, 0x00, 0xF7, 0x09, 0xFF, 0x81, 0x06, 0x80, 0x04, 0xFF, 0x80, 0xDF, 0x04,
    0xFF, 0x82, 0x3F, 0x00, 0xFA, 0x02, 0xFF, 0x82, 0xDF, 0x48, 0xF4, 0x03, 0xFF, 0x82, 0x9F, 0x00,
    0xD1, 0x03, 0xFF, 0x82, 0x3D, 0x00, 0xC6, 0x02, 0xFF, 0x82, 0x9F, 0x01, 0x70, 0x04, 0xFF, 0x87,
    0x0A, 0x00, 0x51, 0x77, 0x36, 0x00, 0x40, 0xFD, 0x04, 0xFF, 0x80, 0x2A, 0x04, 0x00, 0x81, 0x71,
    0xFD, 0x05, 0xFF, 0x84, 0x9D, 0x36, 0x12, 0x64, 0xC7, 0x03, 0xFF, 0x80, 0x0F, 0x2F, 0xFF, 0x82,
    0xAF, 0x00, 0xF4, 0x09, 0xFF, 0x81, 0x0A, 0x40, 0x09, 0xFF, 0x82, 0xAF, 0x00, 0xF4, 0x09, 0xFF,
    0x81, 0x0A, 0x40, 0x09, 0xFF, 0x82, 0xAF, 0x00, 0xF4, 0x09, 0xFF, 0x81, 0x0A, 0x40, 0x09, 0xFF,
    0x82, 0xAF, 0x00, 0xF4, 0x09, 0xFF, 0x81, 0x0A, 0x40, 0x09, 0xFF, 0x87, 0xAF, 0x00, 0xF4, 0xAF,
    0x46, 0x31, 0x76, 0xFD, 0x04, 0xFF, 0x82, 0x0A, 0x40, 0x6D, 0x03, 0x00, 0x81, 0x30, 0xFA, 0x03,
    0xFF, 0x88, 0xAF, 0x00, 0x54, 0x10, 0x74, 0x46, 0x00, 0x20, 0xFD, 0x03, 0xFF, 0x87, 0x0A, 0x00,
    0x40, 0xFB, 0xFF, 0x9F, 0x01, 0x70, 0x03, 0xFF, 0x83, 0xAF, 0x00, 0x20, 0xFD, 0x02, 0xFF, 0x82,
    0x7F, 0x00, 0xF3, 0x03, 0xFF, 0x82, 0x0A, 0x00, 0xF8, 0x03, 0xFF, 0x81, 0x0B, 0x10, 0x03, 0xFF,
    0x82, 0xAF, 0x00, 0xC0, 0x03, 0xFF, 0x82, 0xDF, 0x00, 0xC0, 0x03, 0xFF, 0x81, 0x0A, 0x10, 0x04,
    0xFF, 0x82, 0x2F, 0x00, 0xFB, 0x02, 0xFF, 0x82, 0xAF, 0x00, 0xF4, 0x04, 0xFF, 0x81, 0x02, 0xB0,
    0x03, 0xFF, 0x81, 0x0A, 0x40, 0x04, 0xFF, 0x82, 0x2F, 0x00, 0xFB, 0x02, 0xFF, 0x82, 0xAF, 0x00,
    0xF4, 0x04, 0xFF, 0x81, 0x02, 0xB0, 0x03, 0xFF, 0x81, 0x0A, 0x40, 0x04, 0xFF, 0x82, 0x2F, 0x00,
    0xFB, 0x02, 0xFF, 0x82, 0xAF, 0x00, 0xF4, 0x04, 0xFF, 0x81, 0x02, 0xB0, 0x03, 0xFF, 0x81, 0x0A,
    0x40, 0x04, 0xFF, 0x82, 0x2F, 0x00, 0xFB, 0x02, 0xFF, 0x82, 0xAF, 0x00, 0xF4, 0x04, 0xFF, 0x81,
    0x02, 0xB0, 0x03, 0xFF, 0x81, 0x0A, 0x40, 0x04, 0xFF, 0x82, 0x2F, 0x00, 0xFB, 0x02, 0xFF, 0x82,
    0xAF, 0x00, 0xF4, 0x04, 0xFF, 0x81, 0x02, 0xB0, 0x03, 0xFF, 0x81, 0x0A, 0x40, 0x04, 0xFF, 0x82,
    0x2F, 0x00, 0xFB, 0x51, 0xFF, 0x80, 0x0F, 0x32, 0xFF, 0x82, 0xCF, 0x15, 0xD6, 0x09, 0xFF, 0x82,
    0x06, 0x00, 0xF8, 0x08, 0xFF, 0x82, 0x5F, 0x00, 0x70, 0x09, 0xFF, 0x82, 0x09, 0x10, 0xFB, 0x09,
    0xFF, 0x81, 0x9B, 0xFC, 0x29, 0xFF, 0x80, 0x0C, 0x03, 0x00, 0x80, 0x90, 0x06, 0xFF, 0x80, 0xCF,
    0x04, 0x00, 0x80, 0xF9, 0x06, 0xFF, 0x80, 0x8D, 0x02, 0x88, 0x81, 0x03, 0x90, 0x09, 0xFF, 0x82,
    0x5F, 0x00, 0xF9, 0x09, 0xFF, 0x81, 0x05, 0x90, 0x09, 0xFF, 0x82, 0x5F, 0x00, 0xF9, 0x09, 0xFF,
    0x81, 0x05, 0x90, 0x09, 0xFF, 0x82, 0x5F, 0x00, 0xF9, 0x09, 0xFF, 0x81, 0x05, 0x90, 0x09, 0xFF,
    0x82, 0x5F, 0x00, 0xF9, 0x09, 0xFF, 0x81, 0x05, 0x90, 0x09, 0xFF, 0x82, 0x5F, 0x00, 0xF9, 0x09,
    0xFF, 0x81, 0x05, 0x90, 0x09, 0xFF, 0x82, 0x5F, 0x00, 0xF9, 0x09, 0xFF, 0x81, 0x05, 0x90, 0x06,
    0xFF, 0x80, 0x8F, 0x02, 0x88, 0x82, 0x38, 0x00, 0x87, 0x02, 0x88, 0x80, 0xFA, 0x02, 0xFF, 0x80,
    0xDF, 0x07, 0x00, 0x80, 0x60, 0x03, 0xFF, 0x80, 0x0D, 0x07, 0x00, 0x80, 0xF6, 0x51, 0xFF, 0x80,
    0x0F, 0x33, 0xFF, 0x82, 0x6D, 0x61, 0xFD, 0x08, 0xFF, 0x82, 0x7F, 0x00, 0x70, 0x09, 0xFF, 0x82,
    0x07, 0x00, 0xF6, 0x08, 0xFF, 0x82, 0xAF, 0x01, 0xA1, 0x09, 0xFF, 0x81, 0xCF, 0xB9, 0x29, 0xFF,
    0x80, 0xDF, 0x04, 0x00, 0x80, 0xF8, 0x06, 0xFF, 0x80, 0x0D, 0x03, 0x00, 0x80, 0x80, 0x07, 0xFF,
    0x02, 0x88, 0x82, 0x48, 0x00, 0xF8, 0x09, 0xFF, 0x81, 0x06, 0x80, 0x09, 0xFF, 0x82, 0x6F, 0x00,
    0xF8, 0x09, 0xFF, 0x81, 0x06, 0x80, 0x09, 0xFF, 0x82, 0x6F, 0x00, 0xF8, 0x09, 0xFF, 0x81, 0x06,
    0x80, 0x09, 0xFF, 0x82, 0x6F, 0x00, 0xF8, 0x09, 0xFF, 0x81, 0x06, 0x80, 0x09, 0xFF, 0x82, 0x6F,
    0x00, 0xF8, 0x09, 0xFF, 0x81, 0x06, 0x80, 0x09, 0xFF, 0x82, 0x6F, 0x00, 0xF8, 0x09, 0xFF, 0x81,
    0x06, 0x80, 0x09, 0xFF, 0x82, 0x6F, 0x00, 0xF8, 0x09, 0xFF, 0x81, 0x06, 0x80, 0x09, 0xFF, 0x82,
    0x6F, 0x00, 0xF8, 0x09, 0xFF, 0x81, 0x06, 0x80, 0x09, 0xFF, 0x82, 0x6F, 0x00, 0xF8, 0x09, 0xFF,
    0x81, 0x05, 0x90, 0x09, 0xFF, 0x82, 0x1D, 0x00, 0xFA, 0x05, 0xFF, 0x80, 0x79, 0x02, 0x77, 0x82,
    0x26, 0x00, 0xD2, 0x05, 0xFF, 0x80, 0x5F, 0x04, 0x00, 0x80, 0x80, 0x06, 0xFF, 0x80, 0x05, 0x02,
    0x00, 0x81, 0x21, 0x96, 0x10, 0xFF, 0x80, 0x0F, 0x30, 0xFF, 0x81, 0x09, 0x60, 0x09, 0xFF, 0x82,
    0x9F, 0x00, 0xF6, 0x09, 0xFF, 0x81, 0x09, 0x60, 0x09, 0xFF, 0x82, 0x9F, 0x00, 0xF6, 0x09, 0xFF,
    0x81, 0x09, 0x60, 0x09, 0xFF, 0x82, 0x9F, 0x00, 0xF6, 0x09, 0xFF, 0x81, 0x09, 0x60, 0x09, 0xFF,
    0x82, 0x9F, 0x00, 0xF6, 0x09, 0xFF, 0x81, 0x09, 0x60, 0x03, 0xFF, 0x82, 0xAF, 0x01, 0x70, 0x03,
    0xFF, 0x82, 0x9F, 0x00, 0xF6, 0x02, 0xFF, 0x82, 0xAF, 0x01, 0x70, 0x04, 0xFF, 0x81, 0x09, 0x60,
    0x02, 0xFF, 0x82, 0xAF, 0x01, 0x70, 0x04, 0xFF, 0x86, 0x9F, 0x00, 0xF6, 0xFF, 0xAF, 0x01, 0x70,
    0x05, 0xFF, 0x85, 0x09, 0x60, 0xFF, 0xAF, 0x01, 0x80, 0x05, 0xFF, 0x85, 0x9F, 0x00, 0xF6, 0xAF,
    0x01, 0x80, 0x06, 0xFF, 0x84, 0x09, 0x60, 0xAF, 0x01, 0x80, 0x06, 0xFF, 0x84, 0x9F, 0x00, 0xA6,
    0x01, 0x50, 0x07, 0xFF, 0x84, 0x09, 0x30, 0x01, 0x00, 0x90, 0x06, 0xFF, 0x80, 0x9F, 0x02, 0x00,
    0x82, 0x50, 0x00, 0xA1, 0x06, 0xFF, 0x85, 0x09, 0x00, 0x80, 0x5F, 0x00, 0xC2, 0x05, 0xFF, 0x86,
    0x9F, 0x00, 0x90, 0xFF, 0x3C, 0x00, 0xD5, 0x05, 0xFF, 0x81, 0x09, 0x60, 0x02, 0xFF, 0x82, 0x1B,
    0x00, 0xF7, 0x04, 0xFF, 0x82, 0x9F, 0x00, 0xF6, 0x02, 0xFF, 0x82, 0x09, 0x00, 0xF9, 0x04, 0xFF,
    0x81, 0x09, 0x60, 0x03, 0xFF, 0x82, 0x07, 0x10, 0xFA, 0x03, 0xFF, 0x82, 0x9F, 0x00, 0xF6, 0x03,
    0xFF, 0x82, 0x05, 0x20, 0xFC, 0x03, 0xFF, 0x81, 0x09, 0x60, 0x03, 0xFF, 0x83, 0xCF, 0x03, 0x40,
    0xFD, 0x02, 0xFF, 0x82, 0x9F, 0x00, 0xF6, 0x03, 0xFF, 0x82, 0xBF, 0x01, 0x70, 0x51, 0xFF, 0x80,
    0x0F, 0x2F, 0xFF, 0x80, 0xCF, 0x03, 0x00, 0x80, 0xC0, 0x07, 0xFF, 0x80, 0x0C, 0x03, 0x00, 0x80,
    0xFC, 0x06, 0xFF, 0x80, 0xDF, 0x02, 0x88, 0x81, 0x00, 0xC0, 0x09, 0xFF, 0x82, 0x1F, 0x00, 0xFC,
    0x09, 0xFF, 0x81, 0x01, 0xC0, 0x09, 0xFF, 0x82, 0x1F, 0x00, 0xFC, 0x09, 0xFF, 0x81, 0x01, 0xC0,
    0x09, 0xFF, 0x82, 0x1F, 0x00, 0xFC, 0x09, 0xFF, 0x81, 0x01, 0xC0, 0x09, 0xFF, 0x82, 0x1F, 0x00,
    0xFC, 0x09, 0xFF, 0x81, 0x01, 0xC0, 0x09, 0xFF, 0x82, 0x1F, 0x00, 0xFC, 0x09, 0xFF, 0x81, 0x01,
    0xC0, 0x09, 0xFF, 0x82, 0x1F, 0x00, 0xFC, 0x09, 0xFF, 0x81, 0x01, 0xC0, 0x09, 0xFF, 0x82, 0x1F,
    0x00, 0xFC, 0x09, 0xFF, 0x81, 0x01, 0xC0, 0x09, 0xFF, 0x82, 0x1F, 0x00, 0xFC, 0x09, 0xFF, 0x81,
    0x01, 0xC0, 0x09, 0xFF, 0x82, 0x1F, 0x00, 0xFC, 0x09, 0xFF, 0x81, 0x01, 0xC0, 0x09, 0xFF, 0x82,
    0x1F, 0x00, 0xFC, 0x09, 0xFF, 0x81, 0x02, 0xA0, 0x09, 0xFF, 0x82, 0x4F, 0x00, 0x72, 0x03, 0x77,
    0x80, 0xFA, 0x05, 0xFF, 0x80, 0x08, 0x04, 0x00, 0x80, 0x70, 0x05, 0xFF, 0x82, 0xDF, 0x48, 0x02,
    0x03, 0x00, 0x80, 0xF7, 0x51, 0xFF, 0x80, 0x0F, 0x7F, 0xFF, 0x0C, 0xFF, 0x88, 0x05, 0xF7, 0x49,
    0x21, 0xD7, 0xCF, 0x37, 0x41, 0xF8, 0x02, 0xFF, 0x82, 0x5F, 0x60, 0x08, 0x02, 0x00, 0x81, 0xC5,
    0x02, 0x02, 0x00, 0x80, 0xF7, 0x02, 0xFF, 0x94, 0x05, 0x01, 0x72, 0x06, 0x00, 0x02, 0x74, 0x04,
    0x00, 0xFB, 0xFF, 0x5F, 0x00, 0xD4, 0xFF, 0x08, 0x00, 0xF6, 0xFF, 0x06, 0x90, 0x02, 0xFF, 0x90,
    0x05, 0x90, 0xFF, 0xCF, 0x00, 0xC1, 0xFF, 0x9F, 0x00, 0xF7, 0xFF, 0x5F, 0x00, 0xFC, 0xFF, 0x1F,
    0x30, 0x02, 0xFF, 0x81, 0x0B, 0x70, 0x02, 0xFF, 0x81, 0x05, 0xF0, 0x02, 0xFF, 0x88, 0x01, 0xF5,
    0xFF, 0xBF, 0x00, 0xF7, 0xFF, 0x5F, 0x00, 0x02, 0xFF, 0x81, 0x1F, 0x50, 0x02, 0xFF, 0x81, 0x0B,
    0x70, 0x02, 0xFF, 0x81, 0x05, 0xF0, 0x02, 0xFF, 0x88, 0x01, 0xF5, 0xFF, 0xBF, 0x00, 0xF7, 0xFF,
    0x5F, 0x00, 0x02, 0xFF, 0x81, 0x1F, 0x50, 0x02, 0xFF, 0x81, 0x0B, 0x70, 0x02, 0xFF, 0x81, 0x05,
    0xF0, 0x02, 0xFF, 0x88, 0x01, 0xF5, 0xFF, 0xBF, 0x00, 0xF7, 0xFF, 0x5F, 0x00, 0x02, 0xFF, 0x81,
    0x1F, 0x50, 0x02, 0xFF, 0x81, 0x0B, 0x70, 0x02, 0xFF, 0x81, 0x05, 0xF0, 0x02, 0xFF, 0x88, 0x01,
    0xF5, 0xFF, 0xBF, 0x00, 0xF7, 0xFF, 0x5F, 0x00, 0x02, 0xFF, 0x81, 0x1F, 0x50, 0x02, 0xFF, 0x81,
    0x0B, 0x70, 0x02, 0xFF, 0x81, 0x05, 0xF0, 0x02, 0xFF, 0x88, 0x01, 0xF5, 0xFF, 0xBF, 0x00, 0xF7,
    0xFF, 0x5F, 0x00, 0x02, 0xFF, 0x81, 0x1F, 0x50, 0x02, 0xFF, 0x81, 0x0B, 0x70, 0x02, 0xFF, 0x81,
    0x05, 0xF0, 0x02, 0xFF, 0x88, 0x01, 0xF5, 0xFF, 0xBF, 0x00, 0xF7, 0xFF, 0x5F, 0x00, 0x02, 0xFF,
    0x81, 0x1F, 0x50, 0x02, 0xFF, 0x81, 0x0B, 0x70, 0x51, 0xFF, 0x80, 0x0F, 0x7F, 0xFF, 0x0C, 0xFF,
    0x87, 0xAF, 0x00, 0xFA, 0xAF, 0x46, 0x31, 0x76, 0xFD, 0x04, 0xFF, 0x82, 0x0A, 0x80, 0x6D, 0x03,
    0x00, 0x81, 0x30, 0xFA, 0x03, 0xFF, 0x88, 0xAF, 0x00, 0x56, 0x10, 0x74, 0x46, 0x00, 0x20, 0xFD,
    0x03, 0xFF, 0x87, 0x0A, 0x00, 0x40, 0xFB, 0xFF, 0x9F, 0x01, 0x70, 0x03, 0xFF, 0x83, 0xAF, 0x00,
    0x20, 0xFD, 0x02, 0xFF, 0x82, 0x7F, 0x00, 0xF3, 0x03, 0xFF, 0x82, 0x0A, 0x00, 0xF9, 0x03, 0xFF,
    0x81, 0x0B, 0x10, 0x03, 0xFF, 0x82, 0xAF, 0x00, 0xD0, 0x03, 0xFF, 0x82, 0xDF, 0x00, 0xC0, 0x03,
    0xFF, 0x81, 0x0A, 0x20, 0x04, 0xFF, 0x82, 0x1F, 0x00, 0xFB, 0x02, 0xFF, 0x82, 0xAF, 0x00, 0xF4,
    0x04, 0xFF, 0x81, 0x01, 0xB0, 0x03, 0xFF, 0x81, 0x0A, 0x50, 0x04, 0xFF, 0x82, 0x1F, 0x00, 0xFB,
    0x02, 0xFF, 0x82, 0xAF, 0x00, 0xF5, 0x04, 0xFF, 0x81, 0x01, 0xB0, 0x03, 0xFF, 0x81, 0x0A, 0x50,
    0x04, 0xFF, 0x82, 0x1F, 0x00, 0xFB, 0x02, 0xFF, 0x82, 0xAF, 0x00, 0xF5, 0x04, 0xFF, 0x81, 0x01,
    0xB0, 0x03, 0xFF, 0x81, 0x0A, 0x50, 0x04, 0xFF, 0x82, 0x1F, 0x00, 0xFB, 0x02, 0xFF, 0x82, 0xAF,
    0x00, 0xF5, 0x04, 0xFF, 0x81, 0x01, 0xB0, 0x03, 0xFF, 0x81, 0x0A, 0x50, 0x04, 0xFF, 0x82, 0x1F,
    0x00, 0xFB, 0x02, 0xFF, 0x82, 0xAF, 0x00, 0xF5, 0x04, 0xFF, 0x81, 0x01, 0xB0, 0x03, 0xFF, 0x81,
    0x0A, 0x50, 0x04, 0xFF, 0x82, 0x1F, 0x00, 0xFB, 0x51, 0xFF, 0x80, 0x0F, 0x7F, 0xFF, 0x0E, 0xFF,
    0x84, 0xBF, 0x47, 0x12, 0x52, 0xC8, 0x06, 0xFF, 0x80, 0x5C, 0x04, 0x00, 0x81, 0x71, 0xFD, 0x04,
    0xFF, 0x87, 0x2B, 0x00, 0x30, 0x76, 0x25, 0x00, 0x40, 0xFD, 0x03, 0xFF, 0x82, 0x2C, 0x00, 0xA3,
    0x02, 0xFF, 0x82, 0x8D, 0x01, 0x50, 0x03, 0xFF, 0x82, 0x6F, 0x00, 0xD2, 0x03, 0xFF, 0x82, 0xAF,
    0x00, 0x90, 0x02, 0xFF, 0x82, 0xCF, 0x00, 0xA0, 0x04, 0xFF, 0x82, 0x7F, 0x00, 0xF4, 0x02, 0xFF,
    0x81, 0x09, 0x30, 0x05, 0xFF, 0x86, 0x0C, 0x00, 0xFC, 0xFF, 0x7F, 0x00, 0xF6, 0x05, 0xFF, 0x81,
    0x01, 0xA0, 0x02, 0xFF, 0x81, 0x06, 0x70, 0x05, 0xFF, 0x86, 0x5F, 0x00, 0xF9, 0xFF, 0x6F, 0x00,
    0xF7, 0x05, 0xFF, 0x81, 0x05, 0x90, 0x02, 0xFF, 0x81, 0x07, 0x60, 0x05, 0xFF, 0x86, 0x1F, 0x00,
    0xFA, 0xFF, 0x9F, 0x00, 0xF3, 0x04, 0xFF, 0x82, 0xCF, 0x00, 0xC0, 0x02, 0xFF, 0x82, 0x0C, 0x00,
    0xFA, 0x04, 0xFF, 0x81, 0x07, 0x40, 0x03, 0xFF, 0x82, 0x06, 0x20, 0xFD, 0x03, 0xFF, 0x82, 0x0A,
    0x00, 0xF9, 0x02, 0xFF, 0x83, 0xCF, 0x02, 0x30, 0xFA, 0x02, 0xFF, 0x82, 0x18, 0x00, 0xF5, 0x03,
    0xFF, 0x87, 0xBF, 0x02, 0x00, 0x63, 0x67, 0x02, 0x00, 0xD4, 0x04, 0xFF, 0x81, 0xCF, 0x05, 0x03,
    0x00, 0x81, 0x10, 0xD7, 0x06, 0xFF, 0x84, 0x7B, 0x24, 0x21, 0x85, 0xFC, 0x53, 0xFF, 0x80, 0x0F,
    0x7F, 0xFF, 0x0C, 0xFF, 0x87, 0x4F, 0x40, 0xFF, 0x9F, 0x36, 0x21, 0x85, 0xFC, 0x04, 0xFF, 0x82,
    0x04, 0xF1, 0x4B, 0x03, 0x00, 0x81, 0x10, 0xF8, 0x03, 0xFF, 0x85, 0x4F, 0x00, 0x2A, 0x10, 0x74,
    0x46, 0x02, 0x00, 0x80, 0xF7, 0x03, 0xFF, 0x88, 0x04, 0x10, 0x60, 0xFC, 0xFF, 0xBF, 0x04, 0x00,
    0xF9, 0x02, 0xFF, 0x82, 0x4F, 0x00, 0x60, 0x03, 0xFF, 0x82, 0xDF, 0x05, 0x30, 0x03, 0xFF, 0x82,
    0x04, 0x10, 0xFC, 0x03, 0xFF, 0x82, 0xBF, 0x00, 0xA0, 0x02, 0xFF, 0x82, 0x4F, 0x00, 0xF7, 0x04,
    0xFF, 0x82, 0x6F, 0x00, 0xF7, 0x02, 0xFF, 0x81, 0x04, 0x80, 0x05, 0xFF, 0x81, 0x07, 0x60, 0x02,
    0xFF, 0x82, 0x4F, 0x00, 0xFA, 0x04, 0xFF, 0x82, 0x9F, 0x00, 0xF4, 0x02, 0xFF, 0x81, 0x04, 0xA0,
    0x05, 0xFF, 0x81, 0x09, 0x40, 0x02, 0xFF, 0x82, 0x4F, 0x00, 0xF8, 0x04, 0xFF, 0x82, 0x7F, 0x00,
    0xF6, 0x02, 0xFF, 0x81, 0x04, 0x70, 0x05, 0xFF, 0x81, 0x06, 0x70, 0x02, 0xFF, 0x82, 0x4F, 0x00,
    0xC1, 0x04, 0xFF, 0x82, 0x0B, 0x00, 0xFA, 0x02, 0xFF, 0x82, 0x04, 0x00, 0xF6, 0x03, 0xFF, 0x82,
    0x5D, 0x00, 0xF3, 0x02, 0xFF, 0x83, 0x4F, 0x00, 0x01, 0xC6, 0x02, 0xFF, 0x82, 0x4B, 0x00, 0x90,
    0x03, 0xFF, 0x87, 0x04, 0x80, 0x01, 0x51, 0x67, 0x14, 0x00, 0x70, 0x03, 0xFF, 0x83, 0x4F, 0x00,
    0xBA, 0x04, 0x03, 0x00, 0x80, 0x81, 0x04, 0xFF, 0x86, 0x04, 0xA0, 0xDF, 0x69, 0x13, 0x42, 0xC7,
    0x04, 0xFF, 0x82, 0x4F, 0x00, 0xFA, 0x09, 0xFF, 0x81, 0x04, 0xA0, 0x09, 0xFF, 0x82, 0x4F, 0x00,
    0xFA, 0x09, 0xFF, 0x81, 0x04, 0xA0, 0x09, 0xFF, 0x82, 0x4F, 0x00, 0xFA, 0x09, 0xFF, 0x81, 0x04,
    0xA0, 0x13, 0xFF, 0x80, 0x0F, 0x7F, 0xFF, 0x0E, 0xFF, 0x86, 0x7A, 0x13, 0x42, 0xB7, 0xFF, 0x09,
    0xA0, 0x03, 0xFF, 0x81, 0xDF, 0x06, 0x03, 0x00, 0x83, 0x81, 0x7F, 0x00, 0xFA, 0x02, 0xFF, 0x88,
    0xDF, 0x04, 0x00, 0x52, 0x67, 0x03, 0x70, 0x06, 0xA0, 0x03, 0xFF, 0x82, 0x06, 0x00, 0xD7, 0x02,
    0xFF, 0x83, 0x29, 0x10, 0x00, 0xFA, 0x02, 0xFF, 0x82, 0x0B, 0x00, 0xF8, 0x03, 0xFF, 0x82, 0x1B,
    0x00, 0xA0, 0x02, 0xFF, 0x82, 0x7F, 0x00, 0xD3, 0x04, 0xFF, 0x82, 0x07, 0x00, 0xFA, 0x02, 0xFF,
    0x81, 0x04, 0x80, 0x04, 0xFF, 0x82, 0xCF, 0x00, 0xA0, 0x02, 0xFF, 0x82, 0x1F, 0x00, 0xFA, 0x04,
    0xFF, 0x86, 0x1F, 0x00, 0xFA, 0xFF, 0xDF, 0x00, 0xC0, 0x05, 0xFF, 0x81, 0x04, 0xA0, 0x02, 0xFF,
    0x82, 0x0D, 0x00, 0xFC, 0x04, 0xFF, 0x82, 0x4F, 0x00, 0xFA, 0x02, 0xFF, 0x81, 0x01, 0xA0, 0x05,
    0xFF, 0x81, 0x01, 0xA0, 0x02, 0xFF, 0x82, 0x4F, 0x00, 0xF8, 0x04, 0xFF, 0x82, 0x0C, 0x00, 0xFA,
    0x02, 0xFF, 0x82, 0x07, 0x30, 0xFD, 0x03, 0xFF, 0x82, 0x7F, 0x00, 0xA0, 0x02, 0xFF, 0x82, 0xCF,
    0x01, 0x80, 0x03, 0xFF, 0x83, 0xBF, 0x01, 0x00, 0xFA, 0x02, 0xFF, 0x88, 0x8F, 0x00, 0x70, 0xFD,
    0xFF, 0x9F, 0x02, 0x01, 0xA0, 0x03, 0xFF, 0x88, 0x4D, 0x00, 0x20, 0x75, 0x36, 0x00, 0x47, 0x00,
    0xFA, 0x03, 0xFF, 0x80, 0x6D, 0x03, 0x00, 0x83, 0x10, 0xF8, 0x04, 0xA0, 0x04, 0xFF, 0x87, 0xAF,
    0x36, 0x21, 0x74, 0xFB, 0x4F, 0x00, 0xFA, 0x09, 0xFF, 0x81, 0x04, 0xA0, 0x09, 0xFF, 0x82, 0x4F,
    0x00, 0xF9, 0x09, 0xFF, 0x83, 0x06, 0x60, 0xFF, 0xFD, 0x07, 0xFF, 0x83, 0x8F, 0x00, 0x40, 0x65,
    0x08, 0xFF, 0x80, 0x2D, 0x02, 0x00, 0x80, 0xF5, 0x08, 0xFF, 0x82, 0x6C, 0x12, 0x83, 0x0B, 0xFF,
    0x80, 0x0F, 0x7F, 0xFF, 0x0D, 0xFF, 0x81, 0x6F, 0x50, 0x02, 0xFF, 0x83, 0x7B, 0x35, 0x11, 0x91,
    0x04, 0xFF, 0x83, 0x06, 0xF3, 0xCF, 0x06, 0x03, 0x00, 0x80, 0xF9, 0x03, 0xFF, 0x83, 0x6F, 0x00,
    0xBD, 0x02, 0x03, 0x00, 0x80, 0x90, 0x04, 0xFF, 0x87, 0x06, 0xA0, 0x03, 0x60, 0xB9, 0xFD, 0xAC,
    0xFB, 0x03, 0xFF, 0x83, 0x6F, 0x00, 0x02, 0xA3, 0x08, 0xFF, 0x82, 0x06, 0x00, 0xC1, 0x08, 0xFF,
    0x82, 0x6F, 0x00, 0x80, 0x09, 0xFF, 0x81, 0x06, 0x30, 0x09, 0xFF, 0x82, 0x6F, 0x00, 0xF7, 0x09,
    0xFF, 0x81, 0x06, 0x80, 0x09, 0xFF, 0x82, 0x6F, 0x00, 0xF9, 0x09, 0xFF, 0x81, 0x06, 0x90, 0x09,
    0xFF, 0x82, 0x6F, 0x00, 0xF9, 0x09, 0xFF, 0x81, 0x06, 0x90, 0x09, 0xFF, 0x82, 0x6F, 0x00, 0xF9,
    0x09, 0xFF, 0x81, 0x06, 0x90, 0x09, 0xFF, 0x82, 0x6F, 0x00, 0xF9, 0x09, 0xFF, 0x81, 0x06, 0x90,
    0x57, 0xFF, 0x80, 0x0F, 0x7F, 0xFF, 0x0E, 0xFF, 0x84, 0xBF, 0x57, 0x12, 0x42, 0xB7, 0x06, 0xFF,
    0x80, 0x5C, 0x04, 0x00, 0x81, 0x70, 0xFD, 0x04, 0xFF, 0x86, 0x3C, 0x00, 0x62, 0x88, 0x57, 0x00,
    0x50, 0x04, 0xFF, 0x82, 0x7F, 0x00, 0xD6, 0x02, 0xFF, 0x82, 0xBF, 0x03, 0x90, 0x04, 0xFF, 0x81,
    0x03, 0xC0, 0x03, 0xFF, 0x81, 0xBF, 0xC8, 0x04, 0xFF, 0x82, 0x4F, 0x00, 0xFA, 0x09, 0xFF, 0x82,
    0x07, 0x20, 0xD9, 0x08, 0xFF, 0x85, 0xDF, 0x03, 0x00, 0x51, 0x97, 0xFB, 0x06, 0xFF, 0x81, 0xCF,
    0x17, 0x03, 0x00, 0x81, 0x62, 0xFA, 0x06, 0xFF, 0x82, 0xAD, 0x57, 0x02, 0x02, 0x00, 0x80, 0xD6,
    0x08, 0xFF, 0x83, 0x9C, 0x06, 0x00, 0xF7, 0x09, 0xFF, 0x81, 0x0A, 0x10, 0x04, 0xFF, 0x81, 0xCF,
    0xFC, 0x04, 0xFF, 0x81, 0x04, 0xB0, 0x03, 0xFF, 0x81, 0x5B, 0x50, 0x04, 0xFF, 0x82, 0x2F, 0x00,
    0xFC, 0x02, 0xFF, 0x83, 0xDF, 0x03, 0x60, 0xFC, 0x02, 0xFF, 0x82, 0x7D, 0x00, 0xF4, 0x03, 0xFF,
    0x87, 0xAF, 0x01, 0x10, 0x76, 0x88, 0x26, 0x00, 0xB2, 0x04, 0xFF, 0x81, 0xCF, 0x05, 0x04, 0x00,
    0x80, 0xB4, 0x06, 0xFF, 0x84, 0x7B, 0x34, 0x21, 0x65, 0xFA, 0x53, 0xFF, 0x80, 0x0F, 0x54, 0xFF,
    0x82, 0x8F, 0x88, 0xFD, 0x09, 0xFF, 0x81, 0x02, 0xB0, 0x09, 0xFF, 0x82, 0x2F, 0x00, 0xFB, 0x09,
    0xFF, 0x81, 0x02, 0xB0, 0x09, 0xFF, 0x82, 0x2F, 0x00, 0xFB, 0x07, 0xFF, 0x80, 0x05, 0x06, 0x00,
    0x80, 0xF5, 0x03, 0xFF, 0x80, 0x5F, 0x06, 0x00, 0x80, 0x50, 0x04, 0xFF, 0x83, 0x89, 0x88, 0x01,
    0x70, 0x03, 0x88, 0x80, 0xFA, 0x05, 0xFF, 0x82, 0x2F, 0x00, 0xFB, 0x09, 0xFF, 0x81, 0x02, 0xB0,
    0x09, 0xFF, 0x82, 0x2F, 0x00, 0xFB, 0x09, 0xFF, 0x81, 0x02, 0xB0, 0x09, 0xFF, 0x82, 0x2F, 0x00,
    0xFB, 0x09, 0xFF, 0x81, 0x02, 0xB0, 0x09, 0xFF, 0x82, 0x2F, 0x00, 0xFB, 0x09, 0xFF, 0x81, 0x02,
    0xB0, 0x09, 0xFF, 0x82, 0x2F, 0x00, 0xFB, 0x09, 0xFF, 0x81, 0x02, 0xB0, 0x09, 0xFF, 0x82, 0x2F,
    0x00, 0xFB, 0x09, 0xFF, 0x81, 0x03, 0x90, 0x09, 0xFF, 0x82, 0x5F, 0x00, 0x62, 0x02, 0x77, 0x07,
    0xFF, 0x80, 0x0A, 0x03, 0x00, 0x80, 0xF1, 0x07, 0xFF, 0x83, 0x49, 0x02, 0x00, 0x10, 0x53, 0xFF,
    0x80, 0x0F, 0x7F, 0xFF, 0x0C, 0xFF, 0x82, 0xAF, 0x00, 0xF3, 0x03, 0xFF, 0x82, 0xAF, 0x00, 0xF4,
    0x03, 0xFF, 0x81, 0x0A, 0x30, 0x04, 0xFF, 0x81, 0x0A, 0x40, 0x03, 0xFF, 0x82, 0xAF, 0x00, 0xF3,
    0x03, 0xFF, 0x82, 0xAF, 0x00, 0xF4, 0x03, 0xFF, 0x81, 0x0A, 0x30, 0x04, 0xFF, 0x81, 0x0A, 0x40,
    0x03, 0xFF, 0x82, 0xAF, 0x00, 0xF3, 0x03, 0xFF, 0x82, 0xAF, 0x00, 0xF4, 0x03, 0xFF, 0x81, 0x0A,
    0x30, 0x04, 0xFF, 0x81, 0x0A, 0x40, 0x03, 0xFF, 0x82, 0xAF, 0x00, 0xF3, 0x03, 0xFF, 0x82, 0xAF,
    0x00, 0xF4, 0x03, 0xFF, 0x81, 0x0A, 0x30, 0x04, 0xFF, 0x81, 0x0A, 0x40, 0x03, 0xFF, 0x82, 0xAF,
    0x00, 0xF3, 0x03, 0xFF, 0x82, 0xAF, 0x00, 0xF4, 0x03, 0xFF, 0x81, 0x0A, 0x30, 0x04, 0xFF, 0x81,
    0x0A, 0x40, 0x03, 0xFF, 0x82, 0xAF, 0x00, 0xF2, 0x03, 0xFF, 0x82, 0x9F, 0x00, 0xF4, 0x03, 0xFF,
    0x81, 0x0B, 0x10, 0x04, 0xFF, 0x81, 0x08, 0x40, 0x03, 0xFF, 0x82, 0xCF, 0x00, 0xC0, 0x03, 0xFF,
    0x82, 0x5F, 0x00, 0xF4, 0x03, 0xFF, 0x82, 0x1F, 0x00, 0xF8, 0x02, 0xFF, 0x82, 0xAF, 0x00, 0x40,
    0x04, 0xFF, 0x87, 0x06, 0x20, 0xFA, 0xFF, 0x9F, 0x02, 0x00, 0xF4, 0x03, 0xFF, 0x87, 0xBF, 0x00,
    0x10, 0x75, 0x46, 0x00, 0x08, 0x40, 0x04, 0xFF, 0x81, 0x9F, 0x02, 0x03, 0x00, 0x82, 0xF8, 0x02,
    0xF4, 0x04, 0xFF, 0x86, 0xCF, 0x37, 0x11, 0x74, 0xFB, 0x5F, 0x40, 0x52, 0xFF, 0x80, 0x0F, 0x7F,
    0xFF, 0x0C, 0xFF, 0x81, 0x06, 0x70, 0x05, 0xFF, 0x86, 0x4F, 0x00, 0xF9, 0xFF, 0xBF, 0x00, 0xD1,
    0x04, 0xFF, 0x82, 0xAF, 0x00, 0xD2, 0x02, 0xFF, 0x82, 0x5F, 0x00, 0xF8, 0x04, 0xFF, 0x81, 0x06,
    0x80, 0x03, 0xFF, 0x81, 0x09, 0x40, 0x04, 0xFF, 0x82, 0x1C, 0x10, 0xFC, 0x02, 0xFF, 0x82, 0xDF,
    0x02, 0xA0, 0x03, 0xFF, 0x82, 0x8F, 0x00, 0xF6, 0x03, 0xFF, 0x82, 0x8F, 0x00, 0xF6, 0x03, 0xFF,
    0x81, 0x03, 0xB0, 0x04, 0xFF, 0x82, 0x1C, 0x10, 0xFC, 0x02, 0xFF, 0x81, 0x0A, 0x40, 0x05, 0xFF,
    0x81, 0x06, 0x80, 0x02, 0xFF, 0x82, 0x6F, 0x00, 0xF9, 0x04, 0xFF, 0x86, 0xBF, 0x00, 0xF2, 0xFF,
    0xCF, 0x01, 0xD2, 0x05, 0xFF, 0x85, 0x4F, 0x00, 0xFA, 0xFF, 0x08, 0x80, 0x06, 0xFF, 0x85, 0x09,
    0x50, 0xFF, 0x3F, 0x10, 0xFC, 0x05, 0xFF, 0x85, 0xDF, 0x02, 0xB0, 0xAF, 0x00, 0xF6, 0x06, 0xFF,
    0x84, 0x8F, 0x00, 0xF7, 0x06, 0xB0, 0x07, 0xFF, 0x83, 0x1C, 0x20, 0x0B, 0x50, 0x08, 0xFF, 0x83,
    0x06, 0x30, 0x00, 0xF9, 0x07, 0xFF, 0x80, 0xBF, 0x02, 0x00, 0x80, 0xD2, 0x08, 0xFF, 0x82, 0x4F,
    0x00, 0x80, 0x09, 0xFF, 0x82, 0x09, 0x10, 0xFC, 0x54, 0xFF, 0x80, 0x0F, 0x7F, 0xFF, 0x0B, 0xFF,
    0x81, 0x3F, 0x30, 0x02, 0xFF, 0x82, 0xDF, 0x00, 0xF4, 0x02, 0xFF, 0x84, 0x0C, 0x70, 0xFF, 0x07,
    0xC0, 0x02, 0xFF, 0x8D, 0x0A, 0x00, 0xFD, 0xFF, 0xAF, 0x00, 0xF9, 0x9F, 0x00, 0xF9, 0xFF, 0x8F,
    0x00, 0xA0, 0x02, 0xFF, 0x84, 0x07, 0xC0, 0xFF, 0x0C, 0x70, 0x02, 0xFF, 0x85, 0x06, 0x01, 0xF8,
    0xFF, 0x5F, 0x30, 0x02, 0xFF, 0x85, 0x03, 0xF5, 0xFF, 0x2F, 0x70, 0x50, 0x02, 0xFF, 0x8C, 0x02,
    0xF6, 0xFF, 0x6F, 0x10, 0xFD, 0xCF, 0x20, 0x0B, 0xF1, 0xFF, 0x0B, 0x90, 0x02, 0xFF, 0x94, 0x09,
    0xA0, 0xFF, 0x09, 0xF6, 0x02, 0xFB, 0x9F, 0x00, 0xFB, 0xFF, 0xBF, 0x00, 0xF8, 0x7F, 0x80, 0x6F,
    0x80, 0xFF, 0x07, 0xF2, 0x02, 0xFF, 0x88, 0x2F, 0x60, 0xFF, 0x04, 0xFA, 0x08, 0xF6, 0x4F, 0x60,
    0x03, 0xFF, 0x88, 0x06, 0xF2, 0x1D, 0xD1, 0xAF, 0x30, 0xDF, 0x00, 0xF8, 0x02, 0xFF, 0x88, 0x8F,
    0x00, 0xAC, 0x50, 0xFF, 0x1D, 0xC0, 0x0A, 0xB0, 0x03, 0xFF, 0x87, 0x0B, 0x90, 0x08, 0xF7, 0xFF,
    0x04, 0x8A, 0x20, 0x04, 0xFF, 0x87, 0x02, 0x67, 0xA0, 0xFF, 0x7F, 0x70, 0x06, 0xF6, 0x03, 0xFF,
    0x87, 0x6F, 0x40, 0x02, 0xFC, 0xFF, 0x09, 0x24, 0x80, 0x04, 0xFF, 0x84, 0x08, 0x00, 0xF3, 0xFF,
    0xCF, 0x02, 0x00, 0x80, 0xFB, 0x03, 0xFF, 0x82, 0xAF, 0x00, 0x60, 0x02, 0xFF, 0x82, 0x3F, 0x00,
    0xF1, 0x04, 0xFF, 0x82, 0x1F, 0x00, 0xF9, 0x02, 0xFF, 0x81, 0x06, 0x50, 0x05, 0xFF, 0x81, 0x05,
    0xB0, 0x02, 0xFF, 0x82, 0x9F, 0x00, 0xF8, 0x52, 0xFF, 0x80, 0x0F, 0x7F, 0xFF, 0x0C, 0xFF, 0x82,
    0x4D, 0x00, 0xF6, 0x03, 0xFF, 0x82, 0xDF, 0x04, 0x60, 0x03, 0xFF, 0x82, 0x2B, 0x00, 0xF9, 0x03,
    0xFF, 0x82, 0x06, 0x40, 0xFD, 0x03, 0xFF, 0x82, 0x0A, 0x10, 0xFB, 0x02, 0xFF, 0x82, 0x09, 0x20,
    0xFB, 0x04, 0xFF, 0x86, 0x07, 0x30, 0xFD, 0xFF, 0x1B, 0x00, 0xFA, 0x05, 0xFF, 0x85, 0x05, 0x60,
    0xFF, 0x3D, 0x00, 0xF7, 0x05, 0xFF, 0x85, 0xCF, 0x02, 0x80, 0x5F, 0x00, 0xF5, 0x06, 0xFF, 0x84,
    0xAF, 0x01, 0x60, 0x00, 0xC2, 0x07, 0xFF, 0x80, 0x8F, 0x02, 0x00, 0x80, 0xA0, 0x08, 0xFF, 0x82,
    0x6F, 0x00, 0x80, 0x08, 0xFF, 0x83, 0xCF, 0x02, 0x00, 0xF5, 0x07, 0xFF, 0x81, 0xDF, 0x04, 0x02,
    0x00, 0x80, 0xF7, 0x07, 0xFF, 0x84, 0x07, 0x40, 0x1A, 0x00, 0xF9, 0x06, 0xFF, 0x85, 0x09, 0x10,
    0xFB, 0x08, 0x10, 0xFB, 0x05, 0xFF, 0x86, 0x1B, 0x00, 0xF9, 0xFF, 0x06, 0x40, 0xFD, 0x04, 0xFF,
    0x86, 0x3D, 0x00, 0xF7, 0xFF, 0xDF, 0x04, 0x60, 0x04, 0xFF, 0x82, 0x6F, 0x00, 0xF5, 0x02, 0xFF,
    0x82, 0xBF, 0x01, 0x90, 0x03, 0xFF, 0x82, 0x8F, 0x00, 0xC2, 0x03, 0xFF, 0x82, 0x9F, 0x00, 0xB1,
    0x02, 0xFF, 0x82, 0xAF, 0x01, 0xA0, 0x04, 0xFF, 0x82, 0x7F, 0x00, 0xD3, 0x51, 0xFF, 0x80, 0x0F,
    0x7F, 0xFF, 0x0C, 0xFF, 0x81, 0x06, 0x60, 0x05, 0xFF, 0x86, 0x2D, 0x00, 0xF9, 0xFF, 0xBF, 0x00,
    0xC1, 0x04, 0xFF, 0x82, 0x9F, 0x00, 0xD2, 0x02, 0xFF, 0x82, 0x5F, 0x00, 0xF7, 0x04, 0xFF, 0x81,
    0x05, 0x80, 0x03, 0xFF, 0x82, 0x09, 0x20, 0xFD, 0x03, 0xFF, 0x82, 0x0B, 0x10, 0xFC, 0x03, 0xFF,
    0x81, 0x03, 0x90, 0x03, 0xFF, 0x82, 0x7F, 0x00, 0xF7, 0x03, 0xFF, 0x82, 0x8F, 0x00, 0xF5, 0x02,
    0xFF, 0x82, 0xDF, 0x02, 0xB0, 0x04, 0xFF, 0x82, 0x1D, 0x00, 0xFB, 0x02, 0xFF, 0x81, 0x09, 0x50,
    0x05, 0xFF, 0x81, 0x07, 0x70, 0x02, 0xFF, 0x82, 0x5F, 0x00, 0xFA, 0x04, 0xFF, 0x86, 0xBF, 0x00,
    0xD1, 0xFF, 0xBF, 0x00, 0xF3, 0x05, 0xFF, 0x85, 0x5F, 0x00, 0xF8, 0xFF, 0x07, 0x90, 0x06, 0xFF,
    0x85, 0x0A, 0x40, 0xFF, 0x1D, 0x20, 0xFD, 0x06, 0xFF, 0x84, 0x03, 0xA0, 0x9F, 0x00, 0xF7, 0x06,
    0xFF, 0x84, 0x8F, 0x00, 0xF6, 0x04, 0xC1, 0x07, 0xFF, 0x83, 0x2D, 0x10, 0x0A, 0x60, 0x08, 0xFF,
    0x83, 0x07, 0x10, 0x00, 0xFB, 0x07, 0xFF, 0x80, 0xCF, 0x02, 0x00, 0x80, 0xF5, 0x08, 0xFF, 0x82,
    0x6F, 0x00, 0x90, 0x09, 0xFF, 0x81, 0x0A, 0x30, 0x09, 0xFF, 0x82, 0x8F, 0x00, 0xF8, 0x09, 0xFF,
    0x81, 0x03, 0xD1, 0x09, 0xFF, 0x81, 0x08, 0x70, 0x07, 0xFF, 0x84, 0x89, 0x88, 0x06, 0x10, 0xFC,
    0x06, 0xFF, 0x80, 0x5F, 0x03, 0x00, 0x80, 0xF9, 0x07, 0xFF, 0x83, 0x05, 0x10, 0x53, 0xFA, 0x11,
    0xFF, 0x80, 0x0F, 0x7F, 0xFF, 0x0C, 0xFF, 0x80, 0xAF, 0x07, 0x00, 0x80, 0xA0, 0x03, 0xFF, 0x80,
    0x0A, 0x07, 0x00, 0x80, 0xFA, 0x02, 0xFF, 0x80, 0xCF, 0x05, 0x77, 0x82, 0x17, 0x00, 0xB0, 0x08,
    0xFF, 0x82, 0x7F, 0x00, 0x80, 0x08, 0xFF, 0x82, 0x8F, 0x00, 0x80, 0x08, 0xFF, 0x82, 0x8F, 0x00,
    0x70, 0x08, 0xFF, 0x82, 0x9F, 0x00, 0x60, 0x08, 0xFF, 0x83, 0xAF, 0x01, 0x60, 0xFD, 0x07, 0xFF,
    0x83, 0xAF, 0x01, 0x50, 0xFD, 0x07, 0xFF, 0x83, 0xBF, 0x02, 0x40, 0xFD, 0x07, 0xFF, 0x83, 0xCF,
    0x02, 0x30, 0xFC, 0x07, 0xFF, 0x83, 0xCF, 0x03, 0x20, 0xFB, 0x07, 0xFF, 0x83, 0xDF, 0x04, 0x20,
    0xFB, 0x07, 0xFF, 0x83, 0xDF, 0x05, 0x10, 0xFA, 0x08, 0xFF, 0x82, 0x06, 0x10, 0xFA, 0x08, 0xFF,
    0x82, 0x08, 0x00, 0x74, 0x05, 0x77, 0x80, 0xF9, 0x02, 0xFF, 0x80, 0x7F, 0x07, 0x00, 0x80, 0x60,
    0x03, 0xFF, 0x80, 0x07, 0x07, 0x00, 0x80, 0xF6, 0x51, 0xFF, 0x80, 0x0F, 0x32, 0xFF, 0x84, 0xAF,
    0x35, 0x01, 0x00, 0xB0, 0x06, 0xFF, 0x80, 0xBF, 0x04, 0x00, 0x80, 0xFB, 0x06, 0xFF, 0x81, 0x07,
    0x40, 0x02, 0x88, 0x80, 0xC8, 0x06, 0xFF, 0x82, 0x6F, 0x00, 0xFA, 0x09, 0xFF, 0x81, 0x05, 0xB0,
    0x09, 0xFF, 0x82, 0x5F, 0x00, 0xFB, 0x09, 0xFF, 0x81, 0x05, 0xB0, 0x09, 0xFF, 0x82, 0x5F, 0x00,
    0xFB, 0x09, 0xFF, 0x81, 0x05, 0xB0, 0x09, 0xFF, 0x82, 0x5F, 0x00, 0xFB, 0x09, 0xFF, 0x81, 0x05,
    0xB0, 0x09, 0xFF, 0x82, 0x4F, 0x00, 0xFB, 0x09, 0xFF, 0x81, 0x03, 0xD0, 0x09, 0xFF, 0x81, 0x0B,
    0x30, 0x08, 0xFF, 0x83, 0x9D, 0x27, 0x00, 0xF8, 0x07, 0xFF, 0x83, 0xCF, 0x00, 0x30, 0xF9, 0x08,
    0xFF, 0x82, 0x0C, 0x00, 0x93, 0x08, 0xFF, 0x83, 0xDF, 0x79, 0x01, 0x80, 0x09, 0xFF, 0x82, 0xAF,
    0x00, 0xF3, 0x09, 0xFF, 0x82, 0x3F, 0x00, 0xFD, 0x09, 0xFF, 0x81, 0x04, 0xB0, 0x09, 0xFF, 0x82,
    0x5F, 0x00, 0xFB, 0x09, 0xFF, 0x81, 0x05, 0xB0, 0x09, 0xFF, 0x82, 0x5F, 0x00, 0xFB, 0x09, 0xFF,
    0x81, 0x05, 0xB0, 0x09, 0xFF, 0x82, 0x5F, 0x00, 0xFB, 0x09, 0xFF, 0x81, 0x05, 0xB0, 0x09, 0xFF,
    0x82, 0x5F, 0x00, 0xFB, 0x09, 0xFF, 0x81, 0x06, 0xA0, 0x09, 0xFF, 0x82, 0x7F, 0x00, 0x84, 0x02,
    0x88, 0x80, 0xFC, 0x06, 0xFF, 0x80, 0x0B, 0x03, 0x00, 0x80, 0xB0, 0x07, 0xFF, 0x81, 0x5A, 0x13,
    0x02, 0x00, 0x80, 0xFB, 0x0D, 0xFF, 0x80, 0x0F, 0x04, 0xFF, 0x82, 0xBF, 0x11, 0xF3, 0x09, 0xFF,
    0x81, 0x0B, 0x30, 0x09, 0xFF, 0x82, 0xBF, 0x00, 0xF3, 0x09, 0xFF, 0x81, 0x0B, 0x30, 0x09, 0xFF,
    0x82, 0xBF, 0x00, 0xF3, 0x09, 0xFF, 0x81, 0x0B, 0x30, 0x09, 0xFF, 0x82, 0xBF, 0x00, 0xF3, 0x09,
    0xFF, 0x81, 0x0B, 0x30, 0x09, 0xFF, 0x82, 0xBF, 0x00, 0xF3, 0x09, 0xFF, 0x81, 0x0B, 0x30, 0x09,
    0xFF, 0x82, 0xBF, 0x00, 0xF3, 0x09, 0xFF, 0x81, 0x0B, 0x30, 0x09, 0xFF, 0x82, 0xBF, 0x00, 0xF3,
    0x09, 0xFF, 0x81, 0x0B, 0x30, 0x09, 0xFF, 0x82, 0xBF, 0x00, 0xF3, 0x09, 0xFF, 0x81, 0x0B, 0x30,
    0x09, 0xFF, 0x82, 0xBF, 0x00, 0xF3, 0x09, 0xFF, 0x81, 0x0B, 0x30, 0x09, 0xFF, 0x82, 0xBF, 0x00,
    0xF3, 0x09, 0xFF, 0x81, 0x0B, 0x30, 0x09, 0xFF, 0x82, 0xBF, 0x00, 0xF3, 0x09, 0xFF, 0x81, 0x0B,
    0x30, 0x09, 0xFF, 0x82, 0xBF, 0x00, 0xF3, 0x09, 0xFF, 0x81, 0x0B, 0x30, 0x09, 0xFF, 0x82, 0xBF,
    0x00, 0xF3, 0x09, 0xFF, 0x81, 0x0B, 0x30, 0x09, 0xFF, 0x82, 0xBF, 0x00, 0xF3, 0x09, 0xFF, 0x81,
    0x0B, 0x30, 0x09, 0xFF, 0x82, 0xBF, 0x00, 0xF3, 0x09, 0xFF, 0x81, 0x0B, 0x30, 0x09, 0xFF, 0x82,
    0xBF, 0x00, 0xF3, 0x09, 0xFF, 0x81, 0x0B, 0x30, 0x09, 0xFF, 0x82, 0xBF, 0x00, 0xF3, 0x09, 0xFF,
    0x81, 0x0B, 0x30, 0x09, 0xFF, 0x82, 0xBF, 0x00, 0xF3, 0x09, 0xFF, 0x81, 0x0B, 0x30, 0x10, 0xFF,
    0x80, 0x0F, 0x30, 0xFF, 0x80, 0x8F, 0x02, 0x00, 0x81, 0x31, 0xC6, 0x07, 0xFF, 0x80, 0x08, 0x03,
    0x00, 0x80, 0xD3, 0x06, 0xFF, 0x80, 0xBF, 0x02, 0x88, 0x82, 0x27, 0x00, 0xF9, 0x09, 0xFF, 0x81,
    0x07, 0x80, 0x09, 0xFF, 0x82, 0x8F, 0x00, 0xF8, 0x09, 0xFF, 0x81, 0x08, 0x80, 0x09, 0xFF, 0x82,
    0x8F, 0x00, 0xF8, 0x09, 0xFF, 0x81, 0x08, 0x80, 0x09, 0xFF, 0x82, 0x8F, 0x00, 0xF8, 0x09, 0xFF,
    0x81, 0x08, 0x80, 0x09, 0xFF, 0x82, 0x8F, 0x00, 0xF8, 0x09, 0xFF, 0x81, 0x08, 0x70, 0x09, 0xFF,
    0x82, 0x9F, 0x00, 0xF7, 0x09, 0xFF, 0x82, 0x0B, 0x20, 0xFD, 0x09, 0xFF, 0x82, 0x06, 0x30, 0xA8,
    0x08, 0xFF, 0x83, 0xDF, 0x17, 0x00, 0xF3, 0x08, 0xFF, 0x82, 0x7D, 0x01, 0x30, 0x08, 0xFF, 0x83,
    0x6F, 0x00, 0x83, 0xFA, 0x07, 0xFF, 0x82, 0xBF, 0x00, 0xD2, 0x09, 0xFF, 0x81, 0x09, 0x70, 0x09,
    0xFF, 0x82, 0x8F, 0x00, 0xF7, 0x09, 0xFF, 0x81, 0x08, 0x80, 0x09, 0xFF, 0x82, 0x8F, 0x00, 0xF8,
    0x09, 0xFF, 0x81, 0x08, 0x80, 0x09, 0xFF, 0x82, 0x8F, 0x00, 0xF8, 0x09, 0xFF, 0x81, 0x08, 0x80,
    0x09, 0xFF, 0x82, 0x8F, 0x00, 0xF8, 0x09, 0xFF, 0x81, 0x08, 0x80, 0x09, 0xFF, 0x82, 0x7F, 0x00,
    0xF8, 0x06, 0xFF, 0x80, 0x8B, 0x02, 0x88, 0x81, 0x02, 0x90, 0x06, 0xFF, 0x80, 0x8F, 0x03, 0x00,
    0x81, 0x30, 0xFD, 0x06, 0xFF, 0x84, 0x08, 0x00, 0x10, 0x63, 0xFC, 0x0F, 0xFF, 0x80, 0x0F, 0x7F,
    0xFF, 0x4D, 0xFF, 0x80, 0xDC, 0x04, 0xFF, 0x83, 0x9F, 0x36, 0x75, 0xFB, 0x02, 0xFF, 0x81, 0x6F,
    0x61, 0x03, 0xFF, 0x80, 0x6F, 0x03, 0x00, 0x84, 0x95, 0xFD, 0xCF, 0x01, 0xF7, 0x02, 0xFF, 0x80,
    0x8F, 0x04, 0x00, 0x83, 0x10, 0x65, 0x02, 0xA0, 0x03, 0xFF, 0x83, 0x04, 0xA2, 0xBD, 0x38, 0x03,
    0x00, 0x80, 0x50, 0x03, 0xFF, 0x81, 0x0D, 0x80, 0x02, 0xFF, 0x84, 0xAF, 0x16, 0x00, 0x71, 0xFD,
    0x03, 0xFF, 0x81, 0x7A, 0xFB, 0x03, 0xFF, 0x81, 0xBF, 0xDA, 0x7F, 0xFF, 0x19, 0xFF, 0x80, 0x0F,
};
// clang-format on
