// Copyright 2026 QMK -- generated source code only, font retains original copyright
// SPDX-License-Identifier: GPL-2.0-or-later

// This file was auto-generated by `painter-convert-font-image` with arguments:
//    format         | pal16
//    unicode_glyphs | 
//    output         | fonts
//    input          | semibold36.png

// Font's metadata
// ---------------
// Glyphs:  , !, ", #, $, %, &, ', (, ), *, +, ,, -, ., /, 0, 1, 2, 3, 4, 5, 6, 7, 8, 9, :, ;, <, =, >, ?, @, A, B, C, D, E, F, G, H, I, J, K, L, M, N, O, P, Q, R, S, T, U, V, W, X, Y, Z, [, \, ], ^, _, `, a, b, c, d, e, f, g, h, i, j, k, l, m, n, o, p, q, r, s, t, u, v, w, x, y, z, {, |, }, ~

#include <qp.h>

const uint32_t font_semibold36_length = 20042;

// clang-format off
const uint8_t font_semibold36[20042] = {
    0x00, 0xFF, 0x14, 0x00, 0x00, 0x51, 0x46, 0x46, 0x01, 0x4A, 0x4E, 0x00, 0x00, 0xB5, 0xB1, 0xFF,
    0xFF, 0x25, 0x01, 0x00, 0x00, 0x06, 0x00, 0x01, 0xFF, 0x01, 0xFE, 0x1D, 0x01, 0x00, 0x17, 0x00,
    0x00, 0x97, 0x02, 0x00, 0x57, 0x27, 0x00, 0x57, 0x3F, 0x00, 0xD7, 0x79, 0x00, 0x57, 0xC1, 0x00,
    0x17, 0x06, 0x01, 0x17, 0x4F, 0x01, 0x97, 0x5E, 0x01, 0x17, 0x95, 0x01, 0x17, 0xCC, 0x01, 0x17,
    0xE7, 0x01, 0x97, 0x06, 0x02, 0x57, 0x1D, 0x02, 0x57, 0x27, 0x02, 0x57, 0x35, 0x02, 0x97, 0x65,
    0x02, 0x57, 0xAD, 0x02, 0xD7, 0xDA, 0x02, 0x97, 0x0E, 0x03, 0xD7, 0x47, 0x03, 0x57, 0x79, 0x03,
    0xD7, 0xB4, 0x03, 0x57, 0xF7, 0x03, 0x57, 0x22, 0x04, 0x97, 0x63, 0x04, 0x57, 0x9D, 0x04, 0x17,
    0xB7, 0x04, 0x57, 0xD9, 0x04, 0x17, 0x00, 0x05, 0x97, 0x0F, 0x05, 0x57, 0x37, 0x05, 0x57, 0x68,
    0x05, 0xD7, 0xAD, 0x05, 0x97, 0xE7, 0x05, 0xD7, 0x2B, 0x06, 0x57, 0x63, 0x06, 0xD7, 0xA6, 0x06,
    0x57, 0xD6, 0x06, 0x57, 0x04, 0x07, 0x97, 0x46, 0x07, 0x97, 0x85, 0x07, 0x97, 0xB0, 0x07, 0x17,
    0xE5, 0x07, 0xD7, 0x2B, 0x08, 0x57, 0x53, 0x08, 0x97, 0x9D, 0x08, 0x57, 0xEA, 0x08, 0x57, 0x2E,
    0x09, 0x17, 0x66, 0x09, 0x17, 0xAE, 0x09, 0x17, 0xF4, 0x09, 0x57, 0x31, 0x0A, 0x57, 0x58, 0x0A,
    0x17, 0xA0, 0x0A, 0xD7, 0xDE, 0x0A, 0x57, 0x29, 0x0B, 0x97, 0x6B, 0x0B, 0x97, 0xA1, 0x0B, 0x57,
    0xCF, 0x0B, 0x57, 0x05, 0x0C, 0xD7, 0x35, 0x0C, 0xD7, 0x6B, 0x0C, 0x57, 0x8C, 0x0C, 0xD7, 0x92,
    0x0C, 0x57, 0xDE, 0x0C, 0xD7, 0x12, 0x0D, 0xD7, 0x5A, 0x0D, 0x17, 0x86, 0x0D, 0x17, 0xCD, 0x0D,
    0x97, 0xF9, 0x0D, 0x97, 0x27, 0x0E, 0x97, 0x71, 0x0E, 0x17, 0xB5, 0x0E, 0xD7, 0xE3, 0x0E, 0xD7,
    0x1C, 0x0F, 0x57, 0x63, 0x0F, 0x17, 0x91, 0x0F, 0x57, 0xC8, 0x0F, 0x57, 0x00, 0x10, 0x97, 0x34,
    0x10, 0x17, 0x79, 0x10, 0xD7, 0xBF, 0x10, 0x57, 0xE7, 0x10, 0x17, 0x15, 0x11, 0x97, 0x3E, 0x11,
    0x97, 0x79, 0x11, 0xD7, 0xA9, 0x11, 0x57, 0xE2, 0x11, 0xD7, 0x12, 0x12, 0xD7, 0x4D, 0x12, 0x57,
    0x74, 0x12, 0x57, 0xAD, 0x12, 0x57, 0xE4, 0x12, 0x17, 0x20, 0x13, 0x03, 0xFC, 0x30, 0x00, 0x00,
    0x00, 0x00, 0xFF, 0x00, 0x00, 0xFB, 0x00, 0x00, 0xF0, 0x00, 0x00, 0xE1, 0x00, 0x00, 0xD1, 0x00,
    0x00, 0xC2, 0x00, 0x00, 0xB2, 0x00, 0x00, 0x98, 0x00, 0x00, 0x7B, 0x00, 0x00, 0x67, 0x00, 0x00,
    0x53, 0x00, 0x00, 0x40, 0x00, 0x00, 0x22, 0x00, 0x00, 0x08, 0xD4, 0xFF, 0xFF, 0x00, 0x00, 0x00,
    0x04, 0xFB, 0xD5, 0x4C, 0x00, 0x7F, 0xFF, 0x7F, 0xFF, 0x7F, 0xFF, 0x2C, 0xFF, 0x80, 0x0F, 0x49,
    0xFF, 0x82, 0x0D, 0x00, 0x50, 0x08, 0xFF, 0x80, 0xDF, 0x02, 0x00, 0x80, 0xF5, 0x08, 0xFF, 0x82,
    0x0D, 0x00, 0x50, 0x08, 0xFF, 0x80, 0xDF, 0x02, 0x00, 0x80, 0xF5, 0x08, 0xFF, 0x82, 0x0D, 0x00,
    0x50, 0x08, 0xFF, 0x80, 0xDF, 0x02, 0x00, 0x80, 0xF5, 0x08, 0xFF, 0x82, 0x1F, 0x00, 0x60, 0x09,
    0xFF, 0x82, 0x03, 0x00, 0xF7, 0x08, 0xFF, 0x82, 0x4F, 0x00, 0x80, 0x09, 0xFF, 0x82, 0x06, 0x00,
    0xF9, 0x08, 0xFF, 0x82, 0x7F, 0x00, 0xA0, 0x09, 0xFF, 0x82, 0x08, 0x00, 0xFB, 0x08, 0xFF, 0x82,
    0x9F, 0x00, 0xC0, 0x09, 0xFF, 0x82, 0x0A, 0x00, 0xFD, 0x08, 0xFF, 0x82, 0xBF, 0x00, 0xF2, 0x09,
    0xFF, 0x81, 0x7C, 0x77, 0x20, 0xFF, 0x82, 0xAF, 0x24, 0xC6, 0x08, 0xFF, 0x83, 0xBF, 0x01, 0x00,
    0xD3, 0x08, 0xFF, 0x80, 0x07, 0x02, 0x00, 0x80, 0xFB, 0x07, 0xFF, 0x80, 0x7F, 0x02, 0x00, 0x80,
    0xB0, 0x08, 0xFF, 0x83, 0x1B, 0x00, 0x30, 0xFD, 0x08, 0xFF, 0x82, 0x4A, 0x62, 0xFC, 0x54, 0xFF,
    0x80, 0x0F, 0x47, 0xFF, 0x86, 0x7F, 0x00, 0x30, 0xFF, 0x0C, 0x00, 0xB0, 0x05, 0xFF, 0x83, 0x08,
    0x00, 0xF4, 0xDF, 0x02, 0x00, 0x80, 0xFB, 0x04, 0xFF, 0x86, 0x9F, 0x00, 0x60, 0xFF, 0x1F, 0x00,
    0xC0, 0x05, 0xFF, 0x86, 0x0A, 0x00, 0xF6, 0xFF, 0x02, 0x00, 0xFD, 0x04, 0xFF, 0x86, 0xBF, 0x00,
    0x70, 0xFF, 0x3F, 0x00, 0xD0, 0x05, 0xFF, 0x85, 0x0B, 0x00, 0xF8, 0xFF, 0x04, 0x20, 0x05, 0xFF,
    0x86, 0xCF, 0x00, 0x80, 0xFF, 0x5F, 0x00, 0xF3, 0x05, 0xFF, 0x85, 0x0C, 0x00, 0xF9, 0xFF, 0x06,
    0x40, 0x05, 0xFF, 0x86, 0xDF, 0x44, 0xB4, 0xFF, 0x8F, 0x44, 0xF7, 0x7F, 0xFF, 0x7F, 0xFF, 0x81,
    0xFF, 0x0F, 0x48, 0xFF, 0x86, 0x07, 0x00, 0xF9, 0xFF, 0x2F, 0x00, 0xD0, 0x04, 0xFF, 0x86, 0x5F,
    0x00, 0xB0, 0xFF, 0xDF, 0x00, 0x20, 0x05, 0xFF, 0x86, 0x03, 0x00, 0xFC, 0xFF, 0x0C, 0x00, 0xF4,
    0x04, 0xFF, 0x86, 0x1F, 0x00, 0xD0, 0xFF, 0xBF, 0x00, 0x60, 0x04, 0xFF, 0x82, 0xCF, 0x00, 0x20,
    0x02, 0xFF, 0x82, 0x09, 0x00, 0xF7, 0x04, 0xFF, 0x86, 0x0B, 0x00, 0xF4, 0xFF, 0x8F, 0x00, 0x80,
    0x03, 0xFF, 0x80, 0x07, 0x08, 0x00, 0x82, 0x60, 0xFF, 0x5F, 0x09, 0x00, 0x82, 0xF7, 0xFF, 0x03,
    0x08, 0x00, 0x8C, 0x80, 0xFF, 0x5F, 0x55, 0x02, 0x00, 0x54, 0x55, 0x05, 0x00, 0x40, 0x55, 0xFB,
    0x02, 0xFF, 0x86, 0x4F, 0x00, 0xB0, 0xFF, 0xDF, 0x00, 0x10, 0x05, 0xFF, 0x86, 0x02, 0x00, 0xFC,
    0xFF, 0x0C, 0x00, 0xF4, 0x04, 0xFF, 0x86, 0x0D, 0x00, 0xF2, 0xFF, 0xAF, 0x00, 0x60, 0x04, 0xFF,
    0x82, 0xBF, 0x00, 0x40, 0x02, 0xFF, 0x82, 0x08, 0x00, 0xF7, 0x02, 0xFF, 0x8C, 0x8F, 0x55, 0x04,
    0x00, 0x52, 0x55, 0x35, 0x00, 0x30, 0x55, 0xF7, 0xFF, 0x06, 0x08, 0x00, 0x82, 0x70, 0xFF, 0x4F,
    0x09, 0x00, 0x82, 0xF8, 0xFF, 0x01, 0x08, 0x00, 0x80, 0xA0, 0x03, 0xFF, 0x86, 0x05, 0x00, 0xFB,
    0xFF, 0x0D, 0x00, 0xF2, 0x04, 0xFF, 0x86, 0x3F, 0x00, 0xC0, 0xFF, 0xBF, 0x00, 0x40, 0x05, 0xFF,
    0x86, 0x01, 0x00, 0xFD, 0xFF, 0x0A, 0x00, 0xF6, 0x04, 0xFF, 0x86, 0x0C, 0x00, 0xF2, 0xFF, 0x9F,
    0x00, 0x70, 0x04, 0xFF, 0x82, 0xBF, 0x00, 0x40, 0x02, 0xFF, 0x82, 0x07, 0x00, 0xF8, 0x04, 0xFF,
    0x86, 0x0A, 0x00, 0xF6, 0xFF, 0x6F, 0x00, 0xA0, 0x53, 0xFF, 0x80, 0x0F, 0x27, 0xFF, 0x81, 0x6F,
    0xA3, 0x0A, 0xFF, 0x81, 0x05, 0xF9, 0x09, 0xFF, 0x81, 0x5F, 0x90, 0x08, 0xFF, 0x85, 0xAD, 0x47,
    0x00, 0x41, 0xA6, 0xFD, 0x05, 0xFF, 0x80, 0x3A, 0x04, 0x00, 0x81, 0x20, 0xF9, 0x04, 0xFF, 0x80,
    0x07, 0x06, 0x00, 0x80, 0xF7, 0x03, 0xFF, 0x85, 0x08, 0x00, 0x10, 0x35, 0x40, 0x01, 0x02, 0x00,
    0x80, 0xF9, 0x02, 0xFF, 0x8B, 0x1C, 0x00, 0x40, 0xFC, 0x05, 0xD9, 0x18, 0x00, 0x30, 0xFD, 0xFF,
    0x8F, 0x02, 0x00, 0x86, 0xFC, 0x5F, 0x90, 0xFF, 0x1A, 0xA6, 0xFD, 0x02, 0xFF, 0x87, 0x07, 0x00,
    0xF2, 0xFF, 0x05, 0xF9, 0xFF, 0xFC, 0x03, 0xFF, 0x80, 0x8F, 0x02, 0x00, 0x82, 0xFC, 0x5F, 0x90,
    0x06, 0xFF, 0x85, 0x0A, 0x00, 0x40, 0xFC, 0x05, 0xF9, 0x05, 0xFF, 0x81, 0xDF, 0x03, 0x02, 0x00,
    0x81, 0x35, 0x90, 0x06, 0xFF, 0x81, 0xCF, 0x01, 0x03, 0x00, 0x82, 0x40, 0xB7, 0xFD, 0x04, 0xFF,
    0x81, 0xCF, 0x05, 0x04, 0x00, 0x81, 0x20, 0xD8, 0x05, 0xFF, 0x81, 0x7A, 0x02, 0x04, 0x00, 0x80,
    0xC3, 0x05, 0xFF, 0x82, 0xDF, 0x4B, 0x20, 0x03, 0x00, 0x80, 0xD4, 0x06, 0xFF, 0x82, 0x05, 0xC9,
    0x17, 0x02, 0x00, 0x80, 0xF8, 0x05, 0xFF, 0x85, 0x5F, 0x90, 0xFF, 0x1B, 0x00, 0x50, 0x03, 0xFF,
    0x80, 0xDF, 0x02, 0xFF, 0x85, 0x05, 0xF9, 0xFF, 0x05, 0x00, 0xF3, 0x02, 0xFF, 0x96, 0x7B, 0xB2,
    0xFF, 0x5F, 0x90, 0xFF, 0x6F, 0x00, 0x40, 0xFF, 0xDF, 0x04, 0x00, 0xD4, 0xFF, 0x05, 0xF9, 0xDF,
    0x02, 0x00, 0xF7, 0xFF, 0x8F, 0x02, 0x00, 0x86, 0xB4, 0x5F, 0x90, 0xCF, 0x05, 0x00, 0xB0, 0x02,
    0xFF, 0x80, 0x3D, 0x02, 0x00, 0x85, 0x40, 0x03, 0x66, 0x01, 0x00, 0x70, 0x03, 0xFF, 0x80, 0x4C,
    0x06, 0x00, 0x81, 0x60, 0xFD, 0x03, 0xFF, 0x81, 0x7D, 0x02, 0x04, 0x00, 0x80, 0xA4, 0x05, 0xFF,
    0x85, 0xDF, 0x68, 0x03, 0x10, 0x75, 0xFA, 0x08, 0xFF, 0x81, 0x05, 0xF9, 0x09, 0xFF, 0x81, 0x5F,
    0x90, 0x0A, 0xFF, 0x81, 0x47, 0xFA, 0x32, 0xFF, 0x80, 0x0F, 0x46, 0xFF, 0x83, 0x8D, 0x25, 0x74,
    0xFC, 0x02, 0xFF, 0x82, 0xCF, 0x01, 0xA0, 0x02, 0xFF, 0x80, 0x4C, 0x02, 0x00, 0x81, 0x10, 0xF9,
    0x02, 0xFF, 0x81, 0x06, 0x40, 0x02, 0xFF, 0x94, 0x6F, 0x00, 0x41, 0x02, 0x10, 0xFC, 0xFF, 0x0B,
    0x00, 0xFB, 0xFF, 0xBF, 0x00, 0xC3, 0xDF, 0x07, 0x60, 0xFF, 0x5F, 0x00, 0xF6, 0x02, 0xFF, 0x88,
    0x08, 0x90, 0xFF, 0xDF, 0x02, 0xF2, 0xAF, 0x00, 0xC1, 0x02, 0xFF, 0x88, 0x7F, 0x00, 0xFB, 0xFF,
    0x5F, 0x00, 0xFD, 0x04, 0x70, 0x03, 0xFF, 0x88, 0x09, 0x80, 0xFF, 0xCF, 0x02, 0xF3, 0x09, 0x10,
    0xFC, 0x02, 0xFF, 0x88, 0xCF, 0x00, 0x91, 0xCD, 0x05, 0x70, 0x3D, 0x00, 0xF8, 0x03, 0xFF, 0x80,
    0x7F, 0x03, 0x00, 0x83, 0x20, 0x8C, 0x00, 0xD2, 0x04, 0xFF, 0x80, 0x7D, 0x02, 0x00, 0x83, 0x30,
    0xDB, 0x02, 0x80, 0x05, 0xFF, 0x86, 0xBF, 0x67, 0x97, 0xFD, 0x07, 0x30, 0xFD, 0x08, 0xFF, 0x82,
    0x1C, 0x00, 0xFA, 0x08, 0xFF, 0x82, 0x7F, 0x00, 0xF4, 0x08, 0xFF, 0x86, 0xCF, 0x01, 0xB0, 0xCF,
    0x68, 0x86, 0xFC, 0x05, 0xFF, 0x86, 0x06, 0x50, 0x9F, 0x02, 0x00, 0x20, 0xF9, 0x04, 0xFF, 0x82,
    0x0B, 0x00, 0xBB, 0x04, 0x00, 0x80, 0xFB, 0x03, 0xFF, 0x87, 0x4F, 0x00, 0xF7, 0x03, 0x70, 0xCC,
    0x07, 0x30, 0x03, 0xFF, 0x84, 0xAF, 0x00, 0xC1, 0x0C, 0x50, 0x02, 0xFF, 0x81, 0x05, 0xC0, 0x02,
    0xFF, 0x89, 0xDF, 0x03, 0x70, 0xAF, 0x00, 0xF8, 0xFF, 0x8F, 0x00, 0xFA, 0x02, 0xFF, 0x84, 0x09,
    0x20, 0xFD, 0x0B, 0x60, 0x02, 0xFF, 0x81, 0x06, 0xB0, 0x02, 0xFF, 0x98, 0x2D, 0x00, 0xF8, 0xDF,
    0x01, 0xA0, 0xFF, 0x0A, 0x20, 0xFD, 0xFF, 0x8F, 0x00, 0xD3, 0xFF, 0x8F, 0x00, 0x30, 0x03, 0x00,
    0xF9, 0xFF, 0xCF, 0x02, 0x90, 0x02, 0xFF, 0x80, 0x7F, 0x03, 0x00, 0x80, 0xF7, 0x02, 0xFF, 0x81,
    0x07, 0x40, 0x03, 0xFF, 0x83, 0xAF, 0x36, 0x63, 0xFA, 0x51, 0xFF, 0x80, 0x0F, 0x32, 0xFF, 0x81,
    0xCD, 0xCA, 0x08, 0xFF, 0x84, 0xCF, 0x16, 0x00, 0x20, 0xF9, 0x06, 0xFF, 0x81, 0xBF, 0x02, 0x03,
    0x00, 0x80, 0xD5, 0x05, 0xFF, 0x81, 0xDF, 0x03, 0x04, 0x00, 0x80, 0xF8, 0x05, 0xFF, 0x86, 0x08,
    0x00, 0xC5, 0xAD, 0x03, 0x10, 0xFD, 0x04, 0xFF, 0x86, 0x6F, 0x00, 0xD1, 0xFF, 0xAF, 0x00, 0xB0,
    0x05, 0xFF, 0x81, 0x03, 0x40, 0x02, 0xFF, 0x82, 0x0C, 0x00, 0xF9, 0x04, 0xFF, 0x86, 0x4F, 0x00,
    0xD2, 0xFF, 0xBF, 0x00, 0xA0, 0x05, 0xFF, 0x86, 0x07, 0x00, 0xF8, 0xFF, 0x05, 0x10, 0xFC, 0x04,
    0xFF, 0x86, 0xBF, 0x00, 0x10, 0xDA, 0x06, 0x00, 0xF7, 0x05, 0xFF, 0x85, 0x5F, 0x00, 0x20, 0x03,
    0x00, 0xC3, 0x06, 0xFF, 0x80, 0x2C, 0x03, 0x00, 0x80, 0xC3, 0x06, 0xFF, 0x81, 0x8D, 0x02, 0x02,
    0x00, 0x84, 0xD7, 0xFF, 0xDF, 0xDD, 0xFD, 0x02, 0xFF, 0x80, 0x3B, 0x03, 0x00, 0x80, 0xA0, 0x02,
    0xFF, 0x81, 0x02, 0x60, 0x02, 0xFF, 0xAF, 0x2B, 0x00, 0x10, 0x04, 0x00, 0xB1, 0xFF, 0x0C, 0x00,
    0xF8, 0xFF, 0x2C, 0x00, 0x40, 0xDC, 0x05, 0x00, 0xC3, 0xAF, 0x00, 0xB0, 0xFF, 0x7F, 0x00, 0x40,
    0xFD, 0xCF, 0x03, 0x00, 0xD4, 0x06, 0x10, 0xFD, 0xFF, 0x02, 0x00, 0xFB, 0xFF, 0xCF, 0x02, 0x00,
    0x16, 0x00, 0xF6, 0xFF, 0x0C, 0x00, 0xD1, 0x02, 0xFF, 0x81, 0xBF, 0x01, 0x02, 0x00, 0x82, 0xA0,
    0xFF, 0xBF, 0x02, 0x00, 0x80, 0xFC, 0x02, 0xFF, 0x80, 0x9F, 0x02, 0x00, 0x80, 0x40, 0x02, 0xFF,
    0x82, 0x0C, 0x00, 0x90, 0x03, 0xFF, 0x80, 0x3C, 0x02, 0x00, 0x80, 0xFA, 0x02, 0xFF, 0x82, 0x04,
    0x00, 0xA1, 0x02, 0xFF, 0x80, 0x2A, 0x02, 0x00, 0x83, 0x50, 0xFD, 0xFF, 0xBF, 0x02, 0x00, 0x82,
    0x30, 0x66, 0x03, 0x03, 0x00, 0x80, 0x70, 0x02, 0xFF, 0x80, 0x7F, 0x05, 0x00, 0x83, 0x20, 0x29,
    0x00, 0x90, 0x02, 0xFF, 0x81, 0x8D, 0x02, 0x03, 0x00, 0x84, 0x60, 0xFC, 0x09, 0x00, 0xB1, 0x02,
    0xFF, 0x84, 0xDF, 0x68, 0x14, 0x42, 0xB7, 0x02, 0xFF, 0x82, 0x06, 0x00, 0xC3, 0x50, 0xFF, 0x80,
    0x0F, 0x49, 0xFF, 0x82, 0x4F, 0x00, 0x70, 0x09, 0xFF, 0x82, 0x05, 0x00, 0xF8, 0x08, 0xFF, 0x82,
    0x6F, 0x00, 0x90, 0x09, 0xFF, 0x82, 0x07, 0x00, 0xFA, 0x08, 0xFF, 0x82, 0x7F, 0x00, 0xA0, 0x09,
    0xFF, 0x82, 0x08, 0x00, 0xFB, 0x08, 0xFF, 0x82, 0x9F, 0x00, 0xC0, 0x09, 0xFF, 0x82, 0x09, 0x00,
    0xFC, 0x08, 0xFF, 0x82, 0xBF, 0x44, 0xD4, 0x7F, 0xFF, 0x7F, 0xFF, 0x03, 0xFF, 0x80, 0x0F, 0x33,
    0xFF, 0x83, 0xDF, 0x05, 0x00, 0xA0, 0x08, 0xFF, 0x82, 0x07, 0x00, 0x80, 0x08, 0xFF, 0x82, 0x08,
    0x00, 0x70, 0x08, 0xFF, 0x82, 0x0A, 0x00, 0x70, 0x08, 0xFF, 0x83, 0x3D, 0x00, 0x30, 0xFD, 0x07,
    0xFF, 0x80, 0x8F, 0x02, 0x00, 0x80, 0xFA, 0x07, 0xFF, 0x83, 0xCF, 0x01, 0x00, 0xF6, 0x08, 0xFF,
    0x82, 0x06, 0x00, 0xC2, 0x08, 0xFF, 0x82, 0x1D, 0x00, 0x70, 0x08, 0xFF, 0x80, 0x9F, 0x02, 0x00,
    0x80, 0xFB, 0x08, 0xFF, 0x82, 0x06, 0x00, 0xF4, 0x08, 0xFF, 0x82, 0x1D, 0x00, 0x80, 0x08, 0xFF,
    0x80, 0xBF, 0x02, 0x00, 0x80, 0xFC, 0x08, 0xFF, 0x82, 0x0A, 0x00, 0xD1, 0x08, 0xFF, 0x82, 0x8F,
    0x00, 0x30, 0x09, 0xFF, 0x82, 0x07, 0x00, 0xF4, 0x08, 0xFF, 0x82, 0x7F, 0x00, 0x40, 0x09, 0xFF,
    0x82, 0x08, 0x00, 0xF3, 0x08, 0xFF, 0x83, 0xAF, 0x00, 0x10, 0xFD, 0x08, 0xFF, 0x82, 0x0B, 0x00,
    0xC0, 0x08, 0xFF, 0x83, 0xDF, 0x01, 0x00, 0xF8, 0x08, 0xFF, 0x82, 0x6F, 0x00, 0x40, 0x09, 0xFF,
    0x82, 0x09, 0x00, 0xB0, 0x08, 0xFF, 0x83, 0xDF, 0x01, 0x00, 0xF7, 0x08, 0xFF, 0x83, 0x6F, 0x00,
    0x20, 0xFC, 0x08, 0xFF, 0x82, 0x1C, 0x00, 0x60, 0x09, 0xFF, 0x82, 0x08, 0x00, 0xA0, 0x08, 0xFF,
    0x83, 0xDF, 0x03, 0x00, 0xD3, 0x08, 0xFF, 0x80, 0xAF, 0x02, 0x00, 0x80, 0xF7, 0x08, 0xFF, 0x80,
    0x8F, 0x02, 0x00, 0x80, 0xF8, 0x08, 0xFF, 0x80, 0x7F, 0x02, 0x00, 0x80, 0xF8, 0x08, 0xFF, 0x80,
    0x5D, 0x02, 0x00, 0x80, 0xFA, 0x0D, 0xFF, 0x80, 0x0F, 0x30, 0xFF, 0x80, 0x7F, 0x02, 0x00, 0x80,
    0xF8, 0x08, 0xFF, 0x80, 0x6D, 0x02, 0x00, 0x80, 0xF9, 0x08, 0xFF, 0x83, 0x5D, 0x00, 0x10, 0xFB,
    0x08, 0xFF, 0x83, 0x4D, 0x00, 0x20, 0xFC, 0x08, 0xFF, 0x82, 0x1B, 0x00, 0x60, 0x09, 0xFF, 0x82,
    0x07, 0x00, 0xB0, 0x08, 0xFF, 0x83, 0xDF, 0x03, 0x00, 0xF4, 0x08, 0xFF, 0x80, 0xAF, 0x02, 0x00,
    0x80, 0xF9, 0x08, 0xFF, 0x82, 0x3F, 0x00, 0x50, 0x09, 0xFF, 0x82, 0x08, 0x00, 0xC0, 0x08, 0xFF,
    0x83, 0xCF, 0x01, 0x00, 0xF9, 0x08, 0xFF, 0x82, 0x6F, 0x00, 0x50, 0x09, 0xFF, 0x82, 0x08, 0x00,
    0xF2, 0x08, 0xFF, 0x80, 0xBF, 0x02, 0x00, 0x80, 0xFD, 0x08, 0xFF, 0x82, 0x0C, 0x00, 0xC0, 0x08,
    0xFF, 0x80, 0xDF, 0x02, 0x00, 0x80, 0xFB, 0x08, 0xFF, 0x82, 0x0C, 0x00, 0xB0, 0x08, 0xFF, 0x80,
    0xCF, 0x02, 0x00, 0x80, 0xFC, 0x08, 0xFF, 0x82, 0x0B, 0x00, 0xD0, 0x08, 0xFF, 0x82, 0x8F, 0x00,
    0x20, 0x09, 0xFF, 0x82, 0x06, 0x00, 0xF5, 0x08, 0xFF, 0x82, 0x1C, 0x00, 0x90, 0x08, 0xFF, 0x80,
    0x8F, 0x02, 0x00, 0x80, 0xFC, 0x08, 0xFF, 0x82, 0x03, 0x00, 0xF5, 0x08, 0xFF, 0x82, 0x0A, 0x00,
    0x90, 0x08, 0xFF, 0x82, 0x3D, 0x00, 0x40, 0x08, 0xFF, 0x80, 0x7F, 0x02, 0x00, 0x80, 0xFB, 0x07,
    0xFF, 0x83, 0xBF, 0x01, 0x00, 0xF6, 0x07, 0xFF, 0x83, 0xDF, 0x04, 0x00, 0xC2, 0x07, 0xFF, 0x83,
    0xDF, 0x05, 0x00, 0xB1, 0x07, 0xFF, 0x83, 0xDF, 0x06, 0x00, 0x90, 0x08, 0xFF, 0x82, 0x07, 0x00,
    0x80, 0x11, 0xFF, 0x80, 0x0F, 0x4A, 0xFF, 0x81, 0x01, 0xF6, 0x09, 0xFF, 0x81, 0x1F, 0x60, 0x0A,
    0xFF, 0x81, 0x01, 0xF6, 0x07, 0xFF, 0x86, 0xAB, 0xFD, 0x1F, 0x60, 0xFF, 0x9C, 0xFC, 0x04, 0xFF,
    0x86, 0x6F, 0x20, 0xA7, 0x01, 0x95, 0x15, 0x80, 0x04, 0xFF, 0x81, 0xDF, 0x01, 0x05, 0x00, 0x80,
    0xF5, 0x04, 0xFF, 0x81, 0xBF, 0x37, 0x03, 0x00, 0x81, 0x40, 0xC8, 0x06, 0xFF, 0x83, 0xBF, 0x02,
    0x00, 0xC4, 0x08, 0xFF, 0x80, 0x08, 0x02, 0x00, 0x80, 0xFA, 0x07, 0xFF, 0x84, 0x1B, 0x20, 0x09,
    0x20, 0xFC, 0x06, 0xFF, 0x84, 0x3C, 0x00, 0xFA, 0x07, 0x50, 0x06, 0xFF, 0x85, 0xCF, 0x03, 0xF7,
    0xDF, 0x04, 0xD5, 0x06, 0xFF, 0x84, 0xDF, 0xD8, 0xFF, 0xCF, 0xD8, 0x7F, 0xFF, 0x53, 0xFF, 0x80,
    0x0F, 0x7F, 0xFF, 0x0F, 0xFF, 0x82, 0x7F, 0x00, 0xB0, 0x09, 0xFF, 0x82, 0x07, 0x00, 0xFB, 0x08,
    0xFF, 0x82, 0x7F, 0x00, 0xB0, 0x09, 0xFF, 0x82, 0x07, 0x00, 0xFB, 0x08, 0xFF, 0x82, 0x7F, 0x00,
    0xB0, 0x09, 0xFF, 0x82, 0x07, 0x00, 0xFB, 0x08, 0xFF, 0x82, 0x7F, 0x00, 0xB0, 0x05, 0xFF, 0x80,
    0x7F, 0x03, 0x44, 0x82, 0x02, 0x00, 0x43, 0x02, 0x44, 0x80, 0x94, 0x02, 0xFF, 0x80, 0x05, 0x08,
    0x00, 0x82, 0xF8, 0xFF, 0x5F, 0x08, 0x00, 0x80, 0x80, 0x02, 0xFF, 0x80, 0x05, 0x08, 0x00, 0x80,
    0xF8, 0x05, 0xFF, 0x82, 0x07, 0x00, 0xFB, 0x08, 0xFF, 0x82, 0x7F, 0x00, 0xB0, 0x09, 0xFF, 0x82,
    0x07, 0x00, 0xFB, 0x08, 0xFF, 0x82, 0x7F, 0x00, 0xB0, 0x09, 0xFF, 0x82, 0x07, 0x00, 0xFB, 0x08,
    0xFF, 0x82, 0x7F, 0x00, 0xB0, 0x09, 0xFF, 0x82, 0x07, 0x00, 0xFB, 0x54, 0xFF, 0x80, 0x0F, 0x7F,
    0xFF, 0x7F, 0xFF, 0x0F, 0xFF, 0x81, 0xAD, 0xB8, 0x09, 0xFF, 0x82, 0x4D, 0x00, 0x70, 0x08, 0xFF,
    0x80, 0x7F, 0x02, 0x00, 0x80, 0xA0, 0x08, 0xFF, 0x80, 0x03, 0x02, 0x00, 0x80, 0xF7, 0x07, 0xFF,
    0x80, 0x4F, 0x02, 0x00, 0x80, 0x80, 0x08, 0xFF, 0x80, 0x09, 0x02, 0x00, 0x80, 0xFB, 0x08, 0xFF,
    0x82, 0x28, 0x00, 0xF3, 0x09, 0xFF, 0x81, 0x08, 0x80, 0x09, 0xFF, 0x82, 0x3F, 0x10, 0xFC, 0x08,
    0xFF, 0x82, 0xBF, 0x00, 0xF6, 0x09, 0xFF, 0x81, 0x06, 0xA0, 0x09, 0xFF, 0x82, 0x1D, 0x30, 0xFD,
    0x08, 0xFF, 0x82, 0xDF, 0xCC, 0xFC, 0x10, 0xFF, 0x80, 0x0F, 0x7F, 0xFF, 0x5E, 0xFF, 0x80, 0x2B,
    0x04, 0x22, 0x80, 0x32, 0x05, 0xFF, 0x80, 0xBF, 0x05, 0x00, 0x80, 0xF2, 0x05, 0xFF, 0x80, 0x0B,
    0x04, 0x00, 0x80, 0x20, 0x05, 0xFF, 0x80, 0xBF, 0x05, 0x00, 0x80, 0xF2, 0x7F, 0xFF, 0x24, 0xFF,
    0x80, 0x0F, 0x7F, 0xFF, 0x7F, 0xFF, 0x0F, 0xFF, 0x81, 0x9D, 0xA7, 0x09, 0xFF, 0x82, 0x3C, 0x00,
    0x50, 0x08, 0xFF, 0x80, 0x6F, 0x02, 0x00, 0x80, 0x90, 0x08, 0xFF, 0x80, 0x03, 0x02, 0x00, 0x80,
    0xF7, 0x07, 0xFF, 0x80, 0x5F, 0x02, 0x00, 0x80, 0x80, 0x08, 0xFF, 0x83, 0x0A, 0x00, 0x20, 0xFC,
    0x08, 0xFF, 0x82, 0x4A, 0x52, 0xFC, 0x54, 0xFF, 0x80, 0x0F, 0x36, 0xFF, 0x82, 0x05, 0x00, 0xF5,
    0x08, 0xFF, 0x82, 0x0B, 0x00, 0xB0, 0x08, 0xFF, 0x82, 0x4F, 0x00, 0x50, 0x08, 0xFF, 0x80, 0xAF,
    0x02, 0x00, 0x80, 0xFB, 0x08, 0xFF, 0x82, 0x04, 0x00, 0xF6, 0x08, 0xFF, 0x82, 0x0A, 0x00, 0xB0,
    0x08, 0xFF, 0x82, 0x3F, 0x00, 0x60, 0x08, 0xFF, 0x80, 0x9F, 0x02, 0x00, 0x80, 0xFC, 0x07, 0xFF,
    0x83, 0xDF, 0x03, 0x00, 0xF6, 0x08, 0xFF, 0x82, 0x09, 0x00, 0xC1, 0x08, 0xFF, 0x82, 0x3D, 0x00,
    0x70, 0x08, 0xFF, 0x83, 0x9F, 0x00, 0x10, 0xFC, 0x07, 0xFF, 0x83, 0xDF, 0x03, 0x00, 0xF7, 0x08,
    0xFF, 0x82, 0x08, 0x00, 0xC1, 0x08, 0xFF, 0x82, 0x2D, 0x00, 0x70, 0x08, 0xFF, 0x83, 0x8F, 0x00,
    0x10, 0xFC, 0x07, 0xFF, 0x83, 0xDF, 0x02, 0x00, 0xF7, 0x08, 0xFF, 0x82, 0x08, 0x00, 0xC2, 0x08,
    0xFF, 0x82, 0x2C, 0x00, 0x80, 0x08, 0xFF, 0x83, 0x7F, 0x00, 0x20, 0xFD, 0x07, 0xFF, 0x83, 0xCF,
    0x01, 0x00, 0xF8, 0x08, 0xFF, 0x82, 0x07, 0x00, 0xD2, 0x08, 0xFF, 0x82, 0x1C, 0x00, 0x80, 0x08,
    0xFF, 0x83, 0x7F, 0x00, 0x30, 0xFD, 0x07, 0xFF, 0x83, 0xCF, 0x01, 0x00, 0xF9, 0x08, 0xFF, 0x82,
    0x07, 0x00, 0xD3, 0x08, 0xFF, 0x82, 0x1C, 0x00, 0x90, 0x08, 0xFF, 0x83, 0x6F, 0x00, 0x30, 0xFD,
    0x07, 0xFF, 0x83, 0xCF, 0x56, 0x55, 0xFA, 0x35, 0xFF, 0x80, 0x0F, 0x48, 0xFF, 0x84, 0xBF, 0x47,
    0x12, 0x53, 0xC8, 0x06, 0xFF, 0x80, 0x5B, 0x04, 0x00, 0x81, 0x70, 0xFC, 0x04, 0xFF, 0x80, 0x1B,
    0x05, 0x00, 0x81, 0x30, 0xFC, 0x03, 0xFF, 0x80, 0x1C, 0x02, 0x00, 0x85, 0x85, 0x89, 0x03, 0x00,
    0x30, 0xFD, 0x02, 0xFF, 0x88, 0x4F, 0x00, 0x10, 0xF9, 0xFF, 0xDF, 0x07, 0x00, 0x70, 0x02, 0xFF,
    0x80, 0xAF, 0x02, 0x00, 0x80, 0xA0, 0x03, 0xFF, 0x82, 0x05, 0x00, 0xD1, 0x02, 0xFF, 0x80, 0x06,
    0x02, 0x00, 0x80, 0xC2, 0x02, 0xFF, 0x80, 0xBF, 0x02, 0x00, 0x86, 0xF8, 0xFF, 0x1D, 0x00, 0x20,
    0x00, 0xD5, 0x02, 0xFF, 0x84, 0x3F, 0x00, 0x50, 0xFF, 0xBF, 0x02, 0x00, 0x82, 0x59, 0x00, 0xF8,
    0x02, 0xFF, 0x8B, 0x07, 0x00, 0xF2, 0xFF, 0x09, 0x00, 0xC0, 0x2C, 0x10, 0xFB, 0xFF, 0x9F, 0x02,
    0x00, 0x94, 0xFC, 0x8F, 0x00, 0x10, 0xFF, 0x0A, 0x30, 0xFD, 0xFF, 0x0A, 0x00, 0xB0, 0xFF, 0x08,
    0x00, 0xF2, 0xFF, 0x07, 0x60, 0xFF, 0xBF, 0x02, 0x00, 0x94, 0xFB, 0x8F, 0x00, 0x20, 0xFF, 0xDF,
    0x04, 0x90, 0xFF, 0x0C, 0x00, 0xB0, 0xFF, 0x08, 0x00, 0xF2, 0xFF, 0xCF, 0x01, 0xC1, 0xBF, 0x02,
    0x00, 0x81, 0xFB, 0x9F, 0x02, 0x00, 0x8B, 0xFD, 0xFF, 0x9F, 0x00, 0xD4, 0x0A, 0x00, 0xC0, 0xFF,
    0x0B, 0x00, 0xB0, 0x02, 0xFF, 0x89, 0x6F, 0x00, 0x77, 0x00, 0x20, 0xFF, 0xDF, 0x01, 0x00, 0xF8,
    0x02, 0xFF, 0x88, 0x3D, 0x00, 0x02, 0x00, 0xF5, 0xFF, 0x6F, 0x00, 0x40, 0x03, 0xFF, 0x80, 0x1B,
    0x02, 0x00, 0x80, 0x80, 0x02, 0xFF, 0x82, 0x0A, 0x00, 0x90, 0x03, 0xFF, 0x83, 0x08, 0x00, 0x10,
    0xFD, 0x02, 0xFF, 0x82, 0x04, 0x00, 0xA1, 0x02, 0xFF, 0x80, 0x7D, 0x02, 0x00, 0x80, 0xF7, 0x02,
    0xFF, 0x85, 0xCF, 0x01, 0x00, 0x60, 0x99, 0x47, 0x02, 0x00, 0x80, 0xD3, 0x03, 0xFF, 0x81, 0xBF,
    0x01, 0x05, 0x00, 0x80, 0xC3, 0x04, 0xFF, 0x81, 0xBF, 0x04, 0x04, 0x00, 0x80, 0xC7, 0x06, 0xFF,
    0x84, 0x7B, 0x24, 0x31, 0x85, 0xFC, 0x53, 0xFF, 0x80, 0x0F, 0x4A, 0xFF, 0x82, 0x07, 0x00, 0xFD,
    0x08, 0xFF, 0x82, 0x1C, 0x00, 0xD0, 0x08, 0xFF, 0x80, 0x2A, 0x02, 0x00, 0x80, 0xFD, 0x05, 0xFF,
    0x82, 0x7C, 0x67, 0x02, 0x02, 0x00, 0x80, 0xD0, 0x05, 0xFF, 0x80, 0xCF, 0x05, 0x00, 0x80, 0xFD,
    0x05, 0xFF, 0x80, 0x0C, 0x04, 0x00, 0x80, 0xD0, 0x05, 0xFF, 0x80, 0xCF, 0x05, 0x00, 0x80, 0xFD,
    0x08, 0xFF, 0x82, 0x09, 0x00, 0xD0, 0x08, 0xFF, 0x80, 0x9F, 0x02, 0x00, 0x80, 0xFD, 0x08, 0xFF,
    0x82, 0x09, 0x00, 0xD0, 0x08, 0xFF, 0x80, 0x9F, 0x02, 0x00, 0x80, 0xFD, 0x08, 0xFF, 0x82, 0x09,
    0x00, 0xD0, 0x08, 0xFF, 0x80, 0x9F, 0x02, 0x00, 0x80, 0xFD, 0x08, 0xFF, 0x82, 0x09, 0x00, 0xD0,
    0x08, 0xFF, 0x80, 0x9F, 0x02, 0x00, 0x80, 0xFD, 0x08, 0xFF, 0x82, 0x09, 0x00, 0xD0, 0x08, 0xFF,
    0x80, 0x9F, 0x02, 0x00, 0x80, 0xFD, 0x08, 0xFF, 0x82, 0x09, 0x00, 0xD0, 0x08, 0xFF, 0x80, 0x9F,
    0x02, 0x00, 0x80, 0xFD, 0x08, 0xFF, 0x82, 0x09, 0x00, 0xD0, 0x05, 0xFF, 0x80, 0xDF, 0x02, 0x66,
    0x80, 0x46, 0x02, 0x00, 0x02, 0x66, 0x80, 0xF6, 0x03, 0xFF, 0x80, 0x0C, 0x07, 0x00, 0x03, 0xFF,
    0x80, 0xCF, 0x07, 0x00, 0x80, 0xF0, 0x03, 0xFF, 0x80, 0x0C, 0x07, 0x00, 0x52, 0xFF, 0x80, 0x0F,
    0x48, 0xFF, 0x84, 0xCF, 0x68, 0x14, 0x53, 0xB7, 0x06, 0xFF, 0x81, 0x7D, 0x01, 0x03, 0x00, 0x81,
    0x50, 0xFB, 0x04, 0xFF, 0x80, 0x4C, 0x05, 0x00, 0x81, 0x10, 0xFB, 0x03, 0xFF, 0x80, 0x4F, 0x02,
    0x00, 0x85, 0x83, 0x79, 0x03, 0x00, 0x30, 0xFD, 0x02, 0xFF, 0x80, 0x9F, 0x02, 0x00, 0x85, 0xD7,
    0xFF, 0xDF, 0x07, 0x00, 0x90, 0x03, 0xFF, 0x82, 0x49, 0x00, 0xF4, 0x02, 0xFF, 0x83, 0xDF, 0x02,
    0x00, 0xF6, 0x03, 0xFF, 0x81, 0xCF, 0xA8, 0x03, 0xFF, 0x82, 0x6F, 0x00, 0x40, 0x09, 0xFF, 0x82,
    0x06, 0x00, 0xF5, 0x08, 0xFF, 0x82, 0x2D, 0x00, 0x60, 0x08, 0xFF, 0x80, 0xAF, 0x02, 0x00, 0x80,
    0xFA, 0x07, 0xFF, 0x83, 0xDF, 0x03, 0x00, 0xD2, 0x08, 0xFF, 0x82, 0x06, 0x00, 0x90, 0x08, 0xFF,
    0x83, 0x07, 0x00, 0x50, 0xFD, 0x07, 0xFF, 0x83, 0x07, 0x00, 0x30, 0xFC, 0x06, 0xFF, 0x84, 0xDF,
    0x07, 0x00, 0x20, 0xFC, 0x06, 0xFF, 0x84, 0xCF, 0x05, 0x00, 0x30, 0xFC, 0x06, 0xFF, 0x84, 0xBF,
    0x03, 0x00, 0x50, 0xFC, 0x06, 0xFF, 0x84, 0x8F, 0x01, 0x00, 0x71, 0xFD, 0x06, 0xFF, 0x80, 0x6C,
    0x02, 0x00, 0x80, 0xB4, 0x07, 0xFF, 0x83, 0x2A, 0x00, 0x10, 0xD7, 0x07, 0xFF, 0x80, 0x0A, 0x02,
    0x00, 0x80, 0x53, 0x05, 0x55, 0x82, 0xFB, 0xFF, 0x9F, 0x08, 0x00, 0x80, 0xA0, 0x02, 0xFF, 0x80,
    0x09, 0x08, 0x00, 0x82, 0xFA, 0xFF, 0x9F, 0x08, 0x00, 0x80, 0xA0, 0x51, 0xFF, 0x80, 0x0F, 0x48,
    0xFF, 0x84, 0xCF, 0x57, 0x13, 0x53, 0xB7, 0x06, 0xFF, 0x80, 0x5C, 0x04, 0x00, 0x81, 0x40, 0xFA,
    0x04, 0xFF, 0x80, 0x2A, 0x06, 0x00, 0x80, 0xF8, 0x03, 0xFF, 0x80, 0x1B, 0x02, 0x00, 0x82, 0x86,
    0x79, 0x03, 0x02, 0x00, 0x80, 0xFB, 0x02, 0xFF, 0x83, 0x5F, 0x00, 0x20, 0xFB, 0x02, 0xFF, 0x82,
    0x08, 0x00, 0x60, 0x02, 0xFF, 0x83, 0xDF, 0x38, 0x00, 0xFA, 0x03, 0xFF, 0x82, 0x04, 0x00, 0xF3,
    0x03, 0xFF, 0x81, 0xCF, 0xF8, 0x03, 0xFF, 0x82, 0x7F, 0x00, 0x30, 0x09, 0xFF, 0x82, 0x03, 0x00,
    0xF6, 0x08, 0xFF, 0x82, 0x08, 0x00, 0xA0, 0x06, 0xFF, 0x84, 0xDF, 0x9C, 0x05, 0x00, 0x60, 0x06,
    0xFF, 0x80, 0x0F, 0x03, 0x00, 0x81, 0x71, 0xFD, 0x06, 0xFF, 0x03, 0x00, 0x80, 0x91, 0x07, 0xFF,
    0x80, 0x0F, 0x03, 0x00, 0x81, 0x40, 0xFC, 0x06, 0xFF, 0x85, 0xBC, 0x8A, 0x04, 0x00, 0x20, 0xFB,
    0x08, 0xFF, 0x82, 0x1A, 0x00, 0x40, 0x09, 0xFF, 0x82, 0x08, 0x00, 0xB0, 0x08, 0xFF, 0x80, 0xBF,
    0x02, 0x00, 0x80, 0xF9, 0x02, 0xFF, 0x81, 0xCF, 0x78, 0x04, 0xFF, 0x82, 0x0B, 0x00, 0x90, 0x02,
    0xFF, 0x82, 0x4B, 0x00, 0xC0, 0x03, 0xFF, 0x80, 0x8F, 0x02, 0x00, 0x85, 0xFB, 0xFF, 0xDF, 0x02,
    0x00, 0xC3, 0x02, 0xFF, 0x83, 0xAF, 0x01, 0x00, 0xF3, 0x02, 0xFF, 0x80, 0x9F, 0x02, 0x00, 0x82,
    0x60, 0x98, 0x58, 0x02, 0x00, 0x80, 0xA0, 0x03, 0xFF, 0x80, 0x8F, 0x06, 0x00, 0x80, 0x80, 0x04,
    0xFF, 0x81, 0xAF, 0x03, 0x04, 0x00, 0x80, 0xB5, 0x06, 0xFF, 0x84, 0x7A, 0x35, 0x31, 0x76, 0xFB,
    0x53, 0xFF, 0x80, 0x0F, 0x4B, 0xFF, 0x82, 0x0B, 0x00, 0x50, 0x08, 0xFF, 0x80, 0x2C, 0x02, 0x00,
    0x80, 0xF5, 0x07, 0xFF, 0x80, 0x5D, 0x02, 0x00, 0x80, 0x50, 0x07, 0xFF, 0x80, 0x8F, 0x03, 0x00,
    0x80, 0xF5, 0x06, 0xFF, 0x80, 0xBF, 0x03, 0x00, 0x80, 0x50, 0x06, 0xFF, 0x85, 0xCF, 0x02, 0x00,
    0x01, 0x00, 0xF5, 0x06, 0xFF, 0x84, 0x05, 0x00, 0x67, 0x00, 0x50, 0x06, 0xFF, 0x85, 0x08, 0x00,
    0xD4, 0x06, 0x00, 0xF5, 0x05, 0xFF, 0x85, 0x0B, 0x00, 0xC2, 0x6F, 0x00, 0x50, 0x05, 0xFF, 0x86,
    0x2C, 0x00, 0x90, 0xFF, 0x06, 0x00, 0xF5, 0x04, 0xFF, 0x86, 0x5F, 0x00, 0x70, 0xFF, 0x6F, 0x00,
    0x50, 0x04, 0xFF, 0x87, 0x8F, 0x00, 0x40, 0xFD, 0xFF, 0x06, 0x00, 0xF5, 0x03, 0xFF, 0x87, 0xBF,
    0x00, 0x20, 0xFC, 0xFF, 0x6F, 0x00, 0x50, 0x03, 0xFF, 0x83, 0xCF, 0x02, 0x00, 0xF9, 0x02, 0xFF,
    0x82, 0x06, 0x00, 0xF5, 0x03, 0xFF, 0x82, 0x05, 0x00, 0xF7, 0x02, 0xFF, 0x82, 0x6F, 0x00, 0x50,
    0x03, 0xFF, 0x80, 0x09, 0x09, 0x00, 0x81, 0xFA, 0x8F, 0x09, 0x00, 0x82, 0xA0, 0xFF, 0x08, 0x09,
    0x00, 0x81, 0xFA, 0x8F, 0x09, 0x00, 0x80, 0xA0, 0x07, 0xFF, 0x82, 0x06, 0x00, 0xF5, 0x08, 0xFF,
    0x82, 0x6F, 0x00, 0x50, 0x09, 0xFF, 0x82, 0x06, 0x00, 0xF5, 0x08, 0xFF, 0x82, 0x6F, 0x00, 0x50,
    0x09, 0xFF, 0x82, 0x06, 0x00, 0xF5, 0x52, 0xFF, 0x80, 0x0F, 0x47, 0xFF, 0x80, 0x07, 0x06, 0x00,
    0x80, 0x80, 0x03, 0xFF, 0x80, 0x5F, 0x07, 0x00, 0x80, 0xF8, 0x03, 0xFF, 0x80, 0x03, 0x06, 0x00,
    0x80, 0x80, 0x03, 0xFF, 0x82, 0x0D, 0x00, 0x50, 0x05, 0x66, 0x80, 0xFA, 0x02, 0xFF, 0x80, 0xCF,
    0x02, 0x00, 0x80, 0xFD, 0x08, 0xFF, 0x82, 0x0B, 0x00, 0xF3, 0x08, 0xFF, 0x82, 0x9F, 0x00, 0x50,
    0x09, 0xFF, 0x85, 0x08, 0x00, 0xF7, 0xCF, 0xAB, 0xCB, 0x05, 0xFF, 0x83, 0x7F, 0x00, 0x80, 0x3A,
    0x02, 0x00, 0x81, 0x40, 0xFA, 0x04, 0xFF, 0x82, 0x05, 0x00, 0x01, 0x04, 0x00, 0x80, 0xD6, 0x03,
    0xFF, 0x80, 0x3F, 0x07, 0x00, 0x80, 0xD5, 0x02, 0xFF, 0x80, 0xDF, 0x02, 0x00, 0x83, 0x40, 0xCA,
    0xBD, 0x17, 0x02, 0x00, 0x80, 0xF8, 0x02, 0xFF, 0x83, 0xBF, 0x27, 0x60, 0xFD, 0x02, 0xFF, 0x83,
    0x0B, 0x00, 0x20, 0xFD, 0x03, 0xFF, 0x81, 0xAD, 0xFD, 0x03, 0xFF, 0x82, 0x07, 0x00, 0xB0, 0x08,
    0xFF, 0x80, 0xBF, 0x02, 0x00, 0x80, 0xF8, 0x08, 0xFF, 0x82, 0x0C, 0x00, 0x70, 0x08, 0xFF, 0x80,
    0xCF, 0x02, 0x00, 0x80, 0xF8, 0x02, 0xFF, 0x81, 0xCF, 0x78, 0x04, 0xFF, 0x82, 0x0A, 0x00, 0x90,
    0x02, 0xFF, 0x82, 0x4C, 0x00, 0xC1, 0x03, 0xFF, 0x80, 0x4D, 0x02, 0x00, 0x80, 0xFC, 0x02, 0xFF,
    0x82, 0x04, 0x00, 0xC4, 0x02, 0xFF, 0x80, 0x7D, 0x02, 0x00, 0x80, 0xF6, 0x02, 0xFF, 0x80, 0xBF,
    0x02, 0x00, 0x82, 0x71, 0x98, 0x27, 0x02, 0x00, 0x80, 0xC2, 0x03, 0xFF, 0x81, 0xAF, 0x01, 0x05,
    0x00, 0x80, 0xB2, 0x04, 0xFF, 0x81, 0xBF, 0x04, 0x04, 0x00, 0x80, 0xC6, 0x06, 0xFF, 0x84, 0x7B,
    0x35, 0x21, 0x75, 0xFC, 0x53, 0xFF, 0x80, 0x0F, 0x49, 0xFF, 0x84, 0x7B, 0x34, 0x31, 0x85, 0xFC,
    0x05, 0xFF, 0x81, 0xCF, 0x04, 0x03, 0x00, 0x81, 0x10, 0xF9, 0x04, 0xFF, 0x81, 0xBF, 0x02, 0x05,
    0x00, 0x80, 0xF7, 0x03, 0xFF, 0x85, 0xCF, 0x02, 0x00, 0x61, 0x98, 0x27, 0x02, 0x00, 0x80, 0xFB,
    0x03, 0xFF, 0x82, 0x06, 0x00, 0xB2, 0x02, 0xFF, 0x82, 0x2B, 0x73, 0xFB, 0x03, 0xFF, 0x82, 0x0B,
    0x00, 0xA0, 0x03, 0xFF, 0x80, 0xFC, 0x04, 0xFF, 0x82, 0x7F, 0x00, 0x40, 0x09, 0xFF, 0x82, 0x02,
    0x00, 0xF9, 0x08, 0xFF, 0x87, 0x0C, 0x00, 0xB0, 0xAF, 0x36, 0x21, 0x85, 0xFD, 0x03, 0xFF, 0x80,
    0xAF, 0x02, 0x00, 0x80, 0x4B, 0x03, 0x00, 0x81, 0x30, 0xFA, 0x03, 0xFF, 0x82, 0x08, 0x00, 0x31,
    0x05, 0x00, 0x80, 0xF8, 0x02, 0xFF, 0x80, 0x7F, 0x03, 0x00, 0x85, 0x73, 0x79, 0x04, 0x00, 0x10,
    0xFB, 0x02, 0xFF, 0x80, 0x07, 0x02, 0x00, 0x80, 0xD7, 0x02, 0xFF, 0x85, 0x08, 0x00, 0x30, 0xFD,
    0xFF, 0x7F, 0x02, 0x00, 0x80, 0xD4, 0x03, 0xFF, 0x82, 0x06, 0x00, 0xB0, 0x02, 0xFF, 0x82, 0x08,
    0x00, 0x90, 0x03, 0xFF, 0x80, 0xBF, 0x02, 0x00, 0x82, 0xF8, 0xFF, 0x9F, 0x02, 0x00, 0x80, 0xFB,
    0x03, 0xFF, 0x82, 0x0D, 0x00, 0x70, 0x02, 0xFF, 0x82, 0x0B, 0x00, 0xB0, 0x03, 0xFF, 0x88, 0xDF,
    0x01, 0x00, 0xF7, 0xFF, 0xDF, 0x02, 0x00, 0xF9, 0x03, 0xFF, 0x82, 0x0B, 0x00, 0x90, 0x02, 0xFF,
    0x83, 0x7F, 0x00, 0x40, 0xFD, 0x02, 0xFF, 0x80, 0x7F, 0x02, 0x00, 0x80, 0xFC, 0x02, 0xFF, 0x85,
    0x1C, 0x00, 0x70, 0xFD, 0xFF, 0x9F, 0x02, 0x00, 0x80, 0xF6, 0x03, 0xFF, 0x84, 0x08, 0x00, 0x30,
    0x97, 0x58, 0x02, 0x00, 0x80, 0xC2, 0x04, 0xFF, 0x80, 0x06, 0x05, 0x00, 0x80, 0xB2, 0x05, 0xFF,
    0x80, 0x18, 0x04, 0x00, 0x80, 0xC5, 0x06, 0xFF, 0x84, 0x8C, 0x35, 0x21, 0x74, 0xFB, 0x53, 0xFF,
    0x80, 0x0F, 0x46, 0xFF, 0x80, 0x0B, 0x08, 0x00, 0x82, 0xFD, 0xFF, 0xBF, 0x08, 0x00, 0x80, 0xD0,
    0x02, 0xFF, 0x80, 0x0B, 0x08, 0x00, 0x82, 0xFD, 0xFF, 0xCF, 0x06, 0x55, 0x82, 0x02, 0x00, 0xD0,
    0x08, 0xFF, 0x82, 0x2D, 0x00, 0x60, 0x08, 0xFF, 0x80, 0x8F, 0x02, 0x00, 0x80, 0xFB, 0x07, 0xFF,
    0x83, 0xDF, 0x02, 0x00, 0xF5, 0x08, 0xFF, 0x82, 0x08, 0x00, 0xA0, 0x08, 0xFF, 0x82, 0x2D, 0x00,
    0x40, 0x08, 0xFF, 0x80, 0x8F, 0x02, 0x00, 0x80, 0xFA, 0x07, 0xFF, 0x83, 0xDF, 0x02, 0x00, 0xF3,
    0x08, 0xFF, 0x82, 0x08, 0x00, 0x90, 0x08, 0xFF, 0x83, 0x3D, 0x00, 0x30, 0xFD, 0x07, 0xFF, 0x80,
    0x9F, 0x02, 0x00, 0x80, 0xF8, 0x07, 0xFF, 0x83, 0xDF, 0x03, 0x00, 0xD2, 0x08, 0xFF, 0x82, 0x09,
    0x00, 0x80, 0x08, 0xFF, 0x83, 0x3D, 0x00, 0x10, 0xFC, 0x07, 0xFF, 0x80, 0x9F, 0x02, 0x00, 0x80,
    0xF7, 0x07, 0xFF, 0x83, 0xDF, 0x03, 0x00, 0xC1, 0x08, 0xFF, 0x82, 0x09, 0x00, 0x70, 0x08, 0xFF,
    0x80, 0x3D, 0x02, 0x00, 0x80, 0xFC, 0x07, 0xFF, 0x80, 0x9F, 0x02, 0x00, 0x80, 0xF6, 0x08, 0xFF,
    0x82, 0x03, 0x00, 0xB0, 0x08, 0xFF, 0x82, 0x0A, 0x00, 0x50, 0x56, 0xFF, 0x80, 0x0F, 0x49, 0xFF,
    0x83, 0x6A, 0x12, 0x73, 0xFB, 0x06, 0xFF, 0x81, 0xCF, 0x06, 0x02, 0x00, 0x81, 0x10, 0xD8, 0x05,
    0xFF, 0x81, 0xDF, 0x04, 0x04, 0x00, 0x80, 0xF7, 0x05, 0xFF, 0x83, 0x07, 0x00, 0x30, 0x25, 0x02,
    0x00, 0x80, 0xFB, 0x04, 0xFF, 0x86, 0x1D, 0x00, 0x91, 0xFF, 0x7D, 0x00, 0x60, 0x04, 0xFF, 0x82,
    0xAF, 0x00, 0x70, 0x02, 0xFF, 0x82, 0x3D, 0x00, 0xF3, 0x04, 0xFF, 0x82, 0x09, 0x00, 0xF9, 0x02,
    0xFF, 0x82, 0x06, 0x00, 0xFD, 0x03, 0xFF, 0x82, 0xBF, 0x00, 0x70, 0x02, 0xFF, 0x82, 0x4F, 0x00,
    0xF3, 0x04, 0xFF, 0x86, 0x2D, 0x00, 0xB1, 0xFF, 0x8F, 0x00, 0x60, 0x05, 0xFF, 0x86, 0x09, 0x00,
    0x50, 0x36, 0x00, 0x10, 0xFC, 0x04, 0xFF, 0x81, 0xCF, 0x02, 0x04, 0x00, 0x80, 0xD5, 0x04, 0xFF,
    0x81, 0x9F, 0x02, 0x05, 0x00, 0x80, 0xB3, 0x03, 0xFF, 0x80, 0x8F, 0x07, 0x00, 0x80, 0xB2, 0x02,
    0xFF, 0x80, 0xBF, 0x02, 0x00, 0x83, 0x61, 0xCB, 0xCD, 0x4A, 0x02, 0x00, 0x80, 0xD3, 0x02, 0xFF,
    0x82, 0x06, 0x00, 0x90, 0x03, 0xFF, 0x80, 0x6F, 0x02, 0x00, 0x84, 0xF9, 0xFF, 0x2F, 0x00, 0x50,
    0x04, 0xFF, 0x84, 0x1D, 0x00, 0x60, 0xFF, 0xDF, 0x02, 0x00, 0x80, 0xF8, 0x04, 0xFF, 0x86, 0x04,
    0x00, 0xF4, 0xFF, 0x1F, 0x00, 0x60, 0x04, 0xFF, 0x82, 0x1D, 0x00, 0x60, 0x02, 0xFF, 0x82, 0x04,
    0x00, 0xB1, 0x03, 0xFF, 0x80, 0x8F, 0x02, 0x00, 0x82, 0xF8, 0xFF, 0x9F, 0x02, 0x00, 0x83, 0x92,
    0xFD, 0xFF, 0x7C, 0x02, 0x00, 0x80, 0xC1, 0x02, 0xFF, 0x80, 0x4F, 0x02, 0x00, 0x82, 0x10, 0x53,
    0x03, 0x02, 0x00, 0x80, 0x80, 0x03, 0xFF, 0x80, 0x4C, 0x06, 0x00, 0x80, 0x70, 0x04, 0xFF, 0x81,
    0x9D, 0x03, 0x04, 0x00, 0x80, 0xA4, 0x05, 0xFF, 0x85, 0xDF, 0x69, 0x23, 0x21, 0x74, 0xFA, 0x53,
    0xFF, 0x80, 0x0F, 0x48, 0xFF, 0x84, 0xCF, 0x47, 0x22, 0x73, 0xFA, 0x06, 0xFF, 0x80, 0x7D, 0x04,
    0x00, 0x80, 0xC5, 0x05, 0xFF, 0x80, 0x4C, 0x05, 0x00, 0x80, 0xB2, 0x04, 0xFF, 0x80, 0x4D, 0x06,
    0x00, 0x80, 0xC2, 0x03, 0xFF, 0x80, 0x8F, 0x02, 0x00, 0x82, 0xA4, 0xDC, 0x7B, 0x02, 0x00, 0x80,
    0xF5, 0x02, 0xFF, 0x83, 0xDF, 0x02, 0x00, 0xD6, 0x02, 0xFF, 0x80, 0x9F, 0x02, 0x00, 0x80, 0xFB,
    0x02, 0xFF, 0x82, 0x0B, 0x00, 0xC2, 0x03, 0xFF, 0x82, 0x6F, 0x00, 0x70, 0x02, 0xFF, 0x82, 0x9F,
    0x00, 0x60, 0x04, 0xFF, 0x82, 0x0A, 0x00, 0xF5, 0x02, 0xFF, 0x82, 0x08, 0x00, 0xF8, 0x03, 0xFF,
    0x82, 0xCF, 0x00, 0x40, 0x02, 0xFF, 0x82, 0x9F, 0x00, 0x60, 0x04, 0xFF, 0x82, 0x0A, 0x00, 0xF6,
    0x02, 0xFF, 0x82, 0x0B, 0x00, 0xC2, 0x03, 0xFF, 0x82, 0x6F, 0x00, 0x80, 0x03, 0xFF, 0x82, 0x03,
    0x00, 0xD6, 0x02, 0xFF, 0x80, 0x9F, 0x02, 0x00, 0x80, 0xFB, 0x02, 0xFF, 0x80, 0x9F, 0x02, 0x00,
    0x82, 0xA3, 0xDC, 0x6B, 0x02, 0x00, 0x80, 0xF4, 0x03, 0xFF, 0x80, 0x5F, 0x06, 0x00, 0x80, 0xA0,
    0x04, 0xFF, 0x80, 0x5D, 0x05, 0x00, 0x80, 0x50, 0x05, 0xFF, 0x81, 0x8D, 0x02, 0x04, 0x00, 0x80,
    0xFB, 0x05, 0xFF, 0x85, 0xDF, 0x79, 0x55, 0x01, 0x00, 0xF6, 0x08, 0xFF, 0x82, 0x0A, 0x00, 0xC1,
    0x08, 0xFF, 0x82, 0x3D, 0x00, 0x70, 0x08, 0xFF, 0x83, 0x8F, 0x00, 0x20, 0xFD, 0x07, 0xFF, 0x83,
    0xCF, 0x02, 0x00, 0xF8, 0x08, 0xFF, 0x82, 0x07, 0x00, 0xD3, 0x08, 0xFF, 0x82, 0x1B, 0x00, 0x90,
    0x08, 0xFF, 0x82, 0x5F, 0x00, 0x40, 0x55, 0xFF, 0x80, 0x0F, 0x7F, 0xFF, 0x04, 0xFF, 0x82, 0x4A,
    0x52, 0xFC, 0x08, 0xFF, 0x83, 0x0A, 0x00, 0x20, 0xFC, 0x07, 0xFF, 0x80, 0x5F, 0x02, 0x00, 0x80,
    0x80, 0x08, 0xFF, 0x80, 0x03, 0x02, 0x00, 0x80, 0xF7, 0x07, 0xFF, 0x80, 0x6F, 0x02, 0x00, 0x80,
    0x90, 0x08, 0xFF, 0x83, 0x3C, 0x00, 0x50, 0xFD, 0x08, 0xFF, 0x81, 0x8D, 0x97, 0x43, 0xFF, 0x81,
    0x9D, 0xA7, 0x09, 0xFF, 0x82, 0x3C, 0x00, 0x60, 0x08, 0xFF, 0x80, 0x6F, 0x02, 0x00, 0x80, 0x90,
    0x08, 0xFF, 0x80, 0x03, 0x02, 0x00, 0x80, 0xF7, 0x07, 0xFF, 0x80, 0x5F, 0x02, 0x00, 0x80, 0x80,
    0x08, 0xFF, 0x83, 0x0A, 0x00, 0x20, 0xFC, 0x08, 0xFF, 0x82, 0x4A, 0x52, 0xFB, 0x54, 0xFF, 0x80,
    0x0F, 0x7F, 0xFF, 0x04, 0xFF, 0x81, 0x9D, 0xA7, 0x09, 0xFF, 0x82, 0x3C, 0x00, 0x50, 0x08, 0xFF,
    0x80, 0x6F, 0x02, 0x00, 0x80, 0x90, 0x08, 0xFF, 0x80, 0x03, 0x02, 0x00, 0x80, 0xF7, 0x07, 0xFF,
    0x80, 0x5F, 0x02, 0x00, 0x80, 0x80, 0x08, 0xFF, 0x83, 0x0A, 0x00, 0x20, 0xFC, 0x08, 0xFF, 0x82,
    0x4A, 0x52, 0xFC, 0x42, 0xFF, 0x81, 0xCF, 0xDB, 0x09, 0xFF, 0x82, 0x7D, 0x00, 0x81, 0x08, 0xFF,
    0x80, 0x8F, 0x02, 0x00, 0x80, 0xB0, 0x08, 0xFF, 0x80, 0x03, 0x02, 0x00, 0x80, 0xF7, 0x07, 0xFF,
    0x80, 0x4F, 0x02, 0x00, 0x80, 0x70, 0x08, 0xFF, 0x80, 0x09, 0x02, 0x00, 0x80, 0xFA, 0x08, 0xFF,
    0x82, 0x28, 0x00, 0xF3, 0x09, 0xFF, 0x81, 0x08, 0x80, 0x09, 0xFF, 0x82, 0x3F, 0x10, 0xFC, 0x08,
    0xFF, 0x82, 0xBF, 0x00, 0xF6, 0x09, 0xFF, 0x81, 0x06, 0xA0, 0x09, 0xFF, 0x82, 0x1D, 0x30, 0xFD,
    0x08, 0xFF, 0x82, 0xDF, 0xCC, 0xFC, 0x10, 0xFF, 0x80, 0x0F, 0x7F, 0xFF, 0x14, 0xFF, 0x81, 0x5A,
    0xFD, 0x08, 0xFF, 0x82, 0x8D, 0x03, 0xD0, 0x07, 0xFF, 0x81, 0xCF, 0x27, 0x02, 0x00, 0x80, 0xFD,
    0x06, 0xFF, 0x80, 0x5A, 0x03, 0x00, 0x80, 0xD0, 0x05, 0xFF, 0x81, 0x8D, 0x03, 0x03, 0x00, 0x80,
    0x95, 0x04, 0xFF, 0x81, 0xCF, 0x27, 0x03, 0x00, 0x81, 0x72, 0xFC, 0x04, 0xFF, 0x80, 0x6A, 0x03,
    0x00, 0x81, 0x50, 0xDA, 0x04, 0xFF, 0x81, 0xBF, 0x03, 0x02, 0x00, 0x81, 0x30, 0xC8, 0x06, 0xFF,
    0x83, 0x0A, 0x00, 0x10, 0xA6, 0x07, 0xFF, 0x80, 0xAF, 0x02, 0x00, 0x81, 0x61, 0xDA, 0x07, 0xFF,
    0x80, 0x4C, 0x03, 0x00, 0x81, 0x83, 0xFC, 0x06, 0xFF, 0x81, 0xBF, 0x16, 0x03, 0x00, 0x81, 0xA5,
    0xFD, 0x06, 0xFF, 0x81, 0x7C, 0x02, 0x02, 0x00, 0x81, 0x20, 0xC7, 0x06, 0xFF, 0x81, 0xDF, 0x39,
    0x03, 0x00, 0x81, 0x50, 0xF9, 0x06, 0xFF, 0x81, 0xAF, 0x06, 0x03, 0x00, 0x80, 0xFD, 0x07, 0xFF,
    0x83, 0x7C, 0x02, 0x00, 0xD0, 0x08, 0xFF, 0x83, 0xDF, 0x38, 0x00, 0xFD, 0x09, 0xFF, 0x81, 0xAF,
    0xD5, 0x51, 0xFF, 0x80, 0x0F, 0x7F, 0xFF, 0x3A, 0xFF, 0x80, 0x05, 0x08, 0x00, 0x82, 0xF8, 0xFF,
    0x5F, 0x08, 0x00, 0x80, 0x80, 0x02, 0xFF, 0x80, 0x05, 0x08, 0x00, 0x82, 0xF8, 0xFF, 0x7F, 0x08,
    0x44, 0x80, 0x94, 0x19, 0xFF, 0x80, 0x47, 0x08, 0x44, 0x82, 0xF9, 0xFF, 0x5F, 0x08, 0x00, 0x80,
    0x80, 0x02, 0xFF, 0x80, 0x05, 0x08, 0x00, 0x82, 0xF8, 0xFF, 0x5F, 0x08, 0x00, 0x80, 0x80, 0x7F,
    0xFF, 0x80, 0x0F, 0x7F, 0xFF, 0x0C, 0xFF, 0x81, 0x7A, 0xFB, 0x09, 0xFF, 0x83, 0xAF, 0x00, 0xA5,
    0xFD, 0x08, 0xFF, 0x83, 0x0A, 0x00, 0x30, 0xC8, 0x07, 0xFF, 0x80, 0xAF, 0x03, 0x00, 0x81, 0x71,
    0xFC, 0x06, 0xFF, 0x81, 0x8C, 0x03, 0x03, 0x00, 0x80, 0xA5, 0x07, 0xFF, 0x81, 0x6B, 0x01, 0x02,
    0x00, 0x81, 0x30, 0xD8, 0x06, 0xFF, 0x81, 0xCF, 0x48, 0x03, 0x00, 0x81, 0x71, 0xFC, 0x06, 0xFF,
    0x81, 0xBF, 0x27, 0x03, 0x00, 0x80, 0xD5, 0x07, 0xFF, 0x81, 0x9D, 0x04, 0x02, 0x00, 0x80, 0xFD,
    0x06, 0xFF, 0x81, 0xDF, 0x49, 0x02, 0x00, 0x80, 0xD0, 0x06, 0xFF, 0x81, 0x7B, 0x01, 0x02, 0x00,
    0x81, 0x60, 0xFD, 0x04, 0xFF, 0x81, 0x8C, 0x03, 0x02, 0x00, 0x81, 0x20, 0xC7, 0x04, 0xFF, 0x81,
    0xBF, 0x16, 0x03, 0x00, 0x81, 0x83, 0xFD, 0x03, 0xFF, 0x81, 0xDF, 0x38, 0x03, 0x00, 0x81, 0x50,
    0xFA, 0x05, 0xFF, 0x80, 0x0A, 0x02, 0x00, 0x81, 0x10, 0xC7, 0x06, 0xFF, 0x80, 0xAF, 0x02, 0x00,
    0x81, 0x83, 0xFD, 0x07, 0xFF, 0x82, 0x0A, 0x50, 0xDA, 0x08, 0xFF, 0x81, 0xAF, 0xB7, 0x59, 0xFF,
    0x80, 0x0F, 0x48, 0xFF, 0x84, 0xBF, 0x57, 0x13, 0x53, 0xA7, 0x06, 0xFF, 0x80, 0x4B, 0x04, 0x00,
    0x81, 0x30, 0xF9, 0x04, 0xFF, 0x80, 0x19, 0x06, 0x00, 0x80, 0xF7, 0x03, 0xFF, 0x80, 0x0A, 0x02,
    0x00, 0x82, 0x52, 0x67, 0x02, 0x02, 0x00, 0x80, 0xFA, 0x02, 0xFF, 0x80, 0x4F, 0x02, 0x00, 0x85,
    0xD8, 0xFF, 0xDF, 0x08, 0x00, 0x40, 0x02, 0xFF, 0x83, 0xCF, 0x37, 0x00, 0xF9, 0x03, 0xFF, 0x82,
    0x06, 0x00, 0xD1, 0x03, 0xFF, 0x81, 0xBF, 0xF8, 0x03, 0xFF, 0x83, 0x7F, 0x00, 0x10, 0xFD, 0x07,
    0xFF, 0x83, 0xCF, 0x02, 0x00, 0xF4, 0x07, 0xFF, 0x83, 0xAF, 0x02, 0x00, 0x90, 0x07, 0xFF, 0x80,
    0x4B, 0x02, 0x00, 0x80, 0x60, 0x06, 0xFF, 0x81, 0xDF, 0x06, 0x02, 0x00, 0x80, 0x70, 0x06, 0xFF,
    0x81, 0xDF, 0x04, 0x02, 0x00, 0x80, 0xB4, 0x07, 0xFF, 0x83, 0x08, 0x00, 0x20, 0xF9, 0x07, 0xFF,
    0x83, 0x3F, 0x00, 0x20, 0xFC, 0x07, 0xFF, 0x83, 0xDF, 0x01, 0x00, 0xF8, 0x08, 0xFF, 0x82, 0x0C,
    0x00, 0x90, 0x09, 0xFF, 0x02, 0xDD, 0x80, 0xFD, 0x14, 0xFF, 0x82, 0x49, 0x73, 0xFD, 0x08, 0xFF,
    0x82, 0x0A, 0x00, 0x60, 0x08, 0xFF, 0x80, 0x6F, 0x02, 0x00, 0x80, 0xC0, 0x08, 0xFF, 0x80, 0x06,
    0x02, 0x00, 0x80, 0xFC, 0x07, 0xFF, 0x80, 0xAF, 0x02, 0x00, 0x80, 0xF6, 0x08, 0xFF, 0x82, 0x9F,
    0x23, 0xD7, 0x55, 0xFF, 0x80, 0x0F, 0x5F, 0xFF, 0x84, 0xCF, 0x58, 0x13, 0x42, 0xB7, 0x06, 0xFF,
    0x80, 0x6C, 0x04, 0x00, 0x81, 0x40, 0xFB, 0x04, 0xFF, 0x87, 0x2B, 0x00, 0x72, 0xA9, 0x79, 0x03,
    0x10, 0xF9, 0x03, 0xFF, 0x82, 0x1B, 0x20, 0xD9, 0x03, 0xFF, 0x82, 0x3A, 0x00, 0xF8, 0x02, 0xFF,
    0x82, 0x2C, 0x20, 0xFC, 0x04, 0xFF, 0x86, 0x4C, 0x10, 0xFB, 0xFF, 0x6F, 0x10, 0xFB, 0x05, 0xFF,
    0x93, 0x2C, 0x40, 0xFF, 0xCF, 0x00, 0xF7, 0xFF, 0xCF, 0x79, 0x87, 0xC9, 0xFF, 0x09, 0xA0, 0xFF,
    0x07, 0xC1, 0xFF, 0x7D, 0x01, 0x02, 0x00, 0x87, 0xC0, 0xDF, 0x03, 0xF7, 0x2F, 0x60, 0xFF, 0x5D,
    0x04, 0x00, 0x9E, 0xFC, 0x7F, 0x30, 0xCF, 0x00, 0xF9, 0x8F, 0x00, 0x93, 0xDD, 0x07, 0xC0, 0xFF,
    0x09, 0xC0, 0x09, 0xB0, 0xFF, 0x03, 0xB0, 0xFF, 0x8F, 0x00, 0xFC, 0xBF, 0x00, 0x8C, 0x00, 0xFC,
    0x0C, 0x40, 0x02, 0xFF, 0x94, 0x08, 0xC0, 0xFF, 0x0C, 0xB0, 0x08, 0xD0, 0xAF, 0x00, 0xF6, 0xFF,
    0x8F, 0x00, 0xFC, 0xCF, 0x00, 0x7B, 0x00, 0xFD, 0x0A, 0x60, 0x02, 0xFF, 0xA1, 0x07, 0xC0, 0xFF,
    0x0B, 0xB0, 0x08, 0xC0, 0xBF, 0x00, 0xF4, 0xFF, 0x4F, 0x00, 0xFC, 0x8F, 0x10, 0x9D, 0x00, 0xFB,
    0x1D, 0x00, 0xF9, 0x8F, 0x00, 0xB0, 0xFF, 0x05, 0xF4, 0x0C, 0x90, 0xFF, 0x08, 0x00, 0x34, 0x02,
    0x00, 0x87, 0xD5, 0x09, 0x90, 0xFF, 0x03, 0xF5, 0xDF, 0x05, 0x02, 0x00, 0x80, 0x67, 0x02, 0x00,
    0x8F, 0x40, 0xFD, 0x7F, 0x00, 0xFC, 0xFF, 0x48, 0x41, 0xF9, 0x3C, 0x00, 0x60, 0xFD, 0xFF, 0x1C,
    0x50, 0x05, 0xFF, 0x81, 0xAD, 0xB9, 0x03, 0xFF, 0x81, 0x07, 0x70, 0x09, 0xFF, 0x83, 0xDF, 0x05,
    0x70, 0xFD, 0x03, 0xFF, 0x80, 0xFD, 0x04, 0xFF, 0x86, 0xDF, 0x05, 0x20, 0xB7, 0xDC, 0xBC, 0x57,
    0x05, 0xFF, 0x81, 0xDF, 0x17, 0x04, 0x00, 0x80, 0xF4, 0x06, 0xFF, 0x81, 0x7C, 0x03, 0x02, 0x00,
    0x80, 0xA5, 0x08, 0xFF, 0x82, 0xBC, 0xBB, 0xFC, 0x26, 0xFF, 0x80, 0x0F, 0x49, 0xFF, 0x83, 0x0B,
    0x00, 0x20, 0xFD, 0x07, 0xFF, 0x80, 0x7F, 0x02, 0x00, 0x80, 0xA0, 0x08, 0xFF, 0x80, 0x03, 0x02,
    0x00, 0x80, 0xF7, 0x07, 0xFF, 0x80, 0x0B, 0x02, 0x00, 0x81, 0x20, 0xFD, 0x06, 0xFF, 0x84, 0x7F,
    0x00, 0x20, 0x00, 0xB0, 0x07, 0xFF, 0x84, 0x03, 0x20, 0x08, 0x00, 0xF7, 0x06, 0xFF, 0x84, 0x0C,
    0x00, 0xC7, 0x00, 0x30, 0x06, 0xFF, 0x85, 0x8F, 0x00, 0xA0, 0x4F, 0x00, 0xB0, 0x06, 0xFF, 0x85,
    0x04, 0x20, 0xFD, 0x08, 0x00, 0xF7, 0x05, 0xFF, 0x85, 0x0C, 0x00, 0xF6, 0xCF, 0x00, 0x30, 0x05,
    0xFF, 0x86, 0x8F, 0x00, 0xA0, 0xFF, 0x4F, 0x00, 0xB0, 0x05, 0xFF, 0x86, 0x04, 0x10, 0xFD, 0xFF,
    0x08, 0x00, 0xF8, 0x04, 0xFF, 0x86, 0x0C, 0x00, 0xF6, 0xFF, 0xBF, 0x00, 0x30, 0x04, 0xFF, 0x82,
    0x8F, 0x00, 0x90, 0x02, 0xFF, 0x82, 0x3F, 0x00, 0xC0, 0x04, 0xFF, 0x82, 0x05, 0x10, 0xFC, 0x02,
    0xFF, 0x82, 0x07, 0x00, 0xF8, 0x03, 0xFF, 0x82, 0x0C, 0x00, 0x51, 0x02, 0x55, 0x82, 0x45, 0x00,
    0x40, 0x03, 0xFF, 0x80, 0x9F, 0x07, 0x00, 0x80, 0xC0, 0x03, 0xFF, 0x80, 0x05, 0x07, 0x00, 0x80,
    0xF8, 0x02, 0xFF, 0x80, 0x1C, 0x07, 0x00, 0x80, 0x40, 0x02, 0xFF, 0x82, 0x9F, 0x00, 0x70, 0x04,
    0xFF, 0x82, 0x0C, 0x00, 0xC0, 0x02, 0xFF, 0x82, 0x06, 0x00, 0xFA, 0x04, 0xFF, 0x86, 0x04, 0x00,
    0xF8, 0xFF, 0x1D, 0x00, 0xD1, 0x04, 0xFF, 0x86, 0x8F, 0x00, 0x50, 0xFF, 0x9F, 0x00, 0x50, 0x05,
    0xFF, 0x86, 0x0B, 0x00, 0xC0, 0xFF, 0x06, 0x00, 0xF8, 0x05, 0xFF, 0x82, 0x03, 0x00, 0xF9, 0x50,
    0xFF, 0x80, 0x0F, 0x46, 0xFF, 0x80, 0x1F, 0x04, 0x00, 0x82, 0x42, 0x76, 0xFC, 0x04, 0xFF, 0x80,
    0x01, 0x05, 0x00, 0x81, 0x10, 0xD6, 0x03, 0xFF, 0x80, 0x1F, 0x07, 0x00, 0x80, 0xF6, 0x03, 0xFF,
    0x85, 0x01, 0x00, 0x64, 0x66, 0x56, 0x02, 0x02, 0x00, 0x80, 0xF8, 0x02, 0xFF, 0x82, 0x1F, 0x00,
    0xA0, 0x03, 0xFF, 0x82, 0x19, 0x00, 0x40, 0x03, 0xFF, 0x82, 0x01, 0x00, 0xFA, 0x03, 0xFF, 0x82,
    0x07, 0x00, 0xF1, 0x02, 0xFF, 0x82, 0x1F, 0x00, 0xA0, 0x03, 0xFF, 0x80, 0xAF, 0x02, 0x00, 0x80,
    0xFD, 0x02, 0xFF, 0x82, 0x01, 0x00, 0xFA, 0x03, 0xFF, 0x82, 0x0A, 0x00, 0xF2, 0x02, 0xFF, 0x82,
    0x1F, 0x00, 0xA0, 0x03, 0xFF, 0x82, 0x6F, 0x00, 0x60, 0x03, 0xFF, 0x88, 0x01, 0x00, 0xFA, 0xFF,
    0xDF, 0x7C, 0x00, 0x10, 0xFB, 0x02, 0xFF, 0x80, 0x1F, 0x06, 0x00, 0x81, 0x10, 0xF9, 0x03, 0xFF,
    0x80, 0x01, 0x06, 0x00, 0x80, 0xF9, 0x03, 0xFF, 0x80, 0x1F, 0x07, 0x00, 0x80, 0xD6, 0x03, 0xFF,
    0x85, 0x01, 0x00, 0x64, 0x66, 0x56, 0x14, 0x02, 0x00, 0x80, 0xF5, 0x02, 0xFF, 0x82, 0x1F, 0x00,
    0xA0, 0x03, 0xFF, 0x80, 0x7C, 0x02, 0x00, 0x80, 0xF9, 0x02, 0xFF, 0x82, 0x01, 0x00, 0xFA, 0x03,
    0xFF, 0x82, 0x5F, 0x00, 0x50, 0x02, 0xFF, 0x82, 0x1F, 0x00, 0xA0, 0x04, 0xFF, 0x82, 0x08, 0x00,
    0xF2, 0x02, 0xFF, 0x82, 0x01, 0x00, 0xFA, 0x03, 0xFF, 0x80, 0x8F, 0x02, 0x00, 0x84, 0xFD, 0xFF,
    0x1F, 0x00, 0xA0, 0x04, 0xFF, 0x82, 0x05, 0x00, 0xF2, 0x02, 0xFF, 0x82, 0x01, 0x00, 0xFA, 0x02,
    0xFF, 0x83, 0xDF, 0x07, 0x00, 0x60, 0x02, 0xFF, 0x82, 0x1F, 0x00, 0x40, 0x02, 0x66, 0x81, 0x46,
    0x01, 0x02, 0x00, 0x80, 0xFB, 0x02, 0xFF, 0x80, 0x01, 0x07, 0x00, 0x80, 0xF7, 0x02, 0xFF, 0x80,
    0x1F, 0x06, 0x00, 0x81, 0x30, 0xF9, 0x03, 0xFF, 0x80, 0x01, 0x04, 0x00, 0x82, 0x53, 0x97, 0xFD,
    0x52, 0xFF, 0x80, 0x0F, 0x49, 0xFF, 0x84, 0x7B, 0x24, 0x42, 0xA6, 0xFD, 0x05, 0xFF, 0x81, 0xBF,
    0x04, 0x03, 0x00, 0x81, 0x30, 0xFA, 0x04, 0xFF, 0x81, 0x9F, 0x01, 0x05, 0x00, 0x80, 0xF8, 0x03,
    0xFF, 0x80, 0x9F, 0x02, 0x00, 0x82, 0x10, 0x54, 0x03, 0x02, 0x00, 0x80, 0xF9, 0x02, 0xFF, 0x89,
    0xCF, 0x02, 0x00, 0x70, 0xFC, 0xFF, 0x4B, 0x00, 0x20, 0xFC, 0x02, 0xFF, 0x82, 0x06, 0x00, 0x80,
    0x03, 0xFF, 0x82, 0x5D, 0x00, 0x92, 0x02, 0xFF, 0x82, 0x1C, 0x00, 0x40, 0x04, 0xFF, 0x81, 0x6C,
    0xDA, 0x02, 0xFF, 0x80, 0x8F, 0x02, 0x00, 0x80, 0xFA, 0x08, 0xFF, 0x82, 0x06, 0x00, 0xF3, 0x08,
    0xFF, 0x82, 0x3F, 0x00, 0x60, 0x09, 0xFF, 0x82, 0x01, 0x00, 0xF7, 0x08, 0xFF, 0x82, 0x0D, 0x00,
    0x80, 0x08, 0xFF, 0x80, 0xDF, 0x02, 0x00, 0x80, 0xF8, 0x08, 0xFF, 0x82, 0x1F, 0x00, 0x70, 0x09,
    0xFF, 0x82, 0x03, 0x00, 0xF5, 0x08, 0xFF, 0x82, 0x6F, 0x00, 0x30, 0x09, 0xFF, 0x82, 0x08, 0x00,
    0xB0, 0x08, 0xFF, 0x83, 0xCF, 0x01, 0x00, 0xF5, 0x03, 0xFF, 0x82, 0xDF, 0xA7, 0xFD, 0x02, 0xFF,
    0x80, 0x6F, 0x02, 0x00, 0x80, 0xF8, 0x03, 0xFF, 0x82, 0x07, 0x20, 0xF8, 0x02, 0xFF, 0x80, 0x1C,
    0x02, 0x00, 0x85, 0xC7, 0xFF, 0xCF, 0x06, 0x00, 0xC1, 0x03, 0xFF, 0x80, 0x09, 0x02, 0x00, 0x81,
    0x41, 0x45, 0x02, 0x00, 0x80, 0x80, 0x04, 0xFF, 0x80, 0x08, 0x05, 0x00, 0x80, 0x80, 0x05, 0xFF,
    0x80, 0x3A, 0x04, 0x00, 0x80, 0x93, 0x06, 0xFF, 0x84, 0xAD, 0x46, 0x22, 0x64, 0xD9, 0x53, 0xFF,
    0x80, 0x0F, 0x46, 0xFF, 0x80, 0x07, 0x02, 0x00, 0x83, 0x10, 0x42, 0x86, 0xFC, 0x04, 0xFF, 0x80,
    0x7F, 0x06, 0x00, 0x80, 0xB5, 0x04, 0xFF, 0x80, 0x07, 0x06, 0x00, 0x81, 0x70, 0xFD, 0x02, 0xFF,
    0x85, 0x7F, 0x00, 0x20, 0x55, 0x34, 0x01, 0x02, 0x00, 0x80, 0x60, 0x03, 0xFF, 0x82, 0x07, 0x00,
    0xF6, 0x02, 0xFF, 0x80, 0x7B, 0x02, 0x00, 0x80, 0x80, 0x02, 0xFF, 0x82, 0x7F, 0x00, 0x60, 0x03,
    0xFF, 0x83, 0xBF, 0x01, 0x00, 0xD2, 0x02, 0xFF, 0x82, 0x07, 0x00, 0xF6, 0x03, 0xFF, 0x80, 0x9F,
    0x02, 0x00, 0x84, 0xF8, 0xFF, 0x7F, 0x00, 0x60, 0x04, 0xFF, 0x82, 0x4F, 0x00, 0x50, 0x02, 0xFF,
    0x82, 0x07, 0x00, 0xF6, 0x04, 0xFF, 0x86, 0x08, 0x00, 0xD1, 0xFF, 0x7F, 0x00, 0x60, 0x04, 0xFF,
    0x80, 0xBF, 0x02, 0x00, 0x84, 0xFB, 0xFF, 0x07, 0x00, 0xF6, 0x04, 0xFF, 0x86, 0x0C, 0x00, 0xB0,
    0xFF, 0x7F, 0x00, 0x60, 0x04, 0xFF, 0x80, 0xDF, 0x02, 0x00, 0x84, 0xF9, 0xFF, 0x07, 0x00, 0xF6,
    0x04, 0xFF, 0x86, 0x0D, 0x00, 0xA0, 0xFF, 0x7F, 0x00, 0x60, 0x04, 0xFF, 0x80, 0xCF, 0x02, 0x00,
    0x84, 0xFB, 0xFF, 0x07, 0x00, 0xF6, 0x04, 0xFF, 0x86, 0x0B, 0x00, 0xB0, 0xFF, 0x7F, 0x00, 0x60,
    0x04, 0xFF, 0x87, 0x8F, 0x00, 0x10, 0xFD, 0xFF, 0x07, 0x00, 0xF6, 0x04, 0xFF, 0x86, 0x04, 0x00,
    0xF5, 0xFF, 0x7F, 0x00, 0x60, 0x04, 0xFF, 0x82, 0x09, 0x00, 0x80, 0x02, 0xFF, 0x82, 0x07, 0x00,
    0xF6, 0x03, 0xFF, 0x87, 0x1A, 0x00, 0x20, 0xFD, 0xFF, 0x7F, 0x00, 0x60, 0x02, 0xFF, 0x81, 0xBD,
    0x06, 0x02, 0x00, 0x80, 0xF8, 0x02, 0xFF, 0x84, 0x07, 0x00, 0x52, 0x45, 0x02, 0x03, 0x00, 0x80,
    0xF7, 0x02, 0xFF, 0x80, 0x7F, 0x07, 0x00, 0x80, 0xD7, 0x03, 0xFF, 0x80, 0x07, 0x05, 0x00, 0x81,
    0x50, 0xFB, 0x03, 0xFF, 0x80, 0x7F, 0x03, 0x00, 0x82, 0x21, 0x63, 0xC8, 0x54, 0xFF, 0x80, 0x0F,
    0x46, 0xFF, 0x80, 0xCF, 0x07, 0x00, 0x80, 0x40, 0x03, 0xFF, 0x80, 0x0C, 0x07, 0x00, 0x80, 0xF4,
    0x02, 0xFF, 0x80, 0xCF, 0x07, 0x00, 0x80, 0x40, 0x03, 0xFF, 0x80, 0x0C, 0x07, 0x00, 0x80, 0xF4,
    0x02, 0xFF, 0x80, 0xCF, 0x02, 0x00, 0x80, 0xD8, 0x05, 0xDD, 0x03, 0xFF, 0x82, 0x0C, 0x00, 0x90,
    0x08, 0xFF, 0x80, 0xCF, 0x02, 0x00, 0x80, 0xF9, 0x08, 0xFF, 0x82, 0x0C, 0x00, 0x90, 0x08, 0xFF,
    0x80, 0xCF, 0x02, 0x00, 0x80, 0xF9, 0x08, 0xFF, 0x82, 0x0C, 0x00, 0x90, 0x03, 0xDD, 0x80, 0xFD,
    0x04, 0xFF, 0x80, 0xCF, 0x06, 0x00, 0x05, 0xFF, 0x80, 0x0C, 0x05, 0x00, 0x80, 0xF0, 0x04, 0xFF,
    0x80, 0xCF, 0x06, 0x00, 0x05, 0xFF, 0x80, 0x0C, 0x05, 0x00, 0x80, 0xF0, 0x04, 0xFF, 0x80, 0xCF,
    0x02, 0x00, 0x80, 0xF9, 0x08, 0xFF, 0x82, 0x0C, 0x00, 0x90, 0x08, 0xFF, 0x80, 0xCF, 0x02, 0x00,
    0x80, 0xF9, 0x08, 0xFF, 0x82, 0x0C, 0x00, 0x90, 0x08, 0xFF, 0x80, 0xCF, 0x02, 0x00, 0x80, 0xF9,
    0x08, 0xFF, 0x82, 0x0C, 0x00, 0x80, 0x05, 0xDD, 0x80, 0xFD, 0x02, 0xFF, 0x80, 0xCF, 0x07, 0x00,
    0x80, 0x10, 0x03, 0xFF, 0x80, 0x0C, 0x07, 0x00, 0x80, 0xF1, 0x02, 0xFF, 0x80, 0xCF, 0x07, 0x00,
    0x80, 0x10, 0x03, 0xFF, 0x80, 0x0C, 0x07, 0x00, 0x80, 0xF1, 0x51, 0xFF, 0x80, 0x0F, 0x46, 0xFF,
    0x80, 0xDF, 0x07, 0x00, 0x80, 0x10, 0x03, 0xFF, 0x80, 0x0D, 0x07, 0x00, 0x80, 0xF1, 0x02, 0xFF,
    0x80, 0xDF, 0x07, 0x00, 0x80, 0x10, 0x03, 0xFF, 0x80, 0x0D, 0x07, 0x00, 0x80, 0xF1, 0x02, 0xFF,
    0x80, 0xDF, 0x02, 0x00, 0x80, 0xD7, 0x05, 0xDD, 0x03, 0xFF, 0x82, 0x0D, 0x00, 0x70, 0x08, 0xFF,
    0x80, 0xDF, 0x02, 0x00, 0x80, 0xF7, 0x08, 0xFF, 0x82, 0x0D, 0x00, 0x70, 0x08, 0xFF, 0x80, 0xDF,
    0x02, 0x00, 0x80, 0xF7, 0x08, 0xFF, 0x82, 0x0D, 0x00, 0x70, 0x08, 0xFF, 0x80, 0xDF, 0x07, 0x00,
    0x80, 0x40, 0x03, 0xFF, 0x80, 0x0D, 0x07, 0x00, 0x80, 0xF4, 0x02, 0xFF, 0x80, 0xDF, 0x07, 0x00,
    0x80, 0x40, 0x03, 0xFF, 0x80, 0x0D, 0x07, 0x00, 0x80, 0xF4, 0x02, 0xFF, 0x80, 0xDF, 0x02, 0x00,
    0x80, 0xD7, 0x05, 0xDD, 0x03, 0xFF, 0x82, 0x0D, 0x00, 0x70, 0x08, 0xFF, 0x80, 0xDF, 0x02, 0x00,
    0x80, 0xF7, 0x08, 0xFF, 0x82, 0x0D, 0x00, 0x70, 0x08, 0xFF, 0x80, 0xDF, 0x02, 0x00, 0x80, 0xF7,
    0x08, 0xFF, 0x82, 0x0D, 0x00, 0x70, 0x08, 0xFF, 0x80, 0xDF, 0x02, 0x00, 0x80, 0xF7, 0x08, 0xFF,
    0x82, 0x0D, 0x00, 0x70, 0x08, 0xFF, 0x80, 0xDF, 0x02, 0x00, 0x80, 0xF7, 0x08, 0xFF, 0x82, 0x0D,
    0x00, 0x70, 0x57, 0xFF, 0x80, 0x0F, 0x48, 0xFF, 0x84, 0xCF, 0x58, 0x13, 0x53, 0xC7, 0x06, 0xFF,
    0x81, 0x7D, 0x01, 0x03, 0x00, 0x81, 0x60, 0xFC, 0x04, 0xFF, 0x80, 0x4C, 0x05, 0x00, 0x81, 0x30,
    0xFC, 0x03, 0xFF, 0x80, 0x3D, 0x02, 0x00, 0x85, 0x30, 0x45, 0x01, 0x00, 0x30, 0xFD, 0x02, 0xFF,
    0x80, 0x7F, 0x02, 0x00, 0x85, 0xB5, 0xFF, 0xDF, 0x18, 0x00, 0x70, 0x02, 0xFF, 0x80, 0xBF, 0x02,
    0x00, 0x80, 0xD5, 0x03, 0xFF, 0x82, 0x0A, 0x20, 0xF7, 0x02, 0xFF, 0x82, 0x07, 0x00, 0xC2, 0x04,
    0xFF, 0x81, 0xA8, 0xFD, 0x02, 0xFF, 0x82, 0x1D, 0x00, 0x80, 0x08, 0xFF, 0x80, 0xBF, 0x02, 0x00,
    0x80, 0xFC, 0x08, 0xFF, 0x82, 0x08, 0x00, 0xD1, 0x08, 0xFF, 0x82, 0x8F, 0x00, 0x40, 0x09, 0xFF,
    0x82, 0x07, 0x00, 0xF5, 0x02, 0xFF, 0x80, 0x09, 0x03, 0x00, 0x84, 0x30, 0xFF, 0x7F, 0x00, 0x40,
    0x02, 0xFF, 0x80, 0x9F, 0x04, 0x00, 0x84, 0xF3, 0xFF, 0x07, 0x00, 0xF2, 0x02, 0xFF, 0x80, 0x09,
    0x03, 0x00, 0x82, 0x30, 0xFF, 0x8F, 0x02, 0x00, 0x82, 0xFD, 0xFF, 0xBF, 0x02, 0x88, 0x86, 0x07,
    0x00, 0xF3, 0xFF, 0x0B, 0x00, 0xB0, 0x04, 0xFF, 0x87, 0xCF, 0x00, 0x30, 0xFF, 0xDF, 0x01, 0x00,
    0xF8, 0x04, 0xFF, 0x87, 0x0A, 0x00, 0xF3, 0xFF, 0x6F, 0x00, 0x20, 0xFC, 0x03, 0xFF, 0x82, 0x7F,
    0x00, 0x30, 0x02, 0xFF, 0x83, 0x0A, 0x00, 0x60, 0xFD, 0x02, 0xFF, 0x83, 0xBF, 0x01, 0x00, 0xF3,
    0x02, 0xFF, 0x88, 0x05, 0x00, 0x50, 0xFB, 0xFF, 0x9F, 0x03, 0x00, 0x30, 0x02, 0xFF, 0x81, 0xCF,
    0x02, 0x02, 0x00, 0x85, 0x53, 0x25, 0x00, 0x20, 0x00, 0xF3, 0x02, 0xFF, 0x81, 0xBF, 0x02, 0x04,
    0x00, 0x82, 0x40, 0x09, 0x30, 0x03, 0xFF, 0x81, 0xCF, 0x05, 0x03, 0x00, 0x83, 0x60, 0xCC, 0x00,
    0xF3, 0x04, 0xFF, 0x86, 0x7B, 0x24, 0x32, 0xB7, 0xFF, 0x3F, 0x30, 0x51, 0xFF, 0x80, 0x0F, 0x46,
    0xFF, 0x82, 0x01, 0x00, 0xF6, 0x04, 0xFF, 0x86, 0x02, 0x00, 0xF6, 0xFF, 0x1F, 0x00, 0x60, 0x04,
    0xFF, 0x82, 0x2F, 0x00, 0x60, 0x02, 0xFF, 0x82, 0x01, 0x00, 0xF6, 0x04, 0xFF, 0x86, 0x02, 0x00,
    0xF6, 0xFF, 0x1F, 0x00, 0x60, 0x04, 0xFF, 0x82, 0x2F, 0x00, 0x60, 0x02, 0xFF, 0x82, 0x01, 0x00,
    0xF6, 0x04, 0xFF, 0x86, 0x02, 0x00, 0xF6, 0xFF, 0x1F, 0x00, 0x60, 0x04, 0xFF, 0x82, 0x2F, 0x00,
    0x60, 0x02, 0xFF, 0x82, 0x01, 0x00, 0xF6, 0x04, 0xFF, 0x86, 0x02, 0x00, 0xF6, 0xFF, 0x1F, 0x00,
    0x60, 0x04, 0xFF, 0x82, 0x2F, 0x00, 0x60, 0x02, 0xFF, 0x82, 0x01, 0x00, 0xF6, 0x04, 0xFF, 0x86,
    0x02, 0x00, 0xF6, 0xFF, 0x1F, 0x00, 0x60, 0x04, 0xDD, 0x82, 0x2D, 0x00, 0x60, 0x02, 0xFF, 0x80,
    0x01, 0x08, 0x00, 0x82, 0xF6, 0xFF, 0x1F, 0x08, 0x00, 0x80, 0x60, 0x02, 0xFF, 0x80, 0x01, 0x08,
    0x00, 0x82, 0xF6, 0xFF, 0x1F, 0x08, 0x00, 0x80, 0x60, 0x02, 0xFF, 0x82, 0x01, 0x00, 0xF6, 0x04,
    0xFF, 0x86, 0x02, 0x00, 0xF6, 0xFF, 0x1F, 0x00, 0x60, 0x04, 0xFF, 0x82, 0x2F, 0x00, 0x60, 0x02,
    0xFF, 0x82, 0x01, 0x00, 0xF6, 0x04, 0xFF, 0x86, 0x02, 0x00, 0xF6, 0xFF, 0x1F, 0x00, 0x60, 0x04,
    0xFF, 0x82, 0x2F, 0x00, 0x60, 0x02, 0xFF, 0x82, 0x01, 0x00, 0xF6, 0x04, 0xFF, 0x86, 0x02, 0x00,
    0xF6, 0xFF, 0x1F, 0x00, 0x60, 0x04, 0xFF, 0x82, 0x2F, 0x00, 0x60, 0x02, 0xFF, 0x82, 0x01, 0x00,
    0xF6, 0x04, 0xFF, 0x86, 0x02, 0x00, 0xF6, 0xFF, 0x1F, 0x00, 0x60, 0x04, 0xFF, 0x82, 0x2F, 0x00,
    0x60, 0x02, 0xFF, 0x82, 0x01, 0x00, 0xF6, 0x04, 0xFF, 0x86, 0x02, 0x00, 0xF6, 0xFF, 0x1F, 0x00,
    0x60, 0x04, 0xFF, 0x82, 0x2F, 0x00, 0x60, 0x51, 0xFF, 0x80, 0x0F, 0x47, 0xFF, 0x80, 0x06, 0x06,
    0x00, 0x80, 0xF9, 0x03, 0xFF, 0x80, 0x6F, 0x06, 0x00, 0x80, 0x90, 0x04, 0xFF, 0x80, 0x06, 0x06,
    0x00, 0x80, 0xF9, 0x03, 0xFF, 0x80, 0xBF, 0x02, 0x99, 0x84, 0x01, 0x00, 0x94, 0x99, 0xC9, 0x06,
    0xFF, 0x82, 0x2F, 0x00, 0x60, 0x09, 0xFF, 0x82, 0x02, 0x00, 0xF6, 0x08, 0xFF, 0x82, 0x2F, 0x00,
    0x60, 0x09, 0xFF, 0x82, 0x02, 0x00, 0xF6, 0x08, 0xFF, 0x82, 0x2F, 0x00, 0x60, 0x09, 0xFF, 0x82,
    0x02, 0x00, 0xF6, 0x08, 0xFF, 0x82, 0x2F, 0x00, 0x60, 0x09, 0xFF, 0x82, 0x02, 0x00, 0xF6, 0x08,
    0xFF, 0x82, 0x2F, 0x00, 0x60, 0x09, 0xFF, 0x82, 0x02, 0x00, 0xF6, 0x08, 0xFF, 0x82, 0x2F, 0x00,
    0x60, 0x09, 0xFF, 0x82, 0x02, 0x00, 0xF6, 0x08, 0xFF, 0x82, 0x2F, 0x00, 0x60, 0x09, 0xFF, 0x82,
    0x02, 0x00, 0xF6, 0x08, 0xFF, 0x82, 0x2F, 0x00, 0x60, 0x09, 0xFF, 0x82, 0x02, 0x00, 0xF6, 0x06,
    0xFF, 0x84, 0x9B, 0x99, 0x29, 0x00, 0x40, 0x02, 0x99, 0x80, 0xFC, 0x03, 0xFF, 0x80, 0x6F, 0x06,
    0x00, 0x80, 0x90, 0x04, 0xFF, 0x80, 0x06, 0x06, 0x00, 0x80, 0xF9, 0x03, 0xFF, 0x80, 0x6F, 0x06,
    0x00, 0x80, 0x90, 0x52, 0xFF, 0x80, 0x0F, 0x4C, 0xFF, 0x82, 0x0D, 0x00, 0x80, 0x08, 0xFF, 0x80,
    0xDF, 0x02, 0x00, 0x80, 0xF8, 0x08, 0xFF, 0x82, 0x0D, 0x00, 0x80, 0x08, 0xFF, 0x80, 0xDF, 0x02,
    0x00, 0x80, 0xF8, 0x08, 0xFF, 0x82, 0x0D, 0x00, 0x80, 0x08, 0xFF, 0x80, 0xDF, 0x02, 0x00, 0x80,
    0xF8, 0x08, 0xFF, 0x82, 0x0D, 0x00, 0x80, 0x08, 0xFF, 0x80, 0xDF, 0x02, 0x00, 0x80, 0xF8, 0x08,
    0xFF, 0x82, 0x0D, 0x00, 0x80, 0x08, 0xFF, 0x80, 0xDF, 0x02, 0x00, 0x80, 0xF8, 0x08, 0xFF, 0x82,
    0x0D, 0x00, 0x80, 0x08, 0xFF, 0x80, 0xDF, 0x02, 0x00, 0x80, 0xF8, 0x08, 0xFF, 0x82, 0x0D, 0x00,
    0x80, 0x08, 0xFF, 0x80, 0xDF, 0x02, 0x00, 0x80, 0xF8, 0x08, 0xFF, 0x82, 0x0D, 0x00, 0x80, 0x03,
    0xFF, 0x81, 0xDF, 0xFC, 0x03, 0xFF, 0x80, 0xCF, 0x02, 0x00, 0x84, 0xF8, 0xFF, 0xDF, 0x7B, 0x62,
    0x04, 0xFF, 0x82, 0x0B, 0x00, 0x90, 0x02, 0xFF, 0x82, 0x07, 0x00, 0xD2, 0x03, 0xFF, 0x80, 0x9F,
    0x02, 0x00, 0x82, 0xFA, 0xFF, 0xAF, 0x02, 0x00, 0x80, 0xF7, 0x02, 0xFF, 0x83, 0xDF, 0x03, 0x00,
    0xD1, 0x02, 0xFF, 0x80, 0x2D, 0x02, 0x00, 0x85, 0xD7, 0xFF, 0xCF, 0x06, 0x00, 0x60, 0x03, 0xFF,
    0x80, 0x09, 0x02, 0x00, 0x85, 0x41, 0x35, 0x01, 0x00, 0x20, 0xFC, 0x03, 0xFF, 0x80, 0x07, 0x05,
    0x00, 0x81, 0x10, 0xFA, 0x04, 0xFF, 0x80, 0x39, 0x04, 0x00, 0x81, 0x40, 0xFB, 0x05, 0xFF, 0x84,
    0x9D, 0x57, 0x13, 0x42, 0xA7, 0x54, 0xFF, 0x80, 0x0F, 0x46, 0xFF, 0x82, 0x09, 0x00, 0xF3, 0x03,
    0xFF, 0x87, 0xBF, 0x01, 0x00, 0xD4, 0xFF, 0x9F, 0x00, 0x30, 0x03, 0xFF, 0x83, 0xCF, 0x02, 0x00,
    0xC3, 0x02, 0xFF, 0x82, 0x09, 0x00, 0xF3, 0x02, 0xFF, 0x83, 0xCF, 0x03, 0x00, 0xC2, 0x02, 0xFF,
    0x82, 0x9F, 0x00, 0x30, 0x02, 0xFF, 0x83, 0xDF, 0x05, 0x00, 0xB1, 0x03, 0xFF, 0x82, 0x09, 0x00,
    0xF3, 0x02, 0xFF, 0x82, 0x06, 0x00, 0x90, 0x03, 0xFF, 0x82, 0x9F, 0x00, 0x30, 0x02, 0xFF, 0x82,
    0x08, 0x00, 0x80, 0x04, 0xFF, 0x86, 0x09, 0x00, 0xF3, 0xFF, 0x09, 0x00, 0x60, 0x04, 0xFF, 0x87,
    0x9F, 0x00, 0x30, 0xFF, 0x1B, 0x00, 0x50, 0xFD, 0x04, 0xFF, 0x86, 0x09, 0x00, 0xF3, 0x2C, 0x00,
    0x30, 0xFD, 0x04, 0xFF, 0x86, 0x9F, 0x00, 0x30, 0x3D, 0x00, 0x20, 0xFC, 0x05, 0xFF, 0x82, 0x09,
    0x00, 0x53, 0x02, 0x00, 0x80, 0xD4, 0x05, 0xFF, 0x80, 0x9F, 0x05, 0x00, 0x80, 0xF8, 0x05, 0xFF,
    0x80, 0x09, 0x04, 0x00, 0x81, 0x10, 0xFB, 0x04, 0xFF, 0x80, 0x9F, 0x03, 0x00, 0x83, 0x04, 0x00,
    0x40, 0xFD, 0x04, 0xFF, 0x80, 0x09, 0x02, 0x00, 0x83, 0xD5, 0x07, 0x00, 0x80, 0x04, 0xFF, 0x80,
    0x9F, 0x02, 0x00, 0x84, 0xD4, 0xDF, 0x03, 0x00, 0xB1, 0x04, 0xFF, 0x84, 0x09, 0x00, 0xC2, 0xFF,
    0xBF, 0x02, 0x00, 0x80, 0xD3, 0x03, 0xFF, 0x82, 0x9F, 0x00, 0x30, 0x02, 0xFF, 0x80, 0x7F, 0x02,
    0x00, 0x80, 0xF7, 0x03, 0xFF, 0x82, 0x09, 0x00, 0xF3, 0x02, 0xFF, 0x80, 0x3D, 0x02, 0x00, 0x80,
    0xFB, 0x02, 0xFF, 0x82, 0x9F, 0x00, 0x30, 0x03, 0xFF, 0x83, 0x1B, 0x00, 0x30, 0xFD, 0x02, 0xFF,
    0x82, 0x09, 0x00, 0xF3, 0x03, 0xFF, 0x82, 0x08, 0x00, 0x70, 0x02, 0xFF, 0x82, 0x9F, 0x00, 0x30,
    0x03, 0xFF, 0x83, 0xDF, 0x04, 0x00, 0xB0, 0x02, 0xFF, 0x82, 0x09, 0x00, 0xF3, 0x03, 0xFF, 0x87,
    0xCF, 0x01, 0x00, 0xD3, 0xFF, 0x9F, 0x00, 0x30, 0x04, 0xFF, 0x80, 0x8F, 0x02, 0x00, 0x80, 0xF7,
    0x50, 0xFF, 0x80, 0x0F, 0x47, 0xFF, 0x82, 0x05, 0x00, 0xF4, 0x08, 0xFF, 0x82, 0x5F, 0x00, 0x40,
    0x09, 0xFF, 0x82, 0x05, 0x00, 0xF4, 0x08, 0xFF, 0x82, 0x5F, 0x00, 0x40, 0x09, 0xFF, 0x82, 0x05,
    0x00, 0xF4, 0x08, 0xFF, 0x82, 0x5F, 0x00, 0x40, 0x09, 0xFF, 0x82, 0x05, 0x00, 0xF4, 0x08, 0xFF,
    0x82, 0x5F, 0x00, 0x40, 0x09, 0xFF, 0x82, 0x05, 0x00, 0xF4, 0x08, 0xFF, 0x82, 0x5F, 0x00, 0x40,
    0x09, 0xFF, 0x82, 0x05, 0x00, 0xF4, 0x08, 0xFF, 0x82, 0x5F, 0x00, 0x40, 0x09, 0xFF, 0x82, 0x05,
    0x00, 0xF4, 0x08, 0xFF, 0x82, 0x5F, 0x00, 0x40, 0x09, 0xFF, 0x82, 0x05, 0x00, 0xF4, 0x08, 0xFF,
    0x82, 0x5F, 0x00, 0x40, 0x09, 0xFF, 0x82, 0x05, 0x00, 0xF4, 0x08, 0xFF, 0x82, 0x5F, 0x00, 0x40,
    0x09, 0xFF, 0x82, 0x05, 0x00, 0xF4, 0x08, 0xFF, 0x82, 0x5F, 0x00, 0x30, 0x06, 0xDD, 0x03, 0xFF,
    0x80, 0x05, 0x07, 0x00, 0x80, 0xF1, 0x02, 0xFF, 0x80, 0x5F, 0x07, 0x00, 0x80, 0x10, 0x03, 0xFF,
    0x80, 0x05, 0x07, 0x00, 0x80, 0xF1, 0x02, 0xFF, 0x80, 0x5F, 0x07, 0x00, 0x80, 0x10, 0x51, 0xFF,
    0x80, 0x0F, 0x45, 0xFF, 0x80, 0x8F, 0x02, 0x00, 0x80, 0x80, 0x03, 0xFF, 0x80, 0x7F, 0x02, 0x00,
    0x82, 0xB0, 0xFF, 0x08, 0x02, 0x00, 0x80, 0xF6, 0x03, 0xFF, 0x80, 0x05, 0x02, 0x00, 0x81, 0xFB,
    0x8F, 0x02, 0x00, 0x80, 0x20, 0x03, 0xFF, 0x80, 0x1D, 0x02, 0x00, 0x82, 0xB0, 0xFF, 0x08, 0x02,
    0x00, 0x80, 0xC0, 0x02, 0xFF, 0x80, 0xBF, 0x03, 0x00, 0x85, 0xFB, 0x8F, 0x00, 0x20, 0x00, 0xF9,
    0x02, 0xFF, 0x88, 0x08, 0x20, 0x00, 0xB0, 0xFF, 0x08, 0x00, 0x06, 0x70, 0x02, 0xFF, 0x89, 0x6F,
    0x00, 0x07, 0x00, 0xFB, 0x8F, 0x00, 0x90, 0x00, 0xF4, 0x02, 0xFF, 0xFF, 0x03, 0x90, 0x00, 0xB0,
    0xFF, 0x08, 0x00, 0x0B, 0x10, 0xFD, 0xFF, 0x0C, 0x30, 0x0A, 0x00, 0xFB, 0x8F, 0x00, 0xD0, 0x02,
    0xB0, 0xFF, 0xAF, 0x00, 0xA6, 0x00, 0xB0, 0xFF, 0x08, 0x00, 0x5F, 0x00, 0xF8, 0xFF, 0x07, 0x80,
    0x0A, 0x00, 0xFB, 0x8F, 0x00, 0xF0, 0x08, 0x60, 0xFF, 0x5F, 0x00, 0xAB, 0x00, 0xB0, 0xFF, 0x08,
    0x00, 0xAF, 0x00, 0xF2, 0xDF, 0x01, 0xD1, 0x0A, 0x00, 0xFB, 0x8F, 0x00, 0xF0, 0x0D, 0x00, 0xFC,
    0x0B, 0x50, 0xAF, 0x00, 0xB0, 0xFF, 0x08, 0x00, 0xFF, 0x04, 0x90, 0x9F, 0x00, 0xF7, 0x0A, 0x00,
    0xFB, 0x8F, 0x00, 0xF0, 0x7F, 0x00, 0xF7, 0x07, 0xA0, 0xAF, 0x00, 0xB0, 0xFF, 0x08, 0x00, 0xFF,
    0x09, 0x40, 0x3F, 0x00, 0xFC, 0x0A, 0x00, 0xFB, 0x8F, 0x00, 0xF0, 0xCF, 0x00, 0xC1, 0x00, 0xF3,
    0xAF, 0x00, 0xB0, 0xFF, 0x08, 0x00, 0xFF, 0x2F, 0x00, 0x07, 0x70, 0xFF, 0x92, 0x0A, 0x00, 0xFB,
    0x8F, 0x00, 0xF0, 0xFF, 0x06, 0x10, 0x00, 0xF9, 0xAF, 0x00, 0xB0, 0xFF, 0x08, 0x00, 0xFF, 0x8F,
    0x02, 0x00, 0xA9, 0xC0, 0xFF, 0x0A, 0x00, 0xFB, 0x8F, 0x00, 0xF0, 0xFF, 0x0B, 0x00, 0x20, 0xFF,
    0xAF, 0x00, 0xB0, 0xFF, 0x08, 0x00, 0xFF, 0xDF, 0x01, 0x00, 0xF5, 0xFF, 0x0A, 0x00, 0xFB, 0x8F,
    0x00, 0xF0, 0xFF, 0x4F, 0x00, 0x80, 0xFF, 0xAF, 0x00, 0xB0, 0xFF, 0x08, 0x00, 0x02, 0xFF, 0x86,
    0x07, 0x00, 0xFB, 0xFF, 0x0A, 0x00, 0xFB, 0x50, 0xFF, 0x80, 0x0F, 0x46, 0xFF, 0x83, 0x05, 0x00,
    0x30, 0xFD, 0x03, 0xFF, 0x84, 0x08, 0x00, 0xF8, 0xFF, 0x5F, 0x02, 0x00, 0x80, 0x90, 0x03, 0xFF,
    0x82, 0x8F, 0x00, 0x80, 0x02, 0xFF, 0x80, 0x05, 0x02, 0x00, 0x80, 0xF4, 0x03, 0xFF, 0x84, 0x08,
    0x00, 0xF8, 0xFF, 0x5F, 0x03, 0x00, 0x80, 0xFA, 0x02, 0xFF, 0x82, 0x8F, 0x00, 0x80, 0x02, 0xFF,
    0x80, 0x05, 0x02, 0x00, 0x80, 0x40, 0x03, 0xFF, 0x88, 0x08, 0x00, 0xF8, 0xFF, 0x5F, 0x00, 0x20,
    0x00, 0xB0, 0x02, 0xFF, 0x82, 0x8F, 0x00, 0x80, 0x02, 0xFF, 0x84, 0x05, 0x00, 0x08, 0x00, 0xF5,
    0x02, 0xFF, 0x8D, 0x08, 0x00, 0xF8, 0xFF, 0x5F, 0x00, 0xB0, 0x05, 0x00, 0xFB, 0xFF, 0x8F, 0x00,
    0x80, 0x02, 0xFF, 0x84, 0x05, 0x00, 0xAB, 0x00, 0x60, 0x02, 0xFF, 0x8D, 0x08, 0x00, 0xF8, 0xFF,
    0x5F, 0x00, 0xB0, 0x4F, 0x00, 0xC0, 0xFF, 0x8F, 0x00, 0x80, 0x02, 0xFF, 0x94, 0x05, 0x00, 0xFB,
    0x0A, 0x00, 0xF7, 0xFF, 0x08, 0x00, 0xF8, 0xFF, 0x5F, 0x00, 0xB0, 0xFF, 0x03, 0x10, 0xFC, 0x8F,
    0x00, 0x80, 0x02, 0xFF, 0x94, 0x05, 0x00, 0xFB, 0x9F, 0x00, 0x70, 0xFF, 0x08, 0x00, 0xF8, 0xFF,
    0x5F, 0x00, 0xB0, 0xFF, 0x3D, 0x00, 0xC1, 0x8F, 0x00, 0x80, 0x02, 0xFF, 0x94, 0x05, 0x00, 0xFB,
    0xFF, 0x09, 0x00, 0xF7, 0x08, 0x00, 0xF8, 0xFF, 0x5F, 0x00, 0xB0, 0xFF, 0xDF, 0x02, 0x20, 0x8D,
    0x00, 0x80, 0x02, 0xFF, 0x8D, 0x05, 0x00, 0xFB, 0xFF, 0x8F, 0x00, 0x80, 0x08, 0x00, 0xF8, 0xFF,
    0x5F, 0x00, 0xB0, 0x02, 0xFF, 0x84, 0x2D, 0x00, 0x72, 0x00, 0x80, 0x02, 0xFF, 0x82, 0x05, 0x00,
    0xFB, 0x02, 0xFF, 0x88, 0x08, 0x00, 0x02, 0x00, 0xF8, 0xFF, 0x5F, 0x00, 0xB0, 0x02, 0xFF, 0x81,
    0xCF, 0x01, 0x02, 0x00, 0x80, 0x80, 0x02, 0xFF, 0x82, 0x05, 0x00, 0xFB, 0x02, 0xFF, 0x80, 0x7F,
    0x03, 0x00, 0x84, 0xF8, 0xFF, 0x5F, 0x00, 0xB0, 0x03, 0xFF, 0x80, 0x1C, 0x02, 0x00, 0x80, 0x80,
    0x02, 0xFF, 0x82, 0x05, 0x00, 0xFB, 0x03, 0xFF, 0x80, 0x07, 0x02, 0x00, 0x84, 0xF8, 0xFF, 0x5F,
    0x00, 0xB0, 0x03, 0xFF, 0x80, 0xCF, 0x02, 0x00, 0x80, 0x80, 0x51, 0xFF, 0x80, 0x0F, 0x48, 0xFF,
    0x84, 0xBF, 0x47, 0x13, 0x53, 0xC8, 0x06, 0xFF, 0x80, 0x6C, 0x04, 0x00, 0x81, 0x81, 0xFD, 0x04,
    0xFF, 0x80, 0x2C, 0x05, 0x00, 0x81, 0x50, 0xFD, 0x03, 0xFF, 0x80, 0x2C, 0x02, 0x00, 0x81, 0x40,
    0x35, 0x02, 0x00, 0x80, 0x50, 0x03, 0xFF, 0x80, 0x6F, 0x02, 0x00, 0x85, 0xC6, 0xFF, 0xBF, 0x03,
    0x00, 0x80, 0x02, 0xFF, 0x80, 0xBF, 0x02, 0x00, 0x80, 0xF6, 0x02, 0xFF, 0x83, 0xCF, 0x03, 0x00,
    0xD2, 0x02, 0xFF, 0x82, 0x06, 0x00, 0xC1, 0x03, 0xFF, 0x80, 0x9F, 0x02, 0x00, 0x84, 0xF9, 0xFF,
    0x1D, 0x00, 0x60, 0x04, 0xFF, 0x84, 0x2D, 0x00, 0x50, 0xFF, 0xBF, 0x02, 0x00, 0x80, 0xFA, 0x04,
    0xFF, 0x86, 0x07, 0x00, 0xD1, 0xFF, 0x08, 0x00, 0xC0, 0x04, 0xFF, 0x80, 0x9F, 0x02, 0x00, 0x81,
    0xFC, 0x7F, 0x02, 0x00, 0x80, 0xFD, 0x04, 0xFF, 0x86, 0x0A, 0x00, 0xB0, 0xFF, 0x07, 0x00, 0xF2,
    0x04, 0xFF, 0x80, 0xBF, 0x02, 0x00, 0x83, 0xFA, 0x7F, 0x00, 0x20, 0x05, 0xFF, 0x86, 0x0B, 0x00,
    0xA0, 0xFF, 0x07, 0x00, 0xD0, 0x04, 0xFF, 0x80, 0xAF, 0x02, 0x00, 0x81, 0xFB, 0x8F, 0x02, 0x00,
    0x80, 0xFC, 0x04, 0xFF, 0x86, 0x09, 0x00, 0xC0, 0xFF, 0x0B, 0x00, 0xA0, 0x04, 0xFF, 0x87, 0x7F,
    0x00, 0x10, 0xFD, 0xDF, 0x01, 0x00, 0xF7, 0x04, 0xFF, 0x87, 0x03, 0x00, 0xF5, 0xFF, 0x6F, 0x00,
    0x20, 0xFC, 0x03, 0xFF, 0x82, 0x0A, 0x00, 0x90, 0x02, 0xFF, 0x82, 0x0A, 0x00, 0x60, 0x03, 0xFF,
    0x83, 0x3C, 0x00, 0x20, 0xFD, 0x02, 0xFF, 0x85, 0x05, 0x00, 0x60, 0xFC, 0xFF, 0x4B, 0x02, 0x00,
    0x80, 0xF8, 0x02, 0xFF, 0x85, 0xCF, 0x02, 0x00, 0x10, 0x54, 0x03, 0x02, 0x00, 0x80, 0xF5, 0x03,
    0xFF, 0x81, 0xBF, 0x02, 0x05, 0x00, 0x80, 0xD4, 0x04, 0xFF, 0x81, 0xCF, 0x06, 0x03, 0x00, 0x81,
    0x10, 0xD7, 0x06, 0xFF, 0x84, 0x7B, 0x24, 0x31, 0x85, 0xFC, 0x53, 0xFF, 0x80, 0x0F, 0x46, 0xFF,
    0x80, 0x2F, 0x04, 0x00, 0x82, 0x31, 0x76, 0xFB, 0x04, 0xFF, 0x80, 0x02, 0x06, 0x00, 0x80, 0xB5,
    0x03, 0xFF, 0x80, 0x2F, 0x07, 0x00, 0x80, 0x90, 0x03, 0xFF, 0x85, 0x02, 0x00, 0x64, 0x66, 0x56,
    0x13, 0x02, 0x00, 0x80, 0xB1, 0x02, 0xFF, 0x82, 0x2F, 0x00, 0xA0, 0x03, 0xFF, 0x80, 0x7C, 0x02,
    0x00, 0x80, 0xF6, 0x02, 0xFF, 0x82, 0x02, 0x00, 0xFA, 0x03, 0xFF, 0x87, 0x6F, 0x00, 0x10, 0xFD,
    0xFF, 0x2F, 0x00, 0xA0, 0x04, 0xFF, 0x82, 0x0A, 0x00, 0xC0, 0x02, 0xFF, 0x82, 0x02, 0x00, 0xFA,
    0x03, 0xFF, 0x80, 0xCF, 0x02, 0x00, 0x84, 0xFB, 0xFF, 0x2F, 0x00, 0xA0, 0x04, 0xFF, 0x82, 0x0A,
    0x00, 0xC0, 0x02, 0xFF, 0x82, 0x02, 0x00, 0xFA, 0x03, 0xFF, 0x87, 0x6F, 0x00, 0x10, 0xFD, 0xFF,
    0x2F, 0x00, 0xA0, 0x03, 0xFF, 0x80, 0x7C, 0x02, 0x00, 0x80, 0xF6, 0x02, 0xFF, 0x82, 0x02, 0x00,
    0x65, 0x02, 0x66, 0x80, 0x14, 0x02, 0x00, 0x80, 0xB1, 0x02, 0xFF, 0x80, 0x2F, 0x07, 0x00, 0x80,
    0x90, 0x03, 0xFF, 0x80, 0x02, 0x06, 0x00, 0x80, 0xB5, 0x03, 0xFF, 0x80, 0x2F, 0x04, 0x00, 0x82,
    0x31, 0x75, 0xFB, 0x04, 0xFF, 0x82, 0x02, 0x00, 0xFA, 0x08, 0xFF, 0x82, 0x2F, 0x00, 0xA0, 0x09,
    0xFF, 0x82, 0x02, 0x00, 0xFA, 0x08, 0xFF, 0x82, 0x2F, 0x00, 0xA0, 0x09, 0xFF, 0x82, 0x02, 0x00,
    0xFA, 0x08, 0xFF, 0x82, 0x2F, 0x00, 0xA0, 0x09, 0xFF, 0x82, 0x02, 0x00, 0xFA, 0x08, 0xFF, 0x82,
    0x2F, 0x00, 0xA0, 0x09, 0xFF, 0x82, 0x02, 0x00, 0xFA, 0x57, 0xFF, 0x80, 0x0F, 0x48, 0xFF, 0x84,
    0xBF, 0x47, 0x13, 0x53, 0xC8, 0x06, 0xFF, 0x80, 0x6C, 0x04, 0x00, 0x81, 0x81, 0xFD, 0x04, 0xFF,
    0x80, 0x2C, 0x05, 0x00, 0x81, 0x50, 0xFD, 0x03, 0xFF, 0x80, 0x2C, 0x02, 0x00, 0x81, 0x40, 0x35,
    0x02, 0x00, 0x80, 0x50, 0x03, 0xFF, 0x80, 0x6F, 0x02, 0x00, 0x85, 0xC6, 0xFF, 0xBF, 0x03, 0x00,
    0x80, 0x02, 0xFF, 0x80, 0xBF, 0x02, 0x00, 0x80, 0xF6, 0x02, 0xFF, 0x83, 0xCF, 0x03, 0x00, 0xD2,
    0x02, 0xFF, 0x82, 0x06, 0x00, 0xC1, 0x03, 0xFF, 0x80, 0x9F, 0x02, 0x00, 0x84, 0xF9, 0xFF, 0x1D,
    0x00, 0x60, 0x04, 0xFF, 0x84, 0x2D, 0x00, 0x50, 0xFF, 0xBF, 0x02, 0x00, 0x80, 0xFA, 0x04, 0xFF,
    0x86, 0x07, 0x00, 0xD1, 0xFF, 0x08, 0x00, 0xC0, 0x04, 0xFF, 0x80, 0x9F, 0x02, 0x00, 0x81, 0xFC,
    0x7F, 0x02, 0x00, 0x80, 0xFD, 0x04, 0xFF, 0x86, 0x0A, 0x00, 0xB0, 0xFF, 0x07, 0x00, 0xF2, 0x04,
    0xFF, 0x80, 0xBF, 0x02, 0x00, 0x83, 0xFA, 0x7F, 0x00, 0x20, 0x02, 0xFF, 0x8E, 0xDF, 0xD8, 0xFF,
    0x0C, 0x00, 0xA0, 0xFF, 0x07, 0x00, 0xD0, 0xFF, 0xDF, 0x06, 0xD5, 0xBF, 0x02, 0x00, 0x81, 0xFB,
    0x8F, 0x02, 0x00, 0x9A, 0xFC, 0xFF, 0x06, 0x00, 0xC3, 0x09, 0x00, 0xC0, 0xFF, 0x0B, 0x00, 0xA0,
    0xFF, 0xBF, 0x03, 0x00, 0x43, 0x00, 0x10, 0xFF, 0xDF, 0x01, 0x00, 0xF7, 0xFF, 0xCF, 0x03, 0x03,
    0x00, 0x88, 0xF6, 0xFF, 0x6F, 0x00, 0x20, 0xFC, 0xFF, 0xDF, 0x05, 0x02, 0x00, 0x80, 0xA0, 0x02,
    0xFF, 0x82, 0x0A, 0x00, 0x60, 0x02, 0xFF, 0x84, 0xDF, 0x06, 0x00, 0x10, 0xFD, 0x02, 0xFF, 0x85,
    0x05, 0x00, 0x60, 0xFC, 0xFF, 0x3B, 0x02, 0x00, 0x80, 0x70, 0x02, 0xFF, 0x85, 0xCF, 0x02, 0x00,
    0x10, 0x54, 0x02, 0x03, 0x00, 0x84, 0x60, 0xFD, 0xFF, 0xBF, 0x02, 0x05, 0x00, 0x82, 0x04, 0x00,
    0x80, 0x02, 0xFF, 0x81, 0xCF, 0x06, 0x03, 0x00, 0x84, 0x10, 0xD7, 0x19, 0x50, 0xFD, 0x03, 0xFF,
    0x87, 0x7B, 0x24, 0x31, 0x85, 0xFC, 0xFF, 0x5A, 0xFD, 0x50, 0xFF, 0x80, 0x0F, 0x46, 0xFF, 0x80,
    0x0A, 0x03, 0x00, 0x82, 0x10, 0x53, 0xA7, 0x04, 0xFF, 0x80, 0xAF, 0x06, 0x00, 0x81, 0x40, 0xFA,
    0x03, 0xFF, 0x80, 0x0A, 0x07, 0x00, 0x80, 0xF8, 0x02, 0xFF, 0x82, 0xAF, 0x00, 0x10, 0x02, 0x66,
    0x81, 0x45, 0x01, 0x02, 0x00, 0x80, 0xFB, 0x02, 0xFF, 0x82, 0x0A, 0x00, 0xF1, 0x02, 0xFF, 0x83,
    0xCF, 0x07, 0x00, 0x60, 0x02, 0xFF, 0x82, 0xAF, 0x00, 0x10, 0x04, 0xFF, 0x82, 0x06, 0x00, 0xD1,
    0x02, 0xFF, 0x82, 0x0A, 0x00, 0xF1, 0x03, 0xFF, 0x80, 0xAF, 0x02, 0x00, 0x84, 0xFC, 0xFF, 0xAF,
    0x00, 0x10, 0x04, 0xFF, 0x82, 0x0B, 0x00, 0xB0, 0x02, 0xFF, 0x82, 0x0A, 0x00, 0xF1, 0x03, 0xFF,
    0x80, 0x9F, 0x02, 0x00, 0x84, 0xFD, 0xFF, 0xAF, 0x00, 0x10, 0x03, 0xFF, 0x83, 0xDF, 0x04, 0x00,
    0xF3, 0x02, 0xFF, 0x88, 0x0A, 0x00, 0xF1, 0xFF, 0xDF, 0xAC, 0x04, 0x00, 0x80, 0x02, 0xFF, 0x80,
    0xAF, 0x07, 0x00, 0x81, 0x30, 0xFD, 0x02, 0xFF, 0x80, 0x0A, 0x06, 0x00, 0x81, 0x40, 0xFC, 0x02,
    0xFF, 0x80, 0xAF, 0x06, 0x00, 0x81, 0x84, 0xFD, 0x03, 0xFF, 0x86, 0x0A, 0x00, 0x61, 0x66, 0x01,
    0x00, 0xF6, 0x04, 0xFF, 0x84, 0xAF, 0x00, 0x10, 0xFF, 0x8F, 0x02, 0x00, 0x80, 0xFA, 0x04, 0xFF,
    0x87, 0x0A, 0x00, 0xF1, 0xFF, 0x4D, 0x00, 0x30, 0xFD, 0x03, 0xFF, 0x82, 0xAF, 0x00, 0x10, 0x02,
    0xFF, 0x82, 0x1B, 0x00, 0x60, 0x04, 0xFF, 0x82, 0x0A, 0x00, 0xF1, 0x02, 0xFF, 0x82, 0x07, 0x00,
    0xA0, 0x03, 0xFF, 0x82, 0xAF, 0x00, 0x10, 0x02, 0xFF, 0x83, 0xDF, 0x03, 0x00, 0xC2, 0x03, 0xFF,
    0x82, 0x0A, 0x00, 0xF1, 0x02, 0xFF, 0x80, 0xBF, 0x02, 0x00, 0x80, 0xF6, 0x02, 0xFF, 0x82, 0xAF,
    0x00, 0x10, 0x03, 0xFF, 0x80, 0x7F, 0x02, 0x00, 0x80, 0xF9, 0x02, 0xFF, 0x82, 0x0A, 0x00, 0xF1,
    0x03, 0xFF, 0x87, 0x3D, 0x00, 0x20, 0xFC, 0xFF, 0xAF, 0x00, 0x10, 0x04, 0xFF, 0x82, 0x0B, 0x00,
    0x50, 0x51, 0xFF, 0x80, 0x0F, 0x48, 0xFF, 0x84, 0xBF, 0x47, 0x12, 0x53, 0xB7, 0x06, 0xFF, 0x80,
    0x5B, 0x04, 0x00, 0x81, 0x30, 0xFB, 0x04, 0xFF, 0x80, 0x08, 0x05, 0x00, 0x81, 0x10, 0xF9, 0x03,
    0xFF, 0x80, 0x09, 0x02, 0x00, 0x81, 0x41, 0x35, 0x03, 0x00, 0x80, 0xFB, 0x02, 0xFF, 0x8B, 0x1D,
    0x00, 0x10, 0xD8, 0xFF, 0xBF, 0x05, 0x00, 0x30, 0xFD, 0xFF, 0x9F, 0x02, 0x00, 0x80, 0xF9, 0x03,
    0xFF, 0x82, 0x06, 0x94, 0xFC, 0x02, 0xFF, 0x82, 0x07, 0x00, 0xC0, 0x03, 0xFF, 0x81, 0xDF, 0xFC,
    0x03, 0xFF, 0x80, 0x8F, 0x02, 0x00, 0x80, 0xFB, 0x08, 0xFF, 0x83, 0x0B, 0x00, 0x30, 0xFB, 0x07,
    0xFF, 0x81, 0xDF, 0x03, 0x02, 0x00, 0x81, 0x74, 0xCA, 0x06, 0xFF, 0x81, 0xBF, 0x01, 0x03, 0x00,
    0x82, 0x30, 0xA7, 0xFD, 0x04, 0xFF, 0x81, 0xBF, 0x04, 0x04, 0x00, 0x81, 0x20, 0xD8, 0x05, 0xFF,
    0x81, 0x69, 0x01, 0x04, 0x00, 0x80, 0xC3, 0x05, 0xFF, 0x82, 0xDF, 0x8B, 0x26, 0x03, 0x00, 0x80,
    0xD4, 0x07, 0xFF, 0x81, 0xBF, 0x17, 0x02, 0x00, 0x80, 0xF8, 0x08, 0xFF, 0x82, 0x0A, 0x00, 0x50,
    0x03, 0xFF, 0x81, 0xDF, 0xFD, 0x04, 0xFF, 0x86, 0x03, 0x00, 0xF4, 0xFF, 0xDF, 0x6A, 0x81, 0x04,
    0xFF, 0x87, 0x2F, 0x00, 0x50, 0xFF, 0xDF, 0x03, 0x00, 0xB2, 0x03, 0xFF, 0x80, 0xAF, 0x02, 0x00,
    0x82, 0xF8, 0xFF, 0x9F, 0x02, 0x00, 0x86, 0x81, 0xFC, 0xFF, 0x8D, 0x01, 0x00, 0xC1, 0x02, 0xFF,
    0x80, 0x5F, 0x02, 0x00, 0x82, 0x10, 0x53, 0x14, 0x02, 0x00, 0x80, 0x80, 0x03, 0xFF, 0x80, 0x6D,
    0x06, 0x00, 0x80, 0x80, 0x04, 0xFF, 0x81, 0x8F, 0x03, 0x04, 0x00, 0x80, 0xB6, 0x05, 0xFF, 0x85,
    0xDF, 0x7A, 0x35, 0x21, 0x74, 0xFB, 0x53, 0xFF, 0x80, 0x0F, 0x45, 0xFF, 0x80, 0xDF, 0x09, 0x00,
    0x82, 0xF4, 0xFF, 0x0D, 0x08, 0x00, 0x82, 0x40, 0xFF, 0xDF, 0x09, 0x00, 0x82, 0xF4, 0xFF, 0x0D,
    0x08, 0x00, 0x80, 0x40, 0x02, 0xFF, 0x03, 0xDD, 0x82, 0x2D, 0x00, 0x60, 0x03, 0xDD, 0x80, 0xFD,
    0x05, 0xFF, 0x82, 0x02, 0x00, 0xF6, 0x08, 0xFF, 0x82, 0x2F, 0x00, 0x60, 0x09, 0xFF, 0x82, 0x02,
    0x00, 0xF6, 0x08, 0xFF, 0x82, 0x2F, 0x00, 0x60, 0x09, 0xFF, 0x82, 0x02, 0x00, 0xF6, 0x08, 0xFF,
    0x82, 0x2F, 0x00, 0x60, 0x09, 0xFF, 0x82, 0x02, 0x00, 0xF6, 0x08, 0xFF, 0x82, 0x2F, 0x00, 0x60,
    0x09, 0xFF, 0x82, 0x02, 0x00, 0xF6, 0x08, 0xFF, 0x82, 0x2F, 0x00, 0x60, 0x09, 0xFF, 0x82, 0x02,
    0x00, 0xF6, 0x08, 0xFF, 0x82, 0x2F, 0x00, 0x60, 0x09, 0xFF, 0x82, 0x02, 0x00, 0xF6, 0x08, 0xFF,
    0x82, 0x2F, 0x00, 0x60, 0x09, 0xFF, 0x82, 0x02, 0x00, 0xF6, 0x08, 0xFF, 0x82, 0x2F, 0x00, 0x60,
    0x09, 0xFF, 0x82, 0x02, 0x00, 0xF6, 0x08, 0xFF, 0x82, 0x2F, 0x00, 0x60, 0x09, 0xFF, 0x82, 0x02,
    0x00, 0xF6, 0x54, 0xFF, 0x80, 0x0F, 0x46, 0xFF, 0x82, 0x05, 0x00, 0xF3, 0x03, 0xFF, 0x80, 0xCF,
    0x02, 0x00, 0x84, 0xF8, 0xFF, 0x5F, 0x00, 0x30, 0x04, 0xFF, 0x82, 0x0C, 0x00, 0x80, 0x02, 0xFF,
    0x82, 0x05, 0x00, 0xF3, 0x03, 0xFF, 0x80, 0xCF, 0x02, 0x00, 0x84, 0xF8, 0xFF, 0x5F, 0x00, 0x30,
    0x04, 0xFF, 0x82, 0x0C, 0x00, 0x80, 0x02, 0xFF, 0x82, 0x05, 0x00, 0xF3, 0x03, 0xFF, 0x80, 0xCF,
    0x02, 0x00, 0x84, 0xF8, 0xFF, 0x5F, 0x00, 0x30, 0x04, 0xFF, 0x82, 0x0C, 0x00, 0x80, 0x02, 0xFF,
    0x82, 0x05, 0x00, 0xF3, 0x03, 0xFF, 0x80, 0xCF, 0x02, 0x00, 0x84, 0xF8, 0xFF, 0x5F, 0x00, 0x30,
    0x04, 0xFF, 0x82, 0x0C, 0x00, 0x80, 0x02, 0xFF, 0x82, 0x05, 0x00, 0xF3, 0x03, 0xFF, 0x80, 0xCF,
    0x02, 0x00, 0x84, 0xF8, 0xFF, 0x5F, 0x00, 0x30, 0x04, 0xFF, 0x82, 0x0C, 0x00, 0x80, 0x02, 0xFF,
    0x82, 0x05, 0x00, 0xF3, 0x03, 0xFF, 0x80, 0xCF, 0x02, 0x00, 0x84, 0xF8, 0xFF, 0x5F, 0x00, 0x30,
    0x04, 0xFF, 0x82, 0x0C, 0x00, 0x80, 0x02, 0xFF, 0x82, 0x05, 0x00, 0xF3, 0x03, 0xFF, 0x80, 0xCF,
    0x02, 0x00, 0x84, 0xF8, 0xFF, 0x5F, 0x00, 0x30, 0x04, 0xFF, 0x82, 0x0C, 0x00, 0x80, 0x02, 0xFF,
    0x82, 0x06, 0x00, 0xF3, 0x03, 0xFF, 0x80, 0xCF, 0x02, 0x00, 0x84, 0xF8, 0xFF, 0x6F, 0x00, 0x20,
    0x04, 0xFF, 0x82, 0x0B, 0x00, 0x90, 0x02, 0xFF, 0x82, 0x07, 0x00, 0xD0, 0x03, 0xFF, 0x80, 0xAF,
    0x02, 0x00, 0x82, 0xFA, 0xFF, 0x8F, 0x02, 0x00, 0x80, 0xFB, 0x03, 0xFF, 0x82, 0x08, 0x00, 0xC0,
    0x02, 0xFF, 0x82, 0x0B, 0x00, 0x60, 0x03, 0xFF, 0x83, 0x2D, 0x00, 0x20, 0xFD, 0x02, 0xFF, 0x85,
    0x03, 0x00, 0x60, 0xFC, 0xFF, 0x4C, 0x02, 0x00, 0x80, 0xF7, 0x02, 0xFF, 0x80, 0x9F, 0x03, 0x00,
    0x81, 0x42, 0x02, 0x02, 0x00, 0x80, 0xC1, 0x03, 0xFF, 0x80, 0x6F, 0x06, 0x00, 0x80, 0x90, 0x04,
    0xFF, 0x81, 0x7F, 0x01, 0x04, 0x00, 0x80, 0xA2, 0x05, 0xFF, 0x85, 0xCF, 0x68, 0x23, 0x21, 0x73,
    0xD9, 0x53, 0xFF, 0x80, 0x0F, 0x45, 0xFF, 0x83, 0x8F, 0x00, 0x10, 0xFD, 0x04, 0xFF, 0x86, 0x1D,
    0x00, 0xB0, 0xFF, 0x0C, 0x00, 0xA0, 0x04, 0xFF, 0x82, 0xAF, 0x00, 0x30, 0x02, 0xFF, 0x82, 0x03,
    0x00, 0xF7, 0x04, 0xFF, 0x86, 0x07, 0x00, 0xF7, 0xFF, 0x7F, 0x00, 0x30, 0x04, 0xFF, 0x82, 0x2F,
    0x00, 0xB0, 0x02, 0xFF, 0x82, 0x0B, 0x00, 0xC0, 0x03, 0xFF, 0x83, 0xBF, 0x00, 0x20, 0xFD, 0x02,
    0xFF, 0x82, 0x03, 0x00, 0xF8, 0x03, 0xFF, 0x82, 0x08, 0x00, 0xF7, 0x02, 0xFF, 0x82, 0x7F, 0x00,
    0x50, 0x03, 0xFF, 0x82, 0x4F, 0x00, 0xA0, 0x03, 0xFF, 0x82, 0x0B, 0x00, 0xD1, 0x02, 0xFF, 0x83,
    0xCF, 0x00, 0x10, 0xFD, 0x02, 0xFF, 0x83, 0xDF, 0x02, 0x00, 0xFA, 0x02, 0xFF, 0x82, 0x09, 0x00,
    0xF6, 0x03, 0xFF, 0x82, 0x6F, 0x00, 0x70, 0x02, 0xFF, 0x82, 0x6F, 0x00, 0x90, 0x04, 0xFF, 0x87,
    0x0A, 0x00, 0xF3, 0xFF, 0xDF, 0x02, 0x10, 0xFD, 0x03, 0xFF, 0x87, 0xDF, 0x01, 0x00, 0xFB, 0xFF,
    0x0B, 0x00, 0xF5, 0x04, 0xFF, 0x86, 0x6F, 0x00, 0x80, 0xFF, 0x8F, 0x00, 0x90, 0x05, 0xFF, 0x86,
    0x09, 0x00, 0xF5, 0xFF, 0x04, 0x00, 0xFC, 0x04, 0xFF, 0x86, 0xCF, 0x01, 0x10, 0xFD, 0x0C, 0x00,
    0xF4, 0x05, 0xFF, 0x85, 0x5F, 0x00, 0xA0, 0x9F, 0x00, 0x80, 0x06, 0xFF, 0x85, 0x08, 0x00, 0xF7,
    0x06, 0x00, 0xFC, 0x05, 0xFF, 0x85, 0xCF, 0x00, 0x20, 0x2D, 0x00, 0xF3, 0x06, 0xFF, 0x84, 0x4F,
    0x00, 0x80, 0x00, 0x70, 0x07, 0xFF, 0x84, 0x08, 0x00, 0x01, 0x00, 0xFB, 0x06, 0xFF, 0x80, 0xCF,
    0x03, 0x00, 0x80, 0xF3, 0x07, 0xFF, 0x80, 0x3F, 0x02, 0x00, 0x80, 0x70, 0x08, 0xFF, 0x80, 0x07,
    0x02, 0x00, 0x80, 0xFB, 0x07, 0xFF, 0x80, 0xBF, 0x02, 0x00, 0x80, 0xD2, 0x54, 0xFF, 0x80, 0x0F,
    0x45, 0xFF, 0x86, 0x07, 0x00, 0xFC, 0xFF, 0x5F, 0x00, 0x80, 0x02, 0xFF, 0x84, 0x0A, 0x00, 0x9A,
    0x00, 0xB0, 0x02, 0xFF, 0x8D, 0x03, 0x00, 0xF6, 0xFF, 0x8F, 0x00, 0xC0, 0x0B, 0x00, 0xFA, 0xFF,
    0x0D, 0x00, 0x40, 0x02, 0xFF, 0x86, 0x07, 0x10, 0xCD, 0x00, 0x80, 0xFF, 0xCF, 0x02, 0x00, 0x89,
    0xF1, 0xFF, 0x6F, 0x00, 0xF4, 0x2F, 0x00, 0xF7, 0xFF, 0x0A, 0x02, 0x00, 0xBC, 0xFC, 0xFF, 0x03,
    0x60, 0xFF, 0x05, 0x50, 0xFF, 0x8F, 0x00, 0x01, 0xB0, 0xFF, 0x1F, 0x00, 0xF8, 0x7F, 0x00, 0xF3,
    0xFF, 0x07, 0x60, 0x00, 0xF9, 0xCF, 0x00, 0xA0, 0xFF, 0x09, 0x10, 0xFD, 0x4F, 0x00, 0x09, 0x70,
    0xFF, 0x0B, 0x00, 0xFC, 0xBF, 0x00, 0xC0, 0xFF, 0x02, 0xC2, 0x00, 0xF6, 0x9F, 0x00, 0xD1, 0xFF,
    0x0C, 0x00, 0xFB, 0x0C, 0x50, 0x0D, 0x30, 0xFF, 0x08, 0x40, 0x02, 0xFF, 0x94, 0x02, 0x90, 0xBF,
    0x00, 0xF7, 0x03, 0xD0, 0x7F, 0x00, 0xF6, 0xFF, 0x5F, 0x00, 0xF7, 0x09, 0x80, 0x6F, 0x00, 0xFC,
    0x05, 0x80, 0x02, 0xFF, 0x94, 0x07, 0x60, 0x7F, 0x00, 0xFA, 0x07, 0xA0, 0x2F, 0x00, 0xFA, 0xFF,
    0x9F, 0x00, 0xF4, 0x06, 0xC0, 0x9F, 0x00, 0xD8, 0x00, 0xC0, 0x02, 0xFF, 0x94, 0x0B, 0x20, 0x3F,
    0x00, 0xFD, 0x0B, 0x70, 0x0C, 0x10, 0xFD, 0xFF, 0xCF, 0x00, 0xC0, 0x01, 0xF3, 0xCF, 0x00, 0xA5,
    0x00, 0xF4, 0x02, 0xFF, 0x88, 0x2F, 0x00, 0x09, 0x60, 0xFF, 0x1F, 0x20, 0x08, 0x60, 0x03, 0xFF,
    0x88, 0x05, 0x60, 0x00, 0xF7, 0xFF, 0x04, 0x60, 0x00, 0xF8, 0x02, 0xFF, 0x88, 0x7F, 0x00, 0x01,
    0x90, 0xFF, 0x6F, 0x00, 0x01, 0xA0, 0x03, 0xFF, 0x80, 0x09, 0x02, 0x00, 0x82, 0xFB, 0xFF, 0x08,
    0x02, 0x00, 0x80, 0xFC, 0x02, 0xFF, 0x80, 0xBF, 0x02, 0x00, 0x82, 0xC0, 0xFF, 0x9F, 0x02, 0x00,
    0x80, 0xD1, 0x03, 0xFF, 0x82, 0x0D, 0x00, 0x10, 0x02, 0xFF, 0x82, 0x0B, 0x00, 0x40, 0x04, 0xFF,
    0x84, 0x02, 0x00, 0xF4, 0xFF, 0xCF, 0x02, 0x00, 0x80, 0xF6, 0x03, 0xFF, 0x82, 0x5F, 0x00, 0x60,
    0x02, 0xFF, 0x82, 0x2F, 0x00, 0x80, 0x52, 0xFF, 0x80, 0x0F, 0x45, 0xFF, 0x80, 0x9F, 0x02, 0x00,
    0x80, 0xF8, 0x04, 0xFF, 0x87, 0x05, 0x00, 0xC1, 0xFF, 0x5F, 0x00, 0x10, 0xFC, 0x03, 0xFF, 0x82,
    0x09, 0x00, 0x80, 0x02, 0xFF, 0x82, 0x2C, 0x00, 0x40, 0x03, 0xFF, 0x83, 0x2C, 0x00, 0x40, 0xFD,
    0x02, 0xFF, 0x82, 0x09, 0x00, 0x80, 0x02, 0xFF, 0x83, 0x5F, 0x00, 0x10, 0xFC, 0x03, 0xFF, 0x84,
    0x05, 0x00, 0xC1, 0xFF, 0x9F, 0x02, 0x00, 0x80, 0xF8, 0x03, 0xFF, 0x87, 0xCF, 0x01, 0x00, 0xF5,
    0xCF, 0x02, 0x00, 0xD4, 0x04, 0xFF, 0x80, 0x8F, 0x02, 0x00, 0x83, 0xF9, 0x06, 0x00, 0xB1, 0x05,
    0xFF, 0x85, 0x5F, 0x00, 0x20, 0x08, 0x00, 0x70, 0x06, 0xFF, 0x80, 0x1C, 0x03, 0x00, 0x81, 0x30,
    0xFD, 0x06, 0xFF, 0x80, 0x08, 0x03, 0x00, 0x80, 0xFB, 0x06, 0xFF, 0x81, 0xDF, 0x04, 0x02, 0x00,
    0x80, 0xF7, 0x07, 0xFF, 0x80, 0xBF, 0x02, 0x00, 0x80, 0xD1, 0x08, 0xFF, 0x80, 0x07, 0x02, 0x00,
    0x80, 0xF9, 0x07, 0xFF, 0x80, 0x0A, 0x02, 0x00, 0x81, 0x20, 0xFC, 0x06, 0xFF, 0x80, 0x3D, 0x03,
    0x00, 0x80, 0x60, 0x06, 0xFF, 0x80, 0x7F, 0x02, 0x00, 0x82, 0x06, 0x00, 0xA0, 0x05, 0xFF, 0x80,
    0xBF, 0x02, 0x00, 0x83, 0xD7, 0x04, 0x00, 0xC2, 0x04, 0xFF, 0x87, 0xDF, 0x03, 0x00, 0xD3, 0xBF,
    0x01, 0x00, 0xF6, 0x04, 0xFF, 0x84, 0x07, 0x00, 0xA0, 0xFF, 0x7F, 0x02, 0x00, 0x80, 0xFA, 0x03,
    0xFF, 0x82, 0x1B, 0x00, 0x60, 0x02, 0xFF, 0x83, 0x3D, 0x00, 0x30, 0xFD, 0x02, 0xFF, 0x83, 0x4D,
    0x00, 0x20, 0xFC, 0x02, 0xFF, 0x82, 0x0B, 0x00, 0x70, 0x02, 0xFF, 0x80, 0x8F, 0x02, 0x00, 0x80,
    0xF9, 0x03, 0xFF, 0x87, 0x07, 0x00, 0xB0, 0xFF, 0xCF, 0x01, 0x00, 0xF6, 0x03, 0xFF, 0x87, 0xDF,
    0x03, 0x00, 0xD3, 0xFF, 0x04, 0x00, 0xC2, 0x04, 0xFF, 0x80, 0xAF, 0x02, 0x00, 0x80, 0xF7, 0x50,
    0xFF, 0x80, 0x0F, 0x45, 0xFF, 0x83, 0x1C, 0x00, 0x30, 0xFD, 0x04, 0xFF, 0x86, 0x1C, 0x00, 0x40,
    0xFF, 0x08, 0x00, 0x80, 0x04, 0xFF, 0x80, 0x6F, 0x02, 0x00, 0x84, 0xFB, 0xDF, 0x03, 0x00, 0xC2,
    0x03, 0xFF, 0x80, 0xBF, 0x02, 0x00, 0x82, 0xF7, 0xFF, 0xAF, 0x02, 0x00, 0x80, 0xF7, 0x03, 0xFF,
    0x82, 0x04, 0x00, 0xC2, 0x02, 0xFF, 0x83, 0x6F, 0x00, 0x10, 0xFC, 0x02, 0xFF, 0x82, 0x09, 0x00,
    0x80, 0x03, 0xFF, 0x82, 0x1C, 0x00, 0x50, 0x02, 0xFF, 0x83, 0x3D, 0x00, 0x40, 0xFD, 0x03, 0xFF,
    0x84, 0x08, 0x00, 0xA0, 0xFF, 0x8F, 0x02, 0x00, 0x80, 0xFB, 0x03, 0xFF, 0x87, 0xDF, 0x03, 0x00,
    0xD3, 0xCF, 0x01, 0x00, 0xF6, 0x04, 0xFF, 0x80, 0xAF, 0x02, 0x00, 0x83, 0xF8, 0x06, 0x00, 0xC1,
    0x05, 0xFF, 0x85, 0x5F, 0x00, 0x20, 0x0A, 0x00, 0x80, 0x06, 0xFF, 0x85, 0x1C, 0x00, 0x10, 0x00,
    0x30, 0xFD, 0x06, 0xFF, 0x80, 0x07, 0x03, 0x00, 0x80, 0xFA, 0x06, 0xFF, 0x81, 0xDF, 0x03, 0x02,
    0x00, 0x80, 0xF6, 0x07, 0xFF, 0x80, 0xAF, 0x02, 0x00, 0x80, 0xC1, 0x08, 0xFF, 0x82, 0x4F, 0x00,
    0x70, 0x09, 0xFF, 0x82, 0x05, 0x00, 0xF8, 0x08, 0xFF, 0x82, 0x5F, 0x00, 0x80, 0x09, 0xFF, 0x82,
    0x05, 0x00, 0xF8, 0x08, 0xFF, 0x82, 0x5F, 0x00, 0x80, 0x09, 0xFF, 0x82, 0x05, 0x00, 0xF8, 0x08,
    0xFF, 0x82, 0x5F, 0x00, 0x80, 0x09, 0xFF, 0x82, 0x05, 0x00, 0xF8, 0x08, 0xFF, 0x82, 0x5F, 0x00,
    0x80, 0x09, 0xFF, 0x82, 0x05, 0x00, 0xF8, 0x54, 0xFF, 0x80, 0x0F, 0x46, 0xFF, 0x80, 0x06, 0x08,
    0x00, 0x82, 0xF9, 0xFF, 0x6F, 0x08, 0x00, 0x80, 0x90, 0x02, 0xFF, 0x80, 0x06, 0x08, 0x00, 0x82,
    0xF9, 0xFF, 0x6F, 0x08, 0x00, 0x80, 0x90, 0x02, 0xFF, 0x80, 0xCD, 0x05, 0xCC, 0x83, 0x06, 0x00,
    0x40, 0xFD, 0x07, 0xFF, 0x83, 0x09, 0x00, 0x20, 0xFC, 0x07, 0xFF, 0x83, 0x1B, 0x00, 0x10, 0xFB,
    0x07, 0xFF, 0x80, 0x3C, 0x02, 0x00, 0x80, 0xF8, 0x07, 0xFF, 0x80, 0x5D, 0x02, 0x00, 0x80, 0xF6,
    0x07, 0xFF, 0x80, 0x7F, 0x02, 0x00, 0x80, 0xD4, 0x07, 0xFF, 0x80, 0x9F, 0x02, 0x00, 0x80, 0xC2,
    0x07, 0xFF, 0x83, 0xBF, 0x01, 0x00, 0xB1, 0x07, 0xFF, 0x83, 0xCF, 0x03, 0x00, 0x80, 0x07, 0xFF,
    0x83, 0xDF, 0x05, 0x00, 0x60, 0x08, 0xFF, 0x83, 0x07, 0x00, 0x40, 0xFD, 0x07, 0xFF, 0x83, 0x09,
    0x00, 0x20, 0xFC, 0x07, 0xFF, 0x80, 0x1B, 0x02, 0x00, 0x80, 0xFA, 0x07, 0xFF, 0x80, 0x3C, 0x02,
    0x00, 0x80, 0xF8, 0x07, 0xFF, 0x80, 0x5D, 0x02, 0x00, 0x80, 0xF6, 0x07, 0xFF, 0x80, 0x7F, 0x02,
    0x00, 0x80, 0xC2, 0x06, 0xCC, 0x81, 0xFF, 0xCF, 0x09, 0x00, 0x82, 0xF1, 0xFF, 0x0B, 0x08, 0x00,
    0x82, 0x10, 0xFF, 0xBF, 0x09, 0x00, 0x82, 0xF1, 0xFF, 0x0B, 0x08, 0x00, 0x80, 0x10, 0x51, 0xFF,
    0x80, 0x0F, 0x31, 0xFF, 0x80, 0x08, 0x04, 0x00, 0x80, 0xA0, 0x05, 0xFF, 0x80, 0x8F, 0x05, 0x00,
    0x80, 0xFA, 0x05, 0xFF, 0x80, 0x08, 0x04, 0x00, 0x80, 0xA0, 0x05, 0xFF, 0x82, 0x8F, 0x00, 0x70,
    0x03, 0xAA, 0x80, 0xFC, 0x05, 0xFF, 0x82, 0x08, 0x00, 0xFA, 0x08, 0xFF, 0x82, 0x8F, 0x00, 0xA0,
    0x09, 0xFF, 0x82, 0x08, 0x00, 0xFA, 0x08, 0xFF, 0x82, 0x8F, 0x00, 0xA0, 0x09, 0xFF, 0x82, 0x08,
    0x00, 0xFA, 0x08, 0xFF, 0x82, 0x8F, 0x00, 0xA0, 0x09, 0xFF, 0x82, 0x08, 0x00, 0xFA, 0x08, 0xFF,
    0x82, 0x8F, 0x00, 0xA0, 0x09, 0xFF, 0x82, 0x08, 0x00, 0xFA, 0x08, 0xFF, 0x82, 0x8F, 0x00, 0xA0,
    0x09, 0xFF, 0x82, 0x08, 0x00, 0xFA, 0x08, 0xFF, 0x82, 0x8F, 0x00, 0xA0, 0x09, 0xFF, 0x82, 0x08,
    0x00, 0xFA, 0x08, 0xFF, 0x82, 0x8F, 0x00, 0xA0, 0x09, 0xFF, 0x82, 0x08, 0x00, 0xFA, 0x08, 0xFF,
    0x82, 0x8F, 0x00, 0xA0, 0x09, 0xFF, 0x82, 0x08, 0x00, 0xFA, 0x08, 0xFF, 0x82, 0x8F, 0x00, 0xA0,
    0x09, 0xFF, 0x82, 0x08, 0x00, 0xFA, 0x08, 0xFF, 0x82, 0x8F, 0x00, 0xA0, 0x09, 0xFF, 0x82, 0x08,
    0x00, 0xFA, 0x08, 0xFF, 0x82, 0x8F, 0x00, 0xA0, 0x09, 0xFF, 0x82, 0x08, 0x00, 0xFA, 0x08, 0xFF,
    0x82, 0x8F, 0x00, 0xA0, 0x09, 0xFF, 0x82, 0x08, 0x00, 0xA7, 0x02, 0xAA, 0x80, 0xCA, 0x05, 0xFF,
    0x80, 0x8F, 0x05, 0x00, 0x80, 0xFA, 0x05, 0xFF, 0x80, 0x08, 0x04, 0x00, 0x80, 0xA0, 0x05, 0xFF,
    0x80, 0x8F, 0x05, 0x00, 0x80, 0xFA, 0x0D, 0xFF, 0x80, 0x0F, 0x2E, 0xFF, 0x83, 0xCF, 0x01, 0x00,
    0xF8, 0x08, 0xFF, 0x83, 0x7F, 0x00, 0x20, 0xFD, 0x08, 0xFF, 0x82, 0x2D, 0x00, 0x80, 0x09, 0xFF,
    0x82, 0x08, 0x00, 0xC2, 0x08, 0xFF, 0x83, 0xDF, 0x02, 0x00, 0xF7, 0x08, 0xFF, 0x83, 0x8F, 0x00,
    0x10, 0xFC, 0x08, 0xFF, 0x82, 0x2D, 0x00, 0x70, 0x09, 0xFF, 0x82, 0x08, 0x00, 0xC1, 0x08, 0xFF,
    0x83, 0xDF, 0x03, 0x00, 0xF7, 0x08, 0xFF, 0x83, 0x9F, 0x00, 0x10, 0xFC, 0x08, 0xFF, 0x82, 0x3D,
    0x00, 0x60, 0x09, 0xFF, 0x82, 0x09, 0x00, 0xC0, 0x08, 0xFF, 0x83, 0xDF, 0x03, 0x00, 0xF6, 0x08,
    0xFF, 0x80, 0xAF, 0x02, 0x00, 0x80, 0xFB, 0x08, 0xFF, 0x82, 0x4F, 0x00, 0x60, 0x09, 0xFF, 0x82,
    0x0A, 0x00, 0xB0, 0x09, 0xFF, 0x82, 0x04, 0x00, 0xF5, 0x08, 0xFF, 0x80, 0xAF, 0x02, 0x00, 0x80,
    0xFB, 0x08, 0xFF, 0x82, 0x5F, 0x00, 0x50, 0x09, 0xFF, 0x82, 0x0B, 0x00, 0xB0, 0x09, 0xFF, 0x82,
    0x05, 0x00, 0xF4, 0x08, 0xFF, 0x80, 0xBF, 0x02, 0x00, 0x80, 0xFA, 0x08, 0xFF, 0x82, 0x6F, 0x00,
    0x40, 0x09, 0xFF, 0x82, 0x0B, 0x00, 0xA0, 0x09, 0xFF, 0x82, 0x06, 0x00, 0xF3, 0x08, 0xFF, 0x80,
    0xCF, 0x02, 0x00, 0x80, 0xF9, 0x08, 0xFF, 0x83, 0x6F, 0x00, 0x30, 0xFD, 0x08, 0xFF, 0x82, 0x1C,
    0x00, 0x90, 0x09, 0xFF, 0x82, 0x58, 0x55, 0xF7, 0x2E, 0xFF, 0x80, 0x0F, 0x30, 0xFF, 0x80, 0x7F,
    0x05, 0x00, 0x80, 0xFB, 0x05, 0xFF, 0x80, 0x07, 0x04, 0x00, 0x80, 0xB0, 0x05, 0xFF, 0x80, 0x7F,
    0x05, 0x00, 0x80, 0xFB, 0x05, 0xFF, 0x80, 0xAB, 0x02, 0xAA, 0x82, 0x5A, 0x00, 0xB0, 0x09, 0xFF,
    0x82, 0x07, 0x00, 0xFB, 0x08, 0xFF, 0x82, 0x7F, 0x00, 0xB0, 0x09, 0xFF, 0x82, 0x07, 0x00, 0xFB,
    0x08, 0xFF, 0x82, 0x7F, 0x00, 0xB0, 0x09, 0xFF, 0x82, 0x07, 0x00, 0xFB, 0x08, 0xFF, 0x82, 0x7F,
    0x00, 0xB0, 0x09, 0xFF, 0x82, 0x07, 0x00, 0xFB, 0x08, 0xFF, 0x82, 0x7F, 0x00, 0xB0, 0x09, 0xFF,
    0x82, 0x07, 0x00, 0xFB, 0x08, 0xFF, 0x82, 0x7F, 0x00, 0xB0, 0x09, 0xFF, 0x82, 0x07, 0x00, 0xFB,
    0x08, 0xFF, 0x82, 0x7F, 0x00, 0xB0, 0x09, 0xFF, 0x82, 0x07, 0x00, 0xFB, 0x08, 0xFF, 0x82, 0x7F,
    0x00, 0xB0, 0x09, 0xFF, 0x82, 0x07, 0x00, 0xFB, 0x08, 0xFF, 0x82, 0x7F, 0x00, 0xB0, 0x09, 0xFF,
    0x82, 0x07, 0x00, 0xFB, 0x08, 0xFF, 0x82, 0x7F, 0x00, 0xB0, 0x09, 0xFF, 0x82, 0x07, 0x00, 0xFB,
    0x08, 0xFF, 0x82, 0x7F, 0x00, 0xB0, 0x09, 0xFF, 0x82, 0x07, 0x00, 0xFB, 0x08, 0xFF, 0x82, 0x7F,
    0x00, 0xB0, 0x09, 0xFF, 0x82, 0x07, 0x00, 0xFB, 0x08, 0xFF, 0x82, 0x7F, 0x00, 0xB0, 0x05, 0xFF,
    0x80, 0xBF, 0x03, 0xAA, 0x82, 0x05, 0x00, 0xFB, 0x05, 0xFF, 0x80, 0x07, 0x04, 0x00, 0x80, 0xB0,
    0x05, 0xFF, 0x80, 0x7F, 0x05, 0x00, 0x80, 0xFB, 0x05, 0xFF, 0x80, 0x07, 0x04, 0x00, 0x80, 0xB0,
    0x0E, 0xFF, 0x80, 0x0F, 0x49, 0xFF, 0x82, 0x7F, 0x00, 0xA0, 0x08, 0xFF, 0x83, 0xCF, 0x01, 0x00,
    0xD3, 0x08, 0xFF, 0x80, 0x06, 0x02, 0x00, 0x80, 0xF9, 0x07, 0xFF, 0x80, 0x0C, 0x02, 0x00, 0x81,
    0x30, 0xFD, 0x06, 0xFF, 0x84, 0x6F, 0x00, 0x20, 0x00, 0x90, 0x06, 0xFF, 0x85, 0xBF, 0x00, 0x20,
    0x0B, 0x00, 0xD3, 0x06, 0xFF, 0x85, 0x06, 0x00, 0xF8, 0x06, 0x00, 0xF8, 0x05, 0xFF, 0x86, 0x0B,
    0x00, 0xD2, 0xBF, 0x00, 0x20, 0xFD, 0x04, 0xFF, 0x86, 0x5F, 0x00, 0x80, 0xFF, 0x6F, 0x00, 0x80,
    0x04, 0xFF, 0x87, 0xBF, 0x00, 0x20, 0xFD, 0xFF, 0x0C, 0x00, 0xD2, 0x04, 0xFF, 0x82, 0x04, 0x00,
    0xF9, 0x02, 0xFF, 0x82, 0x06, 0x00, 0xF8, 0x03, 0xFF, 0x82, 0x0A, 0x00, 0xD3, 0x02, 0xFF, 0x83,
    0xCF, 0x00, 0x20, 0xFC, 0x02, 0xFF, 0x82, 0x6F, 0x33, 0x93, 0x03, 0xFF, 0x82, 0x7F, 0x33, 0x83,
    0x7F, 0xFF, 0x51, 0xFF, 0x80, 0x0F, 0x7F, 0xFF, 0x7F, 0xFF, 0x5B, 0xFF, 0x80, 0x0D, 0x0A, 0x00,
    0x80, 0xD0, 0x0B, 0x00, 0x80, 0x0D, 0x0A, 0x00, 0x80, 0xD0, 0x0B, 0x44, 0x22, 0xFF, 0x80, 0x0F,
    0x3B, 0xFF, 0x80, 0x2A, 0x06, 0x55, 0x81, 0x05, 0xFD, 0x02, 0xFF, 0x81, 0xAF, 0xC1, 0x05, 0xFF,
    0x81, 0x9F, 0xD1, 0x03, 0xFF, 0x81, 0x7A, 0xF6, 0x04, 0xFF, 0x82, 0xCF, 0x65, 0xFD, 0x02, 0xFF,
    0x82, 0xAF, 0x79, 0xFA, 0x04, 0xFF, 0x81, 0xB7, 0xD6, 0x03, 0xFF, 0x82, 0x9A, 0x4D, 0xFD, 0x03,
    0xFF, 0x82, 0x6B, 0x6F, 0xFD, 0x02, 0xFF, 0x82, 0xAF, 0xF9, 0x7A, 0x03, 0xFF, 0x82, 0x5D, 0xFC,
    0xD6, 0x03, 0xFF, 0x82, 0x9A, 0xFF, 0xC6, 0x02, 0xFF, 0x83, 0x8F, 0xF8, 0x6F, 0xFD, 0x02, 0xFF,
    0x88, 0xAF, 0xF9, 0xCF, 0xF6, 0xFF, 0xCF, 0xD5, 0xFF, 0xD6, 0x03, 0xFF, 0x88, 0x9A, 0xFF, 0x8F,
    0xFA, 0xFF, 0xB6, 0xFF, 0x6F, 0xFD, 0x02, 0xFF, 0x85, 0xAF, 0xF9, 0xFF, 0x5D, 0xFD, 0x7A, 0x02,
    0xFF, 0x80, 0xD6, 0x03, 0xFF, 0x80, 0x9A, 0x02, 0xFF, 0x85, 0x7A, 0x4D, 0xFC, 0xFF, 0x6F, 0xFD,
    0x02, 0xFF, 0x81, 0xAF, 0xF9, 0x02, 0xFF, 0x81, 0x66, 0xF9, 0x02, 0xFF, 0x80, 0xD6, 0x03, 0xFF,
    0x80, 0x9A, 0x02, 0xFF, 0x81, 0xBF, 0xD2, 0x02, 0xFF, 0x81, 0x6F, 0xFD, 0x02, 0xFF, 0x81, 0xAF,
    0xF9, 0x02, 0xFF, 0x81, 0x66, 0xF9, 0x02, 0xFF, 0x80, 0xD6, 0x03, 0xFF, 0x80, 0x9A, 0x02, 0xFF,
    0x85, 0x7A, 0x5D, 0xFD, 0xFF, 0x6F, 0xFD, 0x02, 0xFF, 0x85, 0xAF, 0xF9, 0xFF, 0x4D, 0xFD, 0x7B,
    0x02, 0xFF, 0x80, 0xD6, 0x03, 0xFF, 0x88, 0x9A, 0xFF, 0x8F, 0xF9, 0xFF, 0xB6, 0xFF, 0x6F, 0xFD,
    0x02, 0xFF, 0x88, 0xAF, 0xF9, 0xCF, 0xF5, 0xFF, 0xCF, 0xF5, 0xFF, 0xD6, 0x03, 0xFF, 0x82, 0x9A,
    0xFF, 0xB6, 0x02, 0xFF, 0x83, 0x8F, 0xF9, 0x6F, 0xFD, 0x02, 0xFF, 0x82, 0xAF, 0xF9, 0x7A, 0x03,
    0xFF, 0x82, 0x5D, 0xFC, 0xD6, 0x03, 0xFF, 0x82, 0x9A, 0x5D, 0xFD, 0x03, 0xFF, 0x82, 0x7B, 0x6F,
    0xFD, 0x02, 0xFF, 0x82, 0xAF, 0x89, 0xF9, 0x04, 0xFF, 0x81, 0xB7, 0xD6, 0x03, 0xFF, 0x81, 0x7A,
    0xF5, 0x04, 0xFF, 0x82, 0xDF, 0x65, 0xFD, 0x02, 0xFF, 0x81, 0xAF, 0xC1, 0x05, 0xFF, 0x81, 0x9F,
    0xD1, 0x03, 0xFF, 0x80, 0x2A, 0x06, 0x55, 0x81, 0x05, 0xFD, 0x51, 0xFF, 0x80, 0x0F, 0x7F, 0xFF,
    0x0E, 0xFF, 0x84, 0xBF, 0x47, 0x23, 0x64, 0xC7, 0x06, 0xFF, 0x80, 0x3B, 0x04, 0x00, 0x81, 0x71,
    0xFD, 0x04, 0xFF, 0x80, 0x1A, 0x05, 0x00, 0x80, 0x70, 0x04, 0xFF, 0x87, 0x2C, 0x00, 0x40, 0xCA,
    0xBC, 0x05, 0x00, 0xB0, 0x03, 0xFF, 0x83, 0xCF, 0x37, 0x40, 0xFD, 0x02, 0xFF, 0x82, 0x04, 0x00,
    0xF6, 0x04, 0xFF, 0x81, 0xBF, 0xFB, 0x02, 0xFF, 0x82, 0x9F, 0x00, 0x30, 0x09, 0xFF, 0x82, 0x0B,
    0x00, 0xF1, 0x05, 0xFF, 0x83, 0xCF, 0x79, 0x46, 0x13, 0x02, 0x00, 0x80, 0xFD, 0x03, 0xFF, 0x81,
    0xCF, 0x38, 0x05, 0x00, 0x80, 0xD0, 0x03, 0xFF, 0x81, 0x8F, 0x01, 0x02, 0x00, 0x81, 0x10, 0x43,
    0x02, 0x00, 0x80, 0xFD, 0x02, 0xFF, 0x80, 0x8F, 0x02, 0x00, 0x85, 0x73, 0xCA, 0xFF, 0x0B, 0x00,
    0xD0, 0x02, 0xFF, 0x83, 0xCF, 0x01, 0x00, 0xD6, 0x02, 0xFF, 0x80, 0xAF, 0x02, 0x00, 0x80, 0xFD,
    0x02, 0xFF, 0x82, 0x09, 0x00, 0xC0, 0x03, 0xFF, 0x82, 0x08, 0x00, 0xD0, 0x02, 0xFF, 0x80, 0x8F,
    0x02, 0x00, 0x80, 0xFB, 0x02, 0xFF, 0x80, 0x2C, 0x02, 0x00, 0x80, 0xFC, 0x02, 0xFF, 0x85, 0x0A,
    0x00, 0x30, 0xCA, 0xCC, 0x28, 0x02, 0x00, 0x80, 0xC0, 0x02, 0xFF, 0x81, 0xDF, 0x04, 0x04, 0x00,
    0x83, 0x60, 0x02, 0x00, 0xFB, 0x02, 0xFF, 0x81, 0xCF, 0x04, 0x03, 0x00, 0x83, 0x60, 0x6D, 0x00,
    0x90, 0x04, 0xFF, 0x87, 0x6A, 0x14, 0x42, 0xB7, 0xFF, 0x08, 0x00, 0xF7, 0x51, 0xFF, 0x80, 0x0F,
    0x2F, 0xFF, 0x82, 0x0A, 0x00, 0xC0, 0x08, 0xFF, 0x80, 0xAF, 0x02, 0x00, 0x80, 0xFC, 0x08, 0xFF,
    0x82, 0x0A, 0x00, 0xC0, 0x08, 0xFF, 0x80, 0xAF, 0x02, 0x00, 0x80, 0xFC, 0x08, 0xFF, 0x82, 0x0A,
    0x00, 0xC0, 0x08, 0xFF, 0x80, 0xAF, 0x02, 0x00, 0x80, 0xFC, 0x08, 0xFF, 0x82, 0x0A, 0x00, 0xC0,
    0x08, 0xFF, 0x80, 0xAF, 0x02, 0x00, 0x80, 0xFC, 0x08, 0xFF, 0x87, 0x0A, 0x00, 0xC0, 0xCF, 0x48,
    0x22, 0x73, 0xFB, 0x03, 0xFF, 0x80, 0xAF, 0x02, 0x00, 0x81, 0xAC, 0x02, 0x03, 0x00, 0x80, 0xD6,
    0x03, 0xFF, 0x83, 0x0A, 0x00, 0x80, 0x01, 0x04, 0x00, 0x80, 0xD4, 0x02, 0xFF, 0x80, 0xAF, 0x02,
    0x00, 0x83, 0x01, 0x62, 0x77, 0x03, 0x02, 0x00, 0x80, 0xF7, 0x02, 0xFF, 0x80, 0x0A, 0x02, 0x00,
    0x80, 0xC5, 0x02, 0xFF, 0x80, 0x18, 0x02, 0x00, 0x82, 0xFC, 0xFF, 0xAF, 0x02, 0x00, 0x80, 0xD3,
    0x03, 0xFF, 0x82, 0x08, 0x00, 0x70, 0x02, 0xFF, 0x82, 0x0A, 0x00, 0x90, 0x03, 0xFF, 0x85, 0xDF,
    0x02, 0x00, 0xF4, 0xFF, 0xAF, 0x02, 0x00, 0x80, 0xFC, 0x03, 0xFF, 0x82, 0x5F, 0x00, 0x10, 0x02,
    0xFF, 0x82, 0x0A, 0x00, 0xD0, 0x04, 0xFF, 0x84, 0x07, 0x00, 0xD0, 0xFF, 0xAF, 0x02, 0x00, 0x80,
    0xFD, 0x03, 0xFF, 0x80, 0x7F, 0x02, 0x00, 0x84, 0xFD, 0xFF, 0x0A, 0x00, 0xC0, 0x04, 0xFF, 0x84,
    0x05, 0x00, 0xF2, 0xFF, 0xAF, 0x02, 0x00, 0x80, 0xF9, 0x03, 0xFF, 0x82, 0x2D, 0x00, 0x50, 0x02,
    0xFF, 0x83, 0x0A, 0x00, 0x30, 0xFD, 0x02, 0xFF, 0x80, 0x7F, 0x02, 0x00, 0x82, 0xF8, 0xFF, 0xAF,
    0x02, 0x00, 0x86, 0x50, 0xFC, 0xFF, 0x8D, 0x01, 0x00, 0xC1, 0x02, 0xFF, 0x80, 0x0A, 0x02, 0x00,
    0x82, 0x20, 0x75, 0x36, 0x02, 0x00, 0x80, 0x70, 0x02, 0xFF, 0x80, 0xAF, 0x02, 0x00, 0x80, 0x08,
    0x04, 0x00, 0x81, 0x50, 0xFD, 0x02, 0xFF, 0x83, 0x0A, 0x00, 0xF3, 0x29, 0x03, 0x00, 0x81, 0x60,
    0xFD, 0x02, 0xFF, 0x87, 0xAF, 0x00, 0x60, 0xFF, 0x8C, 0x24, 0x32, 0xB7, 0x53, 0xFF, 0x80, 0x0F,
    0x7F, 0xFF, 0x0F, 0xFF, 0x84, 0x7A, 0x24, 0x31, 0x85, 0xFC, 0x05, 0xFF, 0x81, 0xBF, 0x04, 0x04,
    0x00, 0x80, 0xD7, 0x04, 0xFF, 0x81, 0x9F, 0x01, 0x05, 0x00, 0x80, 0xC4, 0x03, 0xFF, 0x85, 0xBF,
    0x01, 0x00, 0x30, 0x86, 0x37, 0x02, 0x00, 0x80, 0xF5, 0x02, 0xFF, 0x89, 0xDF, 0x03, 0x00, 0x80,
    0xFD, 0xFF, 0x9F, 0x01, 0x61, 0xFC, 0x02, 0xFF, 0x82, 0x09, 0x00, 0x70, 0x03, 0xFF, 0x81, 0x9F,
    0xD9, 0x03, 0xFF, 0x83, 0x5F, 0x00, 0x20, 0xFD, 0x08, 0xFF, 0x82, 0x02, 0x00, 0xF5, 0x08, 0xFF,
    0x82, 0x0D, 0x00, 0x70, 0x08, 0xFF, 0x80, 0xDF, 0x02, 0x00, 0x80, 0xF7, 0x08, 0xFF, 0x82, 0x1F,
    0x00, 0x50, 0x09, 0xFF, 0x82, 0x05, 0x00, 0xD2, 0x08, 0xFF, 0x80, 0x8F, 0x02, 0x00, 0x80, 0xF7,
    0x03, 0xFF, 0x80, 0xCC, 0x04, 0xFF, 0x80, 0x2D, 0x02, 0x00, 0x80, 0xD8, 0x02, 0xFF, 0x82, 0x2A,
    0x50, 0xD9, 0x03, 0xFF, 0x80, 0x09, 0x02, 0x00, 0x85, 0x63, 0x77, 0x03, 0x00, 0x40, 0xFD, 0x03,
    0xFF, 0x80, 0x08, 0x05, 0x00, 0x81, 0x30, 0xFC, 0x04, 0xFF, 0x80, 0x3A, 0x04, 0x00, 0x81, 0x70,
    0xFD, 0x05, 0xFF, 0x84, 0x9D, 0x36, 0x12, 0x53, 0xC8, 0x53, 0xFF, 0x80, 0x0F, 0x35, 0xFF, 0x80,
    0x9F, 0x02, 0x00, 0x80, 0xFD, 0x08, 0xFF, 0x82, 0x09, 0x00, 0xD0, 0x08, 0xFF, 0x80, 0x9F, 0x02,
    0x00, 0x80, 0xFD, 0x08, 0xFF, 0x82, 0x09, 0x00, 0xD0, 0x08, 0xFF, 0x80, 0x9F, 0x02, 0x00, 0x80,
    0xFD, 0x08, 0xFF, 0x82, 0x09, 0x00, 0xD0, 0x08, 0xFF, 0x80, 0x9F, 0x02, 0x00, 0x80, 0xFD, 0x08,
    0xFF, 0x82, 0x09, 0x00, 0xD0, 0x04, 0xFF, 0x84, 0x6A, 0x13, 0x53, 0xD9, 0x9F, 0x02, 0x00, 0x80,
    0xFD, 0x02, 0xFF, 0x81, 0xCF, 0x04, 0x03, 0x00, 0x83, 0xC4, 0x09, 0x00, 0xD0, 0x02, 0xFF, 0x81,
    0xCF, 0x02, 0x04, 0x00, 0x80, 0x82, 0x02, 0x00, 0x83, 0xFD, 0xFF, 0xDF, 0x04, 0x02, 0x00, 0x85,
    0x74, 0x57, 0x00, 0x01, 0x00, 0xD0, 0x02, 0xFF, 0x86, 0x09, 0x00, 0x30, 0xFA, 0xFF, 0xBF, 0x03,
    0x02, 0x00, 0x82, 0xFD, 0xFF, 0x4F, 0x02, 0x00, 0x80, 0xFB, 0x02, 0xFF, 0x80, 0xBF, 0x02, 0x00,
    0x85, 0xD0, 0xFF, 0xDF, 0x01, 0x00, 0xF6, 0x03, 0xFF, 0x80, 0x6F, 0x02, 0x00, 0x84, 0xFD, 0xFF,
    0x0B, 0x00, 0x80, 0x04, 0xFF, 0x84, 0x08, 0x00, 0xD0, 0xFF, 0xAF, 0x02, 0x00, 0x80, 0xFA, 0x03,
    0xFF, 0x80, 0xAF, 0x02, 0x00, 0x84, 0xFD, 0xFF, 0x0A, 0x00, 0xA0, 0x04, 0xFF, 0x84, 0x0A, 0x00,
    0xD0, 0xFF, 0xBF, 0x02, 0x00, 0x80, 0xF8, 0x03, 0xFF, 0x80, 0x8F, 0x02, 0x00, 0x84, 0xFD, 0xFF,
    0x0C, 0x00, 0x50, 0x04, 0xFF, 0x82, 0x06, 0x00, 0xD0, 0x02, 0xFF, 0x82, 0x04, 0x00, 0xA0, 0x03,
    0xFF, 0x80, 0x0B, 0x02, 0x00, 0x82, 0xFD, 0xFF, 0x9F, 0x02, 0x00, 0x80, 0xA2, 0x02, 0xFF, 0x80,
    0x3B, 0x02, 0x00, 0x80, 0xC0, 0x02, 0xFF, 0x80, 0x4D, 0x02, 0x00, 0x82, 0x40, 0x77, 0x05, 0x03,
    0x00, 0x80, 0xFC, 0x02, 0xFF, 0x80, 0x2C, 0x04, 0x00, 0x83, 0x10, 0x08, 0x00, 0xA0, 0x03, 0xFF,
    0x80, 0x4C, 0x03, 0x00, 0x84, 0x30, 0xDB, 0x02, 0x00, 0xF8, 0x03, 0xFF, 0x87, 0xAF, 0x36, 0x21,
    0x95, 0xFD, 0x6F, 0x00, 0x70, 0x51, 0xFF, 0x80, 0x0F, 0x7F, 0xFF, 0x0E, 0xFF, 0x84, 0xCF, 0x58,
    0x13, 0x42, 0xB7, 0x06, 0xFF, 0x81, 0x7D, 0x01, 0x03, 0x00, 0x81, 0x60, 0xFC, 0x04, 0xFF, 0x80,
    0x4C, 0x05, 0x00, 0x81, 0x30, 0xFC, 0x03, 0xFF, 0x80, 0x5D, 0x02, 0x00, 0x85, 0x74, 0x89, 0x16,
    0x00, 0x40, 0xFD, 0x02, 0xFF, 0x83, 0x8F, 0x00, 0x10, 0xF9, 0x02, 0xFF, 0x82, 0x3B, 0x00, 0x80,
    0x02, 0xFF, 0x83, 0xDF, 0x02, 0x00, 0xF8, 0x03, 0xFF, 0x82, 0x0B, 0x00, 0xD3, 0x02, 0xFF, 0x82,
    0x0B, 0x00, 0xD1, 0x04, 0xFF, 0x86, 0x03, 0x00, 0xFB, 0xFF, 0x8F, 0x00, 0x20, 0x04, 0x44, 0x82,
    0x24, 0x00, 0x90, 0x02, 0xFF, 0x80, 0x07, 0x08, 0x00, 0x82, 0xF8, 0xFF, 0x7F, 0x08, 0x00, 0x80,
    0x70, 0x02, 0xFF, 0x82, 0x08, 0x00, 0xF3, 0x08, 0xFF, 0x80, 0xBF, 0x02, 0x00, 0x80, 0xFB, 0x08,
    0xFF, 0x83, 0x2D, 0x00, 0x60, 0xFD, 0x08, 0xFF, 0x87, 0x08, 0x00, 0x60, 0xFC, 0xFF, 0xCF, 0x45,
    0xC8, 0x03, 0xFF, 0x88, 0xDF, 0x04, 0x00, 0x10, 0x76, 0x47, 0x01, 0x00, 0xC1, 0x03, 0xFF, 0x81,
    0xCF, 0x03, 0x05, 0x00, 0x80, 0xA1, 0x04, 0xFF, 0x81, 0xDF, 0x17, 0x04, 0x00, 0x80, 0xB4, 0x06,
    0xFF, 0x84, 0x8C, 0x35, 0x21, 0x74, 0xFB, 0x53, 0xFF, 0x80, 0x0F, 0x33, 0xFF, 0x82, 0x6B, 0x24,
    0x01, 0x02, 0x00, 0x80, 0xF2, 0x05, 0xFF, 0x80, 0x08, 0x04, 0x00, 0x80, 0x20, 0x05, 0xFF, 0x80,
    0x1B, 0x05, 0x00, 0x80, 0xF2, 0x04, 0xFF, 0x80, 0x8F, 0x02, 0x00, 0x80, 0x73, 0x03, 0x77, 0x05,
    0xFF, 0x82, 0x07, 0x00, 0xD1, 0x08, 0xFF, 0x82, 0x7F, 0x00, 0x30, 0x09, 0xFF, 0x82, 0x07, 0x00,
    0xF3, 0x08, 0xFF, 0x82, 0x7F, 0x00, 0x30, 0x06, 0xFF, 0x80, 0x6F, 0x06, 0x00, 0x80, 0x80, 0x04,
    0xFF, 0x80, 0x06, 0x06, 0x00, 0x80, 0xF8, 0x03, 0xFF, 0x80, 0x6F, 0x06, 0x00, 0x80, 0x80, 0x04,
    0xFF, 0x84, 0x9A, 0x99, 0x59, 0x00, 0x20, 0x02, 0x99, 0x80, 0xFB, 0x06, 0xFF, 0x82, 0x07, 0x00,
    0xF3, 0x08, 0xFF, 0x82, 0x7F, 0x00, 0x30, 0x09, 0xFF, 0x82, 0x07, 0x00, 0xF3, 0x08, 0xFF, 0x82,
    0x7F, 0x00, 0x30, 0x09, 0xFF, 0x82, 0x07, 0x00, 0xF3, 0x08, 0xFF, 0x82, 0x7F, 0x00, 0x30, 0x09,
    0xFF, 0x82, 0x07, 0x00, 0xF3, 0x08, 0xFF, 0x82, 0x7F, 0x00, 0x30, 0x09, 0xFF, 0x82, 0x07, 0x00,
    0xF3, 0x08, 0xFF, 0x82, 0x7F, 0x00, 0x30, 0x09, 0xFF, 0x82, 0x07, 0x00, 0xF3, 0x08, 0xFF, 0x82,
    0x7F, 0x00, 0x30, 0x09, 0xFF, 0x82, 0x07, 0x00, 0xF3, 0x08, 0xFF, 0x82, 0x7F, 0x00, 0x30, 0x55,
    0xFF, 0x80, 0x0F, 0x7F, 0xFF, 0x0E, 0xFF, 0x87, 0x69, 0x13, 0x63, 0xDA, 0xFF, 0x04, 0x00, 0xFC,
    0x02, 0xFF, 0x81, 0xCF, 0x04, 0x03, 0x00, 0x83, 0xC4, 0x1D, 0x00, 0xC0, 0x02, 0xFF, 0x81, 0xCF,
    0x02, 0x04, 0x00, 0x80, 0x92, 0x02, 0x00, 0x80, 0xFC, 0x02, 0xFF, 0x80, 0x04, 0x02, 0x00, 0x81,
    0x74, 0x57, 0x02, 0x01, 0x81, 0x00, 0xC0, 0x02, 0xFF, 0x86, 0x0A, 0x00, 0x20, 0xFA, 0xFF, 0xBF,
    0x04, 0x02, 0x00, 0x82, 0xFC, 0xFF, 0x5F, 0x02, 0x00, 0x80, 0xFA, 0x02, 0xFF, 0x88, 0xCF, 0x01,
    0x00, 0xC0, 0xFF, 0xDF, 0x01, 0x00, 0xF4, 0x03, 0xFF, 0x80, 0x7F, 0x02, 0x00, 0x84, 0xFC, 0xFF,
    0x0C, 0x00, 0x70, 0x04, 0xFF, 0x84, 0x09, 0x00, 0xC0, 0xFF, 0xBF, 0x02, 0x00, 0x80, 0xF8, 0x03,
    0xFF, 0x80, 0xBF, 0x02, 0x00, 0x84, 0xFC, 0xFF, 0x0B, 0x00, 0x80, 0x04, 0xFF, 0x84, 0x0A, 0x00,
    0xC0, 0xFF, 0xCF, 0x02, 0x00, 0x80, 0xF6, 0x03, 0xFF, 0x80, 0x8F, 0x02, 0x00, 0x85, 0xFC, 0xFF,
    0x3F, 0x00, 0x20, 0xFC, 0x03, 0xFF, 0x82, 0x05, 0x00, 0xC0, 0x02, 0xFF, 0x83, 0x07, 0x00, 0x60,
    0xFD, 0x02, 0xFF, 0x80, 0x09, 0x02, 0x00, 0x88, 0xFC, 0xFF, 0xDF, 0x03, 0x00, 0x40, 0xCA, 0xBD,
    0x07, 0x02, 0x00, 0x80, 0xC0, 0x02, 0xFF, 0x80, 0xAF, 0x05, 0x00, 0x80, 0x20, 0x02, 0x00, 0x80,
    0xFC, 0x02, 0xFF, 0x80, 0x8F, 0x04, 0x00, 0x83, 0x60, 0x09, 0x00, 0xC0, 0x03, 0xFF, 0x81, 0xAF,
    0x04, 0x02, 0x00, 0x81, 0x92, 0xAF, 0x02, 0x00, 0x80, 0xFC, 0x04, 0xFF, 0x86, 0x9C, 0x98, 0xDB,
    0xFF, 0x0A, 0x00, 0xD0, 0x08, 0xFF, 0x82, 0x8F, 0x00, 0x10, 0x04, 0xFF, 0x81, 0xBF, 0xFC, 0x03,
    0xFF, 0x82, 0x05, 0x00, 0xF4, 0x02, 0xFF, 0x88, 0xDF, 0x38, 0x40, 0xFC, 0xFF, 0xDF, 0x08, 0x00,
    0x80, 0x03, 0xFF, 0x88, 0x1C, 0x00, 0x10, 0x86, 0x78, 0x03, 0x00, 0x20, 0xFD, 0x03, 0xFF, 0x80,
    0x08, 0x05, 0x00, 0x81, 0x10, 0xFB, 0x04, 0xFF, 0x80, 0x3A, 0x04, 0x00, 0x81, 0x60, 0xFC, 0x05,
    0xFF, 0x84, 0xAD, 0x46, 0x12, 0x64, 0xB7, 0x03, 0xFF, 0x80, 0x0F, 0x2F, 0xFF, 0x82, 0x5F, 0x00,
    0x60, 0x09, 0xFF, 0x82, 0x05, 0x00, 0xF6, 0x08, 0xFF, 0x82, 0x5F, 0x00, 0x60, 0x09, 0xFF, 0x82,
    0x05, 0x00, 0xF6, 0x08, 0xFF, 0x82, 0x5F, 0x00, 0x60, 0x09, 0xFF, 0x82, 0x05, 0x00, 0xF6, 0x08,
    0xFF, 0x82, 0x5F, 0x00, 0x60, 0x09, 0xFF, 0x82, 0x05, 0x00, 0xF6, 0x08, 0xFF, 0x87, 0x5F, 0x00,
    0x60, 0xFF, 0x6A, 0x23, 0x64, 0xFA, 0x04, 0xFF, 0x83, 0x05, 0x00, 0xC6, 0x05, 0x03, 0x00, 0x80,
    0xD6, 0x03, 0xFF, 0x83, 0x5F, 0x00, 0x50, 0x03, 0x04, 0x00, 0x80, 0xF7, 0x03, 0xFF, 0x80, 0x05,
    0x02, 0x00, 0x85, 0x50, 0x77, 0x03, 0x00, 0x10, 0xFC, 0x02, 0xFF, 0x80, 0x5F, 0x02, 0x00, 0x85,
    0xA2, 0xFF, 0xDF, 0x06, 0x00, 0x90, 0x03, 0xFF, 0x82, 0x05, 0x00, 0x80, 0x02, 0xFF, 0x80, 0xCF,
    0x02, 0x00, 0x80, 0xF8, 0x02, 0xFF, 0x83, 0x5F, 0x00, 0x10, 0xFD, 0x02, 0xFF, 0x82, 0x2F, 0x00,
    0x60, 0x03, 0xFF, 0x82, 0x05, 0x00, 0xF4, 0x03, 0xFF, 0x82, 0x04, 0x00, 0xF6, 0x02, 0xFF, 0x82,
    0x5F, 0x00, 0x60, 0x03, 0xFF, 0x82, 0x5F, 0x00, 0x60, 0x03, 0xFF, 0x82, 0x05, 0x00, 0xF6, 0x03,
    0xFF, 0x82, 0x05, 0x00, 0xF6, 0x02, 0xFF, 0x82, 0x5F, 0x00, 0x60, 0x03, 0xFF, 0x82, 0x5F, 0x00,
    0x60, 0x03, 0xFF, 0x82, 0x05, 0x00, 0xF6, 0x03, 0xFF, 0x82, 0x05, 0x00, 0xF6, 0x02, 0xFF, 0x82,
    0x5F, 0x00, 0x60, 0x03, 0xFF, 0x82, 0x5F, 0x00, 0x60, 0x03, 0xFF, 0x82, 0x05, 0x00, 0xF6, 0x03,
    0xFF, 0x82, 0x05, 0x00, 0xF6, 0x02, 0xFF, 0x82, 0x5F, 0x00, 0x60, 0x03, 0xFF, 0x82, 0x5F, 0x00,
    0x60, 0x03, 0xFF, 0x82, 0x05, 0x00, 0xF6, 0x03, 0xFF, 0x82, 0x05, 0x00, 0xF6, 0x02, 0xFF, 0x82,
    0x5F, 0x00, 0x60, 0x03, 0xFF, 0x82, 0x5F, 0x00, 0x60, 0x03, 0xFF, 0x82, 0x05, 0x00, 0xF6, 0x03,
    0xFF, 0x82, 0x05, 0x00, 0xF6, 0x51, 0xFF, 0x80, 0x0F, 0x27, 0xFF, 0x82, 0xBF, 0x87, 0xFD, 0x08,
    0xFF, 0x83, 0x9F, 0x00, 0x40, 0xFD, 0x08, 0xFF, 0x82, 0x02, 0x00, 0x90, 0x08, 0xFF, 0x80, 0x1D,
    0x02, 0x00, 0x80, 0xF8, 0x08, 0xFF, 0x82, 0x06, 0x00, 0xC1, 0x08, 0xFF, 0x82, 0xDF, 0x26, 0xA4,
    0x29, 0xFF, 0x80, 0x0A, 0x04, 0x00, 0x80, 0xFA, 0x05, 0xFF, 0x80, 0xAF, 0x04, 0x00, 0x80, 0xA0,
    0x06, 0xFF, 0x80, 0x0A, 0x04, 0x00, 0x80, 0xFA, 0x05, 0xFF, 0x80, 0xCF, 0x02, 0x99, 0x82, 0x08,
    0x00, 0xA0, 0x08, 0xFF, 0x80, 0xCF, 0x02, 0x00, 0x80, 0xFA, 0x08, 0xFF, 0x82, 0x0C, 0x00, 0xA0,
    0x08, 0xFF, 0x80, 0xCF, 0x02, 0x00, 0x80, 0xFA, 0x08, 0xFF, 0x82, 0x0C, 0x00, 0xA0, 0x08, 0xFF,
    0x80, 0xCF, 0x02, 0x00, 0x80, 0xFA, 0x08, 0xFF, 0x82, 0x0C, 0x00, 0xA0, 0x08, 0xFF, 0x80, 0xCF,
    0x02, 0x00, 0x80, 0xFA, 0x08, 0xFF, 0x82, 0x0C, 0x00, 0xA0, 0x08, 0xFF, 0x80, 0xCF, 0x02, 0x00,
    0x80, 0xFA, 0x08, 0xFF, 0x82, 0x0C, 0x00, 0xA0, 0x05, 0xFF, 0x80, 0xCF, 0x02, 0x99, 0x80, 0x89,
    0x02, 0x00, 0x80, 0x97, 0x02, 0x99, 0x80, 0xFC, 0x02, 0xFF, 0x80, 0x0B, 0x07, 0x00, 0x80, 0x90,
    0x02, 0xFF, 0x80, 0xBF, 0x08, 0x00, 0x80, 0xF9, 0x02, 0xFF, 0x80, 0x0B, 0x07, 0x00, 0x80, 0x90,
    0x51, 0xFF, 0x80, 0x0F, 0x28, 0xFF, 0x81, 0x8B, 0xD8, 0x09, 0xFF, 0x82, 0x0A, 0x00, 0xD3, 0x08,
    0xFF, 0x80, 0x3F, 0x02, 0x00, 0x80, 0xF8, 0x08, 0xFF, 0x82, 0x02, 0x00, 0x70, 0x08, 0xFF, 0x80,
    0x7F, 0x02, 0x00, 0x80, 0xFB, 0x08, 0xFF, 0x82, 0x7D, 0x32, 0xF9, 0x28, 0xFF, 0x80, 0xBF, 0x04,
    0x00, 0x80, 0x90, 0x06, 0xFF, 0x80, 0x0B, 0x04, 0x00, 0x80, 0xF9, 0x05, 0xFF, 0x80, 0xBF, 0x04,
    0x00, 0x80, 0x90, 0x06, 0xFF, 0x82, 0x9C, 0x99, 0x89, 0x02, 0x00, 0x80, 0xF9, 0x08, 0xFF, 0x82,
    0x0D, 0x00, 0x90, 0x08, 0xFF, 0x80, 0xDF, 0x02, 0x00, 0x80, 0xF9, 0x08, 0xFF, 0x82, 0x0D, 0x00,
    0x90, 0x08, 0xFF, 0x80, 0xDF, 0x02, 0x00, 0x80, 0xF9, 0x08, 0xFF, 0x82, 0x0D, 0x00, 0x90, 0x08,
    0xFF, 0x80, 0xDF, 0x02, 0x00, 0x80, 0xF9, 0x08, 0xFF, 0x82, 0x0D, 0x00, 0x90, 0x08, 0xFF, 0x80,
    0xDF, 0x02, 0x00, 0x80, 0xF9, 0x08, 0xFF, 0x82, 0x0D, 0x00, 0x90, 0x08, 0xFF, 0x80, 0xDF, 0x02,
    0x00, 0x80, 0xF9, 0x08, 0xFF, 0x82, 0x0D, 0x00, 0x90, 0x08, 0xFF, 0x80, 0xDF, 0x02, 0x00, 0x80,
    0xF9, 0x08, 0xFF, 0x82, 0x0D, 0x00, 0x90, 0x08, 0xFF, 0x80, 0xDF, 0x02, 0x00, 0x80, 0xF9, 0x08,
    0xFF, 0x82, 0x0C, 0x00, 0x90, 0x08, 0xFF, 0x80, 0xAF, 0x02, 0x00, 0x80, 0xF9, 0x04, 0xFF, 0x80,
    0x7D, 0x02, 0x77, 0x83, 0x67, 0x01, 0x00, 0xB0, 0x04, 0xFF, 0x80, 0xCF, 0x05, 0x00, 0x81, 0x40,
    0xFD, 0x04, 0xFF, 0x80, 0x0C, 0x04, 0x00, 0x81, 0x10, 0xFB, 0x04, 0xFF, 0x80, 0xCF, 0x03, 0x00,
    0x82, 0x21, 0x84, 0xFC, 0x0F, 0xFF, 0x80, 0x0F, 0x2F, 0xFF, 0x80, 0x9F, 0x02, 0x00, 0x80, 0xFD,
    0x08, 0xFF, 0x82, 0x09, 0x00, 0xD0, 0x08, 0xFF, 0x80, 0x9F, 0x02, 0x00, 0x80, 0xFD, 0x08, 0xFF,
    0x82, 0x09, 0x00, 0xD0, 0x08, 0xFF, 0x80, 0x9F, 0x02, 0x00, 0x80, 0xFD, 0x08, 0xFF, 0x82, 0x09,
    0x00, 0xD0, 0x08, 0xFF, 0x80, 0x9F, 0x02, 0x00, 0x80, 0xFD, 0x08, 0xFF, 0x82, 0x09, 0x00, 0xD0,
    0x08, 0xFF, 0x80, 0x9F, 0x02, 0x00, 0x80, 0xFD, 0x02, 0xFF, 0x80, 0x5D, 0x02, 0x00, 0x80, 0xF7,
    0x02, 0xFF, 0x82, 0x09, 0x00, 0xD0, 0x02, 0xFF, 0x80, 0x6D, 0x02, 0x00, 0x80, 0xF7, 0x02, 0xFF,
    0x80, 0x9F, 0x02, 0x00, 0x82, 0xFD, 0xFF, 0x6D, 0x02, 0x00, 0x80, 0xF7, 0x03, 0xFF, 0x84, 0x09,
    0x00, 0xD0, 0xFF, 0x6D, 0x02, 0x00, 0x80, 0xF7, 0x03, 0xFF, 0x80, 0x9F, 0x02, 0x00, 0x81, 0xFD,
    0x6D, 0x02, 0x00, 0x80, 0xF7, 0x04, 0xFF, 0x83, 0x09, 0x00, 0xD0, 0x6D, 0x02, 0x00, 0x80, 0xF7,
    0x04, 0xFF, 0x80, 0x9F, 0x02, 0x00, 0x80, 0x6D, 0x02, 0x00, 0x80, 0xF7, 0x05, 0xFF, 0x82, 0x09,
    0x00, 0x60, 0x02, 0x00, 0x80, 0xF3, 0x05, 0xFF, 0x80, 0x9F, 0x05, 0x00, 0x80, 0xF9, 0x05, 0xFF,
    0x80, 0x09, 0x04, 0x00, 0x81, 0x10, 0xFB, 0x04, 0xFF, 0x80, 0x9F, 0x03, 0x00, 0x83, 0x04, 0x00,
    0x30, 0xFC, 0x04, 0xFF, 0x80, 0x09, 0x02, 0x00, 0x83, 0xF7, 0x06, 0x00, 0x50, 0x04, 0xFF, 0x80,
    0x9F, 0x02, 0x00, 0x84, 0xF7, 0xDF, 0x04, 0x00, 0x80, 0x04, 0xFF, 0x87, 0x09, 0x00, 0xD0, 0xFF,
    0xCF, 0x02, 0x00, 0xA0, 0x03, 0xFF, 0x80, 0x9F, 0x02, 0x00, 0x82, 0xFD, 0xFF, 0xAF, 0x02, 0x00,
    0x80, 0xC2, 0x03, 0xFF, 0x82, 0x09, 0x00, 0xD0, 0x02, 0xFF, 0x80, 0x8F, 0x02, 0x00, 0x80, 0xD4,
    0x02, 0xFF, 0x80, 0x9F, 0x02, 0x00, 0x80, 0xFD, 0x02, 0xFF, 0x80, 0x6F, 0x02, 0x00, 0x80, 0xF7,
    0x02, 0xFF, 0x82, 0x09, 0x00, 0xD0, 0x03, 0xFF, 0x80, 0x3D, 0x02, 0x00, 0x80, 0xF9, 0x50, 0xFF,
    0x80, 0x0F, 0x2F, 0xFF, 0x80, 0x4F, 0x03, 0x00, 0x80, 0x40, 0x07, 0xFF, 0x80, 0x04, 0x03, 0x00,
    0x80, 0xF4, 0x06, 0xFF, 0x80, 0x4F, 0x03, 0x00, 0x80, 0x40, 0x07, 0xFF, 0x84, 0x9A, 0x99, 0x04,
    0x00, 0xF4, 0x08, 0xFF, 0x82, 0x6F, 0x00, 0x40, 0x09, 0xFF, 0x82, 0x06, 0x00, 0xF4, 0x08, 0xFF,
    0x82, 0x6F, 0x00, 0x40, 0x09, 0xFF, 0x82, 0x06, 0x00, 0xF4, 0x08, 0xFF, 0x82, 0x6F, 0x00, 0x40,
    0x09, 0xFF, 0x82, 0x06, 0x00, 0xF4, 0x08, 0xFF, 0x82, 0x6F, 0x00, 0x40, 0x09, 0xFF, 0x82, 0x06,
    0x00, 0xF4, 0x08, 0xFF, 0x82, 0x6F, 0x00, 0x40, 0x09, 0xFF, 0x82, 0x06, 0x00, 0xF4, 0x08, 0xFF,
    0x82, 0x6F, 0x00, 0x40, 0x09, 0xFF, 0x82, 0x06, 0x00, 0xF4, 0x08, 0xFF, 0x82, 0x6F, 0x00, 0x40,
    0x09, 0xFF, 0x82, 0x06, 0x00, 0xF4, 0x08, 0xFF, 0x82, 0x6F, 0x00, 0x40, 0x09, 0xFF, 0x82, 0x06,
    0x00, 0xF4, 0x08, 0xFF, 0x82, 0x6F, 0x00, 0x40, 0x09, 0xFF, 0x82, 0x06, 0x00, 0xD2, 0x08, 0xFF,
    0x80, 0x7F, 0x02, 0x00, 0x80, 0x74, 0x03, 0x77, 0x80, 0xFC, 0x04, 0xFF, 0x80, 0x08, 0x05, 0x00,
    0x80, 0xA0, 0x04, 0xFF, 0x81, 0xDF, 0x03, 0x05, 0x00, 0x80, 0xFA, 0x04, 0xFF, 0x82, 0xCF, 0x37,
    0x12, 0x03, 0x00, 0x80, 0xA0, 0x51, 0xFF, 0x80, 0x0F, 0x7F, 0xFF, 0x0B, 0xFF, 0x89, 0xCF, 0x00,
    0xD0, 0x7C, 0x23, 0xA4, 0xFF, 0x49, 0x32, 0xD7, 0x02, 0xFF, 0x82, 0x0C, 0x00, 0x4A, 0x02, 0x00,
    0x81, 0xA0, 0x07, 0x02, 0x00, 0x84, 0xD3, 0xFF, 0xCF, 0x00, 0x10, 0x03, 0x00, 0x80, 0x01, 0x03,
    0x00, 0x85, 0xF8, 0xFF, 0x0C, 0x00, 0x20, 0x67, 0x02, 0x00, 0x85, 0x50, 0x37, 0x00, 0x50, 0xFF,
    0xCF, 0x02, 0x00, 0xFF, 0xFB, 0x5F, 0x00, 0x40, 0xFD, 0x0C, 0x00, 0xF3, 0xFF, 0x0C, 0x00, 0xF4,
    0xFF, 0x08, 0x00, 0xF9, 0xFF, 0x03, 0x30, 0xFF, 0xCF, 0x00, 0x60, 0xFF, 0x8F, 0x00, 0xA0, 0xFF,
    0x4F, 0x00, 0xF3, 0xFF, 0x0C, 0x00, 0xF7, 0xFF, 0x08, 0x00, 0xFB, 0xFF, 0x04, 0x30, 0xFF, 0xCF,
    0x00, 0x70, 0xFF, 0x8F, 0x00, 0xB0, 0xFF, 0x4F, 0x00, 0xF3, 0xFF, 0x0C, 0x00, 0xF7, 0xFF, 0x08,
    0x00, 0xFB, 0xFF, 0x04, 0x30, 0xFF, 0xCF, 0x00, 0x70, 0xFF, 0x8F, 0x00, 0xB0, 0xFF, 0x4F, 0x00,
    0xF3, 0xFF, 0x0C, 0x00, 0xF7, 0xFF, 0x08, 0x00, 0xFB, 0xFF, 0x04, 0x30, 0xFF, 0xCF, 0x00, 0x70,
    0xFF, 0x8F, 0x00, 0xB0, 0xFF, 0x4F, 0x00, 0xF3, 0xFF, 0x0C, 0x00, 0xF7, 0xFF, 0x08, 0x00, 0xFB,
    0xFF, 0x04, 0x30, 0xFF, 0xCF, 0x00, 0x70, 0xFF, 0x8F, 0x00, 0xB0, 0xFF, 0x4F, 0x00, 0xF3, 0xFF,
    0x0C, 0x00, 0xF7, 0xFF, 0x9C, 0x08, 0x00, 0xFB, 0xFF, 0x04, 0x30, 0xFF, 0xCF, 0x00, 0x70, 0xFF,
    0x8F, 0x00, 0xB0, 0xFF, 0x4F, 0x00, 0xF3, 0xFF, 0x0C, 0x00, 0xF7, 0xFF, 0x08, 0x00, 0xFB, 0xFF,
    0x04, 0x30, 0x51, 0xFF, 0x80, 0x0F, 0x7F, 0xFF, 0x0C, 0xFF, 0x87, 0x4F, 0x00, 0xC0, 0xFF, 0x6A,
    0x23, 0x64, 0xFA, 0x04, 0xFF, 0x83, 0x04, 0x00, 0xCA, 0x04, 0x03, 0x00, 0x80, 0xD6, 0x03, 0xFF,
    0x83, 0x4F, 0x00, 0x70, 0x03, 0x04, 0x00, 0x80, 0xF7, 0x03, 0xFF, 0x80, 0x04, 0x02, 0x00, 0x85,
    0x51, 0x77, 0x03, 0x00, 0x10, 0xFC, 0x02, 0xFF, 0x80, 0x4F, 0x02, 0x00, 0x85, 0xB2, 0xFF, 0xDF,
    0x05, 0x00, 0xA0, 0x03, 0xFF, 0x82, 0x04, 0x00, 0x90, 0x02, 0xFF, 0x80, 0xBF, 0x02, 0x00, 0x80,
    0xF8, 0x02, 0xFF, 0x83, 0x4F, 0x00, 0x20, 0xFD, 0x02, 0xFF, 0x82, 0x1F, 0x00, 0x70, 0x03, 0xFF,
    0x82, 0x04, 0x00, 0xF4, 0x03, 0xFF, 0x82, 0x03, 0x00, 0xF7, 0x02, 0xFF, 0x82, 0x4F, 0x00, 0x60,
    0x03, 0xFF, 0x82, 0x3F, 0x00, 0x70, 0x03, 0xFF, 0x82, 0x04, 0x00, 0xF6, 0x03, 0xFF, 0x82, 0x03,
    0x00, 0xF7, 0x02, 0xFF, 0x82, 0x4F, 0x00, 0x60, 0x03, 0xFF, 0x82, 0x3F, 0x00, 0x70, 0x03, 0xFF,
    0x82, 0x04, 0x00, 0xF6, 0x03, 0xFF, 0x82, 0x03, 0x00, 0xF7, 0x02, 0xFF, 0x82, 0x4F, 0x00, 0x60,
    0x03, 0xFF, 0x82, 0x3F, 0x00, 0x70, 0x03, 0xFF, 0x82, 0x04, 0x00, 0xF6, 0x03, 0xFF, 0x82, 0x03,
    0x00, 0xF7, 0x02, 0xFF, 0x82, 0x4F, 0x00, 0x60, 0x03, 0xFF, 0x82, 0x3F, 0x00, 0x70, 0x03, 0xFF,
    0x82, 0x04, 0x00, 0xF6, 0x03, 0xFF, 0x82, 0x03, 0x00, 0xF7, 0x02, 0xFF, 0x82, 0x4F, 0x00, 0x60,
    0x03, 0xFF, 0x82, 0x3F, 0x00, 0x70, 0x03, 0xFF, 0x82, 0x04, 0x00, 0xF6, 0x03, 0xFF, 0x82, 0x03,
    0x00, 0xF7, 0x51, 0xFF, 0x80, 0x0F, 0x7F, 0xFF, 0x0E, 0xFF, 0x84, 0xBF, 0x47, 0x12, 0x53, 0xC8,
    0x06, 0xFF, 0x80, 0x4B, 0x04, 0x00, 0x81, 0x60, 0xFC, 0x04, 0xFF, 0x80, 0x1A, 0x05, 0x00, 0x81,
    0x30, 0xFC, 0x03, 0xFF, 0x80, 0x1B, 0x02, 0x00, 0x85, 0x63, 0x67, 0x02, 0x00, 0x30, 0xFD, 0x02,
    0xFF, 0x80, 0x4D, 0x02, 0x00, 0x85, 0xD8, 0xFF, 0xCF, 0x06, 0x00, 0x70, 0x02, 0xFF, 0x80, 0xAF,
    0x02, 0x00, 0x80, 0xF7, 0x02, 0xFF, 0x83, 0xDF, 0x03, 0x00, 0xD1, 0x02, 0xFF, 0x82, 0x07, 0x00,
    0xD1, 0x03, 0xFF, 0x80, 0xAF, 0x02, 0x00, 0x84, 0xF9, 0xFF, 0x4F, 0x00, 0x40, 0x04, 0xFF, 0x82,
    0x0C, 0x00, 0x70, 0x02, 0xFF, 0x82, 0x02, 0x00, 0xF6, 0x04, 0xFF, 0x86, 0x02, 0x00, 0xF7, 0xFF,
    0x3F, 0x00, 0x60, 0x04, 0xFF, 0x82, 0x2F, 0x00, 0x70, 0x02, 0xFF, 0x82, 0x04, 0x00, 0xF4, 0x03,
    0xFF, 0x80, 0xCF, 0x02, 0x00, 0x85, 0xF8, 0xFF, 0x7F, 0x00, 0x10, 0xFC, 0x03, 0xFF, 0x82, 0x0A,
    0x00, 0xA0, 0x02, 0xFF, 0x82, 0x0A, 0x00, 0x70, 0x03, 0xFF, 0x83, 0x3D, 0x00, 0x10, 0xFD, 0x02,
    0xFF, 0x85, 0x04, 0x00, 0x80, 0xFD, 0xFF, 0x6C, 0x02, 0x00, 0x80, 0xF7, 0x02, 0xFF, 0x85, 0xBF,
    0x01, 0x00, 0x30, 0x76, 0x26, 0x02, 0x00, 0x80, 0xD3, 0x03, 0xFF, 0x81, 0xAF, 0x01, 0x05, 0x00,
    0x80, 0xC3, 0x04, 0xFF, 0x81, 0xCF, 0x04, 0x04, 0x00, 0x80, 0xD6, 0x06, 0xFF, 0x84, 0x7B, 0x24,
    0x21, 0x85, 0xFC, 0x53, 0xFF, 0x80, 0x0F, 0x7F, 0xFF, 0x0C, 0xFF, 0x87, 0x0A, 0x00, 0xF7, 0xCF,
    0x48, 0x22, 0x74, 0xFB, 0x03, 0xFF, 0x84, 0xAF, 0x00, 0x30, 0xAF, 0x02, 0x03, 0x00, 0x80, 0xD6,
    0x03, 0xFF, 0x83, 0x0A, 0x00, 0xA0, 0x01, 0x04, 0x00, 0x80, 0xD5, 0x02, 0xFF, 0x80, 0xAF, 0x02,
    0x00, 0x83, 0x01, 0x62, 0x67, 0x03, 0x02, 0x00, 0x80, 0xF7, 0x02, 0xFF, 0x80, 0x0A, 0x02, 0x00,
    0x88, 0xC5, 0xFF, 0xDF, 0x18, 0x00, 0x10, 0xFC, 0xFF, 0xAF, 0x02, 0x00, 0x80, 0xD3, 0x03, 0xFF,
    0x82, 0x07, 0x00, 0x80, 0x02, 0xFF, 0x82, 0x0A, 0x00, 0x90, 0x03, 0xFF, 0x85, 0xDF, 0x02, 0x00,
    0xF5, 0xFF, 0xAF, 0x02, 0x00, 0x80, 0xFC, 0x03, 0xFF, 0x82, 0x5F, 0x00, 0x20, 0x02, 0xFF, 0x82,
    0x0A, 0x00, 0xD0, 0x04, 0xFF, 0x84, 0x07, 0x00, 0xD0, 0xFF, 0xAF, 0x02, 0x00, 0x80, 0xFD, 0x03,
    0xFF, 0x80, 0x7F, 0x02, 0x00, 0x84, 0xFD, 0xFF, 0x0A, 0x00, 0xB0, 0x04, 0xFF, 0x84, 0x05, 0x00,
    0xF1, 0xFF, 0xAF, 0x02, 0x00, 0x80, 0xF9, 0x03, 0xFF, 0x82, 0x2D, 0x00, 0x40, 0x02, 0xFF, 0x83,
    0x0A, 0x00, 0x20, 0xFD, 0x02, 0xFF, 0x80, 0x7F, 0x02, 0x00, 0x82, 0xF7, 0xFF, 0xAF, 0x02, 0x00,
    0x86, 0x50, 0xFC, 0xFF, 0x8D, 0x01, 0x00, 0xC0, 0x02, 0xFF, 0x80, 0x0A, 0x02, 0x00, 0x82, 0x20,
    0x75, 0x36, 0x02, 0x00, 0x80, 0x70, 0x02, 0xFF, 0x80, 0xAF, 0x02, 0x00, 0x80, 0x08, 0x04, 0x00,
    0x81, 0x40, 0xFD, 0x02, 0xFF, 0x83, 0x0A, 0x00, 0xC0, 0x2A, 0x03, 0x00, 0x81, 0x60, 0xFD, 0x02,
    0xFF, 0x80, 0xAF, 0x02, 0x00, 0x84, 0xFC, 0x8C, 0x24, 0x32, 0xB7, 0x04, 0xFF, 0x82, 0x0A, 0x00,
    0xC0, 0x08, 0xFF, 0x80, 0xAF, 0x02, 0x00, 0x80, 0xFC, 0x08, 0xFF, 0x82, 0x0A, 0x00, 0xC0, 0x08,
    0xFF, 0x80, 0xAF, 0x02, 0x00, 0x80, 0xFC, 0x08, 0xFF, 0x82, 0x0A, 0x00, 0xC0, 0x08, 0xFF, 0x80,
    0xAF, 0x02, 0x00, 0x80, 0xFC, 0x12, 0xFF, 0x80, 0x0F, 0x7F, 0xFF, 0x0D, 0xFF, 0x87, 0xDF, 0x58,
    0x12, 0x74, 0xFC, 0x7F, 0x00, 0xA0, 0x03, 0xFF, 0x81, 0xBF, 0x03, 0x02, 0x00, 0x84, 0x10, 0xF9,
    0x04, 0x00, 0xFA, 0x02, 0xFF, 0x81, 0xBF, 0x01, 0x04, 0x00, 0x82, 0x19, 0x00, 0xA0, 0x03, 0xFF,
    0x85, 0x04, 0x00, 0x10, 0x75, 0x36, 0x10, 0x02, 0x00, 0x80, 0xFA, 0x02, 0xFF, 0x85, 0x0A, 0x00,
    0x30, 0xFB, 0xFF, 0x7D, 0x02, 0x00, 0x80, 0xA0, 0x02, 0xFF, 0x80, 0x4F, 0x02, 0x00, 0x80, 0xFB,
    0x02, 0xFF, 0x80, 0x4F, 0x02, 0x00, 0x82, 0xFA, 0xFF, 0xCF, 0x02, 0x00, 0x80, 0xF6, 0x03, 0xFF,
    0x82, 0x0A, 0x00, 0xA0, 0x02, 0xFF, 0x82, 0x0B, 0x00, 0x80, 0x03, 0xFF, 0x80, 0xCF, 0x02, 0x00,
    0x82, 0xFA, 0xFF, 0xAF, 0x02, 0x00, 0x80, 0xFA, 0x03, 0xFF, 0x82, 0x1F, 0x00, 0xA0, 0x02, 0xFF,
    0x82, 0x0A, 0x00, 0xA0, 0x04, 0xFF, 0x84, 0x01, 0x00, 0xFA, 0xFF, 0xBF, 0x02, 0x00, 0x80, 0xF8,
    0x03, 0xFF, 0x82, 0x0C, 0x00, 0xA0, 0x02, 0xFF, 0x82, 0x0C, 0x00, 0x60, 0x03, 0xFF, 0x80, 0xAF,
    0x02, 0x00, 0x80, 0xFA, 0x02, 0xFF, 0x82, 0x03, 0x00, 0xB0, 0x03, 0xFF, 0x82, 0x04, 0x00, 0xA0,
    0x02, 0xFF, 0x80, 0x9F, 0x02, 0x00, 0x83, 0xB3, 0xFF, 0xDF, 0x06, 0x02, 0x00, 0x80, 0xFA, 0x02,
    0xFF, 0x80, 0x4F, 0x02, 0x00, 0x82, 0x51, 0x67, 0x03, 0x02, 0x00, 0x80, 0xA0, 0x03, 0xFF, 0x80,
    0x1B, 0x04, 0x00, 0x80, 0x80, 0x02, 0x00, 0x80, 0xFA, 0x03, 0xFF, 0x80, 0x2A, 0x03, 0x00, 0x83,
    0x91, 0x0C, 0x00, 0xA0, 0x04, 0xFF, 0x84, 0x8D, 0x24, 0x42, 0xC7, 0xCF, 0x02, 0x00, 0x80, 0xF9,
    0x08, 0xFF, 0x82, 0x0C, 0x00, 0x80, 0x08, 0xFF, 0x80, 0xDF, 0x02, 0x00, 0x81, 0xD4, 0xCF, 0x07,
    0xFF, 0x80, 0x3F, 0x02, 0x00, 0x81, 0x11, 0xF5, 0x07, 0xFF, 0x80, 0x08, 0x02, 0x00, 0x80, 0x50,
    0x07, 0xFF, 0x81, 0xDF, 0x03, 0x02, 0x00, 0x80, 0xF5, 0x07, 0xFF, 0x83, 0xDF, 0x47, 0x21, 0x95,
    0x0B, 0xFF, 0x80, 0x0F, 0x7F, 0xFF, 0x0D, 0xFF, 0x88, 0x0A, 0x00, 0xFB, 0xFF, 0xAD, 0x46, 0x02,
    0x00, 0xFC, 0x02, 0xFF, 0x84, 0xAF, 0x00, 0x80, 0xFF, 0x2A, 0x03, 0x00, 0x80, 0xC0, 0x03, 0xFF,
    0x83, 0x0A, 0x00, 0xF6, 0x07, 0x04, 0x00, 0x80, 0xFC, 0x02, 0xFF, 0x83, 0xAF, 0x00, 0x30, 0x08,
    0x04, 0x00, 0x80, 0xC0, 0x03, 0xFF, 0x80, 0x0A, 0x03, 0x00, 0x84, 0x72, 0xA9, 0xAB, 0x69, 0xFC,
    0x02, 0xFF, 0x80, 0xAF, 0x03, 0x00, 0x80, 0xC6, 0x07, 0xFF, 0x80, 0x0A, 0x02, 0x00, 0x80, 0xF6,
    0x07, 0xFF, 0x80, 0xAF, 0x02, 0x00, 0x80, 0xC2, 0x08, 0xFF, 0x82, 0x0A, 0x00, 0x70, 0x08, 0xFF,
    0x80, 0xAF, 0x02, 0x00, 0x80, 0xF9, 0x08, 0xFF, 0x82, 0x0A, 0x00, 0xB0, 0x08, 0xFF, 0x80, 0xAF,
    0x02, 0x00, 0x80, 0xFC, 0x08, 0xFF, 0x82, 0x0A, 0x00, 0xC0, 0x08, 0xFF, 0x80, 0xAF, 0x02, 0x00,
    0x80, 0xFC, 0x08, 0xFF, 0x82, 0x0A, 0x00, 0xC0, 0x08, 0xFF, 0x80, 0xAF, 0x02, 0x00, 0x80, 0xFC,
    0x08, 0xFF, 0x82, 0x0A, 0x00, 0xC0, 0x08, 0xFF, 0x80, 0xAF, 0x02, 0x00, 0x80, 0xFC, 0x56, 0xFF,
    0x80, 0x0F, 0x7F, 0xFF, 0x0E, 0xFF, 0x84, 0xBF, 0x57, 0x13, 0x43, 0xB7, 0x06, 0xFF, 0x80, 0x4B,
    0x04, 0x00, 0x81, 0x40, 0xFC, 0x04, 0xFF, 0x80, 0x2B, 0x05, 0x00, 0x81, 0x10, 0xFB, 0x03, 0xFF,
    0x88, 0x2D, 0x00, 0x20, 0xA8, 0x9A, 0x16, 0x00, 0x30, 0xFD, 0x02, 0xFF, 0x83, 0xBF, 0x00, 0x10,
    0xFC, 0x02, 0xFF, 0x82, 0x1B, 0x83, 0xFC, 0x03, 0xFF, 0x82, 0x0A, 0x00, 0xD2, 0x03, 0xFF, 0x80,
    0xFC, 0x04, 0xFF, 0x80, 0xCF, 0x02, 0x00, 0x81, 0xA5, 0xFC, 0x07, 0xFF, 0x80, 0x6F, 0x03, 0x00,
    0x82, 0x52, 0xA7, 0xFD, 0x05, 0xFF, 0x80, 0x6D, 0x05, 0x00, 0x80, 0xA5, 0x05, 0xFF, 0x81, 0xBF,
    0x37, 0x04, 0x00, 0x80, 0x70, 0x06, 0xFF, 0x82, 0xCF, 0x8A, 0x36, 0x02, 0x00, 0x80, 0xA0, 0x08,
    0xFF, 0x83, 0xAF, 0x02, 0x00, 0xF7, 0x03, 0xFF, 0x81, 0xAD, 0xD7, 0x03, 0xFF, 0x82, 0x8F, 0x00,
    0x50, 0x03, 0xFF, 0x82, 0x27, 0x00, 0xD6, 0x02, 0xFF, 0x83, 0xDF, 0x04, 0x00, 0xF7, 0x02, 0xFF,
    0x80, 0x9F, 0x02, 0x00, 0x85, 0x72, 0xA9, 0x89, 0x03, 0x00, 0xB0, 0x03, 0xFF, 0x80, 0x7F, 0x06,
    0x00, 0x80, 0x70, 0x04, 0xFF, 0x81, 0xAF, 0x02, 0x04, 0x00, 0x80, 0x82, 0x05, 0xFF, 0x85, 0xDF,
    0x7A, 0x34, 0x31, 0x65, 0xDA, 0x53, 0xFF, 0x80, 0x0F, 0x54, 0xFF, 0x82, 0x8B, 0x88, 0xF9, 0x08,
    0xFF, 0x82, 0x7F, 0x00, 0x30, 0x09, 0xFF, 0x82, 0x07, 0x00, 0xF3, 0x08, 0xFF, 0x82, 0x7F, 0x00,
    0x30, 0x09, 0xFF, 0x82, 0x07, 0x00, 0xF3, 0x06, 0xFF, 0x80, 0xAF, 0x07, 0x00, 0x80, 0xB0, 0x03,
    0xFF, 0x80, 0x0A, 0x07, 0x00, 0x80, 0xFB, 0x02, 0xFF, 0x80, 0xAF, 0x07, 0x00, 0x80, 0xB0, 0x03,
    0xFF, 0x84, 0x9C, 0x99, 0x05, 0x00, 0x92, 0x03, 0x99, 0x80, 0xFC, 0x04, 0xFF, 0x82, 0x7F, 0x00,
    0x30, 0x09, 0xFF, 0x82, 0x07, 0x00, 0xF3, 0x08, 0xFF, 0x82, 0x7F, 0x00, 0x30, 0x09, 0xFF, 0x82,
    0x07, 0x00, 0xF3, 0x08, 0xFF, 0x82, 0x7F, 0x00, 0x30, 0x09, 0xFF, 0x82, 0x07, 0x00, 0xF3, 0x08,
    0xFF, 0x82, 0x7F, 0x00, 0x30, 0x09, 0xFF, 0x82, 0x07, 0x00, 0xF3, 0x08, 0xFF, 0x82, 0x7F, 0x00,
    0x30, 0x09, 0xFF, 0x82, 0x07, 0x00, 0xC1, 0x08, 0xFF, 0x80, 0x8F, 0x02, 0x00, 0x82, 0x73, 0x77,
    0xB7, 0x06, 0xFF, 0x80, 0x0A, 0x04, 0x00, 0x80, 0xF8, 0x06, 0xFF, 0x80, 0x04, 0x03, 0x00, 0x80,
    0x80, 0x06, 0xFF, 0x82, 0xCF, 0x48, 0x12, 0x02, 0x00, 0x80, 0xF8, 0x52, 0xFF, 0x80, 0x0F, 0x7F,
    0xFF, 0x0C, 0xFF, 0x82, 0x4F, 0x00, 0x60, 0x03, 0xFF, 0x82, 0x0C, 0x00, 0x90, 0x03, 0xFF, 0x82,
    0x04, 0x00, 0xF6, 0x02, 0xFF, 0x80, 0xCF, 0x02, 0x00, 0x80, 0xF9, 0x02, 0xFF, 0x82, 0x4F, 0x00,
    0x60, 0x03, 0xFF, 0x82, 0x0C, 0x00, 0x90, 0x03, 0xFF, 0x82, 0x04, 0x00, 0xF6, 0x02, 0xFF, 0x80,
    0xCF, 0x02, 0x00, 0x80, 0xF9, 0x02, 0xFF, 0x82, 0x4F, 0x00, 0x60, 0x03, 0xFF, 0x82, 0x0C, 0x00,
    0x90, 0x03, 0xFF, 0x82, 0x04, 0x00, 0xF6, 0x02, 0xFF, 0x80, 0xCF, 0x02, 0x00, 0x80, 0xF9, 0x02,
    0xFF, 0x82, 0x4F, 0x00, 0x60, 0x03, 0xFF, 0x82, 0x0C, 0x00, 0x90, 0x03, 0xFF, 0x82, 0x04, 0x00,
    0xF6, 0x02, 0xFF, 0x80, 0xCF, 0x02, 0x00, 0x80, 0xF9, 0x02, 0xFF, 0x82, 0x4F, 0x00, 0x60, 0x03,
    0xFF, 0x82, 0x0C, 0x00, 0x90, 0x03, 0xFF, 0x82, 0x04, 0x00, 0xF6, 0x02, 0xFF, 0x80, 0xCF, 0x02,
    0x00, 0x80, 0xF9, 0x02, 0xFF, 0x82, 0x4F, 0x00, 0x60, 0x03, 0xFF, 0x82, 0x0B, 0x00, 0x90, 0x03,
    0xFF, 0x82, 0x06, 0x00, 0xF4, 0x02, 0xFF, 0x80, 0xAF, 0x02, 0x00, 0x80, 0xF9, 0x02, 0xFF, 0x83,
    0x7F, 0x00, 0x10, 0xFD, 0x02, 0xFF, 0x82, 0x06, 0x00, 0x90, 0x03, 0xFF, 0x82, 0x08, 0x00, 0x70,
    0x02, 0xFF, 0x80, 0x09, 0x02, 0x00, 0x80, 0xF9, 0x02, 0xFF, 0x80, 0xCF, 0x02, 0x00, 0x82, 0x40,
    0x77, 0x04, 0x02, 0x00, 0x80, 0x90, 0x03, 0xFF, 0x80, 0x6F, 0x04, 0x00, 0x83, 0x80, 0x02, 0x00,
    0xF9, 0x03, 0xFF, 0x80, 0x5C, 0x03, 0x00, 0x83, 0x70, 0x5D, 0x00, 0x90, 0x04, 0xFF, 0x87, 0x9F,
    0x25, 0x31, 0xA6, 0xFF, 0x08, 0x00, 0xF9, 0x51, 0xFF, 0x80, 0x0F, 0x7F, 0xFF, 0x0C, 0xFF, 0x82,
    0x03, 0x00, 0xF6, 0x03, 0xFF, 0x88, 0xDF, 0x02, 0x00, 0xF7, 0xFF, 0x8F, 0x00, 0x10, 0xFC, 0x03,
    0xFF, 0x82, 0x0A, 0x00, 0xB0, 0x02, 0xFF, 0x82, 0x1C, 0x00, 0x80, 0x03, 0xFF, 0x82, 0x6F, 0x00,
    0x40, 0x03, 0xFF, 0x82, 0x06, 0x00, 0xF4, 0x02, 0xFF, 0x83, 0xDF, 0x01, 0x00, 0xF8, 0x02, 0xFF,
    0x80, 0xAF, 0x02, 0x00, 0x80, 0xFC, 0x02, 0xFF, 0x82, 0x09, 0x00, 0xC1, 0x03, 0xFF, 0x82, 0x2D,
    0x00, 0x80, 0x02, 0xFF, 0x82, 0x5F, 0x00, 0x60, 0x04, 0xFF, 0x84, 0x07, 0x00, 0xF3, 0xFF, 0xCF,
    0x02, 0x00, 0x80, 0xFB, 0x03, 0xFF, 0x80, 0xCF, 0x02, 0x00, 0x84, 0xFB, 0xFF, 0x08, 0x00, 0xF3,
    0x04, 0xFF, 0x86, 0x5F, 0x00, 0x70, 0xFF, 0x4F, 0x00, 0x80, 0x05, 0xFF, 0x86, 0x09, 0x00, 0xD2,
    0xCF, 0x00, 0x10, 0xFC, 0x04, 0xFF, 0x86, 0xDF, 0x02, 0x00, 0xFA, 0x07, 0x00, 0xF6, 0x05, 0xFF,
    0x85, 0x7F, 0x00, 0x60, 0x3F, 0x00, 0xA0, 0x06, 0xFF, 0x85, 0x0B, 0x00, 0xA1, 0x00, 0x20, 0xFD,
    0x06, 0xFF, 0x84, 0x04, 0x00, 0x02, 0x00, 0xF7, 0x06, 0xFF, 0x80, 0x9F, 0x03, 0x00, 0x80, 0xC0,
    0x07, 0xFF, 0x80, 0x1D, 0x02, 0x00, 0x80, 0x50, 0x08, 0xFF, 0x80, 0x07, 0x02, 0x00, 0x80, 0xF9,
    0x07, 0xFF, 0x80, 0xBF, 0x02, 0x00, 0x80, 0xD2, 0x54, 0xFF, 0x80, 0x0F, 0x7F, 0xFF, 0x0B, 0xFF,
    0x86, 0x0C, 0x00, 0xF7, 0xFF, 0x8F, 0x00, 0xA0, 0x02, 0xFF, 0x84, 0x05, 0x30, 0xFF, 0x02, 0x50,
    0x02, 0xFF, 0x96, 0x06, 0x00, 0xF8, 0xFF, 0x1F, 0x00, 0xF6, 0x6F, 0x00, 0xF1, 0xFF, 0x3F, 0x00,
    0x60, 0xFF, 0xCF, 0x00, 0x90, 0xFF, 0x08, 0x00, 0xFC, 0xDF, 0x02, 0x00, 0x9A, 0xF3, 0xFF, 0x09,
    0x00, 0xFB, 0xBF, 0x00, 0x90, 0xFF, 0x0B, 0x10, 0x00, 0xFD, 0x7F, 0x00, 0xD1, 0xFF, 0x1D, 0x00,
    0xF7, 0x8F, 0x00, 0x07, 0xB0, 0xFF, 0x05, 0x50, 0x02, 0xFF, 0x94, 0x04, 0x50, 0xFF, 0x07, 0xA2,
    0x00, 0xF8, 0x2F, 0x00, 0xF7, 0xFF, 0x7F, 0x00, 0xF2, 0x4F, 0x50, 0x0D, 0x70, 0xCF, 0x00, 0xA0,
    0x02, 0xFF, 0x94, 0x0A, 0x00, 0xDC, 0x01, 0xF7, 0x03, 0xF4, 0x0A, 0x00, 0xFC, 0xFF, 0xCF, 0x00,
    0xA0, 0x0C, 0x90, 0x6F, 0x10, 0x8D, 0x00, 0xF3, 0x02, 0xFF, 0x88, 0x2F, 0x00, 0xA7, 0x00, 0xFC,
    0x08, 0xC0, 0x06, 0x60, 0x03, 0xFF, 0x88, 0x06, 0x50, 0x07, 0xD1, 0xBF, 0x00, 0x29, 0x00, 0xF8,
    0x02, 0xFF, 0x88, 0x8F, 0x00, 0x62, 0x40, 0xFF, 0x0D, 0x60, 0x00, 0xB0, 0x03, 0xFF, 0x80, 0x0B,
    0x02, 0x00, 0x85, 0xF7, 0xFF, 0x03, 0x00, 0x10, 0xFD, 0x02, 0xFF, 0x85, 0xDF, 0x01, 0x00, 0x90,
    0xFF, 0x6F, 0x02, 0x00, 0x80, 0xF4, 0x03, 0xFF, 0x80, 0x4F, 0x02, 0x00, 0x84, 0xFB, 0xFF, 0x08,
    0x00, 0x70, 0x04, 0xFF, 0x84, 0x07, 0x00, 0xD1, 0xFF, 0xBF, 0x02, 0x00, 0x80, 0xFA, 0x03, 0xFF,
    0x82, 0xAF, 0x00, 0x40, 0x02, 0xFF, 0x82, 0x0D, 0x00, 0xC0, 0x52, 0xFF, 0x80, 0x0F, 0x7F, 0xFF,
    0x0C, 0xFF, 0x82, 0x1B, 0x00, 0x60, 0x03, 0xFF, 0x83, 0x3D, 0x00, 0x30, 0xFC, 0x02, 0xFF, 0x82,
    0x08, 0x00, 0x80, 0x02, 0xFF, 0x83, 0x6F, 0x00, 0x10, 0xFB, 0x03, 0xFF, 0x84, 0x06, 0x00, 0xB1,
    0xFF, 0x9F, 0x02, 0x00, 0x80, 0xF8, 0x03, 0xFF, 0x87, 0xCF, 0x03, 0x00, 0xD3, 0xCF, 0x01, 0x00,
    0xF5, 0x04, 0xFF, 0x86, 0xBF, 0x01, 0x00, 0xD6, 0x03, 0x00, 0xC2, 0x05, 0xFF, 0x80, 0x8F, 0x02,
    0x00, 0x82, 0x03, 0x00, 0xB1, 0x06, 0xFF, 0x80, 0x5F, 0x03, 0x00, 0x80, 0x80, 0x07, 0xFF, 0x80,
    0x3C, 0x02, 0x00, 0x80, 0x50, 0x08, 0xFF, 0x83, 0x0A, 0x00, 0x10, 0xFC, 0x07, 0xFF, 0x80, 0x6F,
    0x02, 0x00, 0x80, 0x80, 0x07, 0xFF, 0x80, 0x8F, 0x03, 0x00, 0x80, 0xB1, 0x06, 0xFF, 0x81, 0xBF,
    0x01, 0x03, 0x00, 0x80, 0xC3, 0x05, 0xFF, 0x86, 0xDF, 0x03, 0x00, 0xA3, 0x01, 0x00, 0xF6, 0x05,
    0xFF, 0x83, 0x06, 0x00, 0xB1, 0x8F, 0x02, 0x00, 0x80, 0xF8, 0x04, 0xFF, 0x87, 0x08, 0x00, 0x80,
    0xFF, 0x6F, 0x00, 0x10, 0xFB, 0x03, 0xFF, 0x82, 0x1B, 0x00, 0x60, 0x02, 0xFF, 0x83, 0x3C, 0x00,
    0x30, 0xFD, 0x02, 0xFF, 0x83, 0x3D, 0x00, 0x30, 0xFC, 0x02, 0xFF, 0x82, 0x1B, 0x00, 0x60, 0x02,
    0xFF, 0x83, 0x6F, 0x00, 0x10, 0xFB, 0x03, 0xFF, 0x82, 0x08, 0x00, 0x80, 0x51, 0xFF, 0x80, 0x0F,
    0x7F, 0xFF, 0x0C, 0xFF, 0x82, 0x03, 0x00, 0xF3, 0x03, 0xFF, 0x80, 0xCF, 0x02, 0x00, 0x82, 0xF7,
    0xFF, 0x8F, 0x02, 0x00, 0x80, 0xFB, 0x03, 0xFF, 0x82, 0x08, 0x00, 0xB0, 0x02, 0xFF, 0x82, 0x1C,
    0x00, 0x70, 0x03, 0xFF, 0x82, 0x3F, 0x00, 0x50, 0x03, 0xFF, 0x82, 0x06, 0x00, 0xD2, 0x02, 0xFF,
    0x80, 0xBF, 0x02, 0x00, 0x80, 0xF9, 0x02, 0xFF, 0x80, 0xBF, 0x02, 0x00, 0x80, 0xFA, 0x02, 0xFF,
    0x82, 0x07, 0x00, 0xD2, 0x03, 0xFF, 0x82, 0x4F, 0x00, 0x60, 0x02, 0xFF, 0x82, 0x2D, 0x00, 0x70,
    0x04, 0xFF, 0x84, 0x09, 0x00, 0xC1, 0xFF, 0xAF, 0x02, 0x00, 0x80, 0xFC, 0x03, 0xFF, 0x87, 0xDF,
    0x02, 0x00, 0xF8, 0xFF, 0x06, 0x00, 0xF6, 0x04, 0xFF, 0x86, 0x7F, 0x00, 0x40, 0xFF, 0x1D, 0x00,
    0xA0, 0x05, 0xFF, 0x85, 0x0C, 0x00, 0xC0, 0x9F, 0x00, 0x30, 0x06, 0xFF, 0x85, 0x05, 0x00, 0xF7,
    0x05, 0x00, 0xF8, 0x05, 0xFF, 0x85, 0xAF, 0x00, 0x20, 0x0C, 0x00, 0xC1, 0x06, 0xFF, 0x84, 0x2D,
    0x00, 0x40, 0x00, 0x70, 0x07, 0xFF, 0x80, 0x08, 0x03, 0x00, 0x80, 0xFB, 0x06, 0xFF, 0x81, 0xCF,
    0x01, 0x02, 0x00, 0x80, 0xF4, 0x07, 0xFF, 0x80, 0x6F, 0x02, 0x00, 0x80, 0x90, 0x08, 0xFF, 0x83,
    0x0B, 0x00, 0x20, 0xFD, 0x08, 0xFF, 0x82, 0x03, 0x00, 0xF7, 0x08, 0xFF, 0x82, 0x2D, 0x00, 0xC0,
    0x08, 0xFF, 0x82, 0x8F, 0x00, 0x60, 0x06, 0xFF, 0x82, 0x9D, 0x99, 0x79, 0x02, 0x00, 0x80, 0xFB,
    0x05, 0xFF, 0x80, 0xDF, 0x04, 0x00, 0x80, 0xF6, 0x06, 0xFF, 0x80, 0x0D, 0x03, 0x00, 0x80, 0xD3,
    0x06, 0xFF, 0x84, 0xDF, 0x00, 0x10, 0x42, 0xD9, 0x11, 0xFF, 0x80, 0x0F, 0x7F, 0xFF, 0x0C, 0xFF,
    0x80, 0x7F, 0x07, 0x00, 0x80, 0x60, 0x03, 0xFF, 0x80, 0x07, 0x07, 0x00, 0x80, 0xF6, 0x02, 0xFF,
    0x80, 0x7F, 0x07, 0x00, 0x80, 0x60, 0x03, 0xFF, 0x80, 0x7A, 0x04, 0x77, 0x80, 0x05, 0x02, 0x00,
    0x80, 0xF7, 0x07, 0xFF, 0x80, 0x2B, 0x02, 0x00, 0x80, 0xD5, 0x07, 0xFF, 0x80, 0x2B, 0x02, 0x00,
    0x80, 0xD5, 0x07, 0xFF, 0x80, 0x2B, 0x02, 0x00, 0x80, 0xD5, 0x07, 0xFF, 0x80, 0x2B, 0x02, 0x00,
    0x80, 0xD5, 0x07, 0xFF, 0x80, 0x2B, 0x02, 0x00, 0x80, 0xD5, 0x07, 0xFF, 0x80, 0x2B, 0x02, 0x00,
    0x80, 0xD5, 0x07, 0xFF, 0x80, 0x2B, 0x02, 0x00, 0x80, 0xD5, 0x07, 0xFF, 0x80, 0x2B, 0x02, 0x00,
    0x80, 0xD5, 0x07, 0xFF, 0x80, 0x2B, 0x02, 0x00, 0x80, 0xD5, 0x07, 0xFF, 0x80, 0x2B, 0x02, 0x00,
    0x80, 0xD5, 0x07, 0xFF, 0x80, 0x2D, 0x02, 0x00, 0x80, 0x70, 0x05, 0x77, 0x82, 0xFC, 0xFF, 0xDF,
    0x08, 0x00, 0x80, 0xC0, 0x02, 0xFF, 0x80, 0x0D, 0x08, 0x00, 0x82, 0xFC, 0xFF, 0xDF, 0x08, 0x00,
    0x80, 0xC0, 0x51, 0xFF, 0x80, 0x0F, 0x32, 0xFF, 0x84, 0xBF, 0x46, 0x02, 0x00, 0x70, 0x06, 0xFF,
    0x80, 0x9F, 0x04, 0x00, 0x80, 0xF7, 0x05, 0xFF, 0x81, 0xCF, 0x02, 0x03, 0x00, 0x80, 0x70, 0x06,
    0xFF, 0x82, 0x0A, 0x00, 0x60, 0x02, 0x88, 0x80, 0xFA, 0x05, 0xFF, 0x82, 0x8F, 0x00, 0x30, 0x09,
    0xFF, 0x82, 0x08, 0x00, 0xF5, 0x08, 0xFF, 0x82, 0x8F, 0x00, 0x50, 0x09, 0xFF, 0x82, 0x08, 0x00,
    0xF5, 0x08, 0xFF, 0x82, 0x8F, 0x00, 0x50, 0x09, 0xFF, 0x82, 0x08, 0x00, 0xF5, 0x08, 0xFF, 0x82,
    0x8F, 0x00, 0x50, 0x09, 0xFF, 0x82, 0x07, 0x00, 0xF6, 0x08, 0xFF, 0x82, 0x5F, 0x00, 0x70, 0x08,
    0xFF, 0x80, 0x8D, 0x02, 0x00, 0x80, 0xFA, 0x07, 0xFF, 0x80, 0x16, 0x02, 0x00, 0x80, 0xD5, 0x07,
    0xFF, 0x83, 0x4F, 0x00, 0x20, 0xD8, 0x08, 0xFF, 0x83, 0x04, 0x00, 0x82, 0xFD, 0x07, 0xFF, 0x80,
    0x6F, 0x02, 0x00, 0x81, 0x50, 0xFD, 0x07, 0xFF, 0x83, 0xDF, 0x08, 0x00, 0xA0, 0x09, 0xFF, 0x82,
    0x05, 0x00, 0xF7, 0x08, 0xFF, 0x82, 0x7F, 0x00, 0x60, 0x09, 0xFF, 0x82, 0x08, 0x00, 0xF5, 0x08,
    0xFF, 0x82, 0x8F, 0x00, 0x50, 0x09, 0xFF, 0x82, 0x08, 0x00, 0xF5, 0x08, 0xFF, 0x82, 0x8F, 0x00,
    0x50, 0x09, 0xFF, 0x82, 0x08, 0x00, 0xF5, 0x08, 0xFF, 0x82, 0x8F, 0x00, 0x50, 0x09, 0xFF, 0x82,
    0x08, 0x00, 0xF3, 0x08, 0xFF, 0x80, 0xAF, 0x02, 0x00, 0x82, 0x86, 0x88, 0xA8, 0x06, 0xFF, 0x80,
    0x2C, 0x04, 0x00, 0x80, 0xF7, 0x06, 0xFF, 0x80, 0x08, 0x03, 0x00, 0x80, 0x70, 0x07, 0xFF, 0x81,
    0x6B, 0x24, 0x02, 0x00, 0x80, 0xF7, 0x0D, 0xFF, 0x80, 0x0F, 0x04, 0xFF, 0x82, 0x5F, 0x11, 0x81,
    0x09, 0xFF, 0x82, 0x04, 0x00, 0xF8, 0x08, 0xFF, 0x82, 0x4F, 0x00, 0x80, 0x09, 0xFF, 0x82, 0x04,
    0x00, 0xF8, 0x08, 0xFF, 0x82, 0x4F, 0x00, 0x80, 0x09, 0xFF, 0x82, 0x04, 0x00, 0xF8, 0x08, 0xFF,
    0x82, 0x4F, 0x00, 0x80, 0x09, 0xFF, 0x82, 0x04, 0x00, 0xF8, 0x08, 0xFF, 0x82, 0x4F, 0x00, 0x80,
    0x09, 0xFF, 0x82, 0x04, 0x00, 0xF8, 0x08, 0xFF, 0x82, 0x4F, 0x00, 0x80, 0x09, 0xFF, 0x82, 0x04,
    0x00, 0xF8, 0x08, 0xFF, 0x82, 0x4F, 0x00, 0x80, 0x09, 0xFF, 0x82, 0x04, 0x00, 0xF8, 0x08, 0xFF,
    0x82, 0x4F, 0x00, 0x80, 0x09, 0xFF, 0x82, 0x04, 0x00, 0xF8, 0x08, 0xFF, 0x82, 0x4F, 0x00, 0x80,
    0x09, 0xFF, 0x82, 0x04, 0x00, 0xF8, 0x08, 0xFF, 0x82, 0x4F, 0x00, 0x80, 0x09, 0xFF, 0x82, 0x04,
    0x00, 0xF8, 0x08, 0xFF, 0x82, 0x4F, 0x00, 0x80, 0x09, 0xFF, 0x82, 0x04, 0x00, 0xF8, 0x08, 0xFF,
    0x82, 0x4F, 0x00, 0x80, 0x09, 0xFF, 0x82, 0x04, 0x00, 0xF8, 0x08, 0xFF, 0x82, 0x4F, 0x00, 0x80,
    0x09, 0xFF, 0x82, 0x04, 0x00, 0xF8, 0x08, 0xFF, 0x82, 0x4F, 0x00, 0x80, 0x09, 0xFF, 0x82, 0x04,
    0x00, 0xF8, 0x08, 0xFF, 0x82, 0x4F, 0x00, 0x80, 0x09, 0xFF, 0x82, 0x04, 0x00, 0xF8, 0x08, 0xFF,
    0x82, 0x4F, 0x00, 0x80, 0x09, 0xFF, 0x82, 0x04, 0x00, 0xF8, 0x08, 0xFF, 0x82, 0x4F, 0x00, 0x80,
    0x09, 0xFF, 0x82, 0x04, 0x00, 0xF8, 0x08, 0xFF, 0x82, 0x4F, 0x00, 0x80, 0x09, 0xFF, 0x82, 0x04,
    0x00, 0xF8, 0x0F, 0xFF, 0x80, 0x0F, 0x30, 0xFF, 0x80, 0x3F, 0x02, 0x00, 0x81, 0x43, 0xC7, 0x07,
    0xFF, 0x80, 0x03, 0x03, 0x00, 0x80, 0xB2, 0x06, 0xFF, 0x80, 0x3F, 0x04, 0x00, 0x80, 0xF5, 0x06,
    0xFF, 0x02, 0x88, 0x80, 0x48, 0x02, 0x00, 0x80, 0xFD, 0x08, 0xFF, 0x82, 0x0C, 0x00, 0xC0, 0x08,
    0xFF, 0x80, 0xDF, 0x02, 0x00, 0x80, 0xFB, 0x08, 0xFF, 0x82, 0x0D, 0x00, 0xB0, 0x08, 0xFF, 0x80,
    0xDF, 0x02, 0x00, 0x80, 0xFB, 0x08, 0xFF, 0x82, 0x0D, 0x00, 0xB0, 0x08, 0xFF, 0x80, 0xDF, 0x02,
    0x00, 0x80, 0xFB, 0x08, 0xFF, 0x82, 0x0D, 0x00, 0xB0, 0x09, 0xFF, 0x82, 0x01, 0x00, 0xFA, 0x08,
    0xFF, 0x82, 0x3F, 0x00, 0x80, 0x09, 0xFF, 0x82, 0x07, 0x00, 0xA2, 0x08, 0xFF, 0x84, 0xCF, 0x03,
    0x00, 0x10, 0xF8, 0x07, 0xFF, 0x83, 0xCF, 0x17, 0x00, 0x80, 0x08, 0xFF, 0x83, 0x7C, 0x01, 0x00,
    0xF8, 0x07, 0xFF, 0x80, 0x3C, 0x02, 0x00, 0x80, 0x81, 0x07, 0xFF, 0x83, 0x7F, 0x00, 0x20, 0xDA,
    0x08, 0xFF, 0x82, 0x03, 0x00, 0xF8, 0x08, 0xFF, 0x82, 0x1F, 0x00, 0xA0, 0x08, 0xFF, 0x80, 0xDF,
    0x02, 0x00, 0x80, 0xFB, 0x08, 0xFF, 0x82, 0x0D, 0x00, 0xB0, 0x08, 0xFF, 0x80, 0xDF, 0x02, 0x00,
    0x80, 0xFB, 0x08, 0xFF, 0x82, 0x0D, 0x00, 0xB0, 0x08, 0xFF, 0x80, 0xDF, 0x02, 0x00, 0x80, 0xFB,
    0x08, 0xFF, 0x82, 0x0D, 0x00, 0xB0, 0x08, 0xFF, 0x80, 0xCF, 0x02, 0x00, 0x80, 0xFC, 0x05, 0xFF,
    0x80, 0x9F, 0x02, 0x88, 0x82, 0x04, 0x00, 0xD0, 0x06, 0xFF, 0x80, 0x03, 0x03, 0x00, 0x80, 0x50,
    0x06, 0xFF, 0x80, 0x3F, 0x03, 0x00, 0x81, 0x10, 0xFB, 0x06, 0xFF, 0x84, 0x03, 0x00, 0x20, 0x74,
    0xFC, 0x0F, 0xFF, 0x80, 0x0F, 0x7F, 0xFF, 0x4C, 0xFF, 0x81, 0x9F, 0xB7, 0x04, 0xFF, 0x83, 0x8F,
    0x25, 0x64, 0xFB, 0x02, 0xFF, 0x81, 0x07, 0x70, 0x03, 0xFF, 0x80, 0x6F, 0x03, 0x00, 0x84, 0x83,
    0xDC, 0x2B, 0x00, 0xF8, 0x02, 0xFF, 0x80, 0xBF, 0x07, 0x00, 0x80, 0xB0, 0x03, 0xFF, 0x83, 0x07,
    0x00, 0x54, 0x03, 0x03, 0x00, 0x80, 0x40, 0x03, 0xFF, 0x88, 0x4F, 0x00, 0xF7, 0xFF, 0x6B, 0x01,
    0x00, 0x30, 0xFB, 0x03, 0xFF, 0x81, 0x16, 0xA0, 0x02, 0xFF, 0x83, 0xCF, 0x79, 0x97, 0xFC, 0x04,
    0xFF, 0x81, 0xAD, 0xFC, 0x7F, 0xFF, 0x12, 0xFF, 0x80, 0x0F,
};
// clang-format on
